model,canonical_model,historical_aliases,physical_convention,bosonic_group,bosonic_order,fermionic_extension_relations,grading,complete_short_presentation,omega2_sha256,computation_status,bosonic,complex_fermion,majorana,pip,computed_full_group,independent_expected_group,independent_target_status,independent_reference,formula_coordinates,record_id,result_path,result_sha256,exact_cocycle_reference
C2_orbit_000,C2_orbit_000,C2_w0_s0,"internal; F central, F^2=1; s=1 antiunitary",C2,2,F^2=1; F central; R1^2=1,s(R1)=0,True,fa99b1ac5b3d7708879bb44ad74a07864bb398ef057ba1ae726a8d398caa3dfa,computed,0,0,0,0,0,0,MATCH published full-group target,https://arxiv.org/abs/1808.02881,2026-09-30-publication-current-native,d4_C2_w0_s0,results/complete_formulas/raw/d4_C2_w0_s0.json,965e97d1756ac8fc0df97a4c23e545179ebc1a3e91afeef39d7a9e6dc3a29de8,catalog/models.json: models[id=C2_orbit_000]
C2_orbit_001,C2_orbit_001,C2_w1_s0,"internal; F central, F^2=1; s=1 antiunitary",C2,2,F^2=1; F central; R1^2=F,s(R1)=0,True,d1c87fb5ba499431cdfdf3703e322bc0e5b8e0c6c4a250c149cdcbe70750619e,computed,Z2,Z2,Z2,Z2,Z16,Z16,MATCH published full-group target,https://arxiv.org/abs/1808.02881,2026-09-30-publication-current-native,d4_C2_w1_s0,results/complete_formulas/raw/d4_C2_w1_s0.json,619742bd66ce9addc6dbab65bfc9bbfd526a919860b32b2e4d2748e3df823dc9,catalog/models.json: models[id=C2_orbit_001]
C2_orbit_002,C2_orbit_002,C2_w0_s1,"internal; F central, F^2=1; s=1 antiunitary",C2,2,F^2=1; F central; R1^2=1,s(R1)=1,True,fa99b1ac5b3d7708879bb44ad74a07864bb398ef057ba1ae726a8d398caa3dfa,computed,0,0,0,0,0,0,MATCH independent Bott full-group target,https://arxiv.org/abs/2605.00316,2026-09-30-publication-current-native,d4_C2_w0_s1,results/complete_formulas/raw/d4_C2_w0_s1.json,686106a6f698b737b4e4b82c0a344a03ccba6f9e1d8245888ae146895ad520e7,catalog/models.json: models[id=C2_orbit_002]
C2_orbit_003,C2_orbit_003,C2_w1_s1,"internal; F central, F^2=1; s=1 antiunitary",C2,2,F^2=1; F central; R1^2=F,s(R1)=1,True,d1c87fb5ba499431cdfdf3703e322bc0e5b8e0c6c4a250c149cdcbe70750619e,computed,0,0,0,0,0,0,MATCH independent Bott full-group target,https://arxiv.org/abs/2605.00316,2026-09-30-publication-current-native,d4_C2_w1_s1,results/complete_formulas/raw/d4_C2_w1_s1.json,86b5b1a85737d0567ea6a8567aea240d73877b8ad316e12d8c42cc110698d461,catalog/models.json: models[id=C2_orbit_003]
C3_orbit_000,C3_orbit_000,C3_w0_s0,"internal; F central, F^2=1; s=1 antiunitary",C3,3,F^2=1; F central; R1^3=1,s(R1)=0,True,927ce195e61213099de2acd61e123bbbba97af76cfe57bc11052c4f27bc68ea5,computed,Z3,0,0,Z3,Z9,Z9,MATCH published full-group target,https://arxiv.org/abs/1808.02881,2026-09-30-publication-current-native,d4_C3_w0_s0,results/complete_formulas/raw/d4_C3_w0_s0.json,2bc823701e14497a43370f98389df6588d5e724304855e8f5db2684d10cc38c1,catalog/models.json: models[id=C3_orbit_000]
C4_orbit_000,C4_orbit_000,C4_w0_s0,"internal; F central, F^2=1; s=1 antiunitary",C4,4,F^2=1; F central; R1^4=1,s(R1)=0,True,2c51280844ee1cd2bc3d22e6df9b7a312c3379310737f2c54f5852415a5c1d50,computed,Z2,0,0,Z2,Z4,Z4,MATCH published full-group target,https://arxiv.org/abs/1808.02881,2026-09-30-publication-current-native,d4_C4_w0_s0,results/complete_formulas/raw/d4_C4_w0_s0.json,a3752e986e6d783e0c1cc773f6a98054209be8f2f9cfa7da2ab4befbd7ab1684,catalog/models.json: models[id=C4_orbit_000]
C4_orbit_001,C4_orbit_001,C4_w1_s0,"internal; F central, F^2=1; s=1 antiunitary",C4,4,F^2=1; F central; R1^4=F,s(R1)=0,True,e188c63c27fb62fa7cffede48b3c6e5a8ec4b8bf41464d999dcc0ec4f9af90b8,computed,Z4,Z2,Z2,Z4,Z2 x Z32,Z2 x Z32,MATCH published full-group target,https://arxiv.org/abs/1808.02881,2026-09-30-publication-current-native,d4_C4_orbit_001,results/complete_formulas/raw/d4_C4_orbit_001.json,4a48ecb7e20c17ed40accf01fff76315a40fdcce227f0e26c0530bc1e8652d5a,catalog/models.json: models[id=C4_orbit_001]
C4_orbit_002,C4_orbit_002,C4_w0_s1,"internal; F central, F^2=1; s=1 antiunitary",C4,4,F^2=1; F central; R1^4=1,s(R1)=1,True,2c51280844ee1cd2bc3d22e6df9b7a312c3379310737f2c54f5852415a5c1d50,computed,0,0,0,0,0,,no independent full-group target,,2026-09-30-publication-current-native,d4_C4_w0_s1,results/complete_formulas/raw/d4_C4_w0_s1.json,a70c7767e3be4432ce277481f955253a2d5df5329448512780349c98ed3fb2f9,catalog/models.json: models[id=C4_orbit_002]
C4_orbit_003,C4_orbit_003,C4_w1_s1,"internal; F central, F^2=1; s=1 antiunitary",C4,4,F^2=1; F central; R1^4=F,s(R1)=1,True,e188c63c27fb62fa7cffede48b3c6e5a8ec4b8bf41464d999dcc0ec4f9af90b8,computed,0,0,0,0,0,,no independent full-group target,,2026-09-30-publication-current-native,d4_C4_orbit_003,results/complete_formulas/raw/d4_C4_orbit_003.json,17a0d94b78edd1087324b178c7235a39a8cfa3b7ac84cbd2ac4c71459f502d43,catalog/models.json: models[id=C4_orbit_003]
C5_orbit_000,C5_orbit_000,C5_w0_s0,"internal; F central, F^2=1; s=1 antiunitary",C5,5,F^2=1; F central; R1^5=1,s(R1)=0,True,15034ce0c0e9f64b412e5d06f4c7fdb389aaabcf300d79445f2f95a478abd6b2,computed,Z5,0,0,Z5,Z5^2,Z5^2,MATCH published full-group target,https://arxiv.org/abs/1808.02881,2026-09-30-publication-current-native,d4_C5_w0_s0,results/complete_formulas/raw/d4_C5_w0_s0.json,6d572193ed4d74c8ccb43b7b63658dfece26a99d12f277c8c8c068184fc0690e,catalog/models.json: models[id=C5_orbit_000]
C6_orbit_000,C6_orbit_000,C6_w0_s0,"internal; F central, F^2=1; s=1 antiunitary",C6,6,F^2=1; F central; R1^6=1,s(R1)=0,True,90c1b0599ff69da760ec4b9a0eb9f374665129b61cf90c9e3b5b0b48d3d0bd75,computed,Z3,0,0,Z3,Z9,Z9,MATCH published full-group target,https://arxiv.org/abs/1808.02881,2026-09-30-publication-current-native,d4_C6_w0_s0,results/complete_formulas/raw/d4_C6_w0_s0.json,96f43744d505c79b165c2a0efd32bee4e2f43a490ceebf50d65bf24cb7f7f21d,catalog/models.json: models[id=C6_orbit_000]
C6_orbit_001,C6_orbit_001,C6_w1_s0,"internal; F central, F^2=1; s=1 antiunitary",C6,6,F^2=1; F central; R1^6=F,s(R1)=0,True,766d635d1cfac6f48b29aea1b0ee8b41c98ef8b21ccb6b2f1cebf044d2c70499,computed,Z6,Z2,Z2,Z6,Z144,Z144,MATCH published full-group target,https://arxiv.org/abs/1808.02881,2026-09-30-publication-current-native,d4_C6_orbit_001,results/complete_formulas/raw/d4_C6_orbit_001.json,ad49c02ed079056a9762e2adbcf7c2dfbce9ad6a849f3595293075458648c4aa,catalog/models.json: models[id=C6_orbit_001]
C6_orbit_002,C6_orbit_002,,"internal; F central, F^2=1; s=1 antiunitary",C6,6,F^2=1; F central; R1^6=1,s(R1)=1,True,90c1b0599ff69da760ec4b9a0eb9f374665129b61cf90c9e3b5b0b48d3d0bd75,computed,0,0,0,0,0,,no independent full-group target,,2026-09-30-publication-current-native,d4_C6_orbit_002,results/complete_formulas/raw/d4_C6_orbit_002.json,7c9a450cfdaf34e7fa608c70760602175bf249502dea322bcb6e5333233b1a15,catalog/models.json: models[id=C6_orbit_002]
C6_orbit_003,C6_orbit_003,,"internal; F central, F^2=1; s=1 antiunitary",C6,6,F^2=1; F central; R1^6=F,s(R1)=1,True,766d635d1cfac6f48b29aea1b0ee8b41c98ef8b21ccb6b2f1cebf044d2c70499,computed,0,0,0,0,0,,no independent full-group target,,2026-09-30-publication-current-native,d4_C6_orbit_003,results/complete_formulas/raw/d4_C6_orbit_003.json,c0f00976414d1f0a79e5f022126f1dd9e6ccbe663fffed8ecfc07947a4bd40ee,catalog/models.json: models[id=C6_orbit_003]
C7_orbit_000,C7_orbit_000,,"internal; F central, F^2=1; s=1 antiunitary",C7,7,F^2=1; F central; R1^7=1,s(R1)=0,True,f134314c33c75f021bdd3227e68ffa405b3c0372a43e11c0ac02d49ab7cfb771,computed,Z7,0,0,Z7,Z7^2,Z7^2,MATCH published full-group target,https://arxiv.org/abs/1808.02881,2026-09-30-publication-current-native,d4_C7_orbit_000,results/complete_formulas/raw/d4_C7_orbit_000.json,fabfb6bc449d738df301021cc6a793641990e931710ffb1b95816cd5401052fe,catalog/models.json: models[id=C7_orbit_000]
C8_orbit_000,C8_orbit_000,C8_w0_s0,"internal; F central, F^2=1; s=1 antiunitary",C8,8,F^2=1; F central; R1^8=1,s(R1)=0,True,15afd77dd0203111efefda996af23517eeec730a2ccea6f3517f344a0a1b3cfa,computed,Z4,0,0,Z4,Z2 x Z8,Z2 x Z8,MATCH published full-group target,https://arxiv.org/abs/1808.02881,2026-09-30-publication-current-native,d4_C8_w0_s0,results/complete_formulas/raw/d4_C8_w0_s0.json,f6e6cdfd1e66a68566d962a25a4fde17c4b0aaabfb4091efb1a4571b8e991972,catalog/models.json: models[id=C8_orbit_000]
C8_orbit_001,C8_orbit_001,C8_w1_s0,"internal; F central, F^2=1; s=1 antiunitary",C8,8,F^2=1; F central; R1^8=F,s(R1)=0,True,9c0238775a69188b2fa9ad2c421c8350943afbbfd4b0855d04140d21a53d5b55,computed,Z8,Z2,Z2,Z8,Z4 x Z64,Z4 x Z64,MATCH published full-group target,https://arxiv.org/abs/1808.02881,2026-09-30-publication-current-native,d4_C8_orbit_001,results/complete_formulas/raw/d4_C8_orbit_001.json,cda551d789a59d8977a385806ca05745b95729017e44bffb75fc87f3f7bef969,catalog/models.json: models[id=C8_orbit_001]
C8_orbit_002,C8_orbit_002,C8_w0_s1,"internal; F central, F^2=1; s=1 antiunitary",C8,8,F^2=1; F central; R1^8=1,s(R1)=1,True,15afd77dd0203111efefda996af23517eeec730a2ccea6f3517f344a0a1b3cfa,computed,0,0,0,0,0,,no independent full-group target,,2026-09-30-publication-current-native,d4_C8_w0_s1,results/complete_formulas/raw/d4_C8_w0_s1.json,20fb9e0a76acb9ed084e48f5a94ce88da2e1ebd23a6cfd0e7ea99d98266b2045,catalog/models.json: models[id=C8_orbit_002]
C8_orbit_003,C8_orbit_003,C8_w1_s1,"internal; F central, F^2=1; s=1 antiunitary",C8,8,F^2=1; F central; R1^8=F,s(R1)=1,True,9c0238775a69188b2fa9ad2c421c8350943afbbfd4b0855d04140d21a53d5b55,computed,0,0,0,0,0,,no independent full-group target,,2026-09-30-publication-current-native,d4_C8_orbit_003,results/complete_formulas/raw/d4_C8_orbit_003.json,5e71fee3e6fe0326b8a345d8817ce606ddf50e862681104371ee8d50c09325f6,catalog/models.json: models[id=C8_orbit_003]
C9_orbit_000,C9_orbit_000,,"internal; F central, F^2=1; s=1 antiunitary",C9,9,F^2=1; F central; R1^9=1,s(R1)=0,True,0daafb2d95d85fb2106e4000310290924a0fac488185dc7ffc99f4d36ffcde98,computed,Z9,0,0,Z9,Z3 x Z27,Z3 x Z27,MATCH published full-group target,https://arxiv.org/abs/1808.02881,publication,d4_C9_orbit_000,results/complete_formulas/raw/d4_C9_orbit_000.json,8772b0209dd747042dad32832bf2556701615ab753f634411a41d7e48817f262,catalog/models.json: models[id=C9_orbit_000]
C10_orbit_000,C10_orbit_000,,"internal; F central, F^2=1; s=1 antiunitary",C10,10,F^2=1; F central; R1^10=1,s(R1)=0,True,fe7689ecc8886006b1c043a8bf0792e47340dc54cb95e883ad8d32b709ede915,computed,Z5,0,0,Z5,Z5^2,Z5^2,MATCH published full-group target,https://arxiv.org/abs/1808.02881,2026-09-30-publication-current-native,d4_C10_orbit_000,results/complete_formulas/raw/d4_C10_orbit_000.json,0d6b3e92563ff9a948069dc51532d5146d597cf9a1f5867b472de8000b0504ad,catalog/models.json: models[id=C10_orbit_000]
C10_orbit_001,C10_orbit_001,,"internal; F central, F^2=1; s=1 antiunitary",C10,10,F^2=1; F central; R1^10=F,s(R1)=0,True,f81725ae85630776a703b1227d77f766f1c717b3ca5942fa16f4fe753e4006ec,computed,Z10,Z2,Z2,Z10,Z5 x Z80,,no independent full-group target,,2026-09-30-publication-current-native,d4_C10_orbit_001,results/complete_formulas/raw/d4_C10_orbit_001.json,608241611d9551ec5cad0bd1c32a1956fa3a9534a771dcfe572e2988b77080cd,catalog/models.json: models[id=C10_orbit_001]
C10_orbit_002,C10_orbit_002,,"internal; F central, F^2=1; s=1 antiunitary",C10,10,F^2=1; F central; R1^10=1,s(R1)=1,True,fe7689ecc8886006b1c043a8bf0792e47340dc54cb95e883ad8d32b709ede915,computed,0,0,0,0,0,,no independent full-group target,,2026-09-30-publication-current-native,d4_C10_orbit_002,results/complete_formulas/raw/d4_C10_orbit_002.json,3220367346c1fc0cd429b62bb03c92a6f163d2588e01070cfdbce5073a24b06c,catalog/models.json: models[id=C10_orbit_002]
C10_orbit_003,C10_orbit_003,,"internal; F central, F^2=1; s=1 antiunitary",C10,10,F^2=1; F central; R1^10=F,s(R1)=1,True,f81725ae85630776a703b1227d77f766f1c717b3ca5942fa16f4fe753e4006ec,computed,0,0,0,0,0,,no independent full-group target,,2026-09-30-publication-current-native,d4_C10_orbit_003,results/complete_formulas/raw/d4_C10_orbit_003.json,c61bc4b170104a73334683582f1505215df37dbf4dc96a485642a8881e74bd72,catalog/models.json: models[id=C10_orbit_003]
C12_orbit_000,C12_orbit_000,,"internal; F central, F^2=1; s=1 antiunitary",C12,12,F^2=1; F central; R1^12=1,s(R1)=0,True,d4072ca530fa148bff4ad6738822b9e86086d868770043833b3e5e0a707ad747,computed,Z6,0,0,Z6,Z36,Z36,MATCH published full-group target,https://arxiv.org/abs/1808.02881,2026-09-30-publication-current-native,d4_C12_orbit_000,results/complete_formulas/raw/d4_C12_orbit_000.json,13eb54f3487be00b3bd33773d16770929ee16bbbd62f6797d2a133568d25d630,catalog/models.json: models[id=C12_orbit_000]
C12_orbit_001,C12_orbit_001,,"internal; F central, F^2=1; s=1 antiunitary",C12,12,F^2=1; F central; R1^12=F,s(R1)=0,True,c1b5990e3a150210a1729df5c30d6526ee2bf3653f8576ff0fb2131870847bc4,computed,Z12,Z2,Z2,Z12,Z2 x Z288,,no independent full-group target,,2026-09-30-publication-current-native,d4_C12_orbit_001,results/complete_formulas/raw/d4_C12_orbit_001.json,5debc4d82ecfba87753107b403e20bc886652da728aefa0f19ce460910a2e8f0,catalog/models.json: models[id=C12_orbit_001]
C12_orbit_002,C12_orbit_002,,"internal; F central, F^2=1; s=1 antiunitary",C12,12,F^2=1; F central; R1^12=1,s(R1)=1,True,d4072ca530fa148bff4ad6738822b9e86086d868770043833b3e5e0a707ad747,computed,0,0,0,0,0,,no independent full-group target,,2026-09-30-publication-current-native,d4_C12_orbit_002,results/complete_formulas/raw/d4_C12_orbit_002.json,1c28e752071ff4ec852ad372a8b0b835610ca10ea1d08ed962b5640086731b7b,catalog/models.json: models[id=C12_orbit_002]
C12_orbit_003,C12_orbit_003,,"internal; F central, F^2=1; s=1 antiunitary",C12,12,F^2=1; F central; R1^12=F,s(R1)=1,True,c1b5990e3a150210a1729df5c30d6526ee2bf3653f8576ff0fb2131870847bc4,computed,0,0,0,0,0,,no independent full-group target,,2026-09-30-publication-current-native,d4_C12_orbit_003,results/complete_formulas/raw/d4_C12_orbit_003.json,bb72dd8dcaa09a0589472b3c8fcc902cdc5c97e0d18a263b33b5a3eefa8b7b0d,catalog/models.json: models[id=C12_orbit_003]
C16_orbit_000,C16_orbit_000,C16_w0_s0,"internal; F central, F^2=1; s=1 antiunitary",C16,16,F^2=1; F central; R1^16=1,s(R1)=0,True,7cc502cc26a97ce86e1d05cf571126498776adc32818e5a64b15084dc28149bc,computed,Z8,0,0,Z8,Z4 x Z16,Z4 x Z16,MATCH published full-group target,https://arxiv.org/abs/1808.02881,2026-09-30-publication-current-native,d4_C16_w0_s0,results/complete_formulas/raw/d4_C16_w0_s0.json,29e6720d19dd4a4bc68b7652b58a950854f42503bfc240b61064385155f21009,catalog/models.json: models[id=C16_orbit_000]
C16_orbit_001,C16_orbit_001,C16_w1_s0,"internal; F central, F^2=1; s=1 antiunitary",C16,16,F^2=1; F central; R1^16=F,s(R1)=0,True,d08fc78faac0243d8eeb667803daaf3afc350581c1a500bb78647fc403e636fd,computed,Z16,Z2,Z2,Z16,Z8 x Z128,Z8 x Z128,MATCH published full-group target,https://arxiv.org/abs/1808.02881,2026-09-30-publication-current-native,d4_C16_orbit_001,results/complete_formulas/raw/d4_C16_orbit_001.json,9d154ff10437c7ec2fc55aa349b93a368e9356a8a5927b41d1db965717a30e48,catalog/models.json: models[id=C16_orbit_001]
C16_orbit_002,C16_orbit_002,,"internal; F central, F^2=1; s=1 antiunitary",C16,16,F^2=1; F central; R1^16=1,s(R1)=1,True,7cc502cc26a97ce86e1d05cf571126498776adc32818e5a64b15084dc28149bc,computed,0,0,0,0,0,,no independent full-group target,,2026-09-30-publication-current-native,d4_C16_orbit_002,results/complete_formulas/raw/d4_C16_orbit_002.json,12011748235822ca25415b85b60089853b92b5d8a66b5fe35352da9ee09ae3cd,catalog/models.json: models[id=C16_orbit_002]
C16_orbit_003,C16_orbit_003,,"internal; F central, F^2=1; s=1 antiunitary",C16,16,F^2=1; F central; R1^16=F,s(R1)=1,True,d08fc78faac0243d8eeb667803daaf3afc350581c1a500bb78647fc403e636fd,computed,0,0,0,0,0,,no independent full-group target,,2026-09-30-publication-current-native,d4_C16_orbit_003,results/complete_formulas/raw/d4_C16_orbit_003.json,5dc287b5ae6bc784295067ec262a1c9f93e9bac74cc2ba29788b7f61de93b3bc,catalog/models.json: models[id=C16_orbit_003]
C2xC2_orbit_000,C2xC2_orbit_000,V4_w0_s0,"internal; F central, F^2=1; s=1 antiunitary",C2xC2,4,F^2=1; F central; R1^2=1; R2^2=1; R1R2=R2R1,s(R1)=0; s(R2)=0,True,2c51280844ee1cd2bc3d22e6df9b7a312c3379310737f2c54f5852415a5c1d50,computed,0,0,0,0,0,,no independent full-group target,,2026-09-30-publication-current-native,d4_V4_w0_s0,results/complete_formulas/raw/d4_V4_w0_s0.json,7fe9e95b7b83f166f0731550b51a6f06b4347d10d0e19156ba0386c33c976c5c,catalog/models.json: models[id=C2xC2_orbit_000]
C2xC2_orbit_001,C2xC2_orbit_001,V4_wa2_s0,"internal; F central, F^2=1; s=1 antiunitary",C2xC2,4,F^2=1; F central; R1^2=F; R2^2=F; R1R2=R2R1,s(R1)=0; s(R2)=0,True,85861c5a02f66882a196a5fcafaaaf814b112369b5702b2dbcb348d51ea5c036,computed,Z2^2,Z2^2,Z2^2,Z2,Z8 x Z16,,no independent full-group target,,2026-09-30-publication-current-native,d4_C2xC2_orbit_001,results/complete_formulas/raw/d4_C2xC2_orbit_001.json,39a6560628b6f647989651c8378329c1c61815ab6f1eadd0e8c4ac4336cbd6ad,catalog/models.json: models[id=C2xC2_orbit_001]
C2xC2_orbit_002,C2xC2_orbit_002,V4_wab_s0,"internal; F central, F^2=1; s=1 antiunitary",C2xC2,4,F^2=1; F central; R1^2=1; R2^2=F; R1R2=F R2R1,s(R1)=0; s(R2)=0,True,a377d5cfc7b08953fee83536434962f44ae42a651e4c3b4cd969eb6b0ea9b3ad,computed,Z2^2,0,0,0,Z2^2,,no independent full-group target,,2026-09-30-publication-current-native,d4_C2xC2_orbit_002,results/complete_formulas/raw/d4_C2xC2_orbit_002.json,fa97598d021fe262aba814bdbc19224900a8cf41c29fcb52647056b6b4158eb5,catalog/models.json: models[id=C2xC2_orbit_002]
C2xC2_orbit_003,C2xC2_orbit_003,V4_wquat_s0,"internal; F central, F^2=1; s=1 antiunitary",C2xC2,4,F^2=1; F central; R1^2=F; R2^2=F; R1R2=F R2R1,s(R1)=0; s(R2)=0,True,df86330c087ada923e5eb00f205f0fb7f6c493827dac904befe435e4e4edb241,computed,Z2^3,0,Z2,0,Z2^4,Z2^4,MATCH independent full-group target derived from primary theorem,https://arxiv.org/abs/1604.06527,2026-09-30-publication-current-native,d4_V4_wquat_s0,results/complete_formulas/raw/d4_V4_wquat_s0.json,692a91f2663ab9a0993245db60baf2da03459d7f3279b34663f59cb57e77e7bf,catalog/models.json: models[id=C2xC2_orbit_003]
C2xC2_orbit_004,C2xC2_orbit_004,V4_w0_sa,"internal; F central, F^2=1; s=1 antiunitary",C2xC2,4,F^2=1; F central; R1^2=1; R2^2=1; R1R2=R2R1,s(R1)=1; s(R2)=1,True,2c51280844ee1cd2bc3d22e6df9b7a312c3379310737f2c54f5852415a5c1d50,computed,Z2,0,0,0,Z2,,no independent full-group target,,2026-09-30-publication-current-native,d4_C2xC2_orbit_004,results/complete_formulas/raw/d4_C2xC2_orbit_004.json,611b2635b8037acfcf8996ef233a2517a3c57215e4e6046a141acfa45f402cad,catalog/models.json: models[id=C2xC2_orbit_004]
C2xC2_orbit_005,C2xC2_orbit_005,V4_wa2_sa,"internal; F central, F^2=1; s=1 antiunitary",C2xC2,4,F^2=1; F central; R1^2=F; R2^2=F; R1R2=R2R1,s(R1)=1; s(R2)=1,True,85861c5a02f66882a196a5fcafaaaf814b112369b5702b2dbcb348d51ea5c036,computed,Z2^2,0,0,0,Z2^2,Z2^2,MATCH independent full-group target derived from primary theorem,https://arxiv.org/abs/1812.11967,2026-09-30-publication-current-native,d4_C2xC2_orbit_005,results/complete_formulas/raw/d4_C2xC2_orbit_005.json,89c2565f8b75f5e616fcb15b4a746d147d940ea146d69cf0e88d138ecd56bb53,catalog/models.json: models[id=C2xC2_orbit_005]
C2xC2_orbit_006,C2xC2_orbit_006,V4_wab_sa,"internal; F central, F^2=1; s=1 antiunitary",C2xC2,4,F^2=1; F central; R1^2=1; R2^2=F; R1R2=F R2R1,s(R1)=1; s(R2)=1,True,a377d5cfc7b08953fee83536434962f44ae42a651e4c3b4cd969eb6b0ea9b3ad,computed,0,0,0,0,0,0,MATCH independent Bott full-group target,https://arxiv.org/abs/2605.00316,2026-09-30-publication-current-native,d4_C2xC2_orbit_006,results/complete_formulas/raw/d4_C2xC2_orbit_006.json,ff99b61bc2d42d9d35500fa806f06f3db218d9493947594dd7176e32ec11db0b,catalog/models.json: models[id=C2xC2_orbit_006]
C2xC2_orbit_007,C2xC2_orbit_007,,"internal; F central, F^2=1; s=1 antiunitary",C2xC2,4,F^2=1; F central; R1^2=1; R2^2=F; R1R2=R2R1,s(R1)=1; s(R2)=1,True,dba3554537b78ce5460b4c2722eea8d4ce9b2077708007e9f9d3add4d6c8b01f,computed,Z2^2,0,0,0,Z2^2,,no independent full-group target,,2026-09-30-publication-current-native,d4_C2xC2_orbit_007,results/complete_formulas/raw/d4_C2xC2_orbit_007.json,533d91c8fcc836b996e14cd3936a86c183215d4d7591d1584d07ea979899639f,catalog/models.json: models[id=C2xC2_orbit_007]
C2xC2_orbit_008,C2xC2_orbit_008,V4_wab_sa+b,"internal; F central, F^2=1; s=1 antiunitary",C2xC2,4,F^2=1; F central; R1^2=1; R2^2=1; R1R2=F R2R1,s(R1)=1; s(R2)=1,True,8fd5d5ca55819d78b368333cfebde08e513037c8b026942fc67d3aef44f67a48,computed,Z2,Z2,Z2,0,Z8,Z8,MATCH independent Bott full-group target,https://arxiv.org/abs/2605.00316,2026-09-30-publication-current-native,d4_C2xC2_orbit_008,results/complete_formulas/raw/d4_C2xC2_orbit_008.json,c8cbb3c3b5a255a3be0b72bca23e166ebeb2791808ac786cb5bdcf57aa60b3e4,catalog/models.json: models[id=C2xC2_orbit_008]
C2xC2_orbit_009,C2xC2_orbit_009,V4_wa2+b2+ab_sa; V4_wquat_sx,"internal; F central, F^2=1; s=1 antiunitary",C2xC2,4,F^2=1; F central; R1^2=F; R2^2=F; R1R2=F R2R1,s(R1)=1; s(R2)=1,True,df86330c087ada923e5eb00f205f0fb7f6c493827dac904befe435e4e4edb241,computed,Z2,Z2,Z2,Z2,Z16,Z16,MATCH independent Bott full-group target,https://arxiv.org/abs/2605.00316,2026-09-30-publication-current-native,d4_C2xC2_orbit_009,results/complete_formulas/raw/d4_C2xC2_orbit_009.json,9304aff1d5aaefb0b5786efbc8a8ebb2b97921928eb1280d5ffb4cbf598922bf,catalog/models.json: models[id=C2xC2_orbit_009]
C2xC2xC2_orbit_000,C2xC2xC2_orbit_000,,"internal; F central, F^2=1; s=1 antiunitary",C2xC2xC2,8,F^2=1; F central; R1^2=1; R2^2=1; R3^2=1; R1R2=R2R1; R1R3=R3R1; R2R3=R3R2,s(R1)=0; s(R2)=0; s(R3)=0,True,15afd77dd0203111efefda996af23517eeec730a2ccea6f3517f344a0a1b3cfa,computed,Z2^3,0,0,0,Z2^3,,no independent full-group target,,2026-09-30-publication-current-native,d4_C2xC2xC2_orbit_000,results/complete_formulas/raw/d4_C2xC2xC2_orbit_000.json,e8c28f84af70e57643624f9f01052eea0ecd1361830271e419e49c5822868700,catalog/models.json: models[id=C2xC2xC2_orbit_000]
C2xC2xC2_orbit_001,C2xC2xC2_orbit_001,,"internal; F central, F^2=1; s=1 antiunitary",C2xC2xC2,8,F^2=1; F central; R1^2=F; R2^2=F; R3^2=1; R1R2=R2R1; R1R3=R3R1; R2R3=R3R2,s(R1)=0; s(R2)=0; s(R3)=0,True,8e83f4f0170c8b205be2685600bcffa6fd797fe64e6652e141bc3f383fcace57,computed,Z2^6,Z2^4,Z2^3,Z2,Z2^2 x Z4 x Z8^2 x Z16,,no independent full-group target,,2026-09-30-publication-current-native,d4_C2xC2xC2_orbit_001,results/complete_formulas/raw/d4_C2xC2xC2_orbit_001.json,97fbb1a715c3231850ec5e08a49302e3f26c065024d17938a6be82e6b790c658,catalog/models.json: models[id=C2xC2xC2_orbit_001]
C2xC2xC2_orbit_002,C2xC2xC2_orbit_002,,"internal; F central, F^2=1; s=1 antiunitary",C2xC2xC2,8,F^2=1; F central; R1^2=F; R2^2=1; R3^2=1; R1R2=F R2R1; R1R3=F R3R1; R2R3=F R3R2,s(R1)=0; s(R2)=0; s(R3)=0,True,630e32ef71347436e5f6a3ad3762168c7beab5037d7c192b6e108ab4655e24c4,computed,Z2^6,0,0,0,Z2^6,,no independent full-group target,,2026-09-30-publication-current-native,d4_C2xC2xC2_orbit_002,results/complete_formulas/raw/d4_C2xC2xC2_orbit_002.json,397eb131a29be1d6ea6bc796cc8eb78d08965dd7cadf6acd46aee1c0751ce1f8,catalog/models.json: models[id=C2xC2xC2_orbit_002]
C2xC2xC2_orbit_003,C2xC2xC2_orbit_003,,"internal; F central, F^2=1; s=1 antiunitary",C2xC2xC2,8,F^2=1; F central; R1^2=F; R2^2=F; R3^2=F; R1R2=F R2R1; R1R3=F R3R1; R2R3=F R3R2,s(R1)=0; s(R2)=0; s(R3)=0,True,b3984b76dd6ee077a9b41f4d5fe777320ce11ed3644e1dc8bcf1443e55f05d62,computed,Z2^7,Z2,Z2,0,Z2^9,,no independent full-group target,,2026-09-30-publication-current-native,d4_C2xC2xC2_orbit_003,results/complete_formulas/raw/d4_C2xC2xC2_orbit_003.json,bf96b8f40e5d63a45ef4d4ea747750d38604a741b29e7a5d629e30ba179be995,catalog/models.json: models[id=C2xC2xC2_orbit_003]
C2xC2xC2_orbit_004,C2xC2xC2_orbit_004,,"internal; F central, F^2=1; s=1 antiunitary",C2xC2xC2,8,F^2=1; F central; R1^2=1; R2^2=F; R3^2=F; R1R2=R2R1; R1R3=F R3R1; R2R3=F R3R2,s(R1)=0; s(R2)=0; s(R3)=0,True,6980b5a13847957b5a3e9eb4e4c4f9e38ac119e55a9d221588a68d4c2e0322e9,computed,Z2^7,Z2,Z2,0,Z2^6 x Z8,,no independent full-group target,,2026-09-30-publication-current-native,d4_C2xC2xC2_orbit_004,results/complete_formulas/raw/d4_C2xC2xC2_orbit_004.json,41dabf0497b25f3617fbee6832a5ddf9fad1ac88ad5bd9efb7d4cdd0b5bb17cc,catalog/models.json: models[id=C2xC2xC2_orbit_004]
C2xC2xC2_orbit_005,C2xC2xC2_orbit_005,,"internal; F central, F^2=1; s=1 antiunitary",C2xC2xC2,8,F^2=1; F central; R1^2=1; R2^2=1; R3^2=1; R1R2=R2R1; R1R3=R3R1; R2R3=R3R2,s(R1)=1; s(R2)=1; s(R3)=0,True,15afd77dd0203111efefda996af23517eeec730a2ccea6f3517f344a0a1b3cfa,computed,Z2^5,0,0,0,Z2^5,,no independent full-group target,,2026-09-30-publication-current-native,d4_C2xC2xC2_orbit_005,results/complete_formulas/raw/d4_C2xC2xC2_orbit_005.json,ec605fc5fc9195166cf18bf2f1d5159fff6a5acadb0ba76657343ce1a67e670c,catalog/models.json: models[id=C2xC2xC2_orbit_005]
C2xC2xC2_orbit_006,C2xC2xC2_orbit_006,,"internal; F central, F^2=1; s=1 antiunitary",C2xC2xC2,8,F^2=1; F central; R1^2=F; R2^2=F; R3^2=1; R1R2=R2R1; R1R3=R3R1; R2R3=R3R2,s(R1)=1; s(R2)=1; s(R3)=0,True,8e83f4f0170c8b205be2685600bcffa6fd797fe64e6652e141bc3f383fcace57,computed,Z2^8,0,0,0,Z2^8,,no independent full-group target,,2026-09-30-publication-current-native,d4_C2xC2xC2_orbit_006,results/complete_formulas/raw/d4_C2xC2xC2_orbit_006.json,05164e117af1dd50bc0dc2c4f6b51ccc361aee492aa740a647f7494f45519b94,catalog/models.json: models[id=C2xC2xC2_orbit_006]
C2xC2xC2_orbit_007,C2xC2xC2_orbit_007,,"internal; F central, F^2=1; s=1 antiunitary",C2xC2xC2,8,F^2=1; F central; R1^2=F; R2^2=1; R3^2=1; R1R2=F R2R1; R1R3=F R3R1; R2R3=F R3R2,s(R1)=1; s(R2)=1; s(R3)=0,True,630e32ef71347436e5f6a3ad3762168c7beab5037d7c192b6e108ab4655e24c4,computed,Z2^4,0,0,0,Z2^4,,no independent full-group target,,2026-09-30-publication-current-native,d4_C2xC2xC2_orbit_007,results/complete_formulas/raw/d4_C2xC2xC2_orbit_007.json,751db2af71077e280e68428b30bb3aa6a0a5f3a32517deb9e3a4bc89a32100e4,catalog/models.json: models[id=C2xC2xC2_orbit_007]
C2xC2xC2_orbit_008,C2xC2xC2_orbit_008,,"internal; F central, F^2=1; s=1 antiunitary",C2xC2xC2,8,F^2=1; F central; R1^2=F; R2^2=1; R3^2=F; R1R2=R2R1; R1R3=R3R1; R2R3=R3R2,s(R1)=1; s(R2)=1; s(R3)=0,True,5ba96d996841f572c68a6c83ebda1567b99b0d9fab41b34904f85bb4bb9af3c3,computed,Z2^7,0,0,0,Z2^7,,no independent full-group target,,2026-09-30-publication-current-native,d4_C2xC2xC2_orbit_008,results/complete_formulas/raw/d4_C2xC2xC2_orbit_008.json,5c451b3da372f0d251f6fca1a885a29ee73e4f708f066d295c4567973e082bc9,catalog/models.json: models[id=C2xC2xC2_orbit_008]
C2xC2xC2_orbit_009,C2xC2xC2_orbit_009,,"internal; F central, F^2=1; s=1 antiunitary",C2xC2xC2,8,F^2=1; F central; R1^2=1; R2^2=1; R3^2=F; R1R2=F R2R1; R1R3=F R3R1; R2R3=F R3R2,s(R1)=1; s(R2)=1; s(R3)=0,True,d6c601f95f1d9d888d5e52733127c6385e99a84df79fcda947401d419cdfca0b,computed,Z2^5,Z2^2,Z2,0,Z2^3 x Z4 x Z8,,no independent full-group target,,2026-09-30-publication-current-native,d4_C2xC2xC2_orbit_009,results/complete_formulas/raw/d4_C2xC2xC2_orbit_009.json,6bab9e25e234a8e7d53faaf716b7a71be0e8fec1f0387420951310b77f58b031,catalog/models.json: models[id=C2xC2xC2_orbit_009]
C2xC2xC2_orbit_010,C2xC2xC2_orbit_010,,"internal; F central, F^2=1; s=1 antiunitary",C2xC2xC2,8,F^2=1; F central; R1^2=F; R2^2=F; R3^2=F; R1R2=F R2R1; R1R3=F R3R1; R2R3=F R3R2,s(R1)=1; s(R2)=1; s(R3)=0,True,b3984b76dd6ee077a9b41f4d5fe777320ce11ed3644e1dc8bcf1443e55f05d62,computed,Z2^6,Z2^2,Z2^2,Z2,Z2^4 x Z8 x Z16,,no independent full-group target,,publication,d4_C2xC2xC2_orbit_010,results/complete_formulas/raw/d4_C2xC2xC2_orbit_010.json,64a957bcc27c4e7c15f4fe0b2a65af380fac147bb1aa0e51d1dc909343581436,catalog/models.json: models[id=C2xC2xC2_orbit_010]
C2xC2xC2_orbit_011,C2xC2xC2_orbit_011,,"internal; F central, F^2=1; s=1 antiunitary",C2xC2xC2,8,F^2=1; F central; R1^2=1; R2^2=F; R3^2=F; R1R2=R2R1; R1R3=F R3R1; R2R3=F R3R2,s(R1)=1; s(R2)=1; s(R3)=0,True,6980b5a13847957b5a3e9eb4e4c4f9e38ac119e55a9d221588a68d4c2e0322e9,computed,Z2^5,Z2,Z2,0,Z2^4 x Z8,,no independent full-group target,,2026-09-30-publication-current-native,d4_C2xC2xC2_orbit_011,results/complete_formulas/raw/d4_C2xC2xC2_orbit_011.json,17436982b61f6803a061a581876bbad96de241691f93bdc96c2628ce7dab2bb7,catalog/models.json: models[id=C2xC2xC2_orbit_011]
C2xC2xC2_orbit_012,C2xC2xC2_orbit_012,,"internal; F central, F^2=1; s=1 antiunitary",C2xC2xC2,8,F^2=1; F central; R1^2=F; R2^2=1; R3^2=F; R1R2=F R2R1; R1R3=R3R1; R2R3=F R3R2,s(R1)=1; s(R2)=1; s(R3)=0,True,1dcffb1fcf65464d0951d1743b6725ff5a83807f5293ccda4ce06feeb2b5f1f2,computed,Z2^5,0,0,0,Z2^5,Z2^5,MATCH independent Bott full-group target,https://arxiv.org/abs/2605.00316,2026-09-30-publication-current-native,d4_C2xC2xC2_orbit_012,results/complete_formulas/raw/d4_C2xC2xC2_orbit_012.json,617a7d3d941cb7675be0ba788bac73d9e199112704ba37f883019bb26597ef73,catalog/models.json: models[id=C2xC2xC2_orbit_012]
C2xC2xC2_orbit_013,C2xC2xC2_orbit_013,,"internal; F central, F^2=1; s=1 antiunitary",C2xC2xC2,8,F^2=1; F central; R1^2=1; R2^2=F; R3^2=F; R1R2=F R2R1; R1R3=R3R1; R2R3=F R3R2,s(R1)=1; s(R2)=1; s(R3)=0,True,b6df6b343af841ee1424f9f3a897daf203dff7aa366031d4451f8608565feef3,computed,Z2^6,0,0,0,Z2^6,Z2^6,MATCH independent Bott full-group target,https://arxiv.org/abs/2605.00316,2026-09-30-publication-current-native,d4_C2xC2xC2_orbit_013,results/complete_formulas/raw/d4_C2xC2xC2_orbit_013.json,6ccda7d14c278f51125b39ea8809bd53901e2ea0c3b52b0da5a9c3174a76f79e,catalog/models.json: models[id=C2xC2xC2_orbit_013]
C2xC2xC2_orbit_014,C2xC2xC2_orbit_014,,"internal; F central, F^2=1; s=1 antiunitary",C2xC2xC2,8,F^2=1; F central; R1^2=F; R2^2=F; R3^2=F; R1R2=F R2R1; R1R3=R3R1; R2R3=F R3R2,s(R1)=1; s(R2)=1; s(R3)=0,True,be82794a7c6ae3d3b42991f323a4d6698c9ecc06d18d8960aa949890146661ae,computed,Z2^6,0,Z2,0,Z2^7,Z2^7,MATCH independent Bott full-group target,https://arxiv.org/abs/2605.00316,2026-09-30-publication-current-native,d4_C2xC2xC2_orbit_014,results/complete_formulas/raw/d4_C2xC2xC2_orbit_014.json,7fd4314b26e40acc6a86236cea7da61a373170c2e872b1852d360bd7c2c1401a,catalog/models.json: models[id=C2xC2xC2_orbit_014]
C2xC2xC2_orbit_015,C2xC2xC2_orbit_015,,"internal; F central, F^2=1; s=1 antiunitary",C2xC2xC2,8,F^2=1; F central; R1^2=1; R2^2=1; R3^2=F; R1R2=F R2R1; R1R3=R3R1; R2R3=F R3R2,s(R1)=1; s(R2)=1; s(R3)=0,True,112c58bf95e308b40a11f84731d909c7bb6a68f08c4ad0f18b274b76d07c7f65,computed,Z2^6,0,0,0,Z2^6,Z2^6,MATCH independent Bott full-group target,https://arxiv.org/abs/2605.00316,2026-09-30-publication-current-native,d4_C2xC2xC2_orbit_015,results/complete_formulas/raw/d4_C2xC2xC2_orbit_015.json,e1ccc3e95e427147847b7b57291f8cacbeb6756bc6eed149c754a436db6ec7b0,catalog/models.json: models[id=C2xC2xC2_orbit_015]
C4xC2_orbit_000,C4xC2_orbit_000,,"internal; F central, F^2=1; s=1 antiunitary",C4xC2,8,F^2=1; F central; R1^4=1; R2^2=1; R1R2=R2R1,s(R1)=0; s(R2)=0,True,15afd77dd0203111efefda996af23517eeec730a2ccea6f3517f344a0a1b3cfa,computed,Z2,Z2,0,Z2,Z2 x Z4,,no independent full-group target,,2026-09-30-publication-current-native,d4_C4xC2_orbit_000,results/complete_formulas/raw/d4_C4xC2_orbit_000.json,515130dbb86d40c7d9f6d70779f5f302c63ac65cd8fb8a26e2821f705df28b83,catalog/models.json: models[id=C4xC2_orbit_000]
C4xC2_orbit_001,C4xC2_orbit_001,,"internal; F central, F^2=1; s=1 antiunitary",C4xC2,8,F^2=1; F central; R1^4=1; R2^2=F; R1R2=R2R1,s(R1)=0; s(R2)=0,True,a79f8588f9b0da05512c3cc9afa40ddd7f583c2bbc12e2f1bd33b20215e545dd,computed,Z2^3,Z2^2,Z2^2,Z2^2,Z2^2 x Z8 x Z16,,no independent full-group target,,2026-09-30-publication-current-native,d4_C4xC2_orbit_001,results/complete_formulas/raw/d4_C4xC2_orbit_001.json,d82af3d41b9d99faa451c7eb11655c09c7dc96be7ba7aac546e45d3be23744bb,catalog/models.json: models[id=C4xC2_orbit_001]
C4xC2_orbit_002,C4xC2_orbit_002,,"internal; F central, F^2=1; s=1 antiunitary",C4xC2,8,F^2=1; F central; R1^4=1; R2^2=F; R1R2=F R2R1,s(R1)=0; s(R2)=0,True,d99c0b58f5f11e8097a9bac4b0bc071c9733ad6a46b3147d83c52460c8451c4c,computed,Z2^3,0,Z2,0,Z2^4,,no independent full-group target,,2026-09-30-publication-current-native,d4_C4xC2_orbit_002,results/complete_formulas/raw/d4_C4xC2_orbit_002.json,4e6e3a94e4b63a36e068867d8f3f0c8ccc7cfc9c5309db47acfe77c54473b3df,catalog/models.json: models[id=C4xC2_orbit_002]
C4xC2_orbit_003,C4xC2_orbit_003,,"internal; F central, F^2=1; s=1 antiunitary",C4xC2,8,F^2=1; F central; R1^4=1; R2^2=1; R1R2=F R2R1,s(R1)=0; s(R2)=0,True,dfd15b16a18cf86a81442561b101e80516ca2dd6e14e13b0e273b882c125809a,computed,Z2^2,0,0,0,Z2^2,,no independent full-group target,,2026-09-30-publication-current-native,d4_C4xC2_orbit_003,results/complete_formulas/raw/d4_C4xC2_orbit_003.json,68f47abb7b6062a536f95b76a04b6fc301df251f355fb86f6d6482799cef6ed9,catalog/models.json: models[id=C4xC2_orbit_003]
C4xC2_orbit_004,C4xC2_orbit_004,,"internal; F central, F^2=1; s=1 antiunitary",C4xC2,8,F^2=1; F central; R1^4=F; R2^2=1; R1R2=R2R1,s(R1)=0; s(R2)=0,True,3a5c45dab64c684a307d985481f3834bc4565fe8bfc46dbd548a5e970eeb62d2,computed,Z2^2 x Z4,Z2^2,Z2^2,Z4,Z2^2 x Z8 x Z32,,no independent full-group target,,2026-09-30-publication-current-native,d4_C4xC2_orbit_004,results/complete_formulas/raw/d4_C4xC2_orbit_004.json,8983c6afaa0b8cf760adc75a5f3214c522c09dc7780c1e8bf8cc0a9dc664f76e,catalog/models.json: models[id=C4xC2_orbit_004]
C4xC2_orbit_005,C4xC2_orbit_005,,"internal; F central, F^2=1; s=1 antiunitary",C4xC2,8,F^2=1; F central; R1^4=F; R2^2=F; R1R2=F R2R1,s(R1)=0; s(R2)=0,True,ec22526ffb0b2375dbaa94dcf9842778a242cb5510b2f5b5a7971f27dce6f25f,computed,Z2^2 x Z4,0,Z2,Z2,Z2^2 x Z16,,PASS eta exponent lower bound 16; not a full-group theorem,https://arxiv.org/abs/1808.02881,2026-09-30-publication-current-native,d4_C4xC2_orbit_005,results/complete_formulas/raw/d4_C4xC2_orbit_005.json,5b6d706537d1751fb074671d2e167cc20a86b638137dd3e92bf6a4407d9aba0c,catalog/models.json: models[id=C4xC2_orbit_005]
C4xC2_orbit_006,C4xC2_orbit_006,,"internal; F central, F^2=1; s=1 antiunitary",C4xC2,8,F^2=1; F central; R1^4=1; R2^2=1; R1R2=R2R1,s(R1)=1; s(R2)=1,True,15afd77dd0203111efefda996af23517eeec730a2ccea6f3517f344a0a1b3cfa,computed,Z2,Z2,0,0,Z4,,no independent full-group target,,2026-09-30-publication-current-native,d4_C4xC2_orbit_006,results/complete_formulas/raw/d4_C4xC2_orbit_006.json,1369af177c28ca022b43a6bb310eaf099d27634d415e331c047f5cb54ff0746f,catalog/models.json: models[id=C4xC2_orbit_006]
C4xC2_orbit_007,C4xC2_orbit_007,,"internal; F central, F^2=1; s=1 antiunitary",C4xC2,8,F^2=1; F central; R1^4=1; R2^2=F; R1R2=R2R1,s(R1)=1; s(R2)=1,True,a79f8588f9b0da05512c3cc9afa40ddd7f583c2bbc12e2f1bd33b20215e545dd,computed,Z2^2,Z2^2,0,0,Z4^2,Z4^2,MATCH independent full-group target derived from primary theorem,https://arxiv.org/abs/1812.11967,2026-09-30-publication-current-native,d4_C4xC2_orbit_007,results/complete_formulas/raw/d4_C4xC2_orbit_007.json,bafcc90da9f7368fe77104104374a8840885464799c4bc24f09950a65128bd70,catalog/models.json: models[id=C4xC2_orbit_007]
C4xC2_orbit_008,C4xC2_orbit_008,,"internal; F central, F^2=1; s=1 antiunitary",C4xC2,8,F^2=1; F central; R1^4=1; R2^2=F; R1R2=F R2R1,s(R1)=1; s(R2)=1,True,d99c0b58f5f11e8097a9bac4b0bc071c9733ad6a46b3147d83c52460c8451c4c,computed,0,Z2,0,Z2,Z4,,no independent full-group target,,2026-09-30-publication-current-native,d4_C4xC2_orbit_008,results/complete_formulas/raw/d4_C4xC2_orbit_008.json,5151803ce86a36a4f580662ea3004a359ac03712ddf7641bc3c899af63a10f6d,catalog/models.json: models[id=C4xC2_orbit_008]
C4xC2_orbit_009,C4xC2_orbit_009,,"internal; F central, F^2=1; s=1 antiunitary",C4xC2,8,F^2=1; F central; R1^4=1; R2^2=1; R1R2=F R2R1,s(R1)=1; s(R2)=1,True,dfd15b16a18cf86a81442561b101e80516ca2dd6e14e13b0e273b882c125809a,computed,0,Z2,0,0,Z2,,no independent full-group target,,2026-09-30-publication-current-native,d4_C4xC2_orbit_009,results/complete_formulas/raw/d4_C4xC2_orbit_009.json,b121d441215e4927291795784ddb990aee0e71759abdc227fb9df398cd73ab49,catalog/models.json: models[id=C4xC2_orbit_009]
C4xC2_orbit_010,C4xC2_orbit_010,,"internal; F central, F^2=1; s=1 antiunitary",C4xC2,8,F^2=1; F central; R1^4=F; R2^2=1; R1R2=R2R1,s(R1)=1; s(R2)=1,True,3a5c45dab64c684a307d985481f3834bc4565fe8bfc46dbd548a5e970eeb62d2,computed,Z2^2,Z2,0,0,Z2 x Z4,,no independent full-group target,,2026-09-30-publication-current-native,d4_C4xC2_orbit_010,results/complete_formulas/raw/d4_C4xC2_orbit_010.json,c3618e0d1158f19c75e395a60900de14eaf67bf0cb84ee6040a364c85a38011a,catalog/models.json: models[id=C4xC2_orbit_010]
C4xC2_orbit_011,C4xC2_orbit_011,,"internal; F central, F^2=1; s=1 antiunitary",C4xC2,8,F^2=1; F central; R1^4=F; R2^2=F; R1R2=F R2R1,s(R1)=1; s(R2)=1,True,ec22526ffb0b2375dbaa94dcf9842778a242cb5510b2f5b5a7971f27dce6f25f,computed,Z2,0,Z2,0,Z4,,no independent full-group target,,2026-09-30-publication-current-native,d4_C4xC2_orbit_011,results/complete_formulas/raw/d4_C4xC2_orbit_011.json,1ddb6f244b3faac289d47fa425f150c9735b06f3815b6c9a6d4588b1fadb257b,catalog/models.json: models[id=C4xC2_orbit_011]
C4xC2_orbit_012,C4xC2_orbit_012,,"internal; F central, F^2=1; s=1 antiunitary",C4xC2,8,F^2=1; F central; R1^4=1; R2^2=1; R1R2=R2R1,s(R1)=1; s(R2)=0,True,15afd77dd0203111efefda996af23517eeec730a2ccea6f3517f344a0a1b3cfa,computed,Z2,0,0,0,Z2,,no independent full-group target,,2026-09-30-publication-current-native,d4_C4xC2_orbit_012,results/complete_formulas/raw/d4_C4xC2_orbit_012.json,d1f861cae820e268a118c890e38e1340c42b43c7104a0e13217f60e24e7f0be0,catalog/models.json: models[id=C4xC2_orbit_012]
C4xC2_orbit_013,C4xC2_orbit_013,,"internal; F central, F^2=1; s=1 antiunitary",C4xC2,8,F^2=1; F central; R1^4=1; R2^2=F; R1R2=R2R1,s(R1)=1; s(R2)=0,True,a79f8588f9b0da05512c3cc9afa40ddd7f583c2bbc12e2f1bd33b20215e545dd,computed,Z2^2,0,0,0,Z2^2,,no independent full-group target,,2026-09-30-publication-current-native,d4_C4xC2_orbit_013,results/complete_formulas/raw/d4_C4xC2_orbit_013.json,05aad6c902ee587a09b3297f887186d39690747fa9f6d4dc511323a33b91f8d6,catalog/models.json: models[id=C4xC2_orbit_013]
C4xC2_orbit_014,C4xC2_orbit_014,,"internal; F central, F^2=1; s=1 antiunitary",C4xC2,8,F^2=1; F central; R1^4=1; R2^2=F; R1R2=F R2R1,s(R1)=1; s(R2)=0,True,d99c0b58f5f11e8097a9bac4b0bc071c9733ad6a46b3147d83c52460c8451c4c,computed,Z2^2,Z2^2,Z2,Z2,Z4 x Z16,,no independent full-group target,,2026-09-30-publication-current-native,d4_C4xC2_orbit_014,results/complete_formulas/raw/d4_C4xC2_orbit_014.json,b6eb9da57a878f6176883f0b0fb5fde63cbaf9b37e3936a7aebd8127cc2ebea6,catalog/models.json: models[id=C4xC2_orbit_014]
C4xC2_orbit_015,C4xC2_orbit_015,,"internal; F central, F^2=1; s=1 antiunitary",C4xC2,8,F^2=1; F central; R1^4=1; R2^2=1; R1R2=F R2R1,s(R1)=1; s(R2)=0,True,dfd15b16a18cf86a81442561b101e80516ca2dd6e14e13b0e273b882c125809a,computed,0,0,0,0,0,,no independent full-group target,,2026-09-30-publication-current-native,d4_C4xC2_orbit_015,results/complete_formulas/raw/d4_C4xC2_orbit_015.json,22d4acdb8ac0c860ec42a15f986873b9d5544cea3fc47ae6ae03228edd0a42bb,catalog/models.json: models[id=C4xC2_orbit_015]
C4xC2_orbit_016,C4xC2_orbit_016,,"internal; F central, F^2=1; s=1 antiunitary",C4xC2,8,F^2=1; F central; R1^4=F; R2^2=1; R1R2=R2R1,s(R1)=1; s(R2)=0,True,3a5c45dab64c684a307d985481f3834bc4565fe8bfc46dbd548a5e970eeb62d2,computed,Z2^2,0,0,0,Z2^2,,no independent full-group target,,2026-09-30-publication-current-native,d4_C4xC2_orbit_016,results/complete_formulas/raw/d4_C4xC2_orbit_016.json,16d7270a525c8440dedc91e31e26c4ffdfdca9d91493939b32070aab6b05b52d,catalog/models.json: models[id=C4xC2_orbit_016]
C4xC2_orbit_017,C4xC2_orbit_017,,"internal; F central, F^2=1; s=1 antiunitary",C4xC2,8,F^2=1; F central; R1^4=F; R2^2=F; R1R2=F R2R1,s(R1)=1; s(R2)=0,True,ec22526ffb0b2375dbaa94dcf9842778a242cb5510b2f5b5a7971f27dce6f25f,computed,Z2,Z2,Z2,0,Z8,,no independent full-group target,,2026-09-30-publication-current-native,d4_C4xC2_orbit_017,results/complete_formulas/raw/d4_C4xC2_orbit_017.json,671df6fe0a15824c1a152d5e70f02c84d51932e13a638520c0e1157e5c269113,catalog/models.json: models[id=C4xC2_orbit_017]
C4xC4_orbit_000,C4xC4_orbit_000,,"internal; F central, F^2=1; s=1 antiunitary",C4xC4,16,F^2=1; F central; R1^4=1; R2^4=1; R1R2=R2R1,s(R1)=0; s(R2)=0,True,7cc502cc26a97ce86e1d05cf571126498776adc32818e5a64b15084dc28149bc,computed,Z2^4,Z2,0,Z2^2,Z2 x Z4^3,,no independent full-group target,,2026-09-30-publication-current-native,d4_C4xC4_orbit_000,results/complete_formulas/raw/d4_C4xC4_orbit_000.json,e33e71f057b0f81d1c97e91cbe189330931a768d080d0edb14d65dc5a2fea8ef,catalog/models.json: models[id=C4xC4_orbit_000]
C4xC4_orbit_001,C4xC4_orbit_001,,"internal; F central, F^2=1; s=1 antiunitary",C4xC4,16,F^2=1; F central; R1^4=F; R2^4=F; R1R2=R2R1,s(R1)=0; s(R2)=0,True,615bc7a57cb644cf7866fe44732c8ee231142b5dce4e443b439eff5b07125e6c,computed,Z2^2 x Z4^2,Z2^2,Z2^2,Z2 x Z4,Z2^4 x Z16 x Z32,,no independent full-group target,,2026-09-30-publication-current-native,d4_C4xC4_orbit_001,results/complete_formulas/raw/d4_C4xC4_orbit_001.json,b1024783ec365222baac825c75ff0950107e6620cd7aade3b1d9d7341ad5c8f6,catalog/models.json: models[id=C4xC4_orbit_001]
C4xC4_orbit_002,C4xC4_orbit_002,,"internal; F central, F^2=1; s=1 antiunitary",C4xC4,16,F^2=1; F central; R1^4=F; R2^4=F; R1R2=F R2R1,s(R1)=0; s(R2)=0,True,5d0e6e368b498dfb9c12cfa548aaeac2b52ec2d77df989431162bd7353398904,computed,Z2^2 x Z4^2,0,Z2^2,Z2,Z2^2 x Z8 x Z16,,no independent full-group target,,2026-09-30-publication-current-native,d4_C4xC4_orbit_002,results/complete_formulas/raw/d4_C4xC4_orbit_002.json,8bb2a187af41f7ad2c14f2a47b7fd0405bd1da700a33b61bb8a56d7f638266f9,catalog/models.json: models[id=C4xC4_orbit_002]
C4xC4_orbit_003,C4xC4_orbit_003,,"internal; F central, F^2=1; s=1 antiunitary",C4xC4,16,F^2=1; F central; R1^4=1; R2^4=1; R1R2=F R2R1,s(R1)=0; s(R2)=0,True,c87141b12bd76cc242982d39ad711e7b359ace97a6eaba76d5d7e35e3b052f81,computed,Z2^4,0,0,0,Z2^4,,no independent full-group target,,2026-09-30-publication-current-native,d4_C4xC4_orbit_003,results/complete_formulas/raw/d4_C4xC4_orbit_003.json,c5079b16ec11c56c59cbfcf8e8e99bde20b89e638f25b66764ac1f76fe3c5366,catalog/models.json: models[id=C4xC4_orbit_003]
C4xC4_orbit_004,C4xC4_orbit_004,,"internal; F central, F^2=1; s=1 antiunitary",C4xC4,16,F^2=1; F central; R1^4=1; R2^4=1; R1R2=R2R1,s(R1)=1; s(R2)=1,True,7cc502cc26a97ce86e1d05cf571126498776adc32818e5a64b15084dc28149bc,computed,Z2,Z2^2,0,0,Z2^3,Z2^3,MATCH independent full-group target derived from primary theorem,https://arxiv.org/abs/1808.02881,2026-09-30-publication-current-native,d4_C4xC4_orbit_004,results/complete_formulas/raw/d4_C4xC4_orbit_004.json,f801022c04ecba015363116a9050682b8f1ee79af31b42710713f66b3482e29a,catalog/models.json: models[id=C4xC4_orbit_004]
C4xC4_orbit_005,C4xC4_orbit_005,,"internal; F central, F^2=1; s=1 antiunitary",C4xC4,16,F^2=1; F central; R1^4=F; R2^4=F; R1R2=R2R1,s(R1)=1; s(R2)=1,True,615bc7a57cb644cf7866fe44732c8ee231142b5dce4e443b439eff5b07125e6c,computed,Z2^2,Z2,Z2,0,Z2^2 x Z4,,no independent full-group target,,2026-09-30-publication-current-native,d4_C4xC4_orbit_005,results/complete_formulas/raw/d4_C4xC4_orbit_005.json,2e170b7c5f5c35ae32e46341c1b71985fae7a747c846e37360f94e83fcbfff5d,catalog/models.json: models[id=C4xC4_orbit_005]
C4xC4_orbit_006,C4xC4_orbit_006,,"internal; F central, F^2=1; s=1 antiunitary",C4xC4,16,F^2=1; F central; R1^4=F; R2^4=F; R1R2=F R2R1,s(R1)=1; s(R2)=1,True,5d0e6e368b498dfb9c12cfa548aaeac2b52ec2d77df989431162bd7353398904,computed,Z2,Z2,Z2,0,Z2 x Z4,,no independent full-group target,,2026-09-30-publication-current-native,d4_C4xC4_orbit_006,results/complete_formulas/raw/d4_C4xC4_orbit_006.json,4a0ab2010ce82671b9ca73cc313544958e8f869655b6bed0a254256de4204fa6,catalog/models.json: models[id=C4xC4_orbit_006]
C4xC4_orbit_007,C4xC4_orbit_007,,"internal; F central, F^2=1; s=1 antiunitary",C4xC4,16,F^2=1; F central; R1^4=1; R2^4=1; R1R2=F R2R1,s(R1)=1; s(R2)=1,True,c87141b12bd76cc242982d39ad711e7b359ace97a6eaba76d5d7e35e3b052f81,computed,Z2,Z2,0,Z2,Z2 x Z4,,no independent full-group target,,2026-09-30-publication-current-native,d4_C4xC4_orbit_007,results/complete_formulas/raw/d4_C4xC4_orbit_007.json,72a8aa209615a88fc2d3c05c2ad7652ad0db0bb6ef65449ba4a9e20aac0344dd,catalog/models.json: models[id=C4xC4_orbit_007]
C4xC4_orbit_008,C4xC4_orbit_008,,"internal; F central, F^2=1; s=1 antiunitary",C4xC4,16,F^2=1; F central; R1^4=F; R2^4=1; R1R2=R2R1,s(R1)=1; s(R2)=1,True,e7488700f62353fc466d38dd194c2ee4cda36925eeb7a9ea2a31112a73cb1af1,computed,Z2^2,Z2,Z2,0,Z2^2 x Z4,,no independent full-group target,,2026-09-30-publication-current-native,d4_C4xC4_orbit_008,results/complete_formulas/raw/d4_C4xC4_orbit_008.json,2df38af839811644443b16743682867189468aaa60557e67bd032998696334a0,catalog/models.json: models[id=C4xC4_orbit_008]
C4xC4_orbit_009,C4xC4_orbit_009,,"internal; F central, F^2=1; s=1 antiunitary",C4xC4,16,F^2=1; F central; R1^4=1; R2^4=F; R1R2=F R2R1,s(R1)=1; s(R2)=1,True,b575500ca9e2e13a11133e854a23b814cd1c4fb270173bcd0485bb7039d04153,computed,Z2,Z2,Z2,0,Z2 x Z4,,no independent full-group target,,2026-09-30-publication-current-native,d4_C4xC4_orbit_009,results/complete_formulas/raw/d4_C4xC4_orbit_009.json,cc9646bc1aeaa5aa86aec87a8e9e216f107fa2ea681b77cfadefa9144c68db61,catalog/models.json: models[id=C4xC4_orbit_009]
C8xC2_orbit_000,C8xC2_orbit_000,,"internal; F central, F^2=1; s=1 antiunitary",C8xC2,16,F^2=1; F central; R1^8=1; R2^2=1; R1R2=R2R1,s(R1)=0; s(R2)=0,True,7cc502cc26a97ce86e1d05cf571126498776adc32818e5a64b15084dc28149bc,computed,Z2 x Z4,Z2,0,Z4,Z2 x Z4 x Z8,,no independent full-group target,,2026-09-30-publication-current-native,d4_C8xC2_orbit_000,results/complete_formulas/raw/d4_C8xC2_orbit_000.json,e7e69566c2c5ddd0d8aff919e2912bafbfd96eabc9bbc87b6ad248e81a772cd8,catalog/models.json: models[id=C8xC2_orbit_000]
C8xC2_orbit_001,C8xC2_orbit_001,,"internal; F central, F^2=1; s=1 antiunitary",C8xC2,16,F^2=1; F central; R1^8=1; R2^2=F; R1R2=R2R1,s(R1)=0; s(R2)=0,True,cb5cb852cd7c63d3bc2ad5d4191f346a898eff202e6164e715bacfcced27920a,computed,Z2^2 x Z4,Z2^2,Z2^2,Z2 x Z4,Z4^2 x Z8 x Z16,,no independent full-group target,,2026-09-30-publication-current-native,d4_C8xC2_orbit_001,results/complete_formulas/raw/d4_C8xC2_orbit_001.json,bd3a57dffe71dd88c9b492cdc1b8f5bd5c3aa10a598f740d4254560559e1ca3d,catalog/models.json: models[id=C8xC2_orbit_001]
C8xC2_orbit_002,C8xC2_orbit_002,,"internal; F central, F^2=1; s=1 antiunitary",C8xC2,16,F^2=1; F central; R1^8=1; R2^2=F; R1R2=F R2R1,s(R1)=0; s(R2)=0,True,f6e7658c4da5841cde0477ed6a5b046af809268b48b603e182cce05cc7fdfcd4,computed,Z2^2 x Z4,0,Z2,Z2,Z2^2 x Z4^2,,no independent full-group target,,2026-09-30-publication-current-native,d4_C8xC2_orbit_002,results/complete_formulas/raw/d4_C8xC2_orbit_002.json,b26d95a8ea348005e19c8acd69632c57428afee82ae8ba0ca2b5786868dd7cf3,catalog/models.json: models[id=C8xC2_orbit_002]
C8xC2_orbit_003,C8xC2_orbit_003,,"internal; F central, F^2=1; s=1 antiunitary",C8xC2,16,F^2=1; F central; R1^8=1; R2^2=1; R1R2=F R2R1,s(R1)=0; s(R2)=0,True,6e8ea17fa2d1d00c56a393134fc296f581cd19e8546f60339153f3e7ed0cfff1,computed,Z2 x Z4,0,0,Z2,Z2^2 x Z4,,no independent full-group target,,2026-09-30-publication-current-native,d4_C8xC2_orbit_003,results/complete_formulas/raw/d4_C8xC2_orbit_003.json,f11a9f8104a067f9a81b8675f3d010e3ff25c685b5594a602459728c98924e95,catalog/models.json: models[id=C8xC2_orbit_003]
C8xC2_orbit_004,C8xC2_orbit_004,,"internal; F central, F^2=1; s=1 antiunitary",C8xC2,16,F^2=1; F central; R1^8=F; R2^2=1; R1R2=R2R1,s(R1)=0; s(R2)=0,True,6b7ec75eefbfba5f5d564f0d8c50658d2f0f5473d95994ec61734d25b0d42c5a,computed,Z2^2 x Z8,Z2^2,Z2^2,Z8,Z2 x Z4 x Z8 x Z64,,no independent full-group target,,publication,d4_C8xC2_orbit_004,results/complete_formulas/raw/d4_C8xC2_orbit_004.json,189b6a802bb40dc3eadb6c50dbe97aa72e2e98962c2a01b6372e44c6d4b0e034,catalog/models.json: models[id=C8xC2_orbit_004]
C8xC2_orbit_005,C8xC2_orbit_005,,"internal; F central, F^2=1; s=1 antiunitary",C8xC2,16,F^2=1; F central; R1^8=F; R2^2=F; R1R2=F R2R1,s(R1)=0; s(R2)=0,True,577a134e721a95d21caca77ef6814957683853e1349e10196105ee7dc3007f76,computed,Z2^2 x Z8,0,Z2,Z4,Z2^3 x Z32,,no independent full-group target,,publication,d4_C8xC2_orbit_005,results/complete_formulas/raw/d4_C8xC2_orbit_005.json,6b35146a9394c4b26d86fb46b93ebf667f2e53478b34001002eb555bc203a77e,catalog/models.json: models[id=C8xC2_orbit_005]
C8xC2_orbit_006,C8xC2_orbit_006,,"internal; F central, F^2=1; s=1 antiunitary",C8xC2,16,F^2=1; F central; R1^8=1; R2^2=1; R1R2=R2R1,s(R1)=1; s(R2)=1,True,7cc502cc26a97ce86e1d05cf571126498776adc32818e5a64b15084dc28149bc,computed,Z2,Z2,0,0,Z4,,no independent full-group target,,publication,d4_C8xC2_orbit_006,results/complete_formulas/raw/d4_C8xC2_orbit_006.json,a1fc00761627238e3850662b05835d7dc97216ba081dcd3891824daebe18d9f5,catalog/models.json: models[id=C8xC2_orbit_006]
C8xC2_orbit_007,C8xC2_orbit_007,,"internal; F central, F^2=1; s=1 antiunitary",C8xC2,16,F^2=1; F central; R1^8=1; R2^2=F; R1R2=R2R1,s(R1)=1; s(R2)=1,True,cb5cb852cd7c63d3bc2ad5d4191f346a898eff202e6164e715bacfcced27920a,computed,Z2^2,Z2^2,Z2,0,Z4 x Z8,Z4 x Z8,MATCH independent full-group target derived from primary theorem,https://arxiv.org/abs/1812.11967,publication,d4_C8xC2_orbit_007,results/complete_formulas/raw/d4_C8xC2_orbit_007.json,688782f5604c05b487b7eca274a6f58c9713d13fadb2310c69eb23949b5609ae,catalog/models.json: models[id=C8xC2_orbit_007]
C8xC2_orbit_008,C8xC2_orbit_008,,"internal; F central, F^2=1; s=1 antiunitary",C8xC2,16,F^2=1; F central; R1^8=1; R2^2=F; R1R2=F R2R1,s(R1)=1; s(R2)=1,True,f6e7658c4da5841cde0477ed6a5b046af809268b48b603e182cce05cc7fdfcd4,computed,0,Z2,0,Z2,Z2^2,,no independent full-group target,,publication,d4_C8xC2_orbit_008,results/complete_formulas/raw/d4_C8xC2_orbit_008.json,d715fc87a7105007497a7ebe898bee68989b2df3189294047a289f319dee62a5,catalog/models.json: models[id=C8xC2_orbit_008]
C8xC2_orbit_009,C8xC2_orbit_009,,"internal; F central, F^2=1; s=1 antiunitary",C8xC2,16,F^2=1; F central; R1^8=1; R2^2=1; R1R2=F R2R1,s(R1)=1; s(R2)=1,True,6e8ea17fa2d1d00c56a393134fc296f581cd19e8546f60339153f3e7ed0cfff1,computed,0,Z2,0,0,Z2,,no independent full-group target,,publication,d4_C8xC2_orbit_009,results/complete_formulas/raw/d4_C8xC2_orbit_009.json,84978470e37ff1e99e286324bfb22626f6b31879e90ebeb4a24e26f10227e512,catalog/models.json: models[id=C8xC2_orbit_009]
C8xC2_orbit_010,C8xC2_orbit_010,,"internal; F central, F^2=1; s=1 antiunitary",C8xC2,16,F^2=1; F central; R1^8=F; R2^2=1; R1R2=R2R1,s(R1)=1; s(R2)=1,True,6b7ec75eefbfba5f5d564f0d8c50658d2f0f5473d95994ec61734d25b0d42c5a,computed,Z2^2,Z2,Z2,0,Z2 x Z8,,no independent full-group target,,publication,d4_C8xC2_orbit_010,results/complete_formulas/raw/d4_C8xC2_orbit_010.json,7bed6188db4be15e24a8a59c0e71aa52a36adb5b09a81506e54d7ee4265f48f3,catalog/models.json: models[id=C8xC2_orbit_010]
C8xC2_orbit_011,C8xC2_orbit_011,,"internal; F central, F^2=1; s=1 antiunitary",C8xC2,16,F^2=1; F central; R1^8=F; R2^2=F; R1R2=F R2R1,s(R1)=1; s(R2)=1,True,577a134e721a95d21caca77ef6814957683853e1349e10196105ee7dc3007f76,computed,Z2,0,Z2,0,Z2^2,,no independent full-group target,,publication,d4_C8xC2_orbit_011,results/complete_formulas/raw/d4_C8xC2_orbit_011.json,986be77d89816ece5258e78d28220c090c9472a0b3ad2812d33ebbb948d86273,catalog/models.json: models[id=C8xC2_orbit_011]
C8xC2_orbit_012,C8xC2_orbit_012,,"internal; F central, F^2=1; s=1 antiunitary",C8xC2,16,F^2=1; F central; R1^8=1; R2^2=1; R1R2=R2R1,s(R1)=1; s(R2)=0,True,7cc502cc26a97ce86e1d05cf571126498776adc32818e5a64b15084dc28149bc,computed,Z2,0,0,0,Z2,,no independent full-group target,,publication,d4_C8xC2_orbit_012,results/complete_formulas/raw/d4_C8xC2_orbit_012.json,2499d12413a20e95a86c37901079fadf16b93d68a4bdbf66de767a81eb32a2d0,catalog/models.json: models[id=C8xC2_orbit_012]
C8xC2_orbit_013,C8xC2_orbit_013,,"internal; F central, F^2=1; s=1 antiunitary",C8xC2,16,F^2=1; F central; R1^8=1; R2^2=F; R1R2=R2R1,s(R1)=1; s(R2)=0,True,cb5cb852cd7c63d3bc2ad5d4191f346a898eff202e6164e715bacfcced27920a,computed,Z2^2,0,0,0,Z2^2,,no independent full-group target,,publication,d4_C8xC2_orbit_013,results/complete_formulas/raw/d4_C8xC2_orbit_013.json,7e8e0f404249ecf05061e468da53d8d7c45aae1f9a1497cf76db6bc0d9b028ce,catalog/models.json: models[id=C8xC2_orbit_013]
C8xC2_orbit_014,C8xC2_orbit_014,,"internal; F central, F^2=1; s=1 antiunitary",C8xC2,16,F^2=1; F central; R1^8=1; R2^2=F; R1R2=F R2R1,s(R1)=1; s(R2)=0,True,f6e7658c4da5841cde0477ed6a5b046af809268b48b603e182cce05cc7fdfcd4,computed,Z2^2,Z2^2,Z2,Z2,Z4 x Z16,,no independent full-group target,,publication,d4_C8xC2_orbit_014,results/complete_formulas/raw/d4_C8xC2_orbit_014.json,e7299b81ba7124b8669d8e65f4f5989c1c9ed920abb55d450e6c1e89527dce27,catalog/models.json: models[id=C8xC2_orbit_014]
C8xC2_orbit_015,C8xC2_orbit_015,,"internal; F central, F^2=1; s=1 antiunitary",C8xC2,16,F^2=1; F central; R1^8=1; R2^2=1; R1R2=F R2R1,s(R1)=1; s(R2)=0,True,6e8ea17fa2d1d00c56a393134fc296f581cd19e8546f60339153f3e7ed0cfff1,computed,0,Z2,0,0,Z2,,no independent full-group target,,publication,d4_C8xC2_orbit_015,results/complete_formulas/raw/d4_C8xC2_orbit_015.json,9750acf5773d79c06688ec23f6533ea3fb9768bb1a58494ab389d313ebddc502,catalog/models.json: models[id=C8xC2_orbit_015]
C8xC2_orbit_016,C8xC2_orbit_016,,"internal; F central, F^2=1; s=1 antiunitary",C8xC2,16,F^2=1; F central; R1^8=F; R2^2=1; R1R2=R2R1,s(R1)=1; s(R2)=0,True,6b7ec75eefbfba5f5d564f0d8c50658d2f0f5473d95994ec61734d25b0d42c5a,computed,Z2^2,0,0,0,Z2^2,,no independent full-group target,,publication,d4_C8xC2_orbit_016,results/complete_formulas/raw/d4_C8xC2_orbit_016.json,d9cac32800f5a67edda093959eef7553ec72b67d1e0e5cc19d870df1e3f3b530,catalog/models.json: models[id=C8xC2_orbit_016]
C8xC2_orbit_017,C8xC2_orbit_017,,"internal; F central, F^2=1; s=1 antiunitary",C8xC2,16,F^2=1; F central; R1^8=F; R2^2=F; R1R2=F R2R1,s(R1)=1; s(R2)=0,True,577a134e721a95d21caca77ef6814957683853e1349e10196105ee7dc3007f76,computed,Z2^2,Z2,Z2,0,Z2 x Z8,,no independent full-group target,,publication,d4_C8xC2_orbit_017,results/complete_formulas/raw/d4_C8xC2_orbit_017.json,e5908345a64c084cabb73da47173adb90186635af5a16da74abca515cc6c1131,catalog/models.json: models[id=C8xC2_orbit_017]
C3xC3_orbit_000,C3xC3_orbit_000,,"internal; F central, F^2=1; s=1 antiunitary",C3xC3,9,F^2=1; F central; R1^3=1; R2^3=1; R1R2=R2R1,s(R1)=0; s(R2)=0,True,0daafb2d95d85fb2106e4000310290924a0fac488185dc7ffc99f4d36ffcde98,computed,Z3^4,0,0,Z3^2,Z3^2 x Z9^2,,no independent full-group target,,2026-09-30-publication-current-native,d4_C3xC3_orbit_000,results/complete_formulas/raw/d4_C3xC3_orbit_000.json,c65efcb8bca81745695233c1760b48a987ffb5e82348d9279665ab6bb02bfe45,catalog/models.json: models[id=C3xC3_orbit_000]
C3xC2xC2_orbit_000,C3xC2xC2_orbit_000,,"internal; F central, F^2=1; s=1 antiunitary",C3xC2xC2,12,F^2=1; F central; R1^3=1; R2^2=1; R3^2=1; R1R2=R2R1; R1R3=R3R1; R2R3=R3R2,s(R1)=0; s(R2)=0; s(R3)=0,True,d4072ca530fa148bff4ad6738822b9e86086d868770043833b3e5e0a707ad747,computed,Z3,0,0,Z3,Z9,,no independent full-group target,,2026-09-30-publication-current-native,d4_C3xC2xC2_orbit_000,results/complete_formulas/raw/d4_C3xC2xC2_orbit_000.json,de1ee159a9709527035df0f8fe2a4da07f555fbf6563cb86714c9f6121b6ead0,catalog/models.json: models[id=C3xC2xC2_orbit_000]
C3xC2xC2_orbit_001,C3xC2xC2_orbit_001,,"internal; F central, F^2=1; s=1 antiunitary",C3xC2xC2,12,F^2=1; F central; R1^3=1; R2^2=F; R3^2=F; R1R2=R2R1; R1R3=R3R1; R2R3=R3R2,s(R1)=0; s(R2)=0; s(R3)=0,True,529182e4fdc818c1a3e0c32ed51eb58d7ae60614b3f8b68477d76688530477da,computed,Z2 x Z6,Z2^2,Z2^2,Z6,Z8 x Z144,,no independent full-group target,,2026-09-30-publication-current-native,d4_C3xC2xC2_orbit_001,results/complete_formulas/raw/d4_C3xC2xC2_orbit_001.json,df5e62f8794a7153ad8c438e79f01f03c8276d29343c2679cd7f92604b47ebbe,catalog/models.json: models[id=C3xC2xC2_orbit_001]
C3xC2xC2_orbit_002,C3xC2xC2_orbit_002,,"internal; F central, F^2=1; s=1 antiunitary",C3xC2xC2,12,F^2=1; F central; R1^3=1; R2^2=1; R3^2=F; R1R2=R2R1; R1R3=R3R1; R2R3=F R3R2,s(R1)=0; s(R2)=0; s(R3)=0,True,f101b9e143809ff5e251240f5ff8ba8d048ad2fc02a07620903b871e7503d40b,computed,Z2 x Z6,0,0,Z3,Z2 x Z18,,no independent full-group target,,2026-09-30-publication-current-native,d4_C3xC2xC2_orbit_002,results/complete_formulas/raw/d4_C3xC2xC2_orbit_002.json,b90886d138f1392ef886968a1f1716fe60dd542c0c6db37812598be64a6bc24e,catalog/models.json: models[id=C3xC2xC2_orbit_002]
C3xC2xC2_orbit_003,C3xC2xC2_orbit_003,,"internal; F central, F^2=1; s=1 antiunitary",C3xC2xC2,12,F^2=1; F central; R1^3=F; R2^2=F; R3^2=F; R1R2=R2R1; R1R3=R3R1; R2R3=F R3R2,s(R1)=0; s(R2)=0; s(R3)=0,True,51132cf5c1ef4c9a97d40888be6fb629840d90155fb79dfc79357bb2c9759301,computed,Z2^2 x Z6,0,Z2,Z3,Z2^3 x Z18,,no independent full-group target,,2026-09-30-publication-current-native,d4_C3xC2xC2_orbit_003,results/complete_formulas/raw/d4_C3xC2xC2_orbit_003.json,940ea82a5966f589821c646196163394e669322ec741ba655101b24aa8ede183,catalog/models.json: models[id=C3xC2xC2_orbit_003]
C3xC2xC2_orbit_004,C3xC2xC2_orbit_004,,"internal; F central, F^2=1; s=1 antiunitary",C3xC2xC2,12,F^2=1; F central; R1^3=1; R2^2=1; R3^2=1; R1R2=R2R1; R1R3=R3R1; R2R3=R3R2,s(R1)=0; s(R2)=1; s(R3)=1,True,d4072ca530fa148bff4ad6738822b9e86086d868770043833b3e5e0a707ad747,computed,Z2,0,0,0,Z2,,no independent full-group target,,2026-09-30-publication-current-native,d4_C3xC2xC2_orbit_004,results/complete_formulas/raw/d4_C3xC2xC2_orbit_004.json,fe912e1102ef124a3d943e3c3e9b18f1e1cb3cea66d6edb33e2b9b6efc8c8d83,catalog/models.json: models[id=C3xC2xC2_orbit_004]
C3xC2xC2_orbit_005,C3xC2xC2_orbit_005,,"internal; F central, F^2=1; s=1 antiunitary",C3xC2xC2,12,F^2=1; F central; R1^3=1; R2^2=F; R3^2=F; R1R2=R2R1; R1R3=R3R1; R2R3=R3R2,s(R1)=0; s(R2)=1; s(R3)=1,True,529182e4fdc818c1a3e0c32ed51eb58d7ae60614b3f8b68477d76688530477da,computed,Z2^2,0,0,0,Z2^2,,no independent full-group target,,2026-09-30-publication-current-native,d4_C3xC2xC2_orbit_005,results/complete_formulas/raw/d4_C3xC2xC2_orbit_005.json,6b9f6e534b7c8d29e923cec680c7e16a6cb3578c8db704e190e8550b258f7f43,catalog/models.json: models[id=C3xC2xC2_orbit_005]
C3xC2xC2_orbit_006,C3xC2xC2_orbit_006,,"internal; F central, F^2=1; s=1 antiunitary",C3xC2xC2,12,F^2=1; F central; R1^3=1; R2^2=1; R3^2=F; R1R2=R2R1; R1R3=R3R1; R2R3=F R3R2,s(R1)=0; s(R2)=1; s(R3)=1,True,f101b9e143809ff5e251240f5ff8ba8d048ad2fc02a07620903b871e7503d40b,computed,0,0,0,0,0,,no independent full-group target,,2026-09-30-publication-current-native,d4_C3xC2xC2_orbit_006,results/complete_formulas/raw/d4_C3xC2xC2_orbit_006.json,5a8f3a452eab6ada6c60b735096cd69ffe13af58dca2e3855cc0500cb0342ea7,catalog/models.json: models[id=C3xC2xC2_orbit_006]
C3xC2xC2_orbit_007,C3xC2xC2_orbit_007,,"internal; F central, F^2=1; s=1 antiunitary",C3xC2xC2,12,F^2=1; F central; R1^3=F; R2^2=F; R3^2=1; R1R2=R2R1; R1R3=R3R1; R2R3=R3R2,s(R1)=0; s(R2)=1; s(R3)=1,True,7edf2c5d4db9bf7b7795617d885a187ae9b495f636e1c420d570d8542795fde1,computed,Z2^2,0,0,0,Z2^2,,no independent full-group target,,2026-09-30-publication-current-native,d4_C3xC2xC2_orbit_007,results/complete_formulas/raw/d4_C3xC2xC2_orbit_007.json,3db285704fc48665db702f6267f7defe22cd37cb74b315a9621c0c077dd3781e,catalog/models.json: models[id=C3xC2xC2_orbit_007]
C3xC2xC2_orbit_008,C3xC2xC2_orbit_008,,"internal; F central, F^2=1; s=1 antiunitary",C3xC2xC2,12,F^2=1; F central; R1^3=F; R2^2=F; R3^2=F; R1R2=R2R1; R1R3=R3R1; R2R3=F R3R2,s(R1)=0; s(R2)=1; s(R3)=1,True,51132cf5c1ef4c9a97d40888be6fb629840d90155fb79dfc79357bb2c9759301,computed,Z2,Z2,Z2,Z2,Z16,,no independent full-group target,,2026-09-30-publication-current-native,d4_C3xC2xC2_orbit_008,results/complete_formulas/raw/d4_C3xC2xC2_orbit_008.json,365ae34e6566d590ed5c894bc7550318e054fc8d14dc43b1491acc647edf64bb,catalog/models.json: models[id=C3xC2xC2_orbit_008]
C3xC2xC2_orbit_009,C3xC2xC2_orbit_009,,"internal; F central, F^2=1; s=1 antiunitary",C3xC2xC2,12,F^2=1; F central; R1^3=F; R2^2=1; R3^2=1; R1R2=R2R1; R1R3=R3R1; R2R3=F R3R2,s(R1)=0; s(R2)=1; s(R3)=1,True,46be1768f7d01207c8a4e6590adde6c0371c32c8c7f3eeb35cdcba8593fa0f1c,computed,Z2,Z2,Z2,0,Z8,,no independent full-group target,,2026-09-30-publication-current-native,d4_C3xC2xC2_orbit_009,results/complete_formulas/raw/d4_C3xC2xC2_orbit_009.json,2cf49c57f8efe4897b0daec7228cdc3ccd48be3c196ae1a3983db4965ce54caf,catalog/models.json: models[id=C3xC2xC2_orbit_009]
D6_orbit_000,D6_orbit_000,S3_w0_s0,"internal; F central, F^2=1; s=1 antiunitary",D6,6,F^2=1; F central; R^3=1; T^2=1; TRT^-1=R^-1,s(R)=0; s(T)=0,True,90c1b0599ff69da760ec4b9a0eb9f374665129b61cf90c9e3b5b0b48d3d0bd75,computed,0,0,0,0,0,0,MATCH published full-group target,https://arxiv.org/abs/2207.10700,2026-09-30-publication-current-native,d4_S3_w0_s0,results/complete_formulas/raw/d4_S3_w0_s0.json,321f2d8d2221fb42824d0f7ce79bdef37fdec015e2d760eedc0441ba4e108e2f,catalog/models.json: models[id=D6_orbit_000]
D6_orbit_001,D6_orbit_001,S3_wb2_s0,"internal; F central, F^2=1; s=1 antiunitary",D6,6,F^2=1; F central; R^3=F; T^2=F 1; TRT^-1=R^-1,s(R)=0; s(T)=0,True,c324ed5c4f1b66ef1b6475792145a2008489526e09b574ae174b505cc82496bf,computed,Z2,Z2,Z2,Z2,Z16,,no independent full-group target,,publication,d4_D6_orbit_001,results/complete_formulas/raw/d4_D6_orbit_001.json,507bcc3cfe5a843ea0d5d5eb39de003693a2afac611a56407abef629dfbe1145,catalog/models.json: models[id=D6_orbit_001]
D6_orbit_002,D6_orbit_002,S3_w0_sb,"internal; F central, F^2=1; s=1 antiunitary",D6,6,F^2=1; F central; R^3=1; T^2=1; TRT^-1=R^-1,s(R)=0; s(T)=1,True,90c1b0599ff69da760ec4b9a0eb9f374665129b61cf90c9e3b5b0b48d3d0bd75,computed,Z3,0,0,Z3,Z9,,no independent full-group target,,2026-09-30-publication-current-native,d4_S3_w0_sb,results/complete_formulas/raw/d4_S3_w0_sb.json,53940facb2d3768ee34130bdc81a62d59cf1d2fa39fd68ab5ce49f91036cbcd7,catalog/models.json: models[id=D6_orbit_002]
D6_orbit_003,D6_orbit_003,S3_wb2_sb,"internal; F central, F^2=1; s=1 antiunitary",D6,6,F^2=1; F central; R^3=F; T^2=F 1; TRT^-1=R^-1,s(R)=0; s(T)=1,True,c324ed5c4f1b66ef1b6475792145a2008489526e09b574ae174b505cc82496bf,computed,Z3,0,0,Z3,Z9,,no independent full-group target,,publication,d4_D6_orbit_003,results/complete_formulas/raw/d4_D6_orbit_003.json,d150267ed6a4e65a81935372f5f9661b25d9d8dbffb8f0e609db59b6778f262c,catalog/models.json: models[id=D6_orbit_003]
D8_orbit_000,D8_orbit_000,D4_w0_s0,"internal; F central, F^2=1; s=1 antiunitary",D8,8,F^2=1; F central; R^4=1; T^2=1; TRT^-1=R^-1,s(R)=0; s(T)=0,True,15afd77dd0203111efefda996af23517eeec730a2ccea6f3517f344a0a1b3cfa,computed,0,0,0,0,0,0,MATCH published full-group target,https://arxiv.org/abs/2207.10700,2026-09-30-publication-current-native,d4_D4_w0_s0,results/complete_formulas/raw/d4_D4_w0_s0.json,c176d11838c2ec08c956326bf75e47319c2d2f405f1e14dc27c93556b5bb345c,catalog/models.json: models[id=D8_orbit_000]
D8_orbit_001,D8_orbit_001,D4_wdic+b2_s0,"internal; F central, F^2=1; s=1 antiunitary",D8,8,F^2=1; F central; R^4=F; T^2=1; TRT^-1=R^-1,s(R)=0; s(T)=0,True,7a16fc30a9ff6534e76f4b271cf7f0894216407bea6c83f639ed2c5fd83f55f8,computed,Z2^2,0,0,0,Z2^2,,no independent full-group target,,publication,d4_D8_orbit_001,results/complete_formulas/raw/d4_D8_orbit_001.json,d4a48d9e7b6198c7cafc15a83cad571d750fe8d79e6a34bf3465facf7b259a86,catalog/models.json: models[id=D8_orbit_001]
D8_orbit_002,D8_orbit_002,D4_wdic+a2_s0,"internal; F central, F^2=1; s=1 antiunitary",D8,8,F^2=1; F central; R^4=F; T^2=F 1; TRT^-1=F R^-1,s(R)=0; s(T)=0,True,8fa73fcda22301f9e397e1e97d1c474cadb9d153b0e0d444dcd1b486df4abf8f,computed,Z2^3,0,Z2,0,Z2^2 x Z4,,PASS eta exponent lower bound 4; not a full-group theorem,https://arxiv.org/abs/1808.02881,publication,d4_D8_orbit_002,results/complete_formulas/raw/d4_D8_orbit_002.json,bad1055bcfe90801c6a1d2c0c22d358247cfbcddf128cce2b3456699ec4fb1da,catalog/models.json: models[id=D8_orbit_002]
D8_orbit_003,D8_orbit_003,D8_wrot2_s0,"internal; F central, F^2=1; s=1 antiunitary",D8,8,F^2=1; F central; R^4=1; T^2=F 1; TRT^-1=F R^-1,s(R)=0; s(T)=0,True,5ba96d996841f572c68a6c83ebda1567b99b0d9fab41b34904f85bb4bb9af3c3,computed,Z2,Z2^2,Z2,Z2,Z2 x Z16,,no independent full-group target,,publication,d4_D8_orbit_003,results/complete_formulas/raw/d4_D8_orbit_003.json,672ba6fe0763fdc88f1e9b0a1905bbc3bb2abb67b724ed5edd041e9a7dda7023,catalog/models.json: models[id=D8_orbit_003]
D8_orbit_004,D8_orbit_004,D8_wref2_s0,"internal; F central, F^2=1; s=1 antiunitary",D8,8,F^2=1; F central; R^4=1; T^2=F 1; TRT^-1=R^-1,s(R)=0; s(T)=0,True,33eab46ce5fb277be9611578031a5ed50792680b702084c577bc01e0af3194b1,computed,Z2^2,Z2^4,Z2^2,Z2,Z2^2 x Z8 x Z16,Z2^2 x Z8 x Z16,MATCH independent full-group target derived from primary theorem,https://arxiv.org/abs/1604.06527,publication,d4_D8_orbit_004,results/complete_formulas/raw/d4_D8_orbit_004.json,7904c9200e7cd960b5133d9cf74a4ed4a838f8a8b17e493988bb3e79607697b3,catalog/models.json: models[id=D8_orbit_004]
D8_orbit_005,D8_orbit_005,D4_wdic_s0,"internal; F central, F^2=1; s=1 antiunitary",D8,8,F^2=1; F central; R^4=F; T^2=F 1; TRT^-1=R^-1,s(R)=0; s(T)=0,True,9037d920e1ae977d69c4829d0a45da37948e6f25939f5c141a64fac5b60e6391,computed,Z2^4,0,Z2^2,0,Z2^4 x Z4,Z2^4 x Z4,MATCH independent full-group target derived from primary theorem,https://arxiv.org/abs/1604.06527,publication,d4_D8_orbit_005,results/complete_formulas/raw/d4_D8_orbit_005.json,01cdcc831f8b6f6d7cebc1132c40f549719cf39a2c7d634b48cdd1b569dd906f,catalog/models.json: models[id=D8_orbit_005]
D8_orbit_006,D8_orbit_006,,"internal; F central, F^2=1; s=1 antiunitary",D8,8,F^2=1; F central; R^4=1; T^2=1; TRT^-1=R^-1,s(R)=1; s(T)=1,True,15afd77dd0203111efefda996af23517eeec730a2ccea6f3517f344a0a1b3cfa,computed,0,0,0,0,0,,no independent full-group target,,publication,d4_D8_orbit_006,results/complete_formulas/raw/d4_D8_orbit_006.json,772f7a69a372f7b3ea4d14c9a366e9f36f1b278934200aa71ae3d03ff2d7ba8b,catalog/models.json: models[id=D8_orbit_006]
D8_orbit_007,D8_orbit_007,,"internal; F central, F^2=1; s=1 antiunitary",D8,8,F^2=1; F central; R^4=F; T^2=1; TRT^-1=R^-1,s(R)=1; s(T)=1,True,7a16fc30a9ff6534e76f4b271cf7f0894216407bea6c83f639ed2c5fd83f55f8,computed,Z2,0,0,0,Z2,,no independent full-group target,,publication,d4_D8_orbit_007,results/complete_formulas/raw/d4_D8_orbit_007.json,389042b006b25e30e1264b550d600436325915be91f58d6de1a7f16b8cf1ef73,catalog/models.json: models[id=D8_orbit_007]
D8_orbit_008,D8_orbit_008,,"internal; F central, F^2=1; s=1 antiunitary",D8,8,F^2=1; F central; R^4=F; T^2=F 1; TRT^-1=F R^-1,s(R)=1; s(T)=1,True,8fa73fcda22301f9e397e1e97d1c474cadb9d153b0e0d444dcd1b486df4abf8f,computed,Z2,0,0,0,Z2,,no independent full-group target,,publication,d4_D8_orbit_008,results/complete_formulas/raw/d4_D8_orbit_008.json,d779f458a41882a4064fe7947c668ef8236b22420b9c5f75a7f5b02e2605f766,catalog/models.json: models[id=D8_orbit_008]
D8_orbit_009,D8_orbit_009,,"internal; F central, F^2=1; s=1 antiunitary",D8,8,F^2=1; F central; R^4=1; T^2=F 1; TRT^-1=F R^-1,s(R)=1; s(T)=1,True,5ba96d996841f572c68a6c83ebda1567b99b0d9fab41b34904f85bb4bb9af3c3,computed,Z2,0,0,0,Z2,,no independent full-group target,,publication,d4_D8_orbit_009,results/complete_formulas/raw/d4_D8_orbit_009.json,a68713c58fc0397398840f84d6cf49d35d3d13e10368eff6b0ec2b88f135c685,catalog/models.json: models[id=D8_orbit_009]
D8_orbit_010,D8_orbit_010,,"internal; F central, F^2=1; s=1 antiunitary",D8,8,F^2=1; F central; R^4=F; T^2=1; TRT^-1=F R^-1,s(R)=1; s(T)=1,True,74824b8fac5d0103d22d339e1eee5e66fcbe5b58fa5593af33c8fd8d72a72419,computed,Z2^2,0,0,0,Z2^2,,no independent full-group target,,publication,d4_D8_orbit_010,results/complete_formulas/raw/d4_D8_orbit_010.json,9ddc754ca8f382ab3deb9e36aa5f6ad667da2fbf5a69416322d2e733284394f8,catalog/models.json: models[id=D8_orbit_010]
D8_orbit_011,D8_orbit_011,,"internal; F central, F^2=1; s=1 antiunitary",D8,8,F^2=1; F central; R^4=1; T^2=1; TRT^-1=F R^-1,s(R)=1; s(T)=1,True,5a64cfd2f446bfa521b94501e1de887b1485e1dd640fb68a7f4abf17a7842465,computed,Z2,Z2^2,Z2,0,Z2 x Z8,,no independent full-group target,,publication,d4_D8_orbit_011,results/complete_formulas/raw/d4_D8_orbit_011.json,fe64053a53145c6e70d73ef9912a5edf6c97619c193c527ea9c18069123bf755,catalog/models.json: models[id=D8_orbit_011]
D8_orbit_012,D8_orbit_012,,"internal; F central, F^2=1; s=1 antiunitary",D8,8,F^2=1; F central; R^4=1; T^2=F 1; TRT^-1=R^-1,s(R)=1; s(T)=1,True,33eab46ce5fb277be9611578031a5ed50792680b702084c577bc01e0af3194b1,computed,Z2^2,Z2,Z2,Z2,Z2 x Z16,,no independent full-group target,,publication,d4_D8_orbit_012,results/complete_formulas/raw/d4_D8_orbit_012.json,4ac45ac3b73c5e561e309a7e8e4689a80419021509fd155ad9fcef71472d5978,catalog/models.json: models[id=D8_orbit_012]
D8_orbit_013,D8_orbit_013,,"internal; F central, F^2=1; s=1 antiunitary",D8,8,F^2=1; F central; R^4=F; T^2=F 1; TRT^-1=R^-1,s(R)=1; s(T)=1,True,9037d920e1ae977d69c4829d0a45da37948e6f25939f5c141a64fac5b60e6391,computed,Z2,0,Z2,0,Z2^2,,no independent full-group target,,publication,d4_D8_orbit_013,results/complete_formulas/raw/d4_D8_orbit_013.json,8058aaf4187040c04670b89919de2c656146149d6426980a6cada3ef3e2fc8f1,catalog/models.json: models[id=D8_orbit_013]
D8_orbit_014,D8_orbit_014,,"internal; F central, F^2=1; s=1 antiunitary",D8,8,F^2=1; F central; R^4=1; T^2=1; TRT^-1=R^-1,s(R)=0; s(T)=1,True,15afd77dd0203111efefda996af23517eeec730a2ccea6f3517f344a0a1b3cfa,computed,Z4,0,Z2,0,Z2 x Z4,,no independent full-group target,,publication,d4_D8_orbit_014,results/complete_formulas/raw/d4_D8_orbit_014.json,c5af305abf2d909d42890bc840a9d35dc9fb8a97a8af88a22476a36c35db2b9e,catalog/models.json: models[id=D8_orbit_014]
D8_orbit_015,D8_orbit_015,,"internal; F central, F^2=1; s=1 antiunitary",D8,8,F^2=1; F central; R^4=F; T^2=1; TRT^-1=R^-1,s(R)=0; s(T)=1,True,7a16fc30a9ff6534e76f4b271cf7f0894216407bea6c83f639ed2c5fd83f55f8,computed,Z4,Z2,Z2,Z2,Z2 x Z16,,no independent full-group target,,publication,d4_D8_orbit_015,results/complete_formulas/raw/d4_D8_orbit_015.json,012de875bcc2a2e3d0aae2a91830ece00a0e4773d432db40b2a33e669b426e14,catalog/models.json: models[id=D8_orbit_015]
D8_orbit_016,D8_orbit_016,,"internal; F central, F^2=1; s=1 antiunitary",D8,8,F^2=1; F central; R^4=F; T^2=F 1; TRT^-1=F R^-1,s(R)=0; s(T)=1,True,8fa73fcda22301f9e397e1e97d1c474cadb9d153b0e0d444dcd1b486df4abf8f,computed,Z4,0,Z2,Z2,Z16,,no independent full-group target,,publication,d4_D8_orbit_016,results/complete_formulas/raw/d4_D8_orbit_016.json,7a94faac95dee85300fe9ec02011c5ee3855d376e433fefa40cc38d523668a1d,catalog/models.json: models[id=D8_orbit_016]
D8_orbit_017,D8_orbit_017,,"internal; F central, F^2=1; s=1 antiunitary",D8,8,F^2=1; F central; R^4=1; T^2=F 1; TRT^-1=F R^-1,s(R)=0; s(T)=1,True,5ba96d996841f572c68a6c83ebda1567b99b0d9fab41b34904f85bb4bb9af3c3,computed,Z2^2,0,0,0,Z2^2,,no independent full-group target,,publication,d4_D8_orbit_017,results/complete_formulas/raw/d4_D8_orbit_017.json,ce8478139e4a0ddf1bf3490b1b338b0f8101f24ccb3a8c3f11e2572b11d6872a,catalog/models.json: models[id=D8_orbit_017]
D8_orbit_018,D8_orbit_018,,"internal; F central, F^2=1; s=1 antiunitary",D8,8,F^2=1; F central; R^4=1; T^2=F 1; TRT^-1=R^-1,s(R)=0; s(T)=1,True,33eab46ce5fb277be9611578031a5ed50792680b702084c577bc01e0af3194b1,computed,Z2^3,0,0,Z2,Z2^2 x Z4,Z2^2 x Z4,MATCH independent full-group target derived from primary theorem,https://arxiv.org/abs/1812.11967,publication,d4_D8_orbit_018,results/complete_formulas/raw/d4_D8_orbit_018.json,a6de3622795839a40e833cb125d44de494ca4ef6f75e3916ab3f9c12f5706f5b,catalog/models.json: models[id=D8_orbit_018]
D8_orbit_019,D8_orbit_019,,"internal; F central, F^2=1; s=1 antiunitary",D8,8,F^2=1; F central; R^4=F; T^2=F 1; TRT^-1=R^-1,s(R)=0; s(T)=1,True,9037d920e1ae977d69c4829d0a45da37948e6f25939f5c141a64fac5b60e6391,computed,Z4,Z2,Z2,Z4,Z2 x Z32,,no independent full-group target,,publication,d4_D8_orbit_019,results/complete_formulas/raw/d4_D8_orbit_019.json,f23ff9aa50f919eb9068c10cd32156cc0a4aee9ffd9fc774f0c173e26e319321,catalog/models.json: models[id=D8_orbit_019]
D12_orbit_000,D12_orbit_000,,"internal; F central, F^2=1; s=1 antiunitary",D12,12,F^2=1; F central; R^6=1; T^2=1; TRT^-1=R^-1,s(R)=0; s(T)=0,True,d4072ca530fa148bff4ad6738822b9e86086d868770043833b3e5e0a707ad747,computed,0,0,0,0,0,,no independent full-group target,,publication,d4_D12_orbit_000,results/complete_formulas/raw/d4_D12_orbit_000.json,ffa384ee7786c7b0216c409390762352a85ea73c05642270ddc11c93b5c72a23,catalog/models.json: models[id=D12_orbit_000]
D12_orbit_001,D12_orbit_001,,"internal; F central, F^2=1; s=1 antiunitary",D12,12,F^2=1; F central; R^6=F; T^2=1; TRT^-1=R^-1,s(R)=0; s(T)=0,True,c9a2f3e1d248d1534ef95e386e502886b9aa460197a641a6d390e5bbab578a01,computed,Z2^2,0,0,0,Z2^2,,no independent full-group target,,publication,d4_D12_orbit_001,results/complete_formulas/raw/d4_D12_orbit_001.json,6634c3c6c808c35f888633cf55c2044a43306b09eca1d87a06018008b902b13f,catalog/models.json: models[id=D12_orbit_001]
D12_orbit_002,D12_orbit_002,,"internal; F central, F^2=1; s=1 antiunitary",D12,12,F^2=1; F central; R^6=F; T^2=F 1; TRT^-1=F R^-1,s(R)=0; s(T)=0,True,fdfaed8886ca15adda63acf49ba2f1954911e90aad83a006f07a6e147b0b9fbd,computed,Z2^2,Z2^2,Z2^2,Z2,Z8 x Z16,,no independent full-group target,,publication,d4_D12_orbit_002,results/complete_formulas/raw/d4_D12_orbit_002.json,75413216c78be684f5d94d3bda5b6ee2b203855a961964c774027f21a1cc8485,catalog/models.json: models[id=D12_orbit_002]
D12_orbit_003,D12_orbit_003,,"internal; F central, F^2=1; s=1 antiunitary",D12,12,F^2=1; F central; R^6=1; T^2=F 1; TRT^-1=F R^-1,s(R)=0; s(T)=0,True,87c9956b0e939bf3ea6a1b9f628a06bf84414fa8a674506405ba4b1ba1c9911c,computed,Z2^2,0,0,0,Z2^2,,no independent full-group target,,publication,d4_D12_orbit_003,results/complete_formulas/raw/d4_D12_orbit_003.json,8ba68bde0deb14284ee709d7d6e1d58b8fe566fdf8e779f145cf7da77b053927,catalog/models.json: models[id=D12_orbit_003]
D12_orbit_004,D12_orbit_004,,"internal; F central, F^2=1; s=1 antiunitary",D12,12,F^2=1; F central; R^6=1; T^2=F 1; TRT^-1=R^-1,s(R)=0; s(T)=0,True,717223a2e24153e8e40772a81ea645b349d0df4ae78ec214740889ae25fa55e2,computed,Z2^2,Z2^2,Z2^2,Z2,Z8 x Z16,,no independent full-group target,,publication,d4_D12_orbit_004,results/complete_formulas/raw/d4_D12_orbit_004.json,87b95c2c4e9b08a8e12a0e2b131b114c9c0b44ea338b032779dd28dc118f0a3b,catalog/models.json: models[id=D12_orbit_004]
D12_orbit_005,D12_orbit_005,D6_wdic_s0,"internal; F central, F^2=1; s=1 antiunitary",D12,12,F^2=1; F central; R^6=F; T^2=F 1; TRT^-1=R^-1,s(R)=0; s(T)=0,True,3c7e75f9076ff2a0742adf36da253b5fff7ab4fa1628fc70b9f524c079039fa3,computed,Z2^3,0,Z2,0,Z2^4,Z2^4,MATCH independent full-group target derived from primary theorem,https://arxiv.org/abs/1604.06527,publication,d4_D12_orbit_005,results/complete_formulas/raw/d4_D12_orbit_005.json,92f2e81da1525771b12f3966214874782e49d86a75213f29442cb4944ed8e839,catalog/models.json: models[id=D12_orbit_005]
D12_orbit_006,D12_orbit_006,,"internal; F central, F^2=1; s=1 antiunitary",D12,12,F^2=1; F central; R^6=1; T^2=1; TRT^-1=R^-1,s(R)=1; s(T)=1,True,d4072ca530fa148bff4ad6738822b9e86086d868770043833b3e5e0a707ad747,computed,Z2,0,0,0,Z2,,no independent full-group target,,publication,d4_D12_orbit_006,results/complete_formulas/raw/d4_D12_orbit_006.json,3773c79d4ffd98db295a9d2173df5eca2883cee100f6a004ea5e78e76e0fc030,catalog/models.json: models[id=D12_orbit_006]
D12_orbit_007,D12_orbit_007,,"internal; F central, F^2=1; s=1 antiunitary",D12,12,F^2=1; F central; R^6=F; T^2=1; TRT^-1=R^-1,s(R)=1; s(T)=1,True,c9a2f3e1d248d1534ef95e386e502886b9aa460197a641a6d390e5bbab578a01,computed,0,0,0,0,0,,no independent full-group target,,publication,d4_D12_orbit_007,results/complete_formulas/raw/d4_D12_orbit_007.json,29a68c34cb0567372facafe83f8b292c17128033ffe4dd53452117c98665522a,catalog/models.json: models[id=D12_orbit_007]
D12_orbit_008,D12_orbit_008,,"internal; F central, F^2=1; s=1 antiunitary",D12,12,F^2=1; F central; R^6=F; T^2=F 1; TRT^-1=F R^-1,s(R)=1; s(T)=1,True,fdfaed8886ca15adda63acf49ba2f1954911e90aad83a006f07a6e147b0b9fbd,computed,Z2^2,0,0,0,Z2^2,,no independent full-group target,,publication,d4_D12_orbit_008,results/complete_formulas/raw/d4_D12_orbit_008.json,982924c9f13e993a7c500122a1f6668436f8083ebeb2ff6f99b78fe3a49c5f6a,catalog/models.json: models[id=D12_orbit_008]
D12_orbit_009,D12_orbit_009,,"internal; F central, F^2=1; s=1 antiunitary",D12,12,F^2=1; F central; R^6=1; T^2=F 1; TRT^-1=F R^-1,s(R)=1; s(T)=1,True,87c9956b0e939bf3ea6a1b9f628a06bf84414fa8a674506405ba4b1ba1c9911c,computed,0,0,0,0,0,,no independent full-group target,,publication,d4_D12_orbit_009,results/complete_formulas/raw/d4_D12_orbit_009.json,ec5a27feae7bb691aaa27b96765b1d4f264a5c0c8ec1351e5c83ecfaa6bd6db7,catalog/models.json: models[id=D12_orbit_009]
D12_orbit_010,D12_orbit_010,,"internal; F central, F^2=1; s=1 antiunitary",D12,12,F^2=1; F central; R^6=F; T^2=1; TRT^-1=F R^-1,s(R)=1; s(T)=1,True,92497b31a4e7761ebe7d143154e82c5d8ad431792b525f14a8cfd392439f8af1,computed,Z2^2,0,0,0,Z2^2,,no independent full-group target,,publication,d4_D12_orbit_010,results/complete_formulas/raw/d4_D12_orbit_010.json,35ea0f31e2a3719e0964e759782ad617e6db898d6700c418065ccda268caf3ef,catalog/models.json: models[id=D12_orbit_010]
D12_orbit_011,D12_orbit_011,,"internal; F central, F^2=1; s=1 antiunitary",D12,12,F^2=1; F central; R^6=1; T^2=1; TRT^-1=F R^-1,s(R)=1; s(T)=1,True,afb3271140cc618c4d9e39af9c4a75d5d587360bb0b91aa033ccaa4f686a4d46,computed,Z2,Z2,Z2,0,Z8,,no independent full-group target,,publication,d4_D12_orbit_011,results/complete_formulas/raw/d4_D12_orbit_011.json,efa30cb28ca5c9507a1baf91d7f10516b779671fe68d477ba7816d28614fcaca,catalog/models.json: models[id=D12_orbit_011]
D12_orbit_012,D12_orbit_012,,"internal; F central, F^2=1; s=1 antiunitary",D12,12,F^2=1; F central; R^6=1; T^2=F 1; TRT^-1=R^-1,s(R)=1; s(T)=1,True,717223a2e24153e8e40772a81ea645b349d0df4ae78ec214740889ae25fa55e2,computed,Z2^2,0,0,0,Z2^2,,no independent full-group target,,publication,d4_D12_orbit_012,results/complete_formulas/raw/d4_D12_orbit_012.json,63824f3e0d74a0cfad085075f9bebac765e58ac97ca464f693c4dfd7edc02803,catalog/models.json: models[id=D12_orbit_012]
D12_orbit_013,D12_orbit_013,,"internal; F central, F^2=1; s=1 antiunitary",D12,12,F^2=1; F central; R^6=F; T^2=F 1; TRT^-1=R^-1,s(R)=1; s(T)=1,True,3c7e75f9076ff2a0742adf36da253b5fff7ab4fa1628fc70b9f524c079039fa3,computed,Z2,Z2,Z2,Z2,Z16,,no independent full-group target,,publication,d4_D12_orbit_013,results/complete_formulas/raw/d4_D12_orbit_013.json,61e1fdda42a3bbbbee7af498a91fa3e1c46759e1a521fec0e1a7e89d2b1f24c7,catalog/models.json: models[id=D12_orbit_013]
D12_orbit_014,D12_orbit_014,,"internal; F central, F^2=1; s=1 antiunitary",D12,12,F^2=1; F central; R^6=1; T^2=1; TRT^-1=R^-1,s(R)=0; s(T)=1,True,d4072ca530fa148bff4ad6738822b9e86086d868770043833b3e5e0a707ad747,computed,Z6,0,0,Z3,Z18,,no independent full-group target,,publication,d4_D12_orbit_014,results/complete_formulas/raw/d4_D12_orbit_014.json,f3e48a1cc06e65dba8e417f31a41fc53a8127e0e17b9c07c6d8840ac35116592,catalog/models.json: models[id=D12_orbit_014]
D12_orbit_015,D12_orbit_015,,"internal; F central, F^2=1; s=1 antiunitary",D12,12,F^2=1; F central; R^6=F; T^2=1; TRT^-1=R^-1,s(R)=0; s(T)=1,True,c9a2f3e1d248d1534ef95e386e502886b9aa460197a641a6d390e5bbab578a01,computed,Z6,Z2,Z2,Z3,Z72,,no independent full-group target,,publication,d4_D12_orbit_015,results/complete_formulas/raw/d4_D12_orbit_015.json,f82fe05730f52ead23b47296692c9e69d5b3438db0cad443c3b653665ef69bf7,catalog/models.json: models[id=D12_orbit_015]
D12_orbit_016,D12_orbit_016,,"internal; F central, F^2=1; s=1 antiunitary",D12,12,F^2=1; F central; R^6=F; T^2=F 1; TRT^-1=F R^-1,s(R)=0; s(T)=1,True,fdfaed8886ca15adda63acf49ba2f1954911e90aad83a006f07a6e147b0b9fbd,computed,Z2 x Z6,0,0,Z3,Z2 x Z18,,no independent full-group target,,publication,d4_D12_orbit_016,results/complete_formulas/raw/d4_D12_orbit_016.json,238424c117f53f570eb8a128db610a4e68334f56e4a6813b8da9588e93164132,catalog/models.json: models[id=D12_orbit_016]
D12_orbit_017,D12_orbit_017,,"internal; F central, F^2=1; s=1 antiunitary",D12,12,F^2=1; F central; R^6=1; T^2=F 1; TRT^-1=F R^-1,s(R)=0; s(T)=1,True,87c9956b0e939bf3ea6a1b9f628a06bf84414fa8a674506405ba4b1ba1c9911c,computed,Z3,0,0,Z3,Z9,,no independent full-group target,,publication,d4_D12_orbit_017,results/complete_formulas/raw/d4_D12_orbit_017.json,c0ca4b64416f167c697b75b305ab7835d0f9a742090373ce8dc3ac1c00a50cf9,catalog/models.json: models[id=D12_orbit_017]
D12_orbit_018,D12_orbit_018,,"internal; F central, F^2=1; s=1 antiunitary",D12,12,F^2=1; F central; R^6=1; T^2=F 1; TRT^-1=R^-1,s(R)=0; s(T)=1,True,717223a2e24153e8e40772a81ea645b349d0df4ae78ec214740889ae25fa55e2,computed,Z2 x Z6,0,0,Z3,Z2 x Z18,Z2 x Z18,MATCH independent full-group target derived from primary theorem,https://arxiv.org/abs/1812.11967,publication,d4_D12_orbit_018,results/complete_formulas/raw/d4_D12_orbit_018.json,5bb15132187583503b54a547173d86a962bcc2ed1617a8b71218fd1771550b27,catalog/models.json: models[id=D12_orbit_018]
D12_orbit_019,D12_orbit_019,,"internal; F central, F^2=1; s=1 antiunitary",D12,12,F^2=1; F central; R^6=F; T^2=F 1; TRT^-1=R^-1,s(R)=0; s(T)=1,True,3c7e75f9076ff2a0742adf36da253b5fff7ab4fa1628fc70b9f524c079039fa3,computed,Z6,Z2,Z2,Z6,Z144,,no independent full-group target,,publication,d4_D12_orbit_019,results/complete_formulas/raw/d4_D12_orbit_019.json,6131b068f14a14b9e37153533cdf204ae3fd296d27d0f8aa9bb57809d56b6476,catalog/models.json: models[id=D12_orbit_019]
D16_orbit_000,D16_orbit_000,,"internal; F central, F^2=1; s=1 antiunitary",D16,16,F^2=1; F central; R^8=1; T^2=1; TRT^-1=R^-1,s(R)=0; s(T)=0,True,7cc502cc26a97ce86e1d05cf571126498776adc32818e5a64b15084dc28149bc,computed,0,0,0,0,0,,no independent full-group target,,publication,d4_D16_orbit_000,results/complete_formulas/raw/d4_D16_orbit_000.json,a4928e457ae6bc66c08bd36aebf08095021641041639d6115c3dc79fbf667fd3,catalog/models.json: models[id=D16_orbit_000]
D16_orbit_001,D16_orbit_001,,"internal; F central, F^2=1; s=1 antiunitary",D16,16,F^2=1; F central; R^8=F; T^2=1; TRT^-1=R^-1,s(R)=0; s(T)=0,True,90e888857e8f8f96008eae1ce6d4453f78b5ecde632c070536f85dd00c0bd598,computed,Z2^2,0,0,0,Z2^2,,no independent full-group target,,publication,d4_D16_orbit_001,results/complete_formulas/raw/d4_D16_orbit_001.json,7583001d7911a3899cf74fbfe0e3ce7649cb28da41c7e32b349a373cebdbf769,catalog/models.json: models[id=D16_orbit_001]
D16_orbit_002,D16_orbit_002,,"internal; F central, F^2=1; s=1 antiunitary",D16,16,F^2=1; F central; R^8=F; T^2=F 1; TRT^-1=F R^-1,s(R)=0; s(T)=0,True,ac0ab04d16cf9d0c3062ae6a33680480d47a4649927030ff22d73503f07ace90,computed,Z2^3,0,Z2,0,Z2^4,,no independent full-group target,,publication,d4_D16_orbit_002,results/complete_formulas/raw/d4_D16_orbit_002.json,b94b98b801b316494a6f2397bb78f924183ff93a301689b9553cc57e187db60e,catalog/models.json: models[id=D16_orbit_002]
D16_orbit_003,D16_orbit_003,,"internal; F central, F^2=1; s=1 antiunitary",D16,16,F^2=1; F central; R^8=1; T^2=F 1; TRT^-1=F R^-1,s(R)=0; s(T)=0,True,dd039cc8ca5cf798e580cfbee296677509b417891675baa56b6eb00ec79df24f,computed,Z2,Z2^2,Z2,Z2,Z2 x Z16,,no independent full-group target,,publication,d4_D16_orbit_003,results/complete_formulas/raw/d4_D16_orbit_003.json,c94bbfa6126935ff537d4faf2e4d425972d847ffd3a1f98ae1c1e8e68509dad2,catalog/models.json: models[id=D16_orbit_003]
D16_orbit_004,D16_orbit_004,,"internal; F central, F^2=1; s=1 antiunitary",D16,16,F^2=1; F central; R^8=1; T^2=F 1; TRT^-1=R^-1,s(R)=0; s(T)=0,True,1d761b9cebcc8598063a9ca714cf445d505984e6fa8c256d0ddda3e66bdd3db0,computed,Z2^2,Z2^4,Z2^2,Z2^2,Z2^2 x Z16^2,Z2^2 x Z16^2,MATCH independent full-group target derived from primary theorem,https://arxiv.org/abs/1604.06527,publication,d4_D16_orbit_004,results/complete_formulas/raw/d4_D16_orbit_004.json,adc29a1530423616e72341bc13e3003e2dcb0fc7f95d0aeae569ac6be0bf8b1d,catalog/models.json: models[id=D16_orbit_004]
D16_orbit_005,D16_orbit_005,,"internal; F central, F^2=1; s=1 antiunitary",D16,16,F^2=1; F central; R^8=F; T^2=F 1; TRT^-1=R^-1,s(R)=0; s(T)=0,True,9d6c72145705d94eea370789731a4c63c7f317fbe803e764cd23c3e32bc80677,computed,Z2^4,0,Z2^2,0,Z2^6,Z2^6,MATCH independent full-group target derived from primary theorem,https://arxiv.org/abs/1604.06527,publication,d4_D16_orbit_005,results/complete_formulas/raw/d4_D16_orbit_005.json,99c2bade0769c6e192d49fa22ae5c0d19dae8c185ed9c4a9ed963e61cfc4c01d,catalog/models.json: models[id=D16_orbit_005]
D16_orbit_006,D16_orbit_006,,"internal; F central, F^2=1; s=1 antiunitary",D16,16,F^2=1; F central; R^8=1; T^2=1; TRT^-1=R^-1,s(R)=1; s(T)=1,True,7cc502cc26a97ce86e1d05cf571126498776adc32818e5a64b15084dc28149bc,computed,0,0,0,0,0,,no independent full-group target,,publication,d4_D16_orbit_006,results/complete_formulas/raw/d4_D16_orbit_006.json,61ab0aa2e3a774ca3eb75466f06f71ce2c156243e3620551af6aa0d4ccd39d52,catalog/models.json: models[id=D16_orbit_006]
D16_orbit_007,D16_orbit_007,,"internal; F central, F^2=1; s=1 antiunitary",D16,16,F^2=1; F central; R^8=F; T^2=1; TRT^-1=R^-1,s(R)=1; s(T)=1,True,90e888857e8f8f96008eae1ce6d4453f78b5ecde632c070536f85dd00c0bd598,computed,Z2,0,0,0,Z2,,no independent full-group target,,publication,d4_D16_orbit_007,results/complete_formulas/raw/d4_D16_orbit_007.json,6778ac799912e25c3820f099f113b825b350915d2372fafb9eb39c82960ea6f7,catalog/models.json: models[id=D16_orbit_007]
D16_orbit_008,D16_orbit_008,,"internal; F central, F^2=1; s=1 antiunitary",D16,16,F^2=1; F central; R^8=F; T^2=F 1; TRT^-1=F R^-1,s(R)=1; s(T)=1,True,ac0ab04d16cf9d0c3062ae6a33680480d47a4649927030ff22d73503f07ace90,computed,Z2,0,0,0,Z2,,no independent full-group target,,publication,d4_D16_orbit_008,results/complete_formulas/raw/d4_D16_orbit_008.json,2fd72469b5c8c6bbea8ffadd8ef172d446e853a35481ac7c41b42bd4475508f4,catalog/models.json: models[id=D16_orbit_008]
D16_orbit_009,D16_orbit_009,,"internal; F central, F^2=1; s=1 antiunitary",D16,16,F^2=1; F central; R^8=1; T^2=F 1; TRT^-1=F R^-1,s(R)=1; s(T)=1,True,dd039cc8ca5cf798e580cfbee296677509b417891675baa56b6eb00ec79df24f,computed,Z2,0,0,0,Z2,,no independent full-group target,,publication,d4_D16_orbit_009,results/complete_formulas/raw/d4_D16_orbit_009.json,2e71ef7dffb2eecbe4ba3c2127b6b8e2e910efa0b71234f2871022a3b88aeafe,catalog/models.json: models[id=D16_orbit_009]
D16_orbit_010,D16_orbit_010,,"internal; F central, F^2=1; s=1 antiunitary",D16,16,F^2=1; F central; R^8=F; T^2=1; TRT^-1=F R^-1,s(R)=1; s(T)=1,True,2653b572147fc371db558e1f53bebfd0f31611b83c499f14767e9e81d957145a,computed,Z2^2,0,Z2,0,Z2^3,,no independent full-group target,,publication,d4_D16_orbit_010,results/complete_formulas/raw/d4_D16_orbit_010.json,f9a4311e6e1a8cc1ab93b09b6b2e374e89043ba8ea8bfb5bb90e409da88b14be,catalog/models.json: models[id=D16_orbit_010]
D16_orbit_011,D16_orbit_011,,"internal; F central, F^2=1; s=1 antiunitary",D16,16,F^2=1; F central; R^8=1; T^2=1; TRT^-1=F R^-1,s(R)=1; s(T)=1,True,09fb9891e283dd291664ebfe4659316621a9fceef7ac2e4f1ff2f53dae35eb12,computed,Z2,Z2^2,Z2,Z2,Z2 x Z16,,no independent full-group target,,publication,d4_D16_orbit_011,results/complete_formulas/raw/d4_D16_orbit_011.json,f35676cdbdc270d653f2cb629cff4da463182493f3e0ca7858d49f5d032f68c0,catalog/models.json: models[id=D16_orbit_011]
D16_orbit_012,D16_orbit_012,D16_wref2_srot,"internal; F central, F^2=1; s=1 antiunitary",D16,16,F^2=1; F central; R^8=1; T^2=F 1; TRT^-1=R^-1,s(R)=1; s(T)=1,True,1d761b9cebcc8598063a9ca714cf445d505984e6fa8c256d0ddda3e66bdd3db0,computed,Z2^2,Z2^2,Z2,Z2,Z2^2 x Z16,,no independent full-group target,,publication,d4_D16_orbit_012,results/complete_formulas/raw/d4_D16_orbit_012.json,6ed68ff13ac8c992d1753a53e6b7247e3842ba67b7f641f5f02c777f68244475,catalog/models.json: models[id=D16_orbit_012]
D16_orbit_013,D16_orbit_013,,"internal; F central, F^2=1; s=1 antiunitary",D16,16,F^2=1; F central; R^8=F; T^2=F 1; TRT^-1=R^-1,s(R)=1; s(T)=1,True,9d6c72145705d94eea370789731a4c63c7f317fbe803e764cd23c3e32bc80677,computed,Z2^2,0,Z2,0,Z2^3,,no independent full-group target,,publication,d4_D16_orbit_013,results/complete_formulas/raw/d4_D16_orbit_013.json,9082cb166a912f92ba719c06e619e9a0ffb8076a159da808f7c458ddd01bc940,catalog/models.json: models[id=D16_orbit_013]
D16_orbit_014,D16_orbit_014,,"internal; F central, F^2=1; s=1 antiunitary",D16,16,F^2=1; F central; R^8=1; T^2=1; TRT^-1=R^-1,s(R)=0; s(T)=1,True,7cc502cc26a97ce86e1d05cf571126498776adc32818e5a64b15084dc28149bc,computed,Z8,0,Z2,Z2,Z4 x Z8,,no independent full-group target,,publication,d4_D16_orbit_014,results/complete_formulas/raw/d4_D16_orbit_014.json,77b6ae103abc2c92592470a2e23a514ee5b4cf8c2ea7ead1844ffe0407071d4d,catalog/models.json: models[id=D16_orbit_014]
D16_orbit_015,D16_orbit_015,,"internal; F central, F^2=1; s=1 antiunitary",D16,16,F^2=1; F central; R^8=F; T^2=1; TRT^-1=R^-1,s(R)=0; s(T)=1,True,90e888857e8f8f96008eae1ce6d4453f78b5ecde632c070536f85dd00c0bd598,computed,Z8,Z2,Z2,Z4,Z4 x Z32,,no independent full-group target,,publication,d4_D16_orbit_015,results/complete_formulas/raw/d4_D16_orbit_015.json,7082d3029a8ecd3aff1f417dd2875b991430ad70b99171296afdecda03be898c,catalog/models.json: models[id=D16_orbit_015]
D16_orbit_016,D16_orbit_016,,"internal; F central, F^2=1; s=1 antiunitary",D16,16,F^2=1; F central; R^8=F; T^2=F 1; TRT^-1=F R^-1,s(R)=0; s(T)=1,True,ac0ab04d16cf9d0c3062ae6a33680480d47a4649927030ff22d73503f07ace90,computed,Z8,0,Z2,Z4,Z2 x Z32,,no independent full-group target,,publication,d4_D16_orbit_016,results/complete_formulas/raw/d4_D16_orbit_016.json,54ee3a212dfb0a63e5bc0b5a22c30e9cb869d514de4ddc33937e838040285b96,catalog/models.json: models[id=D16_orbit_016]
D16_orbit_017,D16_orbit_017,,"internal; F central, F^2=1; s=1 antiunitary",D16,16,F^2=1; F central; R^8=1; T^2=F 1; TRT^-1=F R^-1,s(R)=0; s(T)=1,True,dd039cc8ca5cf798e580cfbee296677509b417891675baa56b6eb00ec79df24f,computed,Z2 x Z4,0,0,Z2,Z2^2 x Z4,,no independent full-group target,,publication,d4_D16_orbit_017,results/complete_formulas/raw/d4_D16_orbit_017.json,af5cdc66f2b0943e6bae519c4f9d75c85539133427709a5ae3d44c0a410a8461,catalog/models.json: models[id=D16_orbit_017]
D16_orbit_018,D16_orbit_018,,"internal; F central, F^2=1; s=1 antiunitary",D16,16,F^2=1; F central; R^8=1; T^2=F 1; TRT^-1=R^-1,s(R)=0; s(T)=1,True,1d761b9cebcc8598063a9ca714cf445d505984e6fa8c256d0ddda3e66bdd3db0,computed,Z2^2 x Z4,0,0,Z4,Z2^3 x Z8,Z2^3 x Z8,MATCH independent full-group target derived from primary theorem,https://arxiv.org/abs/1812.11967,publication,d4_D16_orbit_018,results/complete_formulas/raw/d4_D16_orbit_018.json,dff4d18a5d2784d43547ae1db5aece96e6fe66d5fd784ca9e1b980cbd16543b8,catalog/models.json: models[id=D16_orbit_018]
D16_orbit_019,D16_orbit_019,,"internal; F central, F^2=1; s=1 antiunitary",D16,16,F^2=1; F central; R^8=F; T^2=F 1; TRT^-1=R^-1,s(R)=0; s(T)=1,True,9d6c72145705d94eea370789731a4c63c7f317fbe803e764cd23c3e32bc80677,computed,Z8,Z2,Z2,Z8,Z4 x Z64,,no independent full-group target,,publication,d4_D16_orbit_019,results/complete_formulas/raw/d4_D16_orbit_019.json,893a509a7d120a375ec02ed6a3b02a97e70a68524cfdd0de877f0d16926ef5a3,catalog/models.json: models[id=D16_orbit_019]
Q8_orbit_000,Q8_orbit_000,Q8_w0_s0,"internal; F central, F^2=1; s=1 antiunitary",Q8,8,F^2=1; F central; R^4=1; T^2=R^2; TRT^-1=R^-1,s(R)=0; s(T)=0,True,15afd77dd0203111efefda996af23517eeec730a2ccea6f3517f344a0a1b3cfa,computed,0,Z2,Z2,0,Z2^2,Z2^2,MATCH published full-group target,https://arxiv.org/abs/2207.10700,2026-09-30-publication-current-native,d4_Q8_w0_s0,results/complete_formulas/raw/d4_Q8_w0_s0.json,d32ab8d6cfc5b034771016ef87a2ac491a449480e29a4394b28b5c884cf7d475,catalog/models.json: models[id=Q8_orbit_000]
Q8_orbit_001,Q8_orbit_001,,"internal; F central, F^2=1; s=1 antiunitary",Q8,8,F^2=1; F central; R^4=1; T^2=R^2; TRT^-1=F R^-1,s(R)=0; s(T)=0,True,5ba96d996841f572c68a6c83ebda1567b99b0d9fab41b34904f85bb4bb9af3c3,computed,Z2,Z2,Z2,Z2,Z4^2,,no independent full-group target,,publication,d4_Q8_orbit_001,results/complete_formulas/raw/d4_Q8_orbit_001.json,06cd55f4c8fbedd10d268379a468d3d0e71ac901637947ac902c667e180d3738,catalog/models.json: models[id=Q8_orbit_001]
Q8_orbit_002,Q8_orbit_002,Q8_w0_sx; Q8_w0_sx_plus_y; Q8_w0_sy,"internal; F central, F^2=1; s=1 antiunitary",Q8,8,F^2=1; F central; R^4=1; T^2=R^2; TRT^-1=R^-1,s(R)=1; s(T)=1,True,15afd77dd0203111efefda996af23517eeec730a2ccea6f3517f344a0a1b3cfa,computed,0,0,Z2,Z2,Z4,,no independent full-group target,,2026-09-30-publication-current-native,d4_Q8_w0_sx,results/complete_formulas/raw/d4_Q8_w0_sx.json,2fa615e44489dad85fa1fbeea9a0ed965484ab34a4a3afe5de43b737c4e80055,catalog/models.json: models[id=Q8_orbit_002]
Q8_orbit_003,Q8_orbit_003,,"internal; F central, F^2=1; s=1 antiunitary",Q8,8,F^2=1; F central; R^4=1; T^2=R^2; TRT^-1=F R^-1,s(R)=1; s(T)=1,True,5ba96d996841f572c68a6c83ebda1567b99b0d9fab41b34904f85bb4bb9af3c3,computed,Z2,Z2,0,0,Z4,,no independent full-group target,,publication,d4_Q8_orbit_003,results/complete_formulas/raw/d4_Q8_orbit_003.json,6c2f58d983f0d85ae965c27442cb9f3ea9cbedd81348ace4a361b9853100de7c,catalog/models.json: models[id=Q8_orbit_003]
Q8_orbit_004,Q8_orbit_004,,"internal; F central, F^2=1; s=1 antiunitary",Q8,8,F^2=1; F central; R^4=1; T^2=F R^2; TRT^-1=R^-1,s(R)=1; s(T)=1,True,800c7e87e10a0940c0acc8647da49ebcff22370b363179826a214fe4b7c45739,computed,0,0,0,0,0,,no independent full-group target,,publication,d4_Q8_orbit_004,results/complete_formulas/raw/d4_Q8_orbit_004.json,06c9cab229c8139c45bc39f7d86bcd2c679b910b9f3990b5bb87cc697194c98c,catalog/models.json: models[id=Q8_orbit_004]
Q16_orbit_000,Q16_orbit_000,,"internal; F central, F^2=1; s=1 antiunitary",Q16,16,F^2=1; F central; R^8=1; T^2=R^4; TRT^-1=R^-1,s(R)=0; s(T)=0,True,7cc502cc26a97ce86e1d05cf571126498776adc32818e5a64b15084dc28149bc,computed,0,Z2,Z2,0,Z2^2,,no independent full-group target,,publication,d4_Q16_orbit_000,results/complete_formulas/raw/d4_Q16_orbit_000.json,b62b0d429800fc69cd99674ab831b097b93ddce5fa631abd432a03863d01ec71,catalog/models.json: models[id=Q16_orbit_000]
Q16_orbit_001,Q16_orbit_001,,"internal; F central, F^2=1; s=1 antiunitary",Q16,16,F^2=1; F central; R^8=1; T^2=F R^4; TRT^-1=R^-1,s(R)=0; s(T)=0,True,f5472409e36813af56592ef4c94f9df88f443f7a109b35bc99c3ad300855b0c7,computed,Z2^2,Z2,Z2,Z2^2,Z8^2,,no independent full-group target,,publication,d4_Q16_orbit_001,results/complete_formulas/raw/d4_Q16_orbit_001.json,73710e00959237a3890435684fec5f42336b3ecd283d31960f1ed5bee002f582,catalog/models.json: models[id=Q16_orbit_001]
Q16_orbit_002,Q16_orbit_002,,"internal; F central, F^2=1; s=1 antiunitary",Q16,16,F^2=1; F central; R^8=1; T^2=R^4; TRT^-1=F R^-1,s(R)=0; s(T)=0,True,1d351435c674286c8f800b3ac0dc90858a300d82fe1257c843915bc25834e940,computed,Z2,Z2,Z2,Z2,Z2 x Z8,,no independent full-group target,,publication,d4_Q16_orbit_002,results/complete_formulas/raw/d4_Q16_orbit_002.json,8bc930811588b6cf4b3ee3ae3b0863e54f84bf5fc3fa33a70404671cb32ac7e6,catalog/models.json: models[id=Q16_orbit_002]
Q16_orbit_003,Q16_orbit_003,,"internal; F central, F^2=1; s=1 antiunitary",Q16,16,F^2=1; F central; R^8=1; T^2=R^4; TRT^-1=R^-1,s(R)=1; s(T)=1,True,7cc502cc26a97ce86e1d05cf571126498776adc32818e5a64b15084dc28149bc,computed,0,Z2,0,0,Z2,,no independent full-group target,,publication,d4_Q16_orbit_003,results/complete_formulas/raw/d4_Q16_orbit_003.json,c4adc3aa27259ee3ad1bb9c38a4ec3756c09da61225ef5714b270aa925ba16d2,catalog/models.json: models[id=Q16_orbit_003]
Q16_orbit_004,Q16_orbit_004,Q16_wref2_srot,"internal; F central, F^2=1; s=1 antiunitary",Q16,16,F^2=1; F central; R^8=1; T^2=F R^4; TRT^-1=R^-1,s(R)=1; s(T)=1,True,f5472409e36813af56592ef4c94f9df88f443f7a109b35bc99c3ad300855b0c7,computed,0,0,Z2,Z2,Z4,,no independent full-group target,,publication,d4_Q16_orbit_004,results/complete_formulas/raw/d4_Q16_orbit_004.json,756ccd911bd22cda279f437ed1dd4de55598f6e419f3ac59906b2f828ca42a7a,catalog/models.json: models[id=Q16_orbit_004]
Q16_orbit_005,Q16_orbit_005,,"internal; F central, F^2=1; s=1 antiunitary",Q16,16,F^2=1; F central; R^8=1; T^2=R^4; TRT^-1=F R^-1,s(R)=1; s(T)=1,True,1d351435c674286c8f800b3ac0dc90858a300d82fe1257c843915bc25834e940,computed,Z2,Z2,0,0,Z4,Z4,MATCH independent full-group target derived from primary theorem,https://doi.org/10.4310/jdg/1214428815,publication,d4_Q16_orbit_005,results/complete_formulas/raw/d4_Q16_orbit_005.json,29045cdfa9594a5d61cd75325f94ec7776d00b8d8dd20bf2121f3b69728034be,catalog/models.json: models[id=Q16_orbit_005]
Q16_orbit_006,Q16_orbit_006,,"internal; F central, F^2=1; s=1 antiunitary",Q16,16,F^2=1; F central; R^8=1; T^2=F R^4; TRT^-1=F R^-1,s(R)=1; s(T)=1,True,60b06ba587579d2985e047b51fbc8aa3f8c1ea2d7b02748b118a8960292405c6,computed,0,0,Z2,0,Z2,,no independent full-group target,,publication,d4_Q16_orbit_006,results/complete_formulas/raw/d4_Q16_orbit_006.json,f49019ae7f382f23b60ab278a43bd3e16d7812727c9f2681667c92469204e077,catalog/models.json: models[id=Q16_orbit_006]
Q16_orbit_007,Q16_orbit_007,,"internal; F central, F^2=1; s=1 antiunitary",Q16,16,F^2=1; F central; R^8=1; T^2=R^4; TRT^-1=R^-1,s(R)=0; s(T)=1,True,7cc502cc26a97ce86e1d05cf571126498776adc32818e5a64b15084dc28149bc,computed,Z2,0,Z2,Z4,Z2 x Z8,,no independent full-group target,,publication,d4_Q16_orbit_007,results/complete_formulas/raw/d4_Q16_orbit_007.json,53b16c4b090910e817c067c91543d6b4a82322881ca32faac4de1bea54fd34a4,catalog/models.json: models[id=Q16_orbit_007]
Q16_orbit_008,Q16_orbit_008,,"internal; F central, F^2=1; s=1 antiunitary",Q16,16,F^2=1; F central; R^8=1; T^2=F R^4; TRT^-1=R^-1,s(R)=0; s(T)=1,True,f5472409e36813af56592ef4c94f9df88f443f7a109b35bc99c3ad300855b0c7,computed,Z4,Z2,0,Z2,Z2 x Z8,,no independent full-group target,,publication,d4_Q16_orbit_008,results/complete_formulas/raw/d4_Q16_orbit_008.json,17e838079d6c6057327b315723cdff7b3e8fdf493562e89029b467b7f40efcc4,catalog/models.json: models[id=Q16_orbit_008]
Q16_orbit_009,Q16_orbit_009,,"internal; F central, F^2=1; s=1 antiunitary",Q16,16,F^2=1; F central; R^8=1; T^2=R^4; TRT^-1=F R^-1,s(R)=0; s(T)=1,True,1d351435c674286c8f800b3ac0dc90858a300d82fe1257c843915bc25834e940,computed,Z2,0,0,Z2,Z4,,no independent full-group target,,publication,d4_Q16_orbit_009,results/complete_formulas/raw/d4_Q16_orbit_009.json,2cb2d49cb347a63156b12e66da476d64198899282bace0b214152c6ccf3e9348,catalog/models.json: models[id=Q16_orbit_009]
A4_orbit_000,A4_orbit_000,A4_w0_s0,"internal; F central, F^2=1; s=1 antiunitary",A4,12,F^2=1; F central; R1^3=1; R2^3=1; INCOMPLETE short presentation: full normalized catalog required,s(R1)=0; s(R2)=0,False,d4072ca530fa148bff4ad6738822b9e86086d868770043833b3e5e0a707ad747,computed,Z3,0,0,Z3,Z9,Z9,MATCH published full-group target,https://arxiv.org/abs/2207.10700,2026-09-30-publication-current-native,d4_A4_w0_s0,results/complete_formulas/raw/d4_A4_w0_s0.json,0bfe6aca53ca06903d6f6f4782a3d71e8f821d747a100b9a5870001331692801,catalog/models.json: models[id=A4_orbit_000]
A4_orbit_001,A4_orbit_001,A4_wbinary_s0,"internal; F central, F^2=1; s=1 antiunitary",A4,12,F^2=1; F central; R1^3=F; R2^3=1; INCOMPLETE short presentation: full normalized catalog required,s(R1)=0; s(R2)=0,False,9227f567fd215678b060ff342c6354c1b4b0d26ac98a715927798aedc8fdc831,computed,Z6,0,Z2,Z3,Z2 x Z18,Z2 x Z18,MATCH published full-group target,https://arxiv.org/abs/2102.02941,2026-09-30-publication-current-native,d4_A4_orbit_001,results/complete_formulas/raw/d4_A4_orbit_001.json,b7f2bb29d4e1bfddb15fa184d1fd0d41894dfa804ae4998ecf203e845bb3e4d3,catalog/models.json: models[id=A4_orbit_001]
SL23_orbit_000,SL23_orbit_000,SL23_w0_s0,"internal; F central, F^2=1; s=1 antiunitary",SL23,24,F^2=1; F central; R1^3=1; R2^3=1; INCOMPLETE short presentation: full normalized catalog required,s(R1)=0; s(R2)=0,False,237d0e3fbd50344a92968828cd8df110ad05c89dc1c8081653dfeec966d15636,computed,Z3,Z2,Z2,Z3,Z2 x Z18,Z2 x Z18,MATCH published full-group target,https://arxiv.org/abs/2207.10700,2026-09-30-publication-current-native,d4_SL23_w0_s0,results/complete_formulas/raw/d4_SL23_w0_s0.json,7995c2fdce20acc0d50a3166220b51f459013e67e87d24b45b3407d649d8c7aa,catalog/models.json: models[id=SL23_orbit_000]
D5_wdic_s0,D5_wdic_s0,,"internal; F central, F^2=1; s=1 antiunitary",D5,10,F^2=1; F central; R^5=F; T^2=F 1; TRT^-1=R^-1,s(R)=0; s(T)=0,True,3a75376db9ce59922a8f3ad1eaae4d7a990f615daec25251b76ded261272f62b,computed,Z2,Z2,Z2,Z2,Z16,,no independent full-group target,,2026-09-30-publication-current-native,d4_D5_wdic_s0,results/complete_formulas/raw/d4_D5_wdic_s0.json,c9e99307b568b48776e410348982d5415bedd8a4804881cc3e9d763fa6c956b4,catalog/models.json: models[id=D5_wdic_s0]
C32_w0_s0,C32_w0_s0,,"internal; F central, F^2=1; s=1 antiunitary",C32,32,F^2=1; F central; R1^32=1,s(R1)=0,True,672a42670f3cce7f9f4c504f51ca7f5e48ad86966cccad50d97eb28df4cf38d1,computed,Z16,0,0,Z16,Z8 x Z32,Z8 x Z32,MATCH published full-group target,https://arxiv.org/abs/1808.02881,2026-09-30-publication-current-native,d4_C32_w0_s0,results/complete_formulas/raw/d4_C32_w0_s0.json,3cfdc6a4fcf4d433ddfaac34757216b5076681ebdfbad2703a96dbf4e3b282d0,catalog/models.json: models[id=C32_w0_s0]
C32_w1_s0,C32_w1_s0,,"internal; F central, F^2=1; s=1 antiunitary",C32,32,F^2=1; F central; R1^32=F,s(R1)=0,True,1a3c6081eaddc3a8f332d123247af304e3e8f0032812acce3210627e20373581,computed,Z32,Z2,Z2,Z32,Z16 x Z256,Z16 x Z256,MATCH published full-group target,https://arxiv.org/abs/1808.02881,2026-09-30-publication-current-native,d4_C32_w1_s0,results/complete_formulas/raw/d4_C32_w1_s0.json,8b3803ae0ec9703637e18e08002325e97b1ca322c032788f5b4514a7da0f254a,catalog/models.json: models[id=C32_w1_s0]
C64_w0_s0,C64_w0_s0,,"internal; F central, F^2=1; s=1 antiunitary",C64,64,F^2=1; F central; R1^64=1,s(R1)=0,True,9d2f902488899a5a3eb1529796c2c4f1306640642f4141e6b3b2b7e01592a904,computed,Z32,0,0,Z32,Z16 x Z64,Z16 x Z64,MATCH published full-group target,https://arxiv.org/abs/1808.02881,publication,d4_C64_w0_s0,results/complete_formulas/raw/d4_C64_w0_s0.json,f5cf627908622355b747b0e5df80dac0019747b2bc8ea4e58b30e73915f9c373,catalog/models.json: models[id=C64_w0_s0]
C64_w1_s0,C64_w1_s0,,"internal; F central, F^2=1; s=1 antiunitary",C64,64,F^2=1; F central; R1^64=F,s(R1)=0,True,e54e60be077f5f354a4c3b78b696904c0971b960b67f480f48cb9f8ec255356e,computed,Z64,Z2,Z2,Z64,Z32 x Z512,Z32 x Z512,MATCH published full-group target,https://arxiv.org/abs/1808.02881,publication,d4_C64_w1_s0,results/complete_formulas/raw/d4_C64_w1_s0.json,beba2f58e3471af5d5815e7e7ee622ee4fd89c29017e52a0647d1105871bb09d,catalog/models.json: models[id=C64_w1_s0]
