1121 510 1120
10 2 0 0 0
11 2 2 0 0
12 1 2 0 0
4 2 2 1 0 0
8 2 2 3 2 2 -1 3 0 0 0
1 2 2 2 1 4 0
4 2 0 1 5 0
7 3 0 1 6 0
4 1 0 1 2 0
8 3 0 3 8 6 -1 3 1 0 0
3 3 0 1 9 1 2
2 3 0 2 7 10 0
5 3 0 1 11 1 2
4 3 2 1 12 0
4 3 0 1 13 0
2 3 0 2 12 14 0
5 3 0 1 15 1 2
4 3 2 1 16 0
8 4 0 3 6 6 2 3 2 1 1
8 4 0 3 6 11 2 3 3 1 1
1 4 0 2 18 19 0
8 4 2 3 3 3 -1 3 4 0 0
0 3 2 0 0
0 4 2 0 0
8 4 2 3 5 3 -1 3 4 0 0
1 4 2 2 21 24 0
8 4 0 3 0 0 2 3 2 1 1
8 4 0 3 6 0 2 3 2 1 1
1 4 0 2 26 27 0
4 4 0 1 25 0
2 4 0 2 29 28 0
5 4 0 1 30 1 2
4 4 2 1 31 0
8 5 0 3 12 0 2 3 5 1 1
3 5 0 1 33 1 -1
4 5 2 1 34 0
4 2 0 1 3 0
2 2 0 2 0 36 0
5 2 0 1 37 1 2
4 2 2 1 38 0
8 3 2 3 3 3 -1 3 6 0 0
7 3 2 1 3 0
8 3 2 3 3 41 -1 3 7 0 0
1 3 2 2 40 42 0
8 6 2 3 17 43 -1 3 8 0 0
8 4 2 3 2 13 -1 3 9 0 0
8 6 2 3 45 39 -1 3 10 0 0
1 6 2 2 44 46 0
8 3 2 3 13 2 -1 3 11 0 0
8 4 2 3 2 48 -1 3 9 0 0
8 6 2 3 49 3 -1 3 10 0 0
1 6 2 2 47 50 0
9 6 2 4 3 3 13 13 1 12
8 5 2 3 13 3 -1 3 13 0 0
8 5 2 3 3 13 -1 3 14 0 0
8 4 2 3 13 3 -1 3 15 0 0
8 6 2 3 55 55 -1 3 16 0 0
7 5 2 1 55 0
8 6 2 3 55 57 -1 3 17 0 0
1 6 2 2 56 58 0
1 6 2 2 52 59 0
8 6 2 3 53 54 -1 3 18 0 0
1 6 2 2 60 61 0
8 5 2 3 13 13 -1 3 19 0 0
7 4 2 1 13 0
8 5 2 3 13 64 -1 3 20 0 0
1 5 2 2 63 65 0
8 6 2 3 66 3 -1 3 21 0 0
1 6 2 2 62 67 0
8 4 2 3 3 41 -1 3 22 0 0
1 4 2 2 21 69 0
8 6 2 3 13 70 -1 3 23 0 0
1 6 2 2 68 71 0
8 4 2 3 13 13 -1 3 24 0 0
8 4 2 3 13 64 -1 3 25 0 0
1 4 2 2 73 74 0
8 6 2 3 75 43 -1 3 26 0 0
1 6 2 2 72 76 0
1 6 2 2 77 51 0
8 5 0 3 6 12 2 3 27 1 1
8 5 0 3 12 12 2 3 28 1 1
1 5 0 2 79 80 0
8 7 0 3 81 0 2 3 29 0 1
8 7 0 3 12 26 2 3 30 1 0
1 7 0 2 82 83 0
8 7 0 3 34 34 -1 3 31 0 0
4 2 0 1 1 0
8 7 0 3 86 34 -1 3 32 0 0
1 7 0 2 85 87 0
2 7 0 2 88 84 0
4 6 0 1 78 0
7 7 0 1 90 0
8 7 0 3 8 90 -1 3 33 0 0
3 7 0 1 92 1 2
2 7 0 2 91 93 0
2 7 0 2 89 94 0
5 7 0 1 95 1 2
4 7 2 1 96 0
8 3 2 3 2 39 -1 3 34 0 0
6 2 0 1 0 1 2
4 2 2 1 99 0
8 3 2 3 2 100 -1 3 34 0 0
1 3 2 2 98 101 0
8 3 2 3 5 5 -1 3 6 0 0
8 5 2 3 102 102 -1 3 19 0 0
7 4 2 1 102 0
8 5 2 3 102 105 -1 3 20 0 0
1 5 2 2 104 106 0
8 5 2 3 1 102 -1 3 14 0 0
1 5 2 2 107 108 0
8 4 2 3 102 102 -1 3 24 0 0
8 4 2 3 102 105 -1 3 25 0 0
1 4 2 2 110 111 0
8 5 2 3 2 112 -1 3 35 0 0
1 5 2 2 109 113 0
9 5 2 4 5 5 3 3 1 36
1 5 2 2 114 115 0
8 3 2 3 2 5 -1 3 34 0 0
1 3 2 2 103 117 0
8 5 2 3 118 100 -1 3 13 0 0
1 5 2 2 116 119 0
8 3 2 3 103 2 -1 3 11 0 0
8 2 2 3 2 5 -1 3 37 0 0
8 3 2 3 2 122 -1 3 34 0 0
1 3 2 2 121 123 0
8 5 2 3 124 3 -1 3 13 0 0
1 5 2 2 120 125 0
9 5 2 4 3 3 3 3 1 36
1 5 2 2 126 127 0
8 5 2 3 21 24 -1 3 38 0 0
1 5 2 2 128 129 0
7 3 2 1 100 0
8 5 2 3 100 131 -1 3 14 0 0
1 5 2 2 130 132 0
8 3 2 3 2 3 -1 3 34 0 0
8 5 2 3 40 134 -1 3 19 0 0
1 5 2 2 133 135 0
8 4 2 3 21 24 -1 3 39 0 0
8 2 2 3 3 2 -1 3 40 0 0
8 4 2 3 138 3 -1 3 4 0 0
1 4 2 2 137 139 0
8 4 2 3 3 40 -1 3 22 0 0
1 4 2 2 140 141 0
1 4 2 2 142 21 0
8 5 2 3 2 143 -1 3 35 0 0
1 5 2 2 136 144 0
8 6 2 3 25 25 -1 3 16 0 0
7 5 2 1 25 0
8 6 2 3 25 147 -1 3 17 0 0
1 6 2 2 146 148 0
8 6 2 3 1 25 -1 3 41 0 0
1 6 2 2 149 150 0
8 5 2 3 25 25 -1 3 38 0 0
8 5 2 3 25 147 -1 3 42 0 0
1 5 2 2 152 153 0
8 6 2 3 2 154 -1 3 43 0 0
1 6 2 2 151 155 0
7 3 0 1 86 0
5 3 0 1 157 1 2
4 3 2 1 158 0
8 3 2 3 2 1 -1 3 34 0 0
1 3 2 2 159 160 0
8 7 2 3 145 145 -1 3 44 0 0
8 7 2 3 156 145 -1 3 45 0 0
1 7 2 2 162 163 0
8 7 2 3 1 145 -1 3 46 0 0
1 7 2 2 164 165 0
8 7 2 3 32 32 -1 3 47 0 0
1 7 2 2 166 167 0
8 7 2 3 154 32 -1 3 48 0 0
1 7 2 2 168 169 0
8 7 2 3 32 35 -1 3 49 0 0
1 7 2 2 170 171 0
8 6 2 3 32 32 -1 3 16 0 0
8 6 2 3 154 32 -1 3 50 0 0
1 6 2 2 173 174 0
8 6 2 3 32 35 -1 3 17 0 0
1 6 2 2 175 176 0
8 7 2 3 2 177 -1 3 51 0 0
1 7 2 2 172 178 0
8 7 2 3 161 32 -1 3 52 0 0
1 7 2 2 179 180 0
1 7 2 2 181 97 0
7 5 0 1 29 0
5 5 0 1 183 1 2
4 5 2 1 184 0
8 6 2 3 2 185 -1 3 43 0 0
4 5 0 1 185 0
1 5 0 2 184 187 0
5 5 0 1 188 1 2
4 5 2 1 189 0
9 7 2 4 1 1 25 25 1 53
0 7 2 0 0
9 7 2 4 25 25 25 25 1 54
9 7 2 4 25 25 25 25 1 55
1 7 2 2 193 194 0
9 7 2 4 25 25 25 25 1 56
1 7 2 2 195 196 0
9 7 2 4 25 25 25 25 1 57
1 7 2 2 197 198 0
9 7 2 4 25 25 25 25 1 58
1 7 2 2 199 200 0
9 7 2 4 25 25 25 25 1 59
1 7 2 2 201 202 0
9 7 2 4 25 25 25 25 1 60
1 7 2 2 203 204 0
9 7 2 4 25 25 25 25 1 61
1 7 2 2 205 206 0
9 7 2 4 25 25 25 25 1 62
1 7 2 2 207 208 0
9 7 2 4 25 25 25 25 1 63
1 7 2 2 209 210 0
9 7 2 4 25 25 25 25 1 64
1 7 2 2 211 212 0
9 7 2 4 25 25 25 25 1 65
1 7 2 2 213 214 0
9 7 2 4 25 25 25 25 1 66
1 7 2 2 215 216 0
9 7 2 4 25 25 25 25 1 67
1 7 2 2 217 218 0
9 7 2 4 25 25 25 25 1 68
1 7 2 2 219 220 0
9 7 2 4 25 25 25 25 1 69
1 7 2 2 221 222 0
9 7 2 4 25 25 25 25 1 70
1 7 2 2 223 224 0
9 7 2 4 25 25 25 25 1 71
1 7 2 2 225 226 0
9 7 2 4 25 25 25 25 1 72
1 7 2 2 227 228 0
9 7 2 4 25 25 25 25 1 73
1 7 2 2 229 230 0
9 7 2 4 25 25 25 25 1 74
1 7 2 2 231 232 0
9 7 2 4 25 25 25 25 1 75
1 7 2 2 233 234 0
9 7 2 4 25 25 25 25 1 76
1 7 2 2 235 236 0
9 7 2 4 25 25 25 25 1 77
1 7 2 2 237 238 0
9 7 2 4 25 25 25 25 1 78
1 7 2 2 239 240 0
9 7 2 4 25 25 25 25 1 79
1 7 2 2 241 242 0
9 7 2 4 25 25 25 25 1 80
1 7 2 2 243 244 0
9 7 2 4 25 25 25 25 1 81
1 7 2 2 245 246 0
9 7 2 4 25 25 25 25 1 82
1 7 2 2 247 248 0
9 7 2 4 25 25 25 25 1 83
1 7 2 2 249 250 0
9 7 2 4 25 25 25 25 1 84
1 7 2 2 251 252 0
9 7 2 4 25 25 25 25 1 85
1 7 2 2 253 254 0
9 7 2 4 25 25 25 25 1 86
1 7 2 2 255 256 0
9 7 2 4 25 25 25 25 1 87
1 7 2 2 257 258 0
9 7 2 4 25 25 25 25 1 88
1 7 2 2 259 260 0
9 7 2 4 25 25 25 25 1 89
1 7 2 2 261 262 0
9 7 2 4 25 25 25 25 1 90
1 7 2 2 263 264 0
9 7 2 4 25 25 25 25 1 91
1 7 2 2 265 266 0
9 7 2 4 25 25 25 25 1 92
1 7 2 2 267 268 0
9 7 2 4 25 25 25 25 1 93
1 7 2 2 269 270 0
9 7 2 4 25 25 25 25 1 94
1 7 2 2 271 272 0
9 7 2 4 25 25 25 25 1 95
1 7 2 2 273 274 0
9 7 2 4 25 25 25 25 1 96
1 7 2 2 275 276 0
9 7 2 4 25 25 25 25 1 97
1 7 2 2 277 278 0
9 7 2 4 25 25 25 25 1 98
1 7 2 2 279 280 0
9 7 2 4 25 25 25 25 1 99
1 7 2 2 281 282 0
9 7 2 4 25 25 25 25 1 100
1 7 2 2 283 284 0
9 7 2 4 25 25 25 25 1 101
1 7 2 2 285 286 0
9 7 2 4 25 25 25 25 1 102
1 7 2 2 287 288 0
9 7 2 4 25 25 25 25 1 103
1 7 2 2 289 290 0
9 7 2 4 25 25 25 25 1 104
1 7 2 2 291 292 0
9 7 2 4 25 25 25 25 1 105
1 7 2 2 293 294 0
9 7 2 4 25 25 25 25 1 106
1 7 2 2 295 296 0
9 7 2 4 25 25 25 25 1 107
1 7 2 2 297 298 0
9 7 2 4 25 25 25 25 1 108
1 7 2 2 299 300 0
9 7 2 4 25 25 25 25 1 109
1 7 2 2 301 302 0
9 7 2 4 25 25 25 25 1 110
1 7 2 2 303 304 0
9 7 2 4 25 25 25 25 1 111
1 7 2 2 305 306 0
9 7 2 4 25 25 25 25 1 112
1 7 2 2 307 308 0
9 7 2 4 25 25 25 25 1 113
1 7 2 2 309 310 0
9 7 2 4 25 25 25 25 1 114
1 7 2 2 311 312 0
9 7 2 4 25 25 25 25 1 115
1 7 2 2 313 314 0
9 7 2 4 25 25 25 25 1 116
1 7 2 2 315 316 0
9 7 2 4 25 25 25 25 1 117
1 7 2 2 317 318 0
9 7 2 4 25 25 25 25 1 118
1 7 2 2 319 320 0
9 7 2 4 25 25 25 25 1 119
1 7 2 2 321 322 0
9 7 2 4 25 25 25 25 1 120
1 7 2 2 323 324 0
9 7 2 4 25 25 25 25 1 121
1 7 2 2 325 326 0
9 7 2 4 25 25 25 25 1 122
1 7 2 2 327 328 0
9 7 2 4 25 25 25 25 1 123
1 7 2 2 329 330 0
9 7 2 4 25 25 25 25 1 124
1 7 2 2 331 332 0
9 7 2 4 25 25 25 25 1 125
1 7 2 2 333 334 0
9 7 2 4 25 25 25 25 1 126
1 7 2 2 335 336 0
9 7 2 4 25 25 25 25 1 127
1 7 2 2 337 338 0
9 7 2 4 25 25 25 25 1 128
1 7 2 2 339 340 0
9 7 2 4 25 25 25 25 1 129
1 7 2 2 341 342 0
9 7 2 4 25 25 25 25 1 130
1 7 2 2 343 344 0
9 7 2 4 25 25 25 25 1 131
1 7 2 2 345 346 0
9 7 2 4 25 25 25 25 1 132
1 7 2 2 347 348 0
9 7 2 4 25 25 25 25 1 133
1 7 2 2 349 350 0
9 7 2 4 25 25 25 25 1 134
1 7 2 2 351 352 0
9 7 2 4 25 25 25 25 1 135
1 7 2 2 353 354 0
9 7 2 4 25 25 25 25 1 136
1 7 2 2 355 356 0
9 7 2 4 25 25 25 25 1 137
1 7 2 2 357 358 0
9 7 2 4 25 25 25 25 1 138
1 7 2 2 359 360 0
9 7 2 4 25 25 25 25 1 139
1 7 2 2 361 362 0
9 7 2 4 25 25 25 25 1 140
1 7 2 2 363 364 0
9 7 2 4 25 25 25 25 1 141
1 7 2 2 365 366 0
9 7 2 4 25 25 25 25 1 142
1 7 2 2 367 368 0
9 7 2 4 25 25 25 25 1 143
1 7 2 2 369 370 0
9 7 2 4 25 25 25 25 1 144
1 7 2 2 371 372 0
9 7 2 4 25 25 25 25 1 145
1 7 2 2 373 374 0
9 7 2 4 25 25 25 25 1 146
1 7 2 2 375 376 0
9 7 2 4 25 25 25 25 1 147
1 7 2 2 377 378 0
9 7 2 4 25 25 25 25 1 148
1 7 2 2 379 380 0
9 7 2 4 25 25 25 25 1 149
1 7 2 2 381 382 0
9 7 2 4 25 25 25 25 1 150
1 7 2 2 383 384 0
9 7 2 4 25 25 25 25 1 151
1 7 2 2 385 386 0
9 7 2 4 25 25 25 25 1 152
1 7 2 2 387 388 0
9 7 2 4 25 25 25 25 1 153
1 7 2 2 389 390 0
9 7 2 4 25 25 25 25 1 154
1 7 2 2 391 392 0
9 7 2 4 25 25 25 25 1 155
1 7 2 2 393 394 0
9 7 2 4 25 25 25 25 1 156
1 7 2 2 395 396 0
9 7 2 4 25 25 25 25 1 157
1 7 2 2 397 398 0
9 7 2 4 25 25 25 25 1 158
1 7 2 2 399 400 0
9 7 2 4 25 25 25 25 1 159
1 7 2 2 401 402 0
9 7 2 4 25 25 25 25 1 160
1 7 2 2 403 404 0
9 7 2 4 25 25 25 25 1 161
1 7 2 2 405 406 0
9 7 2 4 25 25 25 25 1 162
1 7 2 2 407 408 0
9 7 2 4 25 25 25 25 1 163
1 7 2 2 409 410 0
9 7 2 4 25 25 25 25 1 164
1 7 2 2 411 412 0
9 7 2 4 25 25 25 25 1 165
1 7 2 2 413 414 0
9 7 2 4 25 25 25 25 1 166
1 7 2 2 415 416 0
9 7 2 4 25 25 25 25 1 167
1 7 2 2 417 418 0
9 7 2 4 25 25 25 25 1 168
1 7 2 2 419 420 0
9 7 2 4 25 25 25 25 1 169
1 7 2 2 421 422 0
9 7 2 4 25 25 25 25 1 170
1 7 2 2 423 424 0
9 7 2 4 25 25 25 25 1 171
1 7 2 2 425 426 0
9 7 2 4 25 25 25 25 1 172
1 7 2 2 427 428 0
9 7 2 4 25 25 25 25 1 173
1 7 2 2 429 430 0
9 7 2 4 25 25 25 25 1 174
1 7 2 2 431 432 0
9 7 2 4 25 25 25 25 1 175
1 7 2 2 433 434 0
9 7 2 4 25 25 25 25 1 176
1 7 2 2 435 436 0
9 7 2 4 25 25 25 25 1 177
1 7 2 2 437 438 0
9 7 2 4 25 25 25 25 1 178
1 7 2 2 439 440 0
9 7 2 4 25 25 25 25 1 179
1 7 2 2 441 442 0
9 7 2 4 25 25 25 25 1 180
1 7 2 2 443 444 0
9 7 2 4 25 25 25 25 1 181
1 7 2 2 445 446 0
9 7 2 4 25 25 25 25 1 182
1 7 2 2 447 448 0
9 7 2 4 25 25 25 25 1 183
1 7 2 2 449 450 0
9 7 2 4 25 25 25 25 1 184
1 7 2 2 451 452 0
9 7 2 4 25 25 25 25 1 185
1 7 2 2 453 454 0
9 7 2 4 25 25 25 25 1 186
1 7 2 2 455 456 0
9 7 2 4 25 25 25 25 1 187
1 7 2 2 457 458 0
9 7 2 4 25 25 25 25 1 188
1 7 2 2 459 460 0
9 7 2 4 25 25 25 25 1 189
1 7 2 2 461 462 0
9 7 2 4 25 25 25 25 1 190
1 7 2 2 463 464 0
9 7 2 4 25 25 25 25 1 191
1 7 2 2 465 466 0
9 7 2 4 25 25 25 25 1 192
1 7 2 2 467 468 0
9 7 2 4 25 25 25 25 1 193
1 7 2 2 469 470 0
9 7 2 4 25 25 25 25 1 194
1 7 2 2 471 472 0
9 7 2 4 25 25 25 25 1 195
1 7 2 2 473 474 0
9 7 2 4 25 25 25 25 1 196
1 7 2 2 475 476 0
9 7 2 4 25 25 25 25 1 197
1 7 2 2 477 478 0
9 7 2 4 25 25 25 25 1 198
1 7 2 2 479 480 0
9 7 2 4 25 25 25 25 1 199
1 7 2 2 481 482 0
9 7 2 4 25 25 25 25 1 200
1 7 2 2 483 484 0
9 7 2 4 25 25 25 25 1 201
1 7 2 2 485 486 0
9 7 2 4 25 25 25 25 1 202
1 7 2 2 487 488 0
9 7 2 4 25 25 25 25 1 203
1 7 2 2 489 490 0
9 7 2 4 25 25 25 25 1 204
1 7 2 2 491 492 0
9 7 2 4 25 25 25 25 1 205
1 7 2 2 493 494 0
9 7 2 4 25 25 25 25 1 206
1 7 2 2 495 496 0
9 7 2 4 25 25 25 25 1 207
1 7 2 2 497 498 0
9 7 2 4 25 25 25 25 1 208
1 7 2 2 499 500 0
9 7 2 4 25 25 25 25 1 209
1 7 2 2 501 502 0
9 7 2 4 25 25 25 25 1 210
1 7 2 2 503 504 0
9 7 2 4 25 25 25 25 1 211
1 7 2 2 505 506 0
9 7 2 4 25 25 25 25 1 212
1 7 2 2 507 508 0
9 7 2 4 25 25 25 25 1 213
1 7 2 2 509 510 0
9 7 2 4 25 25 25 25 1 214
1 7 2 2 511 512 0
9 7 2 4 25 25 25 25 1 215
1 7 2 2 513 514 0
9 7 2 4 25 25 25 25 1 216
1 7 2 2 515 516 0
9 7 2 4 25 25 25 25 1 217
1 7 2 2 517 518 0
9 7 2 4 25 25 25 25 1 218
1 7 2 2 519 520 0
9 7 2 4 25 25 25 25 1 219
1 7 2 2 521 522 0
9 7 2 4 25 25 25 25 1 220
1 7 2 2 523 524 0
9 7 2 4 25 25 25 25 1 221
1 7 2 2 525 526 0
9 7 2 4 25 25 25 25 1 222
1 7 2 2 527 528 0
9 7 2 4 25 25 25 25 1 223
1 7 2 2 529 530 0
9 7 2 4 25 25 25 25 1 224
1 7 2 2 531 532 0
9 7 2 4 25 25 25 25 1 225
1 7 2 2 533 534 0
9 7 2 4 25 25 25 25 1 226
1 7 2 2 535 536 0
9 7 2 4 25 25 25 25 1 227
1 7 2 2 537 538 0
9 7 2 4 25 25 25 25 1 228
1 7 2 2 539 540 0
9 7 2 4 25 25 25 25 1 229
1 7 2 2 541 542 0
9 7 2 4 25 25 25 25 1 230
1 7 2 2 543 544 0
9 7 2 4 25 25 25 25 1 231
1 7 2 2 545 546 0
9 7 2 4 25 25 25 25 1 232
1 7 2 2 547 548 0
9 7 2 4 25 25 25 25 1 233
1 7 2 2 549 550 0
9 7 2 4 25 25 25 25 1 234
1 7 2 2 551 552 0
9 7 2 4 25 25 25 25 1 235
1 7 2 2 553 554 0
9 7 2 4 25 25 25 25 1 236
1 7 2 2 555 556 0
9 7 2 4 25 25 25 25 1 237
1 7 2 2 557 558 0
9 7 2 4 25 25 25 25 1 238
1 7 2 2 559 560 0
9 7 2 4 25 25 25 25 1 239
1 7 2 2 561 562 0
9 7 2 4 25 25 25 25 1 240
1 7 2 2 563 564 0
9 7 2 4 25 25 25 25 1 241
1 7 2 2 565 566 0
9 7 2 4 25 25 25 25 1 242
1 7 2 2 567 568 0
9 7 2 4 25 25 25 25 1 243
1 7 2 2 569 570 0
9 7 2 4 25 25 25 25 1 244
1 7 2 2 571 572 0
9 7 2 4 25 25 25 25 1 245
1 7 2 2 573 574 0
9 7 2 4 25 25 25 25 1 246
1 7 2 2 575 576 0
9 7 2 4 25 25 25 25 1 247
1 7 2 2 577 578 0
9 7 2 4 25 25 25 25 1 248
1 7 2 2 579 580 0
9 7 2 4 25 25 25 25 1 249
1 7 2 2 581 582 0
9 7 2 4 25 25 25 25 1 250
1 7 2 2 583 584 0
9 7 2 4 25 25 25 25 1 251
1 7 2 2 585 586 0
9 7 2 4 25 25 25 25 1 252
1 7 2 2 587 588 0
9 7 2 4 25 25 25 25 1 253
1 7 2 2 589 590 0
9 7 2 4 25 25 25 25 1 254
1 7 2 2 591 592 0
9 7 2 4 25 25 25 25 1 255
1 7 2 2 593 594 0
9 7 2 4 25 25 25 25 1 256
1 7 2 2 595 596 0
9 7 2 4 25 25 25 25 1 257
1 7 2 2 597 598 0
9 7 2 4 25 25 25 25 1 258
1 7 2 2 599 600 0
9 7 2 4 25 25 25 25 1 259
1 7 2 2 601 602 0
9 7 2 4 25 25 25 25 1 260
1 7 2 2 603 604 0
9 7 2 4 25 25 25 25 1 261
1 7 2 2 605 606 0
9 7 2 4 25 25 25 25 1 262
1 7 2 2 607 608 0
9 7 2 4 25 25 25 25 1 263
1 7 2 2 609 610 0
9 7 2 4 25 25 25 25 1 264
1 7 2 2 611 612 0
9 7 2 4 25 25 25 25 1 265
1 7 2 2 613 614 0
9 7 2 4 25 25 25 25 1 266
1 7 2 2 615 616 0
9 7 2 4 25 25 25 25 1 267
1 7 2 2 617 618 0
9 7 2 4 25 25 25 25 1 268
1 7 2 2 619 620 0
9 7 2 4 25 25 25 25 1 269
1 7 2 2 621 622 0
9 7 2 4 25 25 25 25 1 270
1 7 2 2 623 624 0
9 7 2 4 25 25 25 25 1 271
1 7 2 2 625 626 0
9 7 2 4 25 25 25 25 1 272
1 7 2 2 627 628 0
9 7 2 4 25 25 25 25 1 273
1 7 2 2 629 630 0
9 7 2 4 25 25 25 25 1 274
1 7 2 2 631 632 0
9 7 2 4 25 25 25 25 1 275
1 7 2 2 633 634 0
9 7 2 4 25 25 25 25 1 276
1 7 2 2 635 636 0
9 7 2 4 25 25 25 25 1 277
1 7 2 2 637 638 0
9 7 2 4 25 25 25 25 1 278
1 7 2 2 639 640 0
9 7 2 4 25 25 25 25 1 279
1 7 2 2 641 642 0
9 7 2 4 25 25 25 25 1 280
1 7 2 2 643 644 0
9 7 2 4 25 25 25 25 1 281
1 7 2 2 645 646 0
9 7 2 4 25 25 25 25 1 282
1 7 2 2 647 648 0
9 7 2 4 25 25 25 25 1 283
1 7 2 2 649 650 0
9 7 2 4 25 25 25 25 1 284
1 7 2 2 651 652 0
9 7 2 4 25 25 25 25 1 285
1 7 2 2 653 654 0
9 7 2 4 25 25 25 25 1 286
1 7 2 2 655 656 0
9 7 2 4 25 25 25 25 1 287
1 7 2 2 657 658 0
9 7 2 4 25 25 25 25 1 288
1 7 2 2 659 660 0
9 7 2 4 25 25 25 25 1 289
1 7 2 2 661 662 0
9 7 2 4 25 25 25 25 1 290
1 7 2 2 663 664 0
9 7 2 4 25 25 25 25 1 291
1 7 2 2 665 666 0
9 7 2 4 25 25 25 25 1 292
1 7 2 2 667 668 0
9 7 2 4 25 25 25 25 1 293
1 7 2 2 669 670 0
9 7 2 4 25 25 25 25 1 294
1 7 2 2 671 672 0
9 7 2 4 25 25 25 25 1 295
1 7 2 2 673 674 0
9 7 2 4 25 25 25 25 1 296
1 7 2 2 675 676 0
9 7 2 4 25 25 25 25 1 297
1 7 2 2 677 678 0
9 7 2 4 25 25 25 25 1 298
1 7 2 2 679 680 0
9 7 2 4 25 25 25 25 1 299
1 7 2 2 681 682 0
9 7 2 4 25 25 25 25 1 300
1 7 2 2 683 684 0
9 7 2 4 25 25 25 25 1 301
1 7 2 2 685 686 0
9 7 2 4 25 25 25 25 1 302
1 7 2 2 687 688 0
9 7 2 4 25 25 25 25 1 303
1 7 2 2 689 690 0
9 7 2 4 25 25 25 25 1 304
1 7 2 2 691 692 0
9 7 2 4 25 25 25 25 1 305
1 7 2 2 693 694 0
9 7 2 4 25 25 25 25 1 306
1 7 2 2 695 696 0
9 7 2 4 25 25 25 25 1 307
1 7 2 2 697 698 0
9 7 2 4 25 25 25 25 1 308
1 7 2 2 699 700 0
9 7 2 4 25 25 25 25 1 309
1 7 2 2 701 702 0
9 7 2 4 25 25 25 25 1 310
1 7 2 2 703 704 0
9 7 2 4 25 25 25 25 1 311
1 7 2 2 705 706 0
9 7 2 4 25 25 25 25 1 312
1 7 2 2 707 708 0
9 7 2 4 25 25 25 25 1 313
1 7 2 2 709 710 0
9 7 2 4 25 25 25 25 1 314
1 7 2 2 711 712 0
9 7 2 4 25 25 25 25 1 315
1 7 2 2 713 714 0
9 7 2 4 25 25 25 25 1 316
1 7 2 2 715 716 0
9 7 2 4 25 25 25 25 1 317
1 7 2 2 717 718 0
9 7 2 4 25 25 25 25 1 318
1 7 2 2 719 720 0
9 7 2 4 25 25 25 25 1 319
1 7 2 2 721 722 0
9 7 2 4 25 25 25 25 1 320
1 7 2 2 723 724 0
9 7 2 4 25 25 25 25 1 321
1 7 2 2 725 726 0
9 7 2 4 25 25 25 25 1 322
1 7 2 2 727 728 0
9 7 2 4 25 25 25 25 1 323
1 7 2 2 729 730 0
9 7 2 4 25 25 25 25 1 324
1 7 2 2 731 732 0
9 7 2 4 25 25 25 25 1 325
1 7 2 2 733 734 0
9 7 2 4 25 25 25 25 1 326
1 7 2 2 735 736 0
9 7 2 4 25 25 25 25 1 327
1 7 2 2 737 738 0
9 7 2 4 25 25 25 25 1 328
1 7 2 2 739 740 0
9 7 2 4 25 25 25 25 1 329
1 7 2 2 741 742 0
9 7 2 4 25 25 25 25 1 330
1 7 2 2 743 744 0
9 7 2 4 25 25 25 25 1 331
1 7 2 2 745 746 0
9 7 2 4 25 25 25 25 1 332
1 7 2 2 747 748 0
9 7 2 4 25 25 25 25 1 333
1 7 2 2 749 750 0
9 7 2 4 25 25 25 25 1 334
1 7 2 2 751 752 0
9 7 2 4 25 25 25 25 1 335
1 7 2 2 753 754 0
9 7 2 4 25 25 25 25 1 336
1 7 2 2 755 756 0
9 7 2 4 25 25 25 25 1 337
1 7 2 2 757 758 0
9 7 2 4 25 25 25 25 1 338
1 7 2 2 759 760 0
9 7 2 4 25 25 25 25 1 339
1 7 2 2 761 762 0
9 7 2 4 25 25 25 25 1 340
1 7 2 2 763 764 0
9 7 2 4 25 25 25 25 1 341
1 7 2 2 765 766 0
9 7 2 4 25 25 25 25 1 342
1 7 2 2 767 768 0
9 7 2 4 25 25 25 25 1 343
1 7 2 2 769 770 0
9 7 2 4 25 25 25 25 1 344
1 7 2 2 771 772 0
9 7 2 4 25 25 25 25 1 345
1 7 2 2 773 774 0
9 7 2 4 25 25 25 25 1 346
1 7 2 2 775 776 0
9 7 2 4 25 25 25 25 1 347
1 7 2 2 777 778 0
9 7 2 4 25 25 25 25 1 348
1 7 2 2 779 780 0
9 7 2 4 25 25 25 25 1 349
1 7 2 2 781 782 0
9 7 2 4 25 25 25 25 1 350
1 7 2 2 783 784 0
9 7 2 4 25 25 25 25 1 351
1 7 2 2 785 786 0
9 7 2 4 25 25 25 25 1 352
1 7 2 2 787 788 0
9 7 2 4 25 25 25 25 1 353
1 7 2 2 789 790 0
9 7 2 4 25 25 25 25 1 354
1 7 2 2 791 792 0
9 7 2 4 25 25 25 25 1 355
1 7 2 2 793 794 0
9 7 2 4 25 25 25 25 1 356
1 7 2 2 795 796 0
9 7 2 4 25 25 25 25 1 357
1 7 2 2 797 798 0
9 7 2 4 25 25 25 25 1 358
1 7 2 2 799 800 0
9 7 2 4 25 25 25 25 1 359
1 7 2 2 801 802 0
9 7 2 4 25 25 25 25 1 360
1 7 2 2 803 804 0
9 7 2 4 25 25 25 25 1 361
1 7 2 2 805 806 0
9 7 2 4 25 25 25 25 1 362
1 7 2 2 807 808 0
9 7 2 4 25 25 25 25 1 363
1 7 2 2 809 810 0
9 7 2 4 25 25 25 25 1 364
1 7 2 2 811 812 0
9 7 2 4 25 25 25 25 1 365
1 7 2 2 813 814 0
9 7 2 4 25 25 25 25 1 366
1 7 2 2 815 816 0
9 7 2 4 25 25 25 25 1 367
1 7 2 2 817 818 0
9 7 2 4 25 25 25 25 1 368
1 7 2 2 819 820 0
9 7 2 4 25 25 25 25 1 369
1 7 2 2 821 822 0
9 7 2 4 25 25 25 25 1 370
1 7 2 2 823 824 0
9 7 2 4 25 25 25 25 1 371
1 7 2 2 825 826 0
9 7 2 4 25 25 25 25 1 372
1 7 2 2 827 828 0
9 7 2 4 25 25 25 25 1 373
1 7 2 2 829 830 0
9 7 2 4 25 25 25 25 1 374
1 7 2 2 831 832 0
9 7 2 4 25 25 25 25 1 375
1 7 2 2 833 834 0
9 7 2 4 25 25 25 25 1 376
1 7 2 2 835 836 0
9 7 2 4 25 25 25 25 1 377
1 7 2 2 837 838 0
9 7 2 4 25 25 25 25 1 378
1 7 2 2 839 840 0
9 7 2 4 25 25 25 25 1 379
1 7 2 2 841 842 0
9 7 2 4 25 25 25 25 1 380
1 7 2 2 843 844 0
9 7 2 4 25 25 25 25 1 381
1 7 2 2 845 846 0
9 7 2 4 25 25 25 25 1 382
1 7 2 2 847 848 0
9 7 2 4 25 25 25 25 1 383
1 7 2 2 849 850 0
9 7 2 4 25 25 25 25 1 384
1 7 2 2 851 852 0
9 7 2 4 25 25 25 25 1 385
1 7 2 2 853 854 0
9 7 2 4 25 25 25 25 1 386
1 7 2 2 855 856 0
9 7 2 4 25 25 25 25 1 387
1 7 2 2 857 858 0
9 7 2 4 25 25 25 25 1 388
1 7 2 2 859 860 0
9 7 2 4 25 25 25 25 1 389
1 7 2 2 861 862 0
9 7 2 4 25 25 25 25 1 390
1 7 2 2 863 864 0
9 7 2 4 25 25 25 25 1 391
1 7 2 2 865 866 0
9 7 2 4 25 25 25 25 1 392
1 7 2 2 867 868 0
9 7 2 4 25 25 25 25 1 393
1 7 2 2 869 870 0
9 7 2 4 25 25 25 25 1 394
1 7 2 2 871 872 0
9 7 2 4 25 25 25 25 1 395
1 7 2 2 873 874 0
9 7 2 4 25 25 25 25 1 396
1 7 2 2 875 876 0
9 7 2 4 25 25 25 25 1 397
1 7 2 2 877 878 0
9 7 2 4 25 25 25 25 1 398
1 7 2 2 879 880 0
9 7 2 4 25 25 25 25 1 399
1 7 2 2 881 882 0
9 7 2 4 25 25 25 25 1 400
1 7 2 2 883 884 0
9 7 2 4 25 25 25 25 1 401
1 7 2 2 885 886 0
9 7 2 4 25 25 25 25 1 402
1 7 2 2 887 888 0
9 7 2 4 25 25 25 25 1 403
1 7 2 2 889 890 0
9 7 2 4 25 25 25 25 1 404
1 7 2 2 891 892 0
9 7 2 4 25 25 25 25 1 405
1 7 2 2 893 894 0
9 7 2 4 25 25 25 25 1 406
1 7 2 2 895 896 0
9 7 2 4 25 25 25 25 1 407
1 7 2 2 897 898 0
9 7 2 4 25 25 25 25 1 408
1 7 2 2 899 900 0
9 7 2 4 25 25 25 25 1 409
1 7 2 2 901 902 0
9 7 2 4 25 25 25 25 1 410
1 7 2 2 903 904 0
9 7 2 4 25 25 25 25 1 411
1 7 2 2 905 906 0
9 7 2 4 25 25 25 25 1 412
1 7 2 2 907 908 0
9 7 2 4 25 25 25 25 1 413
1 7 2 2 909 910 0
9 7 2 4 25 25 25 25 1 414
1 7 2 2 911 912 0
9 7 2 4 25 25 25 25 1 415
1 7 2 2 913 914 0
9 7 2 4 25 25 25 25 1 416
1 7 2 2 915 916 0
9 7 2 4 25 25 25 25 1 417
1 7 2 2 917 918 0
9 7 2 4 25 25 25 25 1 418
1 7 2 2 919 920 0
9 7 2 4 25 25 25 25 1 419
1 7 2 2 921 922 0
9 7 2 4 25 25 25 25 1 420
1 7 2 2 923 924 0
9 7 2 4 25 25 25 25 1 421
1 7 2 2 925 926 0
9 7 2 4 25 25 25 25 1 422
1 7 2 2 927 928 0
9 7 2 4 25 25 25 25 1 423
1 7 2 2 929 930 0
9 7 2 4 25 25 25 25 1 424
1 7 2 2 931 932 0
9 7 2 4 25 25 25 25 1 425
1 7 2 2 933 934 0
9 7 2 4 25 25 25 25 1 426
1 7 2 2 935 936 0
9 7 2 4 25 25 25 25 1 427
1 7 2 2 937 938 0
9 7 2 4 25 25 25 25 1 428
1 7 2 2 939 940 0
9 7 2 4 25 25 25 25 1 429
1 7 2 2 941 942 0
9 7 2 4 25 25 25 25 1 430
1 7 2 2 943 944 0
9 7 2 4 25 25 25 25 1 431
1 7 2 2 945 946 0
9 7 2 4 25 25 25 25 1 432
1 7 2 2 947 948 0
9 7 2 4 25 25 25 25 1 433
1 7 2 2 949 950 0
9 7 2 4 25 25 25 25 1 434
1 7 2 2 951 952 0
9 7 2 4 25 25 25 25 1 435
1 7 2 2 953 954 0
9 7 2 4 25 25 25 25 1 436
1 7 2 2 955 956 0
9 7 2 4 25 25 25 25 1 437
1 7 2 2 957 958 0
9 7 2 4 25 25 25 25 1 438
1 7 2 2 959 960 0
9 7 2 4 25 25 25 25 1 439
1 7 2 2 961 962 0
9 7 2 4 25 25 25 25 1 440
1 7 2 2 963 964 0
9 7 2 4 25 25 25 25 1 441
1 7 2 2 965 966 0
9 7 2 4 25 25 25 25 1 442
1 7 2 2 967 968 0
9 7 2 4 25 25 25 25 1 443
1 7 2 2 969 970 0
9 7 2 4 25 25 25 25 1 444
1 7 2 2 971 972 0
9 7 2 4 25 25 25 25 1 445
1 7 2 2 973 974 0
9 7 2 4 25 25 25 25 1 446
1 7 2 2 975 976 0
9 7 2 4 25 25 25 25 1 447
1 7 2 2 977 978 0
9 7 2 4 25 25 25 25 1 448
1 7 2 2 979 980 0
9 7 2 4 25 25 25 25 1 449
1 7 2 2 981 982 0
9 7 2 4 25 25 25 25 1 450
1 7 2 2 983 984 0
9 7 2 4 25 25 25 25 1 451
1 7 2 2 985 986 0
9 7 2 4 25 25 25 25 1 452
1 7 2 2 987 988 0
9 7 2 4 25 25 25 25 1 453
1 7 2 2 989 990 0
9 7 2 4 25 25 25 25 1 454
1 7 2 2 991 992 0
9 7 2 4 25 25 25 25 1 455
1 7 2 2 993 994 0
9 7 2 4 25 25 25 25 1 456
1 7 2 2 995 996 0
9 7 2 4 25 25 25 25 1 457
1 7 2 2 997 998 0
9 7 2 4 25 25 25 25 1 458
1 7 2 2 999 1000 0
9 7 2 4 25 25 25 25 1 459
1 7 2 2 1001 1002 0
9 7 2 4 25 25 25 25 1 460
1 7 2 2 1003 1004 0
9 7 2 4 25 25 25 25 1 461
1 7 2 2 1005 1006 0
9 7 2 4 25 25 25 25 1 462
1 7 2 2 1007 1008 0
9 7 2 4 25 25 25 25 1 463
1 7 2 2 1009 1010 0
9 7 2 4 25 25 25 25 1 464
1 7 2 2 1011 1012 0
9 7 2 4 25 25 25 25 1 465
1 7 2 2 1013 1014 0
9 7 2 4 25 25 25 25 1 466
1 7 2 2 1015 1016 0
9 7 2 4 25 25 25 25 1 467
1 7 2 2 1017 1018 0
9 7 2 4 25 25 25 25 1 468
1 7 2 2 1019 1020 0
9 7 2 4 25 25 25 25 1 469
1 7 2 2 1021 1022 0
9 7 2 4 25 25 25 25 1 470
1 7 2 2 1023 1024 0
9 7 2 4 25 25 25 25 1 471
1 7 2 2 1025 1026 0
9 7 2 4 25 25 25 25 1 472
1 7 2 2 1027 1028 0
9 7 2 4 25 25 25 25 1 473
1 7 2 2 1029 1030 0
9 7 2 4 25 25 25 25 1 474
1 7 2 2 1031 1032 0
9 7 2 4 25 25 25 25 1 475
1 7 2 2 1033 1034 0
9 7 2 4 25 25 25 25 1 476
1 7 2 2 1035 1036 0
9 7 2 4 25 25 25 25 1 477
1 7 2 2 1037 1038 0
9 7 2 4 25 25 25 25 1 478
1 7 2 2 1039 1040 0
9 7 2 4 25 25 25 25 1 479
1 7 2 2 1041 1042 0
9 7 2 4 25 25 25 25 1 480
1 7 2 2 1043 1044 0
9 7 2 4 25 25 25 25 1 481
1 7 2 2 1045 1046 0
9 7 2 4 25 25 25 25 1 482
1 7 2 2 1047 1048 0
9 7 2 4 25 25 25 25 1 483
1 7 2 2 1049 1050 0
9 7 2 4 25 25 25 25 1 484
1 7 2 2 1051 1052 0
9 7 2 4 25 25 25 25 1 485
1 7 2 2 1053 1054 0
9 7 2 4 25 25 25 25 1 486
1 7 2 2 1055 1056 0
9 7 2 4 25 25 25 25 1 487
1 7 2 2 1057 1058 0
9 7 2 4 25 25 25 25 1 488
1 7 2 2 1059 1060 0
9 7 2 4 25 25 25 25 1 489
1 7 2 2 1061 1062 0
9 7 2 4 25 25 25 25 1 490
1 7 2 2 1063 1064 0
9 7 2 4 25 25 25 25 1 491
1 7 2 2 1065 1066 0
9 7 2 4 25 25 25 25 1 492
1 7 2 2 1067 1068 0
9 7 2 4 25 25 25 25 1 493
1 7 2 2 1069 1070 0
9 7 2 4 25 25 25 25 1 494
1 7 2 2 1071 1072 0
9 7 2 4 25 25 25 25 1 495
1 7 2 2 1073 1074 0
9 7 2 4 25 25 25 25 1 496
1 7 2 2 1075 1076 0
9 7 2 4 25 25 25 25 1 497
1 7 2 2 1077 1078 0
9 7 2 4 25 25 25 25 1 498
1 7 2 2 1079 1080 0
9 7 2 4 25 25 25 25 1 499
1 7 2 2 1081 1082 0
9 7 2 4 25 25 25 25 1 500
1 7 2 2 1083 1084 0
9 7 2 4 25 25 25 25 1 501
1 7 2 2 1085 1086 0
9 7 2 4 25 25 25 25 1 502
1 7 2 2 1087 1088 0
9 7 2 4 25 25 25 25 1 503
1 7 2 2 1089 1090 0
9 7 2 4 25 25 25 25 1 504
1 7 2 2 1091 1092 0
9 7 2 4 25 25 25 25 1 505
1 7 2 2 1093 1094 0
9 7 2 4 25 25 25 25 1 506
1 7 2 2 1095 1096 0
1 7 2 2 191 1097 0
8 7 2 3 146 150 -1 3 507 0 0
1 7 2 2 1098 1099 0
8 7 2 3 146 186 -1 3 507 0 0
1 7 2 2 1100 1101 0
8 7 2 3 150 186 -1 3 507 0 0
1 7 2 2 1102 1103 0
9 7 2 4 2 2 185 185 1 508
1 7 2 2 1104 1105 0
8 2 2 3 1 2 -1 3 40 0 0
8 7 2 3 1107 185 -1 3 46 0 0
1 7 2 2 1106 1108 0
8 7 2 3 2 146 -1 3 51 0 0
1 7 2 2 1109 1110 0
8 7 2 3 4 190 -1 3 46 0 0
1 7 2 2 1111 1112 0
1 7 2 2 182 1113 0
4 7 2 1 84 0
4 7 2 1 82 0
4 7 2 1 83 0
1 7 2 2 1114 1115 0
8 7 2 3 25 161 -1 3 509 0 0
1 7 2 2 1118 1119 0
2 1
1 2 0 1 2 1 2
2 1
1 2 0 1 3 1 2 3
2 1
1 3 0 1 2 3 2 3 4
2 2
1 3 0 3 4 4 0 1 2 3
1 3 0 1 4 4 1 2 3 4
2 1
1 3 0 1 2 3 2 3 4
2 1
1 4 0 1 2 3 3 3 4 5
2 2
1 3 0 2 3 3 0 1 2
1 3 0 1 3 3 1 2 3
2 2
1 3 0 1 2 4 0 1 2 3
1 3 0 2 3 4 0 1 2 3
2 1
1 4 0 1 2 3 4 3 4 5 6
2 1
1 2 0 1 4 1 2 3 4
2 1
1 5 0 1 2 3 4 3 4 5 6
2 3
1 4 0 1 2 3 2 0 1
1 4 0 1 2 3 2 1 2
1 4 0 1 2 3 2 2 3
4 2
1 3 0 2 3 3 0 1 2 4 2 3 4 5 4 3 4 5 6
1 3 0 2 3 3 0 1 2 4 2 3 5 6 4 3 4 5 6
2 1
1 4 0 1 2 3 3 3 4 5
2 1
1 3 0 1 2 4 2 3 4 5
2 3
1 4 0 2 3 4 3 0 1 2
1 4 0 1 3 4 3 1 2 3
1 4 0 1 2 4 3 2 3 4
2 9
1 5 0 1 2 3 4 5 0 1 4 5 6
1 5 0 2 3 4 5 5 0 1 2 5 6
1 5 0 3 4 5 6 5 0 1 2 3 6
1 5 0 1 2 3 4 5 1 2 4 5 6
1 5 0 1 3 4 5 5 1 2 3 5 6
1 5 0 1 4 5 6 5 1 2 3 4 6
1 5 0 1 2 3 4 5 2 3 4 5 6
1 5 0 1 2 4 5 5 2 3 4 5 6
1 5 0 1 2 5 6 5 2 3 4 5 6
2 9
1 5 0 1 2 5 6 6 0 1 2 3 4 5
1 5 0 1 2 3 6 6 0 1 3 4 5 6
1 5 0 2 3 5 6 6 0 1 2 3 4 5
1 5 0 2 3 4 6 6 0 1 2 4 5 6
1 5 0 3 4 5 6 6 0 1 2 3 4 5
1 5 0 3 4 5 6 6 0 1 2 3 5 6
1 5 0 1 2 3 6 6 1 2 3 4 5 6
1 5 0 1 3 4 6 6 1 2 3 4 5 6
1 5 0 1 4 5 6 6 1 2 3 4 5 6
2 9
1 6 0 1 2 3 4 5 6 0 1 2 3 5 6
1 6 0 1 2 4 5 6 6 0 1 2 3 4 6
1 6 0 1 2 3 4 5 6 0 1 3 4 5 6
1 6 0 1 2 3 5 6 6 0 1 3 4 5 6
1 6 0 2 3 4 5 6 6 0 1 2 3 4 6
1 6 0 2 3 4 5 6 6 0 1 2 4 5 6
1 6 0 1 2 3 4 5 6 1 2 3 4 5 6
1 6 0 1 2 3 5 6 6 1 2 3 4 5 6
1 6 0 1 3 4 5 6 6 1 2 3 4 5 6
2 3
1 4 0 3 4 5 4 0 1 2 3
1 4 0 1 4 5 4 1 2 3 4
1 4 0 1 2 5 4 2 3 4 5
2 6
1 4 0 1 2 3 5 0 1 3 4 5
1 4 0 2 3 4 5 0 1 2 4 5
1 4 0 3 4 5 5 0 1 2 3 5
1 4 0 1 2 3 5 1 2 3 4 5
1 4 0 1 3 4 5 1 2 3 4 5
1 4 0 1 4 5 5 1 2 3 4 5
2 5
1 6 0 2 3 4 5 6 3 0 1 2
1 6 0 1 3 4 5 6 3 1 2 3
1 6 0 1 2 4 5 6 3 2 3 4
1 6 0 1 2 3 5 6 3 3 4 5
1 6 0 1 2 3 4 6 3 4 5 6
2 2
1 3 0 3 4 4 0 1 2 3
1 3 0 1 4 4 1 2 3 4
2 3
1 4 0 4 5 6 5 0 1 2 3 4
1 4 0 1 5 6 5 1 2 3 4 5
1 4 0 1 2 6 5 2 3 4 5 6
2 4
1 4 0 1 2 3 4 0 1 3 4
1 4 0 2 3 4 4 0 1 2 4
1 4 0 1 2 3 4 1 2 3 4
1 4 0 1 3 4 4 1 2 3 4
2 2
1 4 0 1 2 4 5 0 1 2 3 4
1 4 0 2 3 4 5 0 1 2 3 4
2 4
1 5 0 3 4 5 6 4 0 1 2 3
1 5 0 1 4 5 6 4 1 2 3 4
1 5 0 1 2 5 6 4 2 3 4 5
1 5 0 1 2 3 6 4 3 4 5 6
2 1
1 3 0 1 2 4 2 3 4 5
2 3
1 4 0 3 4 5 4 0 1 2 3
1 4 0 1 4 5 4 1 2 3 4
1 4 0 1 2 5 4 2 3 4 5
2 1
1 6 0 1 2 3 4 5 3 5 6 7
2 1
1 4 0 1 2 3 5 3 4 5 6 7
2 18
1 6 0 1 2 5 6 7 6 0 1 2 3 4 5
1 6 0 1 2 3 6 7 6 0 1 3 4 5 6
1 6 0 1 2 3 4 7 6 0 1 4 5 6 7
1 6 0 2 3 5 6 7 6 0 1 2 3 4 5
-1 6 0 2 3 4 6 7 6 0 1 2 4 5 6
1 6 0 2 3 4 5 7 6 0 1 2 5 6 7
1 6 0 3 4 5 6 7 6 0 1 2 3 4 5
1 6 0 3 4 5 6 7 6 0 1 2 3 5 6
1 6 0 3 4 5 6 7 6 0 1 2 3 6 7
1 6 0 1 2 3 6 7 6 1 2 3 4 5 6
1 6 0 1 2 3 4 7 6 1 2 4 5 6 7
1 6 0 1 3 4 6 7 6 1 2 3 4 5 6
-1 6 0 1 3 4 5 7 6 1 2 3 5 6 7
1 6 0 1 4 5 6 7 6 1 2 3 4 5 6
1 6 0 1 4 5 6 7 6 1 2 3 4 6 7
1 6 0 1 2 3 4 7 6 2 3 4 5 6 7
1 6 0 1 2 4 5 7 6 2 3 4 5 6 7
1 6 0 1 2 5 6 7 6 2 3 4 5 6 7
2 1
1 3 0 1 2 6 2 3 4 5 6 7
2 1
1 2 0 1 7 1 2 3 4 5 6 7
2 1
1 2 0 1 3 1 2 3
2 1
1 2 0 1 5 1 2 3 4 5
4 1
1 3 0 2 3 3 0 1 2 3 2 3 5 3 3 4 5
2 1
1 2 0 2 3 0 1 2
2 6
1 5 0 1 2 4 5 5 0 1 2 3 4
1 5 0 1 2 3 5 5 0 1 3 4 5
1 5 0 2 3 4 5 5 0 1 2 3 4
1 5 0 2 3 4 5 5 0 1 2 4 5
1 5 0 1 2 3 5 5 1 2 3 4 5
1 5 0 1 3 4 5 5 1 2 3 4 5
2 1
1 5 0 1 2 3 4 5 0 1 2 3 4
2 2
1 3 0 1 2 2 0 1
1 3 0 1 2 2 1 2
2 1
1 3 0 1 2 5 2 3 4 5 6
2 3
1 5 0 1 2 3 4 6 0 1 2 3 4 5
1 5 0 1 2 4 5 6 0 1 2 3 4 5
1 5 0 2 3 4 5 6 0 1 2 3 4 5
2 1
1 2 0 1 6 1 2 3 4 5 6
2 18
1 6 0 1 2 5 6 7 6 0 1 2 3 4 5
1 6 0 1 2 3 6 7 6 0 1 3 4 5 6
1 6 0 1 2 3 4 7 6 0 1 4 5 6 7
1 6 0 2 3 5 6 7 6 0 1 2 3 4 5
1 6 0 2 3 4 6 7 6 0 1 2 4 5 6
1 6 0 2 3 4 5 7 6 0 1 2 5 6 7
1 6 0 3 4 5 6 7 6 0 1 2 3 4 5
1 6 0 3 4 5 6 7 6 0 1 2 3 5 6
1 6 0 3 4 5 6 7 6 0 1 2 3 6 7
1 6 0 1 2 3 6 7 6 1 2 3 4 5 6
1 6 0 1 2 3 4 7 6 1 2 4 5 6 7
1 6 0 1 3 4 6 7 6 1 2 3 4 5 6
1 6 0 1 3 4 5 7 6 1 2 3 5 6 7
1 6 0 1 4 5 6 7 6 1 2 3 4 5 6
1 6 0 1 4 5 6 7 6 1 2 3 4 6 7
1 6 0 1 2 3 4 7 6 2 3 4 5 6 7
1 6 0 1 2 4 5 7 6 2 3 4 5 6 7
1 6 0 1 2 5 6 7 6 2 3 4 5 6 7
2 18
1 7 0 1 2 3 4 5 6 6 0 1 2 3 6 7
1 7 0 1 2 4 5 6 7 6 0 1 2 3 4 7
1 7 0 1 2 3 4 5 6 6 0 1 3 4 6 7
1 7 0 1 2 3 5 6 7 6 0 1 3 4 5 7
1 7 0 1 2 3 4 5 6 6 0 1 4 5 6 7
1 7 0 1 2 3 4 6 7 6 0 1 4 5 6 7
1 7 0 2 3 4 5 6 7 6 0 1 2 3 4 7
1 7 0 2 3 4 5 6 7 6 0 1 2 4 5 7
1 7 0 2 3 4 5 6 7 6 0 1 2 5 6 7
1 7 0 1 2 3 4 5 6 6 1 2 3 4 6 7
1 7 0 1 2 3 5 6 7 6 1 2 3 4 5 7
1 7 0 1 2 3 4 5 6 6 1 2 4 5 6 7
1 7 0 1 2 3 4 6 7 6 1 2 4 5 6 7
1 7 0 1 3 4 5 6 7 6 1 2 3 4 5 7
1 7 0 1 3 4 5 6 7 6 1 2 3 5 6 7
1 7 0 1 2 3 4 5 6 6 2 3 4 5 6 7
1 7 0 1 2 3 4 6 7 6 2 3 4 5 6 7
1 7 0 1 2 4 5 6 7 6 2 3 4 5 6 7
2 1
1 3 0 1 2 6 2 3 4 5 6 7
2 4
1 5 0 4 5 6 7 5 0 1 2 3 4
1 5 0 1 5 6 7 5 1 2 3 4 5
1 5 0 1 2 6 7 5 2 3 4 5 6
1 5 0 1 2 3 7 5 3 4 5 6 7
2 12
1 6 0 1 2 3 4 5 5 0 1 5 6 7
1 6 0 2 3 4 5 6 5 0 1 2 6 7
1 6 0 3 4 5 6 7 5 0 1 2 3 7
1 6 0 1 2 3 4 5 5 1 2 5 6 7
1 6 0 1 3 4 5 6 5 1 2 3 6 7
1 6 0 1 4 5 6 7 5 1 2 3 4 7
1 6 0 1 2 3 4 5 5 2 3 5 6 7
1 6 0 1 2 4 5 6 5 2 3 4 6 7
1 6 0 1 2 5 6 7 5 2 3 4 5 7
1 6 0 1 2 3 4 5 5 3 4 5 6 7
1 6 0 1 2 3 5 6 5 3 4 5 6 7
1 6 0 1 2 3 6 7 5 3 4 5 6 7
2 12
1 5 0 1 2 3 4 6 0 1 4 5 6 7
1 5 0 2 3 4 5 6 0 1 2 5 6 7
1 5 0 3 4 5 6 6 0 1 2 3 6 7
1 5 0 4 5 6 7 6 0 1 2 3 4 7
1 5 0 1 2 3 4 6 1 2 4 5 6 7
1 5 0 1 3 4 5 6 1 2 3 5 6 7
1 5 0 1 4 5 6 6 1 2 3 4 6 7
1 5 0 1 5 6 7 6 1 2 3 4 5 7
1 5 0 1 2 3 4 6 2 3 4 5 6 7
1 5 0 1 2 4 5 6 2 3 4 5 6 7
1 5 0 1 2 5 6 6 2 3 4 5 6 7
1 5 0 1 2 6 7 6 2 3 4 5 6 7
2 12
1 6 0 1 2 4 5 6 5 0 1 2 3 4
1 6 0 1 2 3 5 6 5 0 1 3 4 5
1 6 0 1 2 3 4 6 5 0 1 4 5 6
1 6 0 2 3 4 5 6 5 0 1 2 3 4
1 6 0 2 3 4 5 6 5 0 1 2 4 5
1 6 0 2 3 4 5 6 5 0 1 2 5 6
1 6 0 1 2 3 5 6 5 1 2 3 4 5
1 6 0 1 2 3 4 6 5 1 2 4 5 6
1 6 0 1 3 4 5 6 5 1 2 3 4 5
1 6 0 1 3 4 5 6 5 1 2 3 5 6
1 6 0 1 2 3 4 6 5 2 3 4 5 6
1 6 0 1 2 4 5 6 5 2 3 4 5 6
2 1
1 2 0 1 7 1 2 3 4 5 6 7
2 1
1 4 0 1 2 3 5 3 4 5 6 7
4 2
1 3 0 2 3 3 0 1 2 5 2 3 4 5 7 5 3 4 5 6 7
1 3 0 2 3 3 0 1 2 5 2 3 5 6 7 5 3 4 5 6 7
4 1
1 5 0 1 2 3 4 5 0 1 2 3 6 5 3 4 5 6 7 5 3 4 5 6 7
4 2
1 5 0 1 2 3 4 5 0 1 2 4 5 5 2 3 5 6 7 5 3 4 5 6 7
1 5 0 1 2 3 4 5 0 1 2 3 4 5 3 4 5 6 7 5 3 4 5 6 7
4 4
1 5 0 1 2 3 4 5 0 1 2 4 5 5 2 3 4 5 6 5 3 4 5 6 7
1 5 0 1 2 3 4 5 0 1 2 4 5 5 2 3 4 6 7 5 3 4 5 6 7
1 5 0 1 2 3 5 5 0 1 2 5 6 5 2 3 5 6 7 5 3 4 5 6 7
1 5 0 1 2 3 4 5 0 1 2 3 5 5 3 4 5 6 7 5 3 4 5 6 7
4 2
1 5 0 1 2 3 7 5 0 1 2 4 5 5 2 3 4 5 7 5 3 4 5 6 7
1 5 0 1 2 3 7 5 0 1 2 5 6 5 2 3 5 6 7 5 3 4 5 6 7
4 3
1 5 0 1 2 3 6 5 0 1 2 5 6 5 2 3 4 5 7 5 3 4 5 6 7
1 5 0 1 2 3 7 5 0 1 2 6 7 5 2 3 4 5 7 5 3 4 5 6 7
1 5 0 1 2 3 7 5 0 1 2 6 7 5 2 3 5 6 7 5 3 4 5 6 7
4 1
1 5 0 1 2 6 7 5 0 1 2 3 5 5 2 3 4 5 6 5 3 4 5 6 7
4 1
1 5 0 1 2 6 7 5 0 1 2 3 6 5 2 3 4 5 6 5 3 4 5 6 7
4 7
1 5 0 1 2 3 4 5 0 1 2 3 4 5 2 4 5 6 7 5 2 3 4 5 7
1 5 0 1 2 3 5 5 0 1 2 3 4 5 2 4 5 6 7 5 2 3 5 6 7
1 5 0 1 2 3 4 5 0 1 2 3 4 5 2 3 4 5 6 5 3 4 5 6 7
1 5 0 1 2 3 4 5 0 1 2 3 4 5 2 3 4 6 7 5 3 4 5 6 7
1 5 0 1 2 4 5 5 0 1 2 4 5 5 2 3 5 6 7 5 3 4 5 6 7
1 5 0 1 2 4 5 5 0 1 2 3 4 5 3 4 5 6 7 5 3 4 5 6 7
1 5 0 2 3 4 5 5 0 1 2 3 4 5 3 4 5 6 7 5 3 4 5 6 7
4 11
1 5 0 1 2 3 5 5 0 1 2 4 5 5 2 3 4 5 6 5 2 3 4 6 7
1 5 0 1 2 3 6 5 0 1 2 5 6 5 2 3 4 6 7 5 2 3 4 5 7
1 5 0 1 2 3 6 5 0 1 2 5 6 5 2 3 4 5 6 5 2 3 5 6 7
1 5 0 1 2 3 7 5 0 1 2 6 7 5 2 3 4 5 7 5 2 3 5 6 7
1 5 0 1 2 4 6 5 0 1 2 5 6 5 2 4 5 6 7 5 2 3 4 5 7
1 5 0 1 2 4 7 5 0 1 2 6 7 5 2 4 5 6 7 5 2 3 4 6 7
1 5 0 1 2 4 6 5 0 1 2 5 6 5 2 3 4 5 6 5 3 4 5 6 7
1 5 0 1 2 4 7 5 0 1 2 6 7 5 2 3 4 5 7 5 3 4 5 6 7
1 5 0 1 2 5 7 5 0 1 2 6 7 5 2 3 5 6 7 5 3 4 5 6 7
1 5 0 1 2 4 6 5 0 1 2 3 6 5 3 4 5 6 7 5 3 4 5 6 7
1 5 0 2 3 4 6 5 0 1 2 3 6 5 3 4 5 6 7 5 3 4 5 6 7
4 7
1 5 0 1 2 3 4 5 0 1 2 5 7 5 2 4 5 6 7 5 2 3 4 5 7
1 5 0 1 2 3 4 5 0 1 2 6 7 5 2 4 5 6 7 5 2 3 5 6 7
1 5 0 1 2 3 4 5 0 1 2 5 7 5 2 3 4 5 6 5 3 4 5 6 7
1 5 0 1 2 3 4 5 0 1 2 6 7 5 2 3 4 6 7 5 3 4 5 6 7
1 5 0 1 2 4 5 5 0 1 2 6 7 5 2 3 5 6 7 5 3 4 5 6 7
1 5 0 1 2 3 4 5 0 1 3 6 7 5 3 4 5 6 7 5 3 4 5 6 7
1 5 0 1 2 3 4 5 1 2 3 6 7 5 3 4 5 6 7 5 3 4 5 6 7
4 3
1 5 0 1 2 3 6 5 0 1 2 6 7 5 2 3 4 5 6 5 2 3 4 5 6
1 5 0 1 2 4 7 5 0 1 2 3 7 5 3 4 5 6 7 5 3 4 5 6 7
1 5 0 2 3 4 7 5 0 1 2 3 7 5 3 4 5 6 7 5 3 4 5 6 7
4 2
1 5 0 1 2 3 4 5 0 1 2 6 7 5 2 4 5 6 7 5 2 3 4 5 6
1 5 0 1 2 3 4 5 0 1 2 3 7 5 3 4 5 6 7 5 3 4 5 6 7
4 5
1 5 0 1 2 3 4 5 0 1 2 4 5 5 2 4 5 6 7 5 2 3 4 5 6
1 5 0 1 2 3 4 5 0 1 2 4 6 5 2 4 5 6 7 5 2 3 4 6 7
1 5 0 1 2 3 4 5 0 1 2 4 5 5 2 3 4 5 7 5 3 4 5 6 7
1 5 0 1 2 3 4 5 0 1 2 5 6 5 2 3 5 6 7 5 3 4 5 6 7
1 5 0 1 2 4 5 5 0 1 2 5 6 5 2 3 5 6 7 5 3 4 5 6 7
4 6
1 5 0 1 2 3 4 5 0 1 2 5 6 5 2 4 5 6 7 5 2 3 4 5 6
1 5 0 1 2 3 4 5 0 1 2 6 7 5 2 4 5 6 7 5 2 3 4 6 7
1 5 0 1 2 3 4 5 0 1 2 5 6 5 2 3 4 5 7 5 3 4 5 6 7
1 5 0 1 2 3 4 5 0 1 2 6 7 5 2 3 4 5 7 5 3 4 5 6 7
1 5 0 1 2 3 4 5 0 1 2 6 7 5 2 3 5 6 7 5 3 4 5 6 7
1 5 0 1 2 4 5 5 0 1 2 6 7 5 2 3 5 6 7 5 3 4 5 6 7
4 6
1 5 0 1 2 3 4 5 0 1 2 3 6 5 2 3 4 6 7 5 2 3 4 5 6
1 5 0 1 2 3 5 5 0 1 2 3 7 5 2 3 4 5 7 5 2 3 5 6 7
1 5 0 1 2 4 5 5 0 1 2 4 6 5 2 4 5 6 7 5 2 3 4 5 6
1 5 0 1 2 4 6 5 0 1 2 4 7 5 2 4 5 6 7 5 2 3 4 6 7
1 5 0 1 2 4 5 5 0 1 2 4 7 5 2 3 4 5 7 5 3 4 5 6 7
1 5 0 1 2 5 6 5 0 1 2 5 7 5 2 3 5 6 7 5 3 4 5 6 7
4 5
1 5 0 1 2 6 7 5 0 1 2 3 6 5 2 3 4 5 6 5 2 3 4 5 7
1 5 0 1 2 6 7 5 0 1 2 3 6 5 2 3 4 5 6 5 2 3 5 6 7
1 5 0 1 2 6 7 5 0 1 2 4 6 5 2 3 4 5 6 5 3 4 5 6 7
1 5 0 1 2 3 7 5 0 1 3 4 7 5 3 4 5 6 7 5 3 4 5 6 7
1 5 0 1 2 3 7 5 1 2 3 4 7 5 3 4 5 6 7 5 3 4 5 6 7
4 9
1 5 0 1 2 3 4 5 0 1 2 3 4 5 2 3 4 5 6 5 2 3 4 6 7
1 5 0 1 2 3 4 5 0 1 2 3 4 5 2 3 5 6 7 5 2 3 4 5 7
1 5 0 1 2 4 5 5 0 1 2 4 5 5 2 3 4 5 6 5 2 3 5 6 7
1 5 0 1 2 4 5 5 0 1 2 4 5 5 2 3 4 6 7 5 2 3 5 6 7
1 5 0 1 2 4 5 5 0 1 2 4 5 5 2 4 5 6 7 5 2 3 4 5 7
1 5 0 1 2 5 6 5 0 1 2 5 6 5 2 4 5 6 7 5 2 3 4 6 7
1 5 0 1 2 4 5 5 0 1 2 4 5 5 2 3 4 5 6 5 3 4 5 6 7
1 5 0 1 2 4 5 5 0 1 2 4 5 5 2 3 4 6 7 5 3 4 5 6 7
1 5 0 1 2 5 6 5 0 1 2 5 6 5 2 3 5 6 7 5 3 4 5 6 7
4 8
1 5 0 1 2 3 4 5 0 1 2 3 4 5 2 3 4 6 7 5 2 3 4 5 6
1 5 0 1 2 3 5 5 0 1 2 3 4 5 2 3 4 5 7 5 2 3 5 6 7
1 5 0 1 2 4 5 5 0 1 2 4 5 5 2 3 4 5 7 5 2 3 5 6 7
1 5 0 1 2 4 5 5 0 1 2 4 5 5 2 4 5 6 7 5 2 3 4 5 6
1 5 0 1 2 4 6 5 0 1 2 4 5 5 2 4 5 6 7 5 2 3 4 6 7
1 5 0 1 2 5 6 5 0 1 2 5 6 5 2 4 5 6 7 5 2 3 4 6 7
1 5 0 1 2 4 5 5 0 1 2 4 5 5 2 3 4 5 7 5 3 4 5 6 7
1 5 0 1 2 5 6 5 0 1 2 5 6 5 2 3 5 6 7 5 3 4 5 6 7
4 11
1 5 0 1 2 4 5 5 0 1 2 4 5 5 2 3 4 5 6 5 2 3 4 6 7
1 5 0 1 2 4 6 5 0 1 2 5 6 5 2 3 4 6 7 5 2 3 4 5 7
1 5 0 1 2 5 6 5 0 1 2 5 6 5 2 3 4 5 6 5 2 3 5 6 7
1 5 0 1 2 5 7 5 0 1 2 6 7 5 2 3 4 5 7 5 2 3 5 6 7
1 5 0 1 2 5 6 5 0 1 2 5 6 5 2 4 5 6 7 5 2 3 4 5 7
1 5 0 1 2 6 7 5 0 1 2 6 7 5 2 4 5 6 7 5 2 3 4 6 7
1 5 0 1 2 5 6 5 0 1 2 5 6 5 2 3 4 5 6 5 3 4 5 6 7
1 5 0 1 2 5 7 5 0 1 2 6 7 5 2 3 4 5 7 5 3 4 5 6 7
1 5 0 1 2 6 7 5 0 1 2 6 7 5 2 3 5 6 7 5 3 4 5 6 7
1 5 0 1 2 5 6 5 0 1 2 3 6 5 3 4 5 6 7 5 3 4 5 6 7
1 5 0 2 3 5 6 5 0 1 2 3 6 5 3 4 5 6 7 5 3 4 5 6 7
4 3
1 5 0 1 2 6 7 5 0 1 2 4 5 5 2 3 4 5 6 5 2 3 4 5 6
1 5 0 1 2 3 7 5 0 1 3 5 6 5 3 4 5 6 7 5 3 4 5 6 7
1 5 0 1 2 3 7 5 1 2 3 5 6 5 3 4 5 6 7 5 3 4 5 6 7
4 16
1 5 0 1 2 4 5 5 0 1 2 3 4 5 2 3 4 6 7 5 2 3 4 5 6
1 5 0 1 2 5 6 5 0 1 2 3 4 5 2 3 4 5 7 5 2 3 4 6 7
1 5 0 1 2 5 6 5 0 1 2 3 4 5 2 3 5 6 7 5 2 3 4 5 6
1 5 0 1 2 6 7 5 0 1 2 3 4 5 2 3 5 6 7 5 2 3 4 5 7
1 5 0 1 2 5 6 5 0 1 2 4 5 5 2 3 4 5 7 5 2 3 5 6 7
1 5 0 1 2 6 7 5 0 1 2 4 5 5 2 3 4 6 7 5 2 3 5 6 7
1 5 0 1 2 5 6 5 0 1 2 4 5 5 2 4 5 6 7 5 2 3 4 5 6
1 5 0 1 2 6 7 5 0 1 2 4 5 5 2 4 5 6 7 5 2 3 4 5 7
1 5 0 1 2 6 7 5 0 1 2 5 6 5 2 4 5 6 7 5 2 3 4 6 7
1 5 0 1 2 5 6 5 0 1 2 4 5 5 2 3 4 5 7 5 3 4 5 6 7
1 5 0 1 2 6 7 5 0 1 2 4 5 5 2 3 4 6 7 5 3 4 5 6 7
1 5 0 1 2 6 7 5 0 1 2 5 6 5 2 3 5 6 7 5 3 4 5 6 7
1 5 0 1 2 6 7 5 0 1 2 3 5 5 3 4 5 6 7 5 3 4 5 6 7
1 5 0 1 2 3 6 5 0 1 3 4 5 5 3 4 5 6 7 5 3 4 5 6 7
1 5 0 2 3 6 7 5 0 1 2 3 5 5 3 4 5 6 7 5 3 4 5 6 7
1 5 0 1 2 3 6 5 1 2 3 4 5 5 3 4 5 6 7 5 3 4 5 6 7
4 2
1 5 0 1 2 6 7 5 0 1 2 6 7 5 2 3 4 6 7 5 2 3 4 5 6
1 5 0 1 2 6 7 5 0 1 2 6 7 5 2 4 5 6 7 5 2 3 4 5 6
4 5
1 5 0 1 2 4 5 5 0 1 2 5 6 5 2 3 4 5 6 5 2 3 4 6 7
1 5 0 1 2 5 6 5 0 1 2 6 7 5 2 3 4 6 7 5 2 3 4 5 7
1 5 0 1 2 5 6 5 0 1 2 6 7 5 2 4 5 6 7 5 2 3 4 5 7
1 5 0 1 2 3 6 5 0 1 3 6 7 5 3 4 5 6 7 5 3 4 5 6 7
1 5 0 1 2 3 6 5 1 2 3 6 7 5 3 4 5 6 7 5 3 4 5 6 7
4 3
1 5 0 1 2 3 4 5 0 1 2 3 4 5 1 2 3 4 5 5 3 4 5 6 7
1 5 0 1 2 3 5 5 0 1 2 3 5 5 1 2 3 5 6 5 3 4 5 6 7
1 5 0 1 2 3 6 5 0 1 2 3 6 5 1 2 3 6 7 5 3 4 5 6 7
4 2
1 5 0 1 2 3 4 5 0 1 2 3 5 5 1 2 4 5 7 5 3 4 5 6 7
1 5 0 1 2 3 5 5 0 1 2 3 6 5 1 2 5 6 7 5 3 4 5 6 7
4 6
1 5 0 1 2 3 4 5 0 1 2 3 4 5 1 2 3 4 7 5 3 4 5 6 7
1 5 0 1 2 4 5 5 0 1 2 3 5 5 1 2 3 5 7 5 3 4 5 6 7
1 5 0 1 2 5 6 5 0 1 2 3 6 5 1 2 3 6 7 5 3 4 5 6 7
1 5 0 1 2 3 4 5 0 1 3 4 5 5 1 2 3 4 7 5 3 4 5 6 7
1 5 0 1 2 3 5 5 0 1 3 5 6 5 1 2 3 5 7 5 3 4 5 6 7
1 5 0 1 2 3 6 5 0 1 3 6 7 5 1 2 3 6 7 5 3 4 5 6 7
4 6
1 5 0 1 2 3 4 5 0 1 2 3 4 5 1 2 3 4 5 5 3 4 5 6 7
1 5 0 1 2 3 4 5 0 1 2 3 5 5 1 2 3 5 6 5 3 4 5 6 7
1 5 0 1 2 3 4 5 0 1 2 3 6 5 1 2 3 6 7 5 3 4 5 6 7
1 5 0 1 2 4 5 5 0 1 2 3 5 5 1 2 3 5 6 5 3 4 5 6 7
1 5 0 1 2 4 5 5 0 1 2 3 6 5 1 2 3 6 7 5 3 4 5 6 7
1 5 0 1 2 5 6 5 0 1 2 3 6 5 1 2 3 6 7 5 3 4 5 6 7
4 3
1 5 0 1 2 3 7 5 0 1 3 4 5 5 1 2 3 4 5 5 3 4 5 6 7
1 5 0 1 2 3 7 5 0 1 3 5 6 5 1 2 3 5 6 5 3 4 5 6 7
1 5 0 1 2 3 7 5 0 1 3 6 7 5 1 2 3 6 7 5 3 4 5 6 7
4 3
1 5 0 1 2 5 6 5 0 1 2 3 4 5 1 2 3 4 5 5 3 4 5 6 7
1 5 0 1 2 6 7 5 0 1 2 3 4 5 1 2 3 4 5 5 3 4 5 6 7
1 5 0 1 2 6 7 5 0 1 2 3 5 5 1 2 3 5 6 5 3 4 5 6 7
4 3
1 5 0 1 2 3 7 5 0 1 3 4 5 5 1 2 3 5 6 5 3 4 5 6 7
1 5 0 1 2 3 7 5 0 1 3 4 5 5 1 2 3 6 7 5 3 4 5 6 7
1 5 0 1 2 3 7 5 0 1 3 5 6 5 1 2 3 6 7 5 3 4 5 6 7
4 6
1 5 0 1 2 4 5 5 0 1 2 3 5 5 1 2 3 4 5 5 3 4 5 6 7
1 5 0 1 2 5 6 5 0 1 2 3 6 5 1 2 3 5 6 5 3 4 5 6 7
1 5 0 1 2 6 7 5 0 1 2 3 7 5 1 2 3 6 7 5 3 4 5 6 7
1 5 0 1 2 3 4 5 0 1 3 4 5 5 1 2 3 4 5 5 3 4 5 6 7
1 5 0 1 2 3 5 5 0 1 3 5 6 5 1 2 3 5 6 5 3 4 5 6 7
1 5 0 1 2 3 6 5 0 1 3 6 7 5 1 2 3 6 7 5 3 4 5 6 7
4 6
1 5 0 1 2 4 5 5 0 1 2 3 4 5 1 2 3 4 5 5 3 4 5 6 7
1 5 0 1 2 5 6 5 0 1 2 3 5 5 1 2 3 5 6 5 3 4 5 6 7
1 5 0 1 2 6 7 5 0 1 2 3 6 5 1 2 3 6 7 5 3 4 5 6 7
1 5 0 1 2 3 5 5 0 1 3 4 5 5 1 2 3 4 5 5 3 4 5 6 7
1 5 0 1 2 3 6 5 0 1 3 5 6 5 1 2 3 5 6 5 3 4 5 6 7
1 5 0 1 2 3 7 5 0 1 3 6 7 5 1 2 3 6 7 5 3 4 5 6 7
4 3
1 5 0 1 2 5 6 5 0 1 2 3 7 5 1 2 3 4 5 5 3 4 5 6 7
1 5 0 1 2 6 7 5 0 1 2 3 7 5 1 2 3 4 5 5 3 4 5 6 7
1 5 0 1 2 6 7 5 0 1 2 3 7 5 1 2 3 5 6 5 3 4 5 6 7
4 6
1 5 0 1 2 3 6 5 0 1 2 3 4 5 1 2 4 5 6 5 2 3 4 6 7
1 5 0 1 2 3 7 5 0 1 2 3 4 5 1 2 5 6 7 5 2 3 4 5 7
1 5 0 1 2 4 7 5 0 1 2 4 5 5 1 2 5 6 7 5 2 3 4 5 7
1 5 0 1 3 4 6 5 0 1 3 4 5 5 1 2 3 5 6 5 3 4 5 6 7
1 5 0 1 3 4 7 5 0 1 3 4 5 5 1 2 3 6 7 5 3 4 5 6 7
1 5 0 1 3 5 7 5 0 1 3 5 6 5 1 2 3 6 7 5 3 4 5 6 7
4 6
1 5 0 1 2 3 4 5 0 1 2 4 7 5 1 2 4 5 6 5 2 3 4 6 7
1 5 0 1 2 3 4 5 0 1 2 4 7 5 1 2 5 6 7 5 2 3 4 5 7
1 5 0 1 2 4 5 5 0 1 2 5 7 5 1 2 5 6 7 5 2 3 4 5 7
1 5 0 1 3 4 5 5 0 1 3 5 7 5 1 2 3 5 6 5 3 4 5 6 7
1 5 0 1 3 4 5 5 0 1 3 5 7 5 1 2 3 6 7 5 3 4 5 6 7
1 5 0 1 3 5 6 5 0 1 3 6 7 5 1 2 3 6 7 5 3 4 5 6 7
4 6
1 5 0 1 2 3 5 5 0 1 2 5 6 5 1 2 3 4 5 5 2 3 5 6 7
1 5 0 1 2 3 5 5 0 1 2 6 7 5 1 2 3 4 5 5 2 3 5 6 7
1 5 0 1 2 4 6 5 0 1 2 6 7 5 1 2 4 5 6 5 2 3 4 6 7
1 5 0 1 3 4 5 5 0 1 3 5 6 5 1 2 3 4 5 5 3 4 5 6 7
1 5 0 1 3 4 5 5 0 1 3 6 7 5 1 2 3 4 5 5 3 4 5 6 7
1 5 0 1 3 5 6 5 0 1 3 6 7 5 1 2 3 5 6 5 3 4 5 6 7
4 8
1 5 0 1 2 3 4 5 0 1 2 4 5 5 1 2 4 5 7 5 2 3 5 6 7
1 5 0 1 2 4 5 5 0 1 2 5 6 5 1 2 5 6 7 5 2 3 4 6 7
1 5 0 1 2 3 4 5 0 1 3 4 5 5 1 2 4 5 7 5 3 4 5 6 7
1 5 0 1 2 3 5 5 0 1 3 5 6 5 1 2 5 6 7 5 3 4 5 6 7
1 5 0 1 2 3 4 5 0 1 3 4 5 5 2 3 4 5 7 5 3 4 5 6 7
1 5 0 1 2 3 5 5 0 1 3 5 6 5 2 3 5 6 7 5 3 4 5 6 7
1 5 0 1 2 3 4 5 1 2 3 4 5 5 2 3 4 5 7 5 3 4 5 6 7
1 5 0 1 2 3 5 5 1 2 3 5 6 5 2 3 5 6 7 5 3 4 5 6 7
4 6
1 5 0 1 2 3 6 5 0 1 2 5 6 5 1 2 3 4 5 5 2 3 5 6 7
1 5 0 1 2 3 7 5 0 1 2 6 7 5 1 2 3 4 5 5 2 3 5 6 7
1 5 0 1 2 4 7 5 0 1 2 6 7 5 1 2 4 5 6 5 2 3 4 6 7
1 5 0 1 3 4 6 5 0 1 3 5 6 5 1 2 3 4 5 5 3 4 5 6 7
1 5 0 1 3 4 7 5 0 1 3 6 7 5 1 2 3 4 5 5 3 4 5 6 7
1 5 0 1 3 5 7 5 0 1 3 6 7 5 1 2 3 5 6 5 3 4 5 6 7
4 18
1 5 0 1 2 3 4 5 0 1 2 4 5 5 1 2 4 6 7 5 2 3 4 5 6
1 5 0 1 2 3 4 5 0 1 2 5 6 5 1 2 4 6 7 5 2 3 4 5 6
1 5 0 1 2 3 4 5 0 1 2 5 6 5 1 2 4 5 7 5 2 3 5 6 7
1 5 0 1 2 3 4 5 0 1 2 6 7 5 1 2 4 5 7 5 2 3 5 6 7
1 5 0 1 2 4 5 5 0 1 2 5 6 5 1 2 5 6 7 5 2 3 4 5 6
1 5 0 1 2 4 5 5 0 1 2 6 7 5 1 2 5 6 7 5 2 3 4 6 7
1 5 0 1 2 3 4 5 0 1 3 5 6 5 1 2 4 5 7 5 3 4 5 6 7
1 5 0 1 2 3 4 5 0 1 3 6 7 5 1 2 4 5 7 5 3 4 5 6 7
1 5 0 1 2 3 5 5 0 1 3 6 7 5 1 2 5 6 7 5 3 4 5 6 7
1 5 0 1 3 4 5 5 0 1 3 5 6 5 1 2 3 5 7 5 3 4 5 6 7
1 5 0 1 3 4 5 5 0 1 3 6 7 5 1 2 3 5 7 5 3 4 5 6 7
1 5 0 1 3 5 6 5 0 1 3 6 7 5 1 2 3 6 7 5 3 4 5 6 7
1 5 0 1 2 3 4 5 0 1 3 5 6 5 2 3 4 5 7 5 3 4 5 6 7
1 5 0 1 2 3 4 5 0 1 3 6 7 5 2 3 4 5 7 5 3 4 5 6 7
1 5 0 1 2 3 5 5 0 1 3 6 7 5 2 3 5 6 7 5 3 4 5 6 7
1 5 0 1 2 3 4 5 1 2 3 5 6 5 2 3 4 5 7 5 3 4 5 6 7
1 5 0 1 2 3 4 5 1 2 3 6 7 5 2 3 4 5 7 5 3 4 5 6 7
1 5 0 1 2 3 5 5 1 2 3 6 7 5 2 3 5 6 7 5 3 4 5 6 7
4 7
1 5 0 1 2 3 4 5 0 1 2 4 5 5 1 2 5 6 7 5 2 3 4 5 6
1 5 0 1 2 3 4 5 0 1 2 4 5 5 1 2 5 6 7 5 2 3 4 6 7
1 5 0 1 2 3 4 5 0 1 2 3 4 5 1 2 4 5 7 5 3 4 5 6 7
1 5 0 1 2 3 4 5 0 1 2 3 5 5 1 2 5 6 7 5 3 4 5 6 7
1 5 0 1 2 4 5 5 0 1 2 3 5 5 1 2 5 6 7 5 3 4 5 6 7
1 5 0 1 3 4 5 5 0 1 3 5 6 5 1 2 3 6 7 5 3 4 5 6 7
1 5 0 2 3 4 5 5 0 1 2 3 5 5 2 3 5 6 7 5 3 4 5 6 7
4 2
1 5 0 1 2 3 4 5 0 1 2 6 7 5 1 2 4 5 6 5 2 3 4 6 7
1 5 0 1 3 4 5 5 0 1 3 6 7 5 1 2 3 5 6 5 3 4 5 6 7
4 12
1 5 0 1 2 4 5 5 0 1 2 3 4 5 1 2 4 5 6 5 2 3 5 6 7
1 5 0 1 2 4 5 5 0 1 2 3 4 5 1 2 4 6 7 5 2 3 5 6 7
1 5 0 1 2 5 6 5 0 1 2 4 5 5 1 2 5 6 7 5 2 3 4 6 7
1 5 0 1 2 4 5 5 0 1 2 3 4 5 1 2 4 5 6 5 3 4 5 6 7
1 5 0 1 2 4 5 5 0 1 2 3 4 5 1 2 4 6 7 5 3 4 5 6 7
1 5 0 1 2 5 6 5 0 1 2 3 5 5 1 2 5 6 7 5 3 4 5 6 7
1 5 0 1 2 3 5 5 0 1 3 4 5 5 1 2 5 6 7 5 3 4 5 6 7
1 5 0 1 2 3 5 5 0 1 3 4 5 5 2 3 5 6 7 5 3 4 5 6 7
1 5 0 2 3 4 5 5 0 1 2 3 4 5 2 3 4 5 6 5 3 4 5 6 7
1 5 0 2 3 4 5 5 0 1 2 3 4 5 2 3 4 6 7 5 3 4 5 6 7
1 5 0 2 3 5 6 5 0 1 2 3 5 5 2 3 5 6 7 5 3 4 5 6 7
1 5 0 1 2 3 5 5 1 2 3 4 5 5 2 3 5 6 7 5 3 4 5 6 7
4 12
1 5 0 1 2 4 5 5 0 1 2 3 4 5 1 2 4 6 7 5 2 3 4 5 6
1 5 0 1 2 5 6 5 0 1 2 3 4 5 1 2 4 5 7 5 2 3 4 6 7
1 5 0 1 2 5 6 5 0 1 2 3 4 5 1 2 5 6 7 5 2 3 4 5 6
1 5 0 1 2 6 7 5 0 1 2 3 4 5 1 2 5 6 7 5 2 3 4 5 7
1 5 0 1 2 5 6 5 0 1 2 4 5 5 1 2 5 6 7 5 2 3 4 5 6
1 5 0 1 2 6 7 5 0 1 2 4 5 5 1 2 5 6 7 5 2 3 4 5 7
1 5 0 1 2 3 6 5 0 1 3 4 5 5 1 2 5 6 7 5 3 4 5 6 7
1 5 0 1 3 5 6 5 0 1 3 4 5 5 1 2 3 5 7 5 3 4 5 6 7
1 5 0 1 3 6 7 5 0 1 3 4 5 5 1 2 3 6 7 5 3 4 5 6 7
1 5 0 1 3 6 7 5 0 1 3 5 6 5 1 2 3 6 7 5 3 4 5 6 7
1 5 0 1 2 3 6 5 0 1 3 4 5 5 2 3 5 6 7 5 3 4 5 6 7
1 5 0 1 2 3 6 5 1 2 3 4 5 5 2 3 5 6 7 5 3 4 5 6 7
4 9
1 5 0 1 2 3 7 5 0 1 2 3 4 5 1 2 3 4 5 5 2 3 5 6 7
1 5 0 1 2 4 7 5 0 1 2 4 5 5 1 2 3 4 5 5 2 3 5 6 7
1 5 0 1 2 4 7 5 0 1 2 4 5 5 1 2 4 5 6 5 2 3 4 6 7
1 5 0 1 2 5 7 5 0 1 2 5 6 5 1 2 4 5 6 5 2 3 4 6 7
1 5 0 1 2 5 7 5 0 1 2 5 6 5 1 2 5 6 7 5 2 3 4 5 7
1 5 0 1 2 6 7 5 0 1 2 6 7 5 1 2 5 6 7 5 2 3 4 5 7
1 5 0 1 3 4 7 5 0 1 3 4 5 5 1 2 3 4 5 5 3 4 5 6 7
1 5 0 1 3 5 7 5 0 1 3 5 6 5 1 2 3 5 6 5 3 4 5 6 7
1 5 0 1 3 6 7 5 0 1 3 6 7 5 1 2 3 6 7 5 3 4 5 6 7
4 13
1 5 0 1 2 3 4 5 0 1 2 4 5 5 1 2 3 5 7 5 2 3 5 6 7
1 5 0 1 2 4 5 5 0 1 2 5 6 5 1 2 4 6 7 5 2 3 4 6 7
1 5 0 1 2 3 4 5 0 1 2 3 4 5 1 2 3 4 7 5 3 4 5 6 7
1 5 0 1 2 4 5 5 0 1 2 3 5 5 1 2 4 5 7 5 3 4 5 6 7
1 5 0 1 2 5 6 5 0 1 2 3 6 5 1 2 5 6 7 5 3 4 5 6 7
1 5 0 1 2 3 4 5 0 1 3 4 5 5 1 2 4 5 7 5 3 4 5 6 7
1 5 0 1 2 3 5 5 0 1 3 5 6 5 1 2 5 6 7 5 3 4 5 6 7
1 5 0 1 2 3 4 5 0 1 3 4 5 5 2 3 4 5 7 5 3 4 5 6 7
1 5 0 1 2 3 5 5 0 1 3 5 6 5 2 3 5 6 7 5 3 4 5 6 7
1 5 0 2 3 4 5 5 0 1 2 3 5 5 2 3 4 5 7 5 3 4 5 6 7
1 5 0 2 3 5 6 5 0 1 2 3 6 5 2 3 5 6 7 5 3 4 5 6 7
1 5 0 1 2 3 4 5 1 2 3 4 5 5 2 3 4 5 7 5 3 4 5 6 7
1 5 0 1 2 3 5 5 1 2 3 5 6 5 2 3 5 6 7 5 3 4 5 6 7
4 18
1 5 0 1 2 4 5 5 0 1 2 3 4 5 1 2 3 5 6 5 2 3 5 6 7
1 5 0 1 2 4 5 5 0 1 2 3 4 5 1 2 3 6 7 5 2 3 5 6 7
1 5 0 1 2 5 6 5 0 1 2 4 5 5 1 2 4 6 7 5 2 3 4 6 7
1 5 0 1 2 4 5 5 0 1 2 3 4 5 1 2 4 5 6 5 3 4 5 6 7
1 5 0 1 2 4 5 5 0 1 2 3 4 5 1 2 4 6 7 5 3 4 5 6 7
1 5 0 1 2 5 6 5 0 1 2 3 5 5 1 2 5 6 7 5 3 4 5 6 7
1 5 0 1 2 3 5 5 0 1 3 4 5 5 1 2 4 5 6 5 3 4 5 6 7
1 5 0 1 2 3 5 5 0 1 3 4 5 5 1 2 4 6 7 5 3 4 5 6 7
1 5 0 1 2 3 6 5 0 1 3 5 6 5 1 2 5 6 7 5 3 4 5 6 7
1 5 0 1 2 3 5 5 0 1 3 4 5 5 2 3 4 5 6 5 3 4 5 6 7
1 5 0 1 2 3 5 5 0 1 3 4 5 5 2 3 4 6 7 5 3 4 5 6 7
1 5 0 1 2 3 6 5 0 1 3 5 6 5 2 3 5 6 7 5 3 4 5 6 7
1 5 0 2 3 4 5 5 0 1 2 3 4 5 2 3 4 5 6 5 3 4 5 6 7
1 5 0 2 3 4 5 5 0 1 2 3 4 5 2 3 4 6 7 5 3 4 5 6 7
1 5 0 2 3 5 6 5 0 1 2 3 5 5 2 3 5 6 7 5 3 4 5 6 7
1 5 0 1 2 3 5 5 1 2 3 4 5 5 2 3 4 5 6 5 3 4 5 6 7
1 5 0 1 2 3 5 5 1 2 3 4 5 5 2 3 4 6 7 5 3 4 5 6 7
1 5 0 1 2 3 6 5 1 2 3 5 6 5 2 3 5 6 7 5 3 4 5 6 7
4 9
1 5 0 1 2 4 5 5 0 1 2 3 4 5 1 2 3 4 7 5 2 3 5 6 7
1 5 0 1 2 5 6 5 0 1 2 4 5 5 1 2 4 5 7 5 2 3 4 6 7
1 5 0 1 2 6 7 5 0 1 2 5 6 5 1 2 5 6 7 5 2 3 4 5 7
1 5 0 1 2 3 5 5 0 1 3 4 5 5 1 2 4 5 7 5 3 4 5 6 7
1 5 0 1 2 3 6 5 0 1 3 5 6 5 1 2 5 6 7 5 3 4 5 6 7
1 5 0 1 2 3 5 5 0 1 3 4 5 5 2 3 4 5 7 5 3 4 5 6 7
1 5 0 1 2 3 6 5 0 1 3 5 6 5 2 3 5 6 7 5 3 4 5 6 7
1 5 0 1 2 3 5 5 1 2 3 4 5 5 2 3 4 5 7 5 3 4 5 6 7
1 5 0 1 2 3 6 5 1 2 3 5 6 5 2 3 5 6 7 5 3 4 5 6 7
4 27
1 5 0 1 2 4 5 5 0 1 2 3 4 5 1 2 3 5 6 5 2 3 4 6 7
1 5 0 1 2 5 6 5 0 1 2 3 4 5 1 2 3 6 7 5 2 3 4 5 7
1 5 0 1 2 5 6 5 0 1 2 4 5 5 1 2 3 4 6 5 2 3 5 6 7
1 5 0 1 2 6 7 5 0 1 2 4 5 5 1 2 3 4 7 5 2 3 5 6 7
1 5 0 1 2 5 6 5 0 1 2 4 5 5 1 2 4 6 7 5 2 3 4 5 7
1 5 0 1 2 6 7 5 0 1 2 5 6 5 1 2 4 5 7 5 2 3 4 6 7
1 5 0 1 2 4 5 5 0 1 2 3 4 5 1 2 3 4 5 5 3 4 5 6 7
1 5 0 1 2 5 6 5 0 1 2 3 4 5 1 2 3 4 6 5 3 4 5 6 7
1 5 0 1 2 6 7 5 0 1 2 3 4 5 1 2 3 4 7 5 3 4 5 6 7
1 5 0 1 2 5 6 5 0 1 2 3 5 5 1 2 4 5 6 5 3 4 5 6 7
1 5 0 1 2 6 7 5 0 1 2 3 5 5 1 2 4 5 7 5 3 4 5 6 7
1 5 0 1 2 6 7 5 0 1 2 3 6 5 1 2 5 6 7 5 3 4 5 6 7
1 5 0 1 2 3 5 5 0 1 3 4 5 5 1 2 4 5 6 5 3 4 5 6 7
1 5 0 1 2 3 6 5 0 1 3 4 5 5 1 2 4 6 7 5 3 4 5 6 7
1 5 0 1 2 3 6 5 0 1 3 5 6 5 1 2 5 6 7 5 3 4 5 6 7
1 5 0 1 3 5 6 5 0 1 3 4 5 5 1 2 3 4 6 5 3 4 5 6 7
1 5 0 1 3 6 7 5 0 1 3 4 5 5 1 2 3 4 7 5 3 4 5 6 7
1 5 0 1 3 6 7 5 0 1 3 5 6 5 1 2 3 5 7 5 3 4 5 6 7
1 5 0 1 2 3 5 5 0 1 3 4 5 5 2 3 4 5 6 5 3 4 5 6 7
1 5 0 1 2 3 6 5 0 1 3 4 5 5 2 3 4 6 7 5 3 4 5 6 7
1 5 0 1 2 3 6 5 0 1 3 5 6 5 2 3 5 6 7 5 3 4 5 6 7
1 5 0 2 3 5 6 5 0 1 2 3 5 5 2 3 4 5 6 5 3 4 5 6 7
1 5 0 2 3 6 7 5 0 1 2 3 5 5 2 3 4 5 7 5 3 4 5 6 7
1 5 0 2 3 6 7 5 0 1 2 3 6 5 2 3 5 6 7 5 3 4 5 6 7
1 5 0 1 2 3 5 5 1 2 3 4 5 5 2 3 4 5 6 5 3 4 5 6 7
1 5 0 1 2 3 6 5 1 2 3 4 5 5 2 3 4 6 7 5 3 4 5 6 7
1 5 0 1 2 3 6 5 1 2 3 5 6 5 2 3 5 6 7 5 3 4 5 6 7
4 3
1 5 0 1 2 6 7 5 0 1 2 6 7 5 1 2 3 4 7 5 2 3 4 5 6
1 5 0 1 2 6 7 5 0 1 2 6 7 5 1 2 4 5 7 5 2 3 4 5 6
1 5 0 1 2 6 7 5 0 1 2 6 7 5 1 2 5 6 7 5 2 3 4 5 6
4 6
1 5 0 1 2 5 7 5 0 1 2 5 6 5 1 2 3 4 5 5 2 3 5 6 7
1 5 0 1 2 6 7 5 0 1 2 6 7 5 1 2 3 4 5 5 2 3 5 6 7
1 5 0 1 2 6 7 5 0 1 2 6 7 5 1 2 4 5 6 5 2 3 4 6 7
1 5 0 1 3 5 7 5 0 1 3 5 6 5 1 2 3 4 5 5 3 4 5 6 7
1 5 0 1 3 6 7 5 0 1 3 6 7 5 1 2 3 4 5 5 3 4 5 6 7
1 5 0 1 3 6 7 5 0 1 3 6 7 5 1 2 3 5 6 5 3 4 5 6 7
4 15
1 5 0 1 2 6 7 5 0 1 2 4 5 5 1 2 3 4 7 5 2 3 4 5 6
1 5 0 1 2 6 7 5 0 1 2 5 6 5 1 2 3 4 7 5 2 3 4 5 6
1 5 0 1 2 6 7 5 0 1 2 5 6 5 1 2 4 5 7 5 2 3 4 5 6
1 5 0 1 2 3 7 5 0 1 3 4 5 5 1 2 3 4 7 5 3 4 5 6 7
1 5 0 1 2 3 7 5 0 1 3 5 6 5 1 2 3 4 7 5 3 4 5 6 7
1 5 0 1 2 3 7 5 0 1 3 6 7 5 1 2 3 4 7 5 3 4 5 6 7
1 5 0 1 2 3 7 5 0 1 3 5 6 5 1 2 4 5 7 5 3 4 5 6 7
1 5 0 1 2 3 7 5 0 1 3 6 7 5 1 2 4 5 7 5 3 4 5 6 7
1 5 0 1 2 3 7 5 0 1 3 6 7 5 1 2 5 6 7 5 3 4 5 6 7
1 5 0 1 2 3 7 5 0 1 3 5 6 5 2 3 4 5 7 5 3 4 5 6 7
1 5 0 1 2 3 7 5 0 1 3 6 7 5 2 3 4 5 7 5 3 4 5 6 7
1 5 0 1 2 3 7 5 0 1 3 6 7 5 2 3 5 6 7 5 3 4 5 6 7
1 5 0 1 2 3 7 5 1 2 3 5 6 5 2 3 4 5 7 5 3 4 5 6 7
1 5 0 1 2 3 7 5 1 2 3 6 7 5 2 3 4 5 7 5 3 4 5 6 7
1 5 0 1 2 3 7 5 1 2 3 6 7 5 2 3 5 6 7 5 3 4 5 6 7
4 10
1 5 0 1 2 5 6 5 0 1 2 6 7 5 1 2 3 4 5 5 2 3 4 5 7
1 5 0 1 2 5 6 5 0 1 2 3 6 5 1 2 3 4 5 5 3 4 5 6 7
1 5 0 1 2 6 7 5 0 1 2 3 7 5 1 2 3 4 6 5 3 4 5 6 7
1 5 0 1 2 6 7 5 0 1 2 3 7 5 1 2 4 5 6 5 3 4 5 6 7
1 5 0 1 2 3 5 5 0 1 3 5 6 5 1 2 3 4 5 5 3 4 5 6 7
1 5 0 1 2 3 6 5 0 1 3 6 7 5 1 2 3 4 6 5 3 4 5 6 7
1 5 0 1 2 3 6 5 0 1 3 6 7 5 1 2 4 5 6 5 3 4 5 6 7
1 5 0 1 2 3 6 5 0 1 3 6 7 5 2 3 4 5 6 5 3 4 5 6 7
1 5 0 2 3 6 7 5 0 1 2 3 7 5 2 3 4 5 6 5 3 4 5 6 7
1 5 0 1 2 3 6 5 1 2 3 6 7 5 2 3 4 5 6 5 3 4 5 6 7
4 2
1 5 0 1 2 3 4 5 0 1 3 4 5 5 1 2 3 5 7 5 3 4 5 6 7
1 5 0 1 2 3 5 5 0 1 3 5 6 5 1 2 3 6 7 5 3 4 5 6 7
4 2
1 5 0 1 2 3 4 5 0 1 4 5 7 5 1 2 3 4 7 5 3 4 5 6 7
1 5 0 1 2 3 5 5 0 1 5 6 7 5 1 2 3 5 7 5 3 4 5 6 7
4 6
1 5 0 1 2 3 4 5 0 1 3 4 5 5 1 2 3 4 5 5 3 4 5 6 7
1 5 0 1 2 3 4 5 0 1 3 4 6 5 1 2 3 5 6 5 3 4 5 6 7
1 5 0 1 2 3 4 5 0 1 3 4 7 5 1 2 3 6 7 5 3 4 5 6 7
1 5 0 1 2 3 5 5 0 1 4 5 6 5 1 2 3 5 6 5 3 4 5 6 7
1 5 0 1 2 3 5 5 0 1 4 5 7 5 1 2 3 6 7 5 3 4 5 6 7
1 5 0 1 2 3 6 5 0 1 5 6 7 5 1 2 3 6 7 5 3 4 5 6 7
4 3
1 5 0 1 2 3 4 5 0 1 3 4 7 5 1 2 3 4 7 5 3 4 5 6 7
1 5 0 1 2 3 5 5 0 1 4 5 7 5 1 2 3 5 7 5 3 4 5 6 7
1 5 0 1 2 3 6 5 0 1 5 6 7 5 1 2 3 6 7 5 3 4 5 6 7
4 2
1 5 0 1 2 3 7 5 0 1 4 5 7 5 1 2 3 4 5 5 3 4 5 6 7
1 5 0 1 2 3 7 5 0 1 5 6 7 5 1 2 3 5 6 5 3 4 5 6 7
4 3
1 5 0 1 2 3 5 5 0 1 4 5 6 5 1 2 3 4 5 5 3 4 5 6 7
1 5 0 1 2 3 6 5 0 1 4 6 7 5 1 2 3 4 5 5 3 4 5 6 7
1 5 0 1 2 3 6 5 0 1 5 6 7 5 1 2 3 5 6 5 3 4 5 6 7
4 3
1 5 0 1 2 3 6 5 0 1 4 5 6 5 1 2 3 4 5 5 3 4 5 6 7
1 5 0 1 2 3 7 5 0 1 4 6 7 5 1 2 3 4 5 5 3 4 5 6 7
1 5 0 1 2 3 7 5 0 1 5 6 7 5 1 2 3 5 6 5 3 4 5 6 7
4 6
1 5 0 1 2 3 4 5 0 1 3 4 7 5 1 2 4 5 6 5 2 3 4 6 7
1 5 0 1 2 3 4 5 0 1 3 4 7 5 1 2 5 6 7 5 2 3 4 5 7
1 5 0 1 2 4 5 5 0 1 4 5 7 5 1 2 5 6 7 5 2 3 4 5 7
1 5 0 1 3 4 5 5 0 1 4 5 7 5 1 2 3 5 6 5 3 4 5 6 7
1 5 0 1 3 4 5 5 0 1 4 5 7 5 1 2 3 6 7 5 3 4 5 6 7
1 5 0 1 3 5 6 5 0 1 5 6 7 5 1 2 3 6 7 5 3 4 5 6 7
4 2
1 5 0 1 2 3 6 5 0 1 3 4 5 5 1 2 5 6 7 5 2 3 5 6 7
1 5 0 2 3 4 6 5 0 1 2 4 5 5 2 3 5 6 7 5 3 4 5 6 7
4 6
1 5 0 1 2 3 7 5 0 1 3 5 6 5 1 2 3 4 5 5 2 3 5 6 7
1 5 0 1 2 3 7 5 0 1 3 6 7 5 1 2 3 4 5 5 2 3 5 6 7
1 5 0 1 2 4 7 5 0 1 4 6 7 5 1 2 4 5 6 5 2 3 4 6 7
1 5 0 1 3 4 7 5 0 1 4 5 6 5 1 2 3 4 5 5 3 4 5 6 7
1 5 0 1 3 4 7 5 0 1 4 6 7 5 1 2 3 4 5 5 3 4 5 6 7
1 5 0 1 3 5 7 5 0 1 5 6 7 5 1 2 3 5 6 5 3 4 5 6 7
4 11
1 5 0 1 2 3 4 5 0 1 4 6 7 5 1 2 4 5 6 5 2 3 4 5 7
1 5 0 1 2 3 4 5 0 1 4 6 7 5 1 2 4 5 6 5 2 3 5 6 7
1 5 0 1 2 3 4 5 0 1 4 5 7 5 1 2 5 6 7 5 2 3 5 6 7
1 5 0 1 2 3 4 5 0 1 4 6 7 5 1 2 4 5 6 5 3 4 5 6 7
1 5 0 1 2 3 4 5 0 1 4 5 7 5 1 2 5 6 7 5 3 4 5 6 7
1 5 0 1 3 4 5 5 0 1 5 6 7 5 1 2 3 5 6 5 3 4 5 6 7
1 5 0 1 2 3 4 5 0 1 4 6 7 5 2 3 4 5 6 5 3 4 5 6 7
1 5 0 1 2 3 4 5 0 1 4 5 7 5 2 3 5 6 7 5 3 4 5 6 7
1 5 0 2 3 4 5 5 0 1 2 5 7 5 2 3 5 6 7 5 3 4 5 6 7
1 5 0 1 2 3 4 5 1 2 4 6 7 5 2 3 4 5 6 5 3 4 5 6 7
1 5 0 1 2 3 4 5 1 2 4 5 7 5 2 3 5 6 7 5 3 4 5 6 7
4 6
1 5 0 1 2 3 6 5 0 1 3 4 5 5 1 2 3 5 6 5 2 3 5 6 7
1 5 0 1 2 3 7 5 0 1 3 4 5 5 1 2 3 6 7 5 2 3 5 6 7
1 5 0 1 2 4 7 5 0 1 4 5 6 5 1 2 4 6 7 5 2 3 4 6 7
1 5 0 2 3 4 6 5 0 1 2 4 5 5 2 3 4 5 6 5 3 4 5 6 7
1 5 0 2 3 4 7 5 0 1 2 4 5 5 2 3 4 6 7 5 3 4 5 6 7
1 5 0 2 3 5 7 5 0 1 2 5 6 5 2 3 5 6 7 5 3 4 5 6 7
4 6
1 5 0 1 2 3 6 5 0 1 4 5 6 5 1 2 3 4 7 5 2 3 4 6 7
1 5 0 1 2 3 7 5 0 1 5 6 7 5 1 2 3 4 7 5 2 3 4 5 7
1 5 0 1 2 4 7 5 0 1 5 6 7 5 1 2 4 5 7 5 2 3 4 5 7
1 5 0 2 3 4 6 5 0 1 2 5 6 5 2 3 4 5 7 5 3 4 5 6 7
1 5 0 2 3 4 7 5 0 1 2 6 7 5 2 3 4 5 7 5 3 4 5 6 7
1 5 0 2 3 5 7 5 0 1 2 6 7 5 2 3 5 6 7 5 3 4 5 6 7
4 2
1 5 0 1 2 3 4 5 0 1 3 6 7 5 1 2 4 6 7 5 2 3 4 5 6
1 5 0 1 2 4 5 5 0 1 4 6 7 5 1 2 5 6 7 5 2 3 4 5 6
4 19
1 5 0 1 2 3 4 5 0 1 2 3 6 5 1 2 4 5 6 5 2 4 5 6 7
1 5 0 1 2 3 4 5 0 1 2 3 7 5 1 2 4 6 7 5 2 4 5 6 7
1 5 0 1 2 3 4 5 0 1 3 6 7 5 1 2 4 5 6 5 2 3 4 5 7
1 5 0 1 2 3 4 5 0 1 3 6 7 5 1 2 4 5 6 5 2 3 5 6 7
1 5 0 1 2 4 5 5 0 1 3 4 7 5 1 2 5 6 7 5 2 3 5 6 7
1 5 0 1 2 3 4 5 0 1 3 4 6 5 1 2 4 5 6 5 3 4 5 6 7
1 5 0 1 2 3 4 5 0 1 3 4 7 5 1 2 4 6 7 5 3 4 5 6 7
1 5 0 1 2 3 4 5 0 1 4 6 7 5 1 2 4 5 6 5 3 4 5 6 7
1 5 0 1 2 3 5 5 0 1 4 5 7 5 1 2 5 6 7 5 3 4 5 6 7
1 5 0 1 3 4 5 5 0 1 4 6 7 5 1 2 3 5 6 5 3 4 5 6 7
1 5 0 1 2 3 4 5 0 1 3 4 6 5 2 3 4 5 6 5 3 4 5 6 7
1 5 0 1 2 3 4 5 0 1 3 4 7 5 2 3 4 6 7 5 3 4 5 6 7
1 5 0 1 2 3 4 5 0 1 4 6 7 5 2 3 4 5 6 5 3 4 5 6 7
1 5 0 1 2 3 5 5 0 1 4 5 7 5 2 3 5 6 7 5 3 4 5 6 7
1 5 0 2 3 4 5 5 0 1 2 4 7 5 2 3 5 6 7 5 3 4 5 6 7
1 5 0 1 2 3 4 5 1 2 3 4 6 5 2 3 4 5 6 5 3 4 5 6 7
1 5 0 1 2 3 4 5 1 2 3 4 7 5 2 3 4 6 7 5 3 4 5 6 7
1 5 0 1 2 3 4 5 1 2 4 6 7 5 2 3 4 5 6 5 3 4 5 6 7
1 5 0 1 2 3 5 5 1 2 4 5 7 5 2 3 5 6 7 5 3 4 5 6 7
4 6
1 5 0 1 2 3 4 5 0 1 2 3 4 5 1 2 4 5 6 5 2 3 4 6 7
1 5 0 1 2 3 5 5 0 1 2 3 5 5 1 2 5 6 7 5 2 3 4 5 7
1 5 0 1 2 4 5 5 0 1 3 4 5 5 1 2 5 6 7 5 2 3 4 5 7
1 5 0 1 3 4 5 5 0 1 3 4 5 5 1 2 3 5 6 5 3 4 5 6 7
1 5 0 1 3 4 6 5 0 1 3 4 6 5 1 2 3 6 7 5 3 4 5 6 7
1 5 0 1 3 5 6 5 0 1 4 5 6 5 1 2 3 6 7 5 3 4 5 6 7
4 6
1 5 0 1 2 4 7 5 0 1 2 3 4 5 1 2 4 5 7 5 2 4 5 6 7
1 5 0 1 2 4 7 5 0 1 2 3 4 5 1 2 5 6 7 5 2 4 5 6 7
1 5 0 1 2 5 7 5 0 1 3 4 5 5 1 2 5 6 7 5 2 3 5 6 7
1 5 0 2 3 4 7 5 0 1 2 3 4 5 2 3 4 5 7 5 3 4 5 6 7
1 5 0 2 3 4 7 5 0 1 2 3 4 5 2 3 5 6 7 5 3 4 5 6 7
1 5 0 2 3 5 7 5 0 1 2 4 5 5 2 3 5 6 7 5 3 4 5 6 7
4 16
1 5 0 1 2 3 4 5 0 1 2 3 7 5 1 2 4 5 7 5 2 4 5 6 7
1 5 0 1 2 3 4 5 0 1 2 3 7 5 1 2 5 6 7 5 2 4 5 6 7
1 5 0 1 2 3 4 5 0 1 3 6 7 5 1 2 4 5 7 5 2 3 4 5 6
1 5 0 1 2 3 4 5 0 1 3 6 7 5 1 2 5 6 7 5 2 3 4 5 6
1 5 0 1 2 4 5 5 0 1 3 4 7 5 1 2 5 6 7 5 2 3 5 6 7
1 5 0 1 2 4 5 5 0 1 4 6 7 5 1 2 5 6 7 5 2 3 4 5 6
1 5 0 1 2 3 4 5 0 1 3 4 7 5 1 2 4 5 7 5 3 4 5 6 7
1 5 0 1 2 3 4 5 0 1 3 4 7 5 1 2 5 6 7 5 3 4 5 6 7
1 5 0 1 2 3 5 5 0 1 4 5 7 5 1 2 5 6 7 5 3 4 5 6 7
1 5 0 1 2 3 4 5 0 1 3 4 7 5 2 3 4 5 7 5 3 4 5 6 7
1 5 0 1 2 3 4 5 0 1 3 4 7 5 2 3 5 6 7 5 3 4 5 6 7
1 5 0 1 2 3 5 5 0 1 4 5 7 5 2 3 5 6 7 5 3 4 5 6 7
1 5 0 2 3 4 5 5 0 1 2 4 7 5 2 3 5 6 7 5 3 4 5 6 7
1 5 0 1 2 3 4 5 1 2 3 4 7 5 2 3 4 5 7 5 3 4 5 6 7
1 5 0 1 2 3 4 5 1 2 3 4 7 5 2 3 5 6 7 5 3 4 5 6 7
1 5 0 1 2 3 5 5 1 2 4 5 7 5 2 3 5 6 7 5 3 4 5 6 7
4 3
1 5 0 1 2 4 5 5 0 1 3 4 5 5 1 2 3 4 5 5 2 3 5 6 7
1 5 0 1 2 5 6 5 0 1 4 5 6 5 1 2 4 5 6 5 2 3 4 6 7
1 5 0 1 2 6 7 5 0 1 5 6 7 5 1 2 5 6 7 5 2 3 4 5 7
4 7
1 5 0 1 2 3 4 5 0 1 3 4 7 5 1 2 3 4 5 5 2 3 5 6 7
1 5 0 1 2 4 5 5 0 1 3 5 7 5 1 2 3 4 5 5 2 3 5 6 7
1 5 0 1 2 4 5 5 0 1 4 5 7 5 1 2 4 5 6 5 2 3 4 6 7
1 5 0 1 2 5 6 5 0 1 4 6 7 5 1 2 4 5 6 5 2 3 4 6 7
1 5 0 1 2 5 6 5 0 1 5 6 7 5 1 2 5 6 7 5 2 3 4 5 7
1 5 0 1 3 4 5 5 0 1 4 5 7 5 1 2 3 4 5 5 3 4 5 6 7
1 5 0 1 3 5 6 5 0 1 5 6 7 5 1 2 3 5 6 5 3 4 5 6 7
4 7
1 5 0 1 2 3 4 5 0 1 2 3 4 5 1 2 3 4 7 5 2 4 5 6 7
1 5 0 1 2 3 4 5 0 1 3 4 5 5 1 2 3 5 7 5 2 3 5 6 7
1 5 0 1 2 4 5 5 0 1 3 4 5 5 1 2 4 5 7 5 2 3 5 6 7
1 5 0 1 2 4 5 5 0 1 4 5 6 5 1 2 4 6 7 5 2 3 4 6 7
1 5 0 1 2 5 6 5 0 1 4 5 6 5 1 2 5 6 7 5 2 3 4 6 7
1 5 0 2 3 4 5 5 0 1 2 4 5 5 2 3 4 5 7 5 3 4 5 6 7
1 5 0 2 3 5 6 5 0 1 2 5 6 5 2 3 5 6 7 5 3 4 5 6 7
4 9
1 5 0 1 2 3 4 5 0 1 3 5 6 5 1 2 3 4 5 5 2 3 5 6 7
1 5 0 1 2 3 4 5 0 1 3 6 7 5 1 2 3 4 5 5 2 3 5 6 7
1 5 0 1 2 4 5 5 0 1 3 5 6 5 1 2 3 4 5 5 2 3 5 6 7
1 5 0 1 2 4 5 5 0 1 3 6 7 5 1 2 3 4 5 5 2 3 5 6 7
1 5 0 1 2 4 5 5 0 1 4 6 7 5 1 2 4 5 6 5 2 3 4 6 7
1 5 0 1 2 5 6 5 0 1 4 6 7 5 1 2 4 5 6 5 2 3 4 6 7
1 5 0 1 3 4 5 5 0 1 4 5 6 5 1 2 3 4 5 5 3 4 5 6 7
1 5 0 1 3 4 5 5 0 1 4 6 7 5 1 2 3 4 5 5 3 4 5 6 7
1 5 0 1 3 5 6 5 0 1 5 6 7 5 1 2 3 5 6 5 3 4 5 6 7
4 32
1 5 0 1 2 3 4 5 0 1 2 3 5 5 1 2 3 4 5 5 2 4 5 6 7
1 5 0 1 2 3 4 5 0 1 2 3 6 5 1 2 3 5 6 5 2 4 5 6 7
1 5 0 1 2 3 4 5 0 1 2 3 7 5 1 2 3 6 7 5 2 4 5 6 7
1 5 0 1 2 3 4 5 0 1 3 5 6 5 1 2 3 4 5 5 2 3 4 6 7
1 5 0 1 2 3 4 5 0 1 3 6 7 5 1 2 3 5 6 5 2 3 4 5 7
1 5 0 1 2 4 5 5 0 1 3 5 6 5 1 2 3 4 5 5 2 3 5 6 7
1 5 0 1 2 4 5 5 0 1 3 6 7 5 1 2 3 4 6 5 2 3 5 6 7
1 5 0 1 2 4 5 5 0 1 3 4 6 5 1 2 4 5 6 5 2 3 5 6 7
1 5 0 1 2 4 5 5 0 1 3 4 7 5 1 2 4 6 7 5 2 3 5 6 7
1 5 0 1 2 4 5 5 0 1 4 6 7 5 1 2 4 5 6 5 2 3 4 5 7
1 5 0 1 2 5 6 5 0 1 4 6 7 5 1 2 4 5 6 5 2 3 4 6 7
1 5 0 1 2 5 6 5 0 1 4 5 7 5 1 2 5 6 7 5 2 3 4 6 7
1 5 0 1 2 3 4 5 0 1 3 5 6 5 1 2 3 4 5 5 3 4 5 6 7
1 5 0 1 2 3 4 5 0 1 3 6 7 5 1 2 3 4 6 5 3 4 5 6 7
1 5 0 1 2 3 4 5 0 1 3 4 6 5 1 2 4 5 6 5 3 4 5 6 7
1 5 0 1 2 3 4 5 0 1 3 4 7 5 1 2 4 6 7 5 3 4 5 6 7
1 5 0 1 2 3 5 5 0 1 4 6 7 5 1 2 4 5 6 5 3 4 5 6 7
1 5 0 1 2 3 5 5 0 1 4 5 7 5 1 2 5 6 7 5 3 4 5 6 7
1 5 0 1 3 4 5 5 0 1 4 5 6 5 1 2 3 4 5 5 3 4 5 6 7
1 5 0 1 3 4 5 5 0 1 4 6 7 5 1 2 3 4 6 5 3 4 5 6 7
1 5 0 1 3 5 6 5 0 1 5 6 7 5 1 2 3 5 6 5 3 4 5 6 7
1 5 0 1 2 3 4 5 0 1 3 4 6 5 2 3 4 5 6 5 3 4 5 6 7
1 5 0 1 2 3 4 5 0 1 3 4 7 5 2 3 4 6 7 5 3 4 5 6 7
1 5 0 1 2 3 5 5 0 1 4 6 7 5 2 3 4 5 6 5 3 4 5 6 7
1 5 0 1 2 3 5 5 0 1 4 5 7 5 2 3 5 6 7 5 3 4 5 6 7
1 5 0 2 3 4 5 5 0 1 2 4 6 5 2 3 4 5 6 5 3 4 5 6 7
1 5 0 2 3 4 5 5 0 1 2 4 7 5 2 3 4 6 7 5 3 4 5 6 7
1 5 0 2 3 5 6 5 0 1 2 5 7 5 2 3 5 6 7 5 3 4 5 6 7
1 5 0 1 2 3 4 5 1 2 3 4 6 5 2 3 4 5 6 5 3 4 5 6 7
1 5 0 1 2 3 4 5 1 2 3 4 7 5 2 3 4 6 7 5 3 4 5 6 7
1 5 0 1 2 3 5 5 1 2 4 6 7 5 2 3 4 5 6 5 3 4 5 6 7
1 5 0 1 2 3 5 5 1 2 4 5 7 5 2 3 5 6 7 5 3 4 5 6 7
4 6
1 5 0 1 2 5 6 5 0 1 3 5 6 5 1 2 3 4 5 5 2 3 5 6 7
1 5 0 1 2 6 7 5 0 1 3 5 7 5 1 2 3 4 5 5 2 3 5 6 7
1 5 0 1 2 6 7 5 0 1 4 6 7 5 1 2 4 5 6 5 2 3 4 6 7
1 5 0 1 3 5 6 5 0 1 4 5 6 5 1 2 3 4 5 5 3 4 5 6 7
1 5 0 1 3 6 7 5 0 1 4 5 7 5 1 2 3 4 5 5 3 4 5 6 7
1 5 0 1 3 6 7 5 0 1 5 6 7 5 1 2 3 5 6 5 3 4 5 6 7
4 7
1 5 0 1 2 5 6 5 0 1 2 3 4 5 1 2 3 4 5 5 2 4 5 6 7
1 5 0 1 2 6 7 5 0 1 2 3 4 5 1 2 3 4 6 5 2 4 5 6 7
1 5 0 1 2 5 6 5 0 1 3 4 5 5 1 2 3 4 5 5 2 3 5 6 7
1 5 0 1 2 6 7 5 0 1 3 4 5 5 1 2 3 4 6 5 2 3 5 6 7
1 5 0 1 2 6 7 5 0 1 3 4 5 5 1 2 4 5 6 5 2 3 5 6 7
1 5 0 1 2 6 7 5 0 1 4 5 6 5 1 2 4 5 6 5 2 3 4 6 7
1 5 0 2 3 6 7 5 0 1 2 4 5 5 2 3 4 5 6 5 3 4 5 6 7
4 6
1 5 0 1 2 5 7 5 0 1 3 5 6 5 1 2 3 4 5 5 2 3 5 6 7
1 5 0 1 2 6 7 5 0 1 3 6 7 5 1 2 3 4 5 5 2 3 5 6 7
1 5 0 1 2 6 7 5 0 1 4 6 7 5 1 2 4 5 6 5 2 3 4 6 7
1 5 0 1 3 5 7 5 0 1 4 5 6 5 1 2 3 4 5 5 3 4 5 6 7
1 5 0 1 3 6 7 5 0 1 4 6 7 5 1 2 3 4 5 5 3 4 5 6 7
1 5 0 1 3 6 7 5 0 1 5 6 7 5 1 2 3 5 6 5 3 4 5 6 7
4 38
1 5 0 1 2 3 4 5 0 1 2 3 5 5 1 2 3 4 5 5 2 3 5 6 7
1 5 0 1 2 4 5 5 0 1 2 3 6 5 1 2 3 5 6 5 2 3 4 6 7
1 5 0 1 2 5 6 5 0 1 2 3 7 5 1 2 3 6 7 5 2 3 4 5 7
1 5 0 1 2 4 5 5 0 1 2 3 5 5 1 2 3 4 5 5 2 4 5 6 7
1 5 0 1 2 5 6 5 0 1 2 3 6 5 1 2 3 4 6 5 2 4 5 6 7
1 5 0 1 2 6 7 5 0 1 2 3 7 5 1 2 3 4 7 5 2 4 5 6 7
1 5 0 1 2 4 5 5 0 1 3 5 6 5 1 2 3 4 5 5 2 3 4 6 7
1 5 0 1 2 5 6 5 0 1 3 6 7 5 1 2 3 4 6 5 2 3 4 5 7
1 5 0 1 2 4 5 5 0 1 3 4 6 5 1 2 4 5 6 5 2 3 4 6 7
1 5 0 1 2 5 6 5 0 1 3 4 7 5 1 2 4 6 7 5 2 3 4 5 7
1 5 0 1 2 5 6 5 0 1 3 4 6 5 1 2 4 5 6 5 2 3 5 6 7
1 5 0 1 2 6 7 5 0 1 3 4 7 5 1 2 4 5 7 5 2 3 5 6 7
1 5 0 1 2 5 6 5 0 1 4 6 7 5 1 2 4 5 6 5 2 3 4 5 7
1 5 0 1 2 5 6 5 0 1 4 5 7 5 1 2 5 6 7 5 2 3 4 5 7
1 5 0 1 2 6 7 5 0 1 4 5 7 5 1 2 5 6 7 5 2 3 4 6 7
1 5 0 1 2 3 5 5 0 1 3 5 6 5 1 2 3 4 5 5 3 4 5 6 7
1 5 0 1 2 3 6 5 0 1 3 6 7 5 1 2 3 4 6 5 3 4 5 6 7
1 5 0 1 2 3 5 5 0 1 3 4 6 5 1 2 4 5 6 5 3 4 5 6 7
1 5 0 1 2 3 6 5 0 1 3 4 7 5 1 2 4 6 7 5 3 4 5 6 7
1 5 0 1 2 3 6 5 0 1 4 6 7 5 1 2 4 5 6 5 3 4 5 6 7
1 5 0 1 2 3 6 5 0 1 4 5 7 5 1 2 5 6 7 5 3 4 5 6 7
1 5 0 1 3 4 5 5 0 1 3 4 5 5 1 2 3 4 5 5 3 4 5 6 7
1 5 0 1 3 5 6 5 0 1 3 4 6 5 1 2 3 4 6 5 3 4 5 6 7
1 5 0 1 3 6 7 5 0 1 3 4 7 5 1 2 3 4 7 5 3 4 5 6 7
1 5 0 1 3 5 6 5 0 1 4 5 6 5 1 2 3 5 6 5 3 4 5 6 7
1 5 0 1 3 6 7 5 0 1 4 5 7 5 1 2 3 5 7 5 3 4 5 6 7
1 5 0 1 3 6 7 5 0 1 5 6 7 5 1 2 3 6 7 5 3 4 5 6 7
1 5 0 1 2 3 5 5 0 1 3 4 6 5 2 3 4 5 6 5 3 4 5 6 7
1 5 0 1 2 3 6 5 0 1 3 4 7 5 2 3 4 6 7 5 3 4 5 6 7
1 5 0 1 2 3 6 5 0 1 4 6 7 5 2 3 4 5 6 5 3 4 5 6 7
1 5 0 1 2 3 6 5 0 1 4 5 7 5 2 3 5 6 7 5 3 4 5 6 7
1 5 0 2 3 5 6 5 0 1 2 4 6 5 2 3 4 5 6 5 3 4 5 6 7
1 5 0 2 3 6 7 5 0 1 2 4 7 5 2 3 4 5 7 5 3 4 5 6 7
1 5 0 2 3 6 7 5 0 1 2 5 7 5 2 3 5 6 7 5 3 4 5 6 7
1 5 0 1 2 3 5 5 1 2 3 4 6 5 2 3 4 5 6 5 3 4 5 6 7
1 5 0 1 2 3 6 5 1 2 3 4 7 5 2 3 4 6 7 5 3 4 5 6 7
1 5 0 1 2 3 6 5 1 2 4 6 7 5 2 3 4 5 6 5 3 4 5 6 7
1 5 0 1 2 3 6 5 1 2 4 5 7 5 2 3 5 6 7 5 3 4 5 6 7
4 3
1 5 0 1 2 6 7 5 0 1 2 3 7 5 1 2 3 6 7 5 2 3 4 5 6
1 5 0 1 2 6 7 5 0 1 3 4 7 5 1 2 4 6 7 5 2 3 4 5 6
1 5 0 1 2 6 7 5 0 1 4 5 7 5 1 2 5 6 7 5 2 3 4 5 6
4 20
1 5 0 1 2 5 6 5 0 1 2 3 7 5 1 2 3 4 5 5 2 3 4 6 7
1 5 0 1 2 6 7 5 0 1 2 3 7 5 1 2 3 5 6 5 2 3 4 5 7
1 5 0 1 2 5 6 5 0 1 2 3 7 5 1 2 3 4 5 5 2 4 5 6 7
1 5 0 1 2 6 7 5 0 1 2 3 7 5 1 2 3 4 6 5 2 4 5 6 7
1 5 0 1 2 5 6 5 0 1 3 6 7 5 1 2 3 4 5 5 2 3 4 5 6
1 5 0 1 2 6 7 5 0 1 3 4 7 5 1 2 4 5 6 5 2 3 4 5 7
1 5 0 1 2 6 7 5 0 1 3 4 7 5 1 2 4 5 6 5 2 3 5 6 7
1 5 0 1 2 3 6 5 0 1 3 4 7 5 1 2 4 5 6 5 3 4 5 6 7
1 5 0 1 2 3 7 5 0 1 3 4 7 5 1 2 4 6 7 5 3 4 5 6 7
1 5 0 1 2 3 7 5 0 1 4 5 7 5 1 2 5 6 7 5 3 4 5 6 7
1 5 0 1 3 5 6 5 0 1 3 4 7 5 1 2 3 4 5 5 3 4 5 6 7
1 5 0 1 3 6 7 5 0 1 3 4 7 5 1 2 3 4 6 5 3 4 5 6 7
1 5 0 1 3 6 7 5 0 1 4 5 7 5 1 2 3 5 6 5 3 4 5 6 7
1 5 0 1 2 3 6 5 0 1 3 4 7 5 2 3 4 5 6 5 3 4 5 6 7
1 5 0 1 2 3 7 5 0 1 3 4 7 5 2 3 4 6 7 5 3 4 5 6 7
1 5 0 1 2 3 7 5 0 1 4 5 7 5 2 3 5 6 7 5 3 4 5 6 7
1 5 0 2 3 6 7 5 0 1 2 4 7 5 2 3 4 5 6 5 3 4 5 6 7
1 5 0 1 2 3 6 5 1 2 3 4 7 5 2 3 4 5 6 5 3 4 5 6 7
1 5 0 1 2 3 7 5 1 2 3 4 7 5 2 3 4 6 7 5 3 4 5 6 7
1 5 0 1 2 3 7 5 1 2 4 5 7 5 2 3 5 6 7 5 3 4 5 6 7
4 6
1 5 0 1 2 5 6 5 0 1 2 3 4 5 1 2 4 5 7 5 2 4 5 6 7
1 5 0 1 2 6 7 5 0 1 2 3 4 5 1 2 4 6 7 5 2 4 5 6 7
1 5 0 1 2 6 7 5 0 1 3 4 5 5 1 2 5 6 7 5 2 3 5 6 7
1 5 0 2 3 5 6 5 0 1 2 3 4 5 2 3 4 5 7 5 3 4 5 6 7
1 5 0 2 3 6 7 5 0 1 2 3 4 5 2 3 4 6 7 5 3 4 5 6 7
1 5 0 2 3 6 7 5 0 1 2 4 5 5 2 3 5 6 7 5 3 4 5 6 7
4 7
1 5 0 1 2 3 7 5 0 1 3 4 7 5 1 2 3 4 5 5 2 3 5 6 7
1 5 0 1 2 4 7 5 0 1 4 5 7 5 1 2 3 4 5 5 2 3 5 6 7
1 5 0 1 2 4 7 5 0 1 4 5 7 5 1 2 4 5 6 5 2 3 4 6 7
1 5 0 1 2 5 7 5 0 1 5 6 7 5 1 2 4 5 6 5 2 3 4 6 7
1 5 0 1 2 5 7 5 0 1 5 6 7 5 1 2 5 6 7 5 2 3 4 5 7
1 5 0 1 3 4 7 5 0 1 4 5 7 5 1 2 3 4 5 5 3 4 5 6 7
1 5 0 1 3 5 7 5 0 1 5 6 7 5 1 2 3 5 6 5 3 4 5 6 7
4 12
1 5 0 1 2 3 4 5 0 1 4 6 7 5 1 2 3 4 7 5 2 3 4 5 6
1 5 0 1 2 3 4 5 0 1 4 5 7 5 1 2 3 5 7 5 2 3 5 6 7
1 5 0 1 2 4 5 5 0 1 5 6 7 5 1 2 4 5 7 5 2 3 4 5 6
1 5 0 1 2 4 5 5 0 1 5 6 7 5 1 2 4 6 7 5 2 3 4 6 7
1 5 0 1 2 3 4 5 0 1 4 5 7 5 1 2 4 5 7 5 3 4 5 6 7
1 5 0 1 2 3 5 5 0 1 5 6 7 5 1 2 5 6 7 5 3 4 5 6 7
1 5 0 1 2 3 4 5 0 1 4 5 7 5 2 3 4 5 7 5 3 4 5 6 7
1 5 0 1 2 3 5 5 0 1 5 6 7 5 2 3 5 6 7 5 3 4 5 6 7
1 5 0 2 3 4 5 5 0 1 2 5 7 5 2 3 4 5 7 5 3 4 5 6 7
1 5 0 2 3 5 6 5 0 1 2 6 7 5 2 3 5 6 7 5 3 4 5 6 7
1 5 0 1 2 3 4 5 1 2 4 5 7 5 2 3 4 5 7 5 3 4 5 6 7
1 5 0 1 2 3 5 5 1 2 5 6 7 5 2 3 5 6 7 5 3 4 5 6 7
4 2
1 5 0 1 2 3 4 5 0 1 4 6 7 5 1 2 3 6 7 5 2 3 4 5 6
1 5 0 1 2 4 5 5 0 1 5 6 7 5 1 2 4 6 7 5 2 3 4 5 6
4 2
1 5 0 1 2 4 5 5 0 1 5 6 7 5 1 2 3 4 5 5 2 3 4 5 7
1 5 0 2 3 5 6 5 0 1 2 6 7 5 2 3 4 5 6 5 3 4 5 6 7
4 2
1 5 0 1 2 3 4 5 0 1 4 5 6 5 1 2 3 6 7 5 2 3 4 6 7
1 5 0 2 3 4 5 5 0 1 2 5 6 5 2 3 4 6 7 5 3 4 5 6 7
4 6
1 5 0 1 2 3 4 5 0 1 4 5 6 5 1 2 3 4 6 5 2 3 4 6 7
1 5 0 1 2 3 4 5 0 1 5 6 7 5 1 2 3 5 7 5 2 3 4 5 7
1 5 0 1 2 4 5 5 0 1 5 6 7 5 1 2 4 5 7 5 2 3 4 5 7
1 5 0 2 3 4 5 5 0 1 2 5 6 5 2 3 4 5 6 5 3 4 5 6 7
1 5 0 2 3 4 5 5 0 1 2 6 7 5 2 3 4 6 7 5 3 4 5 6 7
1 5 0 2 3 5 6 5 0 1 2 6 7 5 2 3 5 6 7 5 3 4 5 6 7
4 6
1 5 0 1 2 5 6 5 0 1 3 4 5 5 1 2 3 5 6 5 2 3 5 6 7
1 5 0 1 2 6 7 5 0 1 3 4 5 5 1 2 3 5 7 5 2 3 5 6 7
1 5 0 1 2 6 7 5 0 1 4 5 6 5 1 2 4 6 7 5 2 3 4 6 7
1 5 0 2 3 5 6 5 0 1 2 4 5 5 2 3 4 5 6 5 3 4 5 6 7
1 5 0 2 3 6 7 5 0 1 2 4 5 5 2 3 4 5 7 5 3 4 5 6 7
1 5 0 2 3 6 7 5 0 1 2 5 6 5 2 3 5 6 7 5 3 4 5 6 7
4 2
1 5 0 1 2 6 7 5 0 1 5 6 7 5 1 2 3 4 5 5 2 3 5 6 7
1 5 0 1 3 6 7 5 0 1 5 6 7 5 1 2 3 4 5 5 3 4 5 6 7
4 25
1 5 0 1 2 4 5 5 0 1 3 4 5 5 1 2 3 5 6 5 2 3 4 6 7
1 5 0 1 2 5 6 5 0 1 3 4 6 5 1 2 3 6 7 5 2 3 4 5 7
1 5 0 1 2 4 5 5 0 1 4 5 6 5 1 2 3 4 6 5 2 3 4 6 7
1 5 0 1 2 5 6 5 0 1 4 6 7 5 1 2 3 4 7 5 2 3 4 5 7
1 5 0 1 2 5 6 5 0 1 4 5 6 5 1 2 3 4 6 5 2 3 5 6 7
1 5 0 1 2 6 7 5 0 1 4 5 7 5 1 2 3 4 7 5 2 3 5 6 7
1 5 0 1 2 5 6 5 0 1 4 5 6 5 1 2 4 6 7 5 2 3 4 5 7
1 5 0 1 2 5 6 5 0 1 5 6 7 5 1 2 4 5 7 5 2 3 4 5 7
1 5 0 1 2 6 7 5 0 1 5 6 7 5 1 2 4 5 7 5 2 3 4 6 7
1 5 0 1 2 3 5 5 0 1 3 4 5 5 1 2 3 5 6 5 3 4 5 6 7
1 5 0 1 2 3 6 5 0 1 3 4 6 5 1 2 3 6 7 5 3 4 5 6 7
1 5 0 1 2 3 5 5 0 1 4 5 6 5 1 2 3 4 6 5 3 4 5 6 7
1 5 0 1 2 3 6 5 0 1 4 6 7 5 1 2 3 4 7 5 3 4 5 6 7
1 5 0 1 2 3 6 5 0 1 4 5 6 5 1 2 4 6 7 5 3 4 5 6 7
1 5 0 1 2 3 6 5 0 1 5 6 7 5 1 2 4 5 7 5 3 4 5 6 7
1 5 0 1 3 5 6 5 0 1 4 5 6 5 1 2 3 4 6 5 3 4 5 6 7
1 5 0 1 3 6 7 5 0 1 4 5 7 5 1 2 3 4 7 5 3 4 5 6 7
1 5 0 1 3 6 7 5 0 1 5 6 7 5 1 2 3 5 7 5 3 4 5 6 7
1 5 0 1 2 3 6 5 0 1 4 5 6 5 2 3 4 6 7 5 3 4 5 6 7
1 5 0 1 2 3 6 5 0 1 5 6 7 5 2 3 4 5 7 5 3 4 5 6 7
1 5 0 2 3 5 6 5 0 1 2 5 6 5 2 3 4 5 6 5 3 4 5 6 7
1 5 0 2 3 6 7 5 0 1 2 5 7 5 2 3 4 5 7 5 3 4 5 6 7
1 5 0 2 3 6 7 5 0 1 2 6 7 5 2 3 5 6 7 5 3 4 5 6 7
1 5 0 1 2 3 6 5 1 2 4 5 6 5 2 3 4 6 7 5 3 4 5 6 7
1 5 0 1 2 3 6 5 1 2 5 6 7 5 2 3 4 5 7 5 3 4 5 6 7
4 6
1 5 0 1 2 4 6 5 0 1 4 5 6 5 1 2 3 4 7 5 2 3 4 6 7
1 5 0 1 2 5 7 5 0 1 5 6 7 5 1 2 3 4 7 5 2 3 4 5 7
1 5 0 1 2 5 7 5 0 1 5 6 7 5 1 2 4 5 7 5 2 3 4 5 7
1 5 0 2 3 5 6 5 0 1 2 5 6 5 2 3 4 5 7 5 3 4 5 6 7
1 5 0 2 3 6 7 5 0 1 2 6 7 5 2 3 4 5 7 5 3 4 5 6 7
1 5 0 2 3 6 7 5 0 1 2 6 7 5 2 3 5 6 7 5 3 4 5 6 7
4 8
1 5 0 1 2 4 5 5 0 1 5 6 7 5 1 2 3 4 5 5 2 3 4 5 6
1 5 0 1 2 4 5 5 0 1 5 6 7 5 1 2 3 4 6 5 2 3 4 6 7
1 5 0 1 2 3 4 5 0 1 4 5 7 5 1 2 3 4 5 5 3 4 5 6 7
1 5 0 1 2 3 5 5 0 1 5 6 7 5 1 2 3 4 6 5 3 4 5 6 7
1 5 0 1 2 3 5 5 0 1 5 6 7 5 1 2 4 5 6 5 3 4 5 6 7
1 5 0 1 2 3 5 5 0 1 5 6 7 5 2 3 4 5 6 5 3 4 5 6 7
1 5 0 2 3 5 6 5 0 1 2 6 7 5 2 3 4 5 6 5 3 4 5 6 7
1 5 0 1 2 3 5 5 1 2 5 6 7 5 2 3 4 5 6 5 3 4 5 6 7
4 8
1 5 0 1 2 4 5 5 0 1 5 6 7 5 1 2 3 4 6 5 2 3 4 5 6
1 5 0 1 2 4 5 5 0 1 5 6 7 5 1 2 3 4 7 5 2 3 4 6 7
1 5 0 1 2 3 4 5 0 1 4 5 7 5 1 2 3 4 7 5 3 4 5 6 7
1 5 0 1 2 3 5 5 0 1 5 6 7 5 1 2 3 4 7 5 3 4 5 6 7
1 5 0 1 2 3 5 5 0 1 5 6 7 5 1 2 4 5 7 5 3 4 5 6 7
1 5 0 1 2 3 5 5 0 1 5 6 7 5 2 3 4 5 7 5 3 4 5 6 7
1 5 0 2 3 5 6 5 0 1 2 6 7 5 2 3 4 5 7 5 3 4 5 6 7
1 5 0 1 2 3 5 5 1 2 5 6 7 5 2 3 4 5 7 5 3 4 5 6 7
4 9
1 5 0 1 2 4 5 5 0 1 4 5 6 5 1 2 3 4 5 5 2 3 4 6 7
1 5 0 1 2 5 6 5 0 1 4 5 6 5 1 2 3 4 6 5 2 3 4 6 7
1 5 0 1 2 5 6 5 0 1 5 6 7 5 1 2 3 4 6 5 2 3 4 5 7
1 5 0 1 2 6 7 5 0 1 5 6 7 5 1 2 3 4 7 5 2 3 4 5 7
1 5 0 1 2 5 6 5 0 1 5 6 7 5 1 2 4 5 6 5 2 3 4 5 7
1 5 0 1 2 6 7 5 0 1 5 6 7 5 1 2 4 5 7 5 2 3 4 5 7
1 5 0 2 3 5 6 5 0 1 2 5 6 5 2 3 4 5 6 5 3 4 5 6 7
1 5 0 2 3 6 7 5 0 1 2 6 7 5 2 3 4 5 7 5 3 4 5 6 7
1 5 0 2 3 6 7 5 0 1 2 6 7 5 2 3 5 6 7 5 3 4 5 6 7
4 2
1 5 0 1 2 6 7 5 0 1 4 5 6 5 1 2 3 4 6 5 2 3 4 6 7
1 5 0 2 3 6 7 5 0 1 2 5 6 5 2 3 4 5 6 5 3 4 5 6 7
4 2
1 5 0 1 2 6 7 5 0 1 5 6 7 5 1 2 3 4 5 5 2 3 4 5 6
1 5 0 1 2 3 7 5 0 1 5 6 7 5 1 2 3 4 5 5 3 4 5 6 7
4 8
1 5 0 1 2 3 4 5 0 1 2 3 4 5 1 2 4 5 6 5 2 4 5 6 7
1 5 0 1 2 3 4 5 0 1 2 3 4 5 1 2 4 6 7 5 2 4 5 6 7
1 5 0 1 3 4 5 5 0 1 2 3 4 5 1 2 5 6 7 5 2 3 5 6 7
1 5 0 1 3 4 5 5 0 1 2 4 5 5 1 2 5 6 7 5 2 3 5 6 7
1 5 0 1 2 3 4 5 0 1 2 3 4 5 2 4 5 6 7 5 2 3 4 5 7
1 5 0 1 2 3 4 5 0 1 2 3 4 5 2 4 5 6 7 5 2 3 5 6 7
1 5 0 1 2 4 5 5 0 1 3 4 5 5 2 3 5 6 7 5 3 4 5 6 7
1 5 0 1 2 4 5 5 1 2 3 4 5 5 2 3 5 6 7 5 3 4 5 6 7
4 6
1 5 0 1 2 3 4 5 0 1 2 3 6 5 1 2 4 5 6 5 2 3 4 6 7
1 5 0 1 2 3 5 5 0 1 2 3 7 5 1 2 5 6 7 5 2 3 4 5 7
1 5 0 1 3 4 5 5 0 1 2 4 7 5 1 2 5 6 7 5 2 3 4 5 7
1 5 0 1 3 4 5 5 0 1 3 4 6 5 1 2 3 5 6 5 3 4 5 6 7
1 5 0 1 3 4 6 5 0 1 3 4 7 5 1 2 3 6 7 5 3 4 5 6 7
1 5 0 1 4 5 6 5 0 1 3 5 7 5 1 2 3 6 7 5 3 4 5 6 7
4 11
1 5 0 1 2 3 4 5 0 1 2 4 5 5 1 2 4 5 7 5 2 4 5 6 7
1 5 0 1 2 3 4 5 0 1 2 4 6 5 1 2 5 6 7 5 2 4 5 6 7
1 5 0 1 3 4 5 5 0 1 2 5 6 5 1 2 5 6 7 5 2 3 5 6 7
1 5 0 1 2 3 4 5 0 1 2 4 5 5 2 4 5 6 7 5 2 3 4 5 6
1 5 0 1 2 3 4 5 0 1 2 4 6 5 2 4 5 6 7 5 2 3 4 6 7
1 5 0 1 2 3 4 5 0 1 3 4 5 5 2 3 4 5 7 5 3 4 5 6 7
1 5 0 1 2 3 4 5 0 1 3 4 6 5 2 3 5 6 7 5 3 4 5 6 7
1 5 0 1 2 4 5 5 0 1 3 5 6 5 2 3 5 6 7 5 3 4 5 6 7
1 5 0 1 2 3 4 5 1 2 3 4 5 5 2 3 4 5 7 5 3 4 5 6 7
1 5 0 1 2 3 4 5 1 2 3 4 6 5 2 3 5 6 7 5 3 4 5 6 7
1 5 0 1 2 4 5 5 1 2 3 5 6 5 2 3 5 6 7 5 3 4 5 6 7
4 5
1 5 0 1 2 3 6 5 0 1 2 6 7 5 1 2 3 6 7 5 2 3 4 5 6
1 5 0 1 3 4 6 5 0 1 2 6 7 5 1 2 4 6 7 5 2 3 4 5 6
1 5 0 1 4 5 6 5 0 1 2 6 7 5 1 2 5 6 7 5 2 3 4 5 6
1 5 0 1 2 3 6 5 0 1 2 6 7 5 2 3 4 6 7 5 2 3 4 5 6
1 5 0 1 2 4 6 5 0 1 2 6 7 5 2 4 5 6 7 5 2 3 4 5 6
4 9
1 5 0 1 2 3 4 5 0 1 2 4 5 5 1 2 4 5 6 5 2 3 4 6 7
1 5 0 1 2 3 4 5 0 1 2 5 6 5 1 2 4 5 6 5 2 3 4 6 7
1 5 0 1 2 3 5 5 0 1 2 5 6 5 1 2 5 6 7 5 2 3 4 5 7
1 5 0 1 2 3 5 5 0 1 2 6 7 5 1 2 5 6 7 5 2 3 4 5 7
1 5 0 1 3 4 5 5 0 1 2 5 6 5 1 2 5 6 7 5 2 3 4 5 7
1 5 0 1 3 4 5 5 0 1 2 6 7 5 1 2 5 6 7 5 2 3 4 5 7
1 5 0 1 3 4 5 5 0 1 3 5 6 5 1 2 3 5 6 5 3 4 5 6 7
1 5 0 1 3 4 6 5 0 1 3 6 7 5 1 2 3 6 7 5 3 4 5 6 7
1 5 0 1 4 5 6 5 0 1 3 6 7 5 1 2 3 6 7 5 3 4 5 6 7
4 12
1 5 0 1 2 3 4 5 0 1 2 4 5 5 1 2 4 5 7 5 2 4 5 6 7
1 5 0 1 2 3 4 5 0 1 2 5 6 5 1 2 5 6 7 5 2 4 5 6 7
1 5 0 1 3 4 5 5 0 1 2 5 6 5 1 2 5 6 7 5 2 3 5 6 7
1 5 0 1 2 3 4 5 0 1 2 4 5 5 2 4 5 6 7 5 2 3 4 5 6
1 5 0 1 2 3 4 5 0 1 2 4 5 5 2 4 5 6 7 5 2 3 4 6 7
1 5 0 1 2 3 4 5 0 1 2 5 6 5 2 4 5 6 7 5 2 3 4 6 7
1 5 0 1 2 3 4 5 0 1 3 4 5 5 2 3 4 5 7 5 3 4 5 6 7
1 5 0 1 2 3 4 5 0 1 3 5 6 5 2 3 5 6 7 5 3 4 5 6 7
1 5 0 1 2 4 5 5 0 1 3 5 6 5 2 3 5 6 7 5 3 4 5 6 7
1 5 0 1 2 3 4 5 1 2 3 4 5 5 2 3 4 5 7 5 3 4 5 6 7
1 5 0 1 2 3 4 5 1 2 3 5 6 5 2 3 5 6 7 5 3 4 5 6 7
1 5 0 1 2 4 5 5 1 2 3 5 6 5 2 3 5 6 7 5 3 4 5 6 7
4 15
1 5 0 1 2 3 4 5 0 1 2 5 6 5 1 2 4 5 6 5 2 4 5 6 7
1 5 0 1 2 3 4 5 0 1 2 6 7 5 1 2 4 5 7 5 2 4 5 6 7
1 5 0 1 2 3 4 5 0 1 2 6 7 5 1 2 5 6 7 5 2 4 5 6 7
1 5 0 1 3 4 5 5 0 1 2 6 7 5 1 2 5 6 7 5 2 3 5 6 7
1 5 0 1 2 3 4 5 0 1 2 5 6 5 2 4 5 6 7 5 2 3 4 5 7
1 5 0 1 2 3 4 5 0 1 2 6 7 5 2 4 5 6 7 5 2 3 4 6 7
1 5 0 1 2 3 4 5 0 1 2 3 6 5 2 4 5 6 7 5 3 4 5 6 7
1 5 0 1 2 3 4 5 0 1 3 5 6 5 2 3 4 5 6 5 3 4 5 6 7
1 5 0 1 2 3 4 5 0 1 3 6 7 5 2 3 4 5 7 5 3 4 5 6 7
1 5 0 1 2 3 4 5 0 1 3 6 7 5 2 3 5 6 7 5 3 4 5 6 7
1 5 0 1 2 4 5 5 0 1 3 6 7 5 2 3 5 6 7 5 3 4 5 6 7
1 5 0 1 2 3 4 5 1 2 3 5 6 5 2 3 4 5 6 5 3 4 5 6 7
1 5 0 1 2 3 4 5 1 2 3 6 7 5 2 3 4 5 7 5 3 4 5 6 7
1 5 0 1 2 3 4 5 1 2 3 6 7 5 2 3 5 6 7 5 3 4 5 6 7
1 5 0 1 2 4 5 5 1 2 3 6 7 5 2 3 5 6 7 5 3 4 5 6 7
4 5
1 5 0 1 3 4 5 5 0 1 2 3 7 5 1 2 5 6 7 5 2 3 5 6 7
1 5 0 1 2 3 4 5 0 1 2 3 7 5 2 4 5 6 7 5 2 3 4 5 6
1 5 0 1 2 3 4 5 0 1 2 3 7 5 2 4 5 6 7 5 2 3 4 6 7
1 5 0 1 2 4 5 5 0 1 3 4 7 5 2 3 5 6 7 5 3 4 5 6 7
1 5 0 1 2 4 5 5 1 2 3 4 7 5 2 3 5 6 7 5 3 4 5 6 7
4 13
1 5 0 1 3 4 5 5 0 1 2 3 4 5 1 2 3 6 7 5 2 3 4 5 6
1 5 0 1 3 5 6 5 0 1 2 3 4 5 1 2 3 6 7 5 2 3 4 5 6
1 5 0 1 4 5 6 5 0 1 2 4 5 5 1 2 3 4 7 5 2 3 5 6 7
1 5 0 1 4 6 7 5 0 1 2 4 5 5 1 2 3 4 7 5 2 3 5 6 7
1 5 0 1 4 5 6 5 0 1 2 4 5 5 1 2 4 6 7 5 2 3 4 5 6
1 5 0 1 5 6 7 5 0 1 2 5 6 5 1 2 4 5 7 5 2 3 4 6 7
1 5 0 1 4 5 6 5 0 1 2 3 4 5 1 2 3 4 7 5 3 4 5 6 7
1 5 0 1 4 6 7 5 0 1 2 3 4 5 1 2 3 4 7 5 3 4 5 6 7
1 5 0 1 5 6 7 5 0 1 2 3 5 5 1 2 4 5 7 5 3 4 5 6 7
1 5 0 1 4 5 6 5 0 1 3 4 5 5 1 2 3 4 7 5 3 4 5 6 7
1 5 0 1 4 6 7 5 0 1 3 4 5 5 1 2 3 4 7 5 3 4 5 6 7
1 5 0 1 5 6 7 5 0 1 3 5 6 5 1 2 3 5 7 5 3 4 5 6 7
1 5 0 2 5 6 7 5 0 1 2 3 5 5 2 3 4 5 7 5 3 4 5 6 7
4 7
1 5 0 1 3 4 6 5 0 1 2 6 7 5 1 2 3 4 6 5 2 3 4 5 6
1 5 0 1 4 5 6 5 0 1 2 6 7 5 1 2 4 5 6 5 2 3 4 5 6
1 5 0 1 3 4 7 5 0 1 2 3 7 5 1 2 3 4 7 5 3 4 5 6 7
1 5 0 1 4 5 7 5 0 1 2 3 7 5 1 2 4 5 7 5 3 4 5 6 7
1 5 0 1 5 6 7 5 0 1 2 3 7 5 1 2 5 6 7 5 3 4 5 6 7
1 5 0 2 4 5 7 5 0 1 2 3 7 5 2 3 4 5 7 5 3 4 5 6 7
1 5 0 2 5 6 7 5 0 1 2 3 7 5 2 3 5 6 7 5 3 4 5 6 7
4 18
1 5 0 1 3 4 5 5 0 1 2 5 6 5 1 2 3 5 7 5 2 3 5 6 7
1 5 0 1 3 4 5 5 0 1 2 6 7 5 1 2 3 5 7 5 2 3 5 6 7
1 5 0 1 4 5 6 5 0 1 2 6 7 5 1 2 4 6 7 5 2 3 4 6 7
1 5 0 1 2 3 4 5 0 1 2 4 5 5 2 3 4 6 7 5 2 3 4 5 6
1 5 0 1 2 3 4 5 0 1 2 5 6 5 2 3 4 6 7 5 2 3 4 5 6
1 5 0 1 2 3 4 5 0 1 2 5 6 5 2 3 4 5 7 5 2 3 5 6 7
1 5 0 1 2 3 4 5 0 1 2 6 7 5 2 3 4 5 7 5 2 3 5 6 7
1 5 0 1 2 4 5 5 0 1 2 5 6 5 2 3 4 5 7 5 2 3 5 6 7
1 5 0 1 2 4 5 5 0 1 2 6 7 5 2 3 4 5 7 5 2 3 5 6 7
1 5 0 1 2 4 5 5 0 1 2 5 6 5 2 4 5 6 7 5 2 3 4 5 6
1 5 0 1 2 4 5 5 0 1 2 6 7 5 2 4 5 6 7 5 2 3 4 6 7
1 5 0 1 2 5 6 5 0 1 2 6 7 5 2 4 5 6 7 5 2 3 4 6 7
1 5 0 1 2 4 5 5 0 1 3 5 6 5 2 3 4 5 7 5 3 4 5 6 7
1 5 0 1 2 4 5 5 0 1 3 6 7 5 2 3 4 5 7 5 3 4 5 6 7
1 5 0 1 2 5 6 5 0 1 3 6 7 5 2 3 5 6 7 5 3 4 5 6 7
1 5 0 1 2 4 5 5 1 2 3 5 6 5 2 3 4 5 7 5 3 4 5 6 7
1 5 0 1 2 4 5 5 1 2 3 6 7 5 2 3 4 5 7 5 3 4 5 6 7
1 5 0 1 2 5 6 5 1 2 3 6 7 5 2 3 5 6 7 5 3 4 5 6 7
4 20
1 5 0 1 3 4 5 5 0 1 2 5 6 5 1 2 3 6 7 5 2 3 4 5 7
1 5 0 1 4 5 6 5 0 1 2 6 7 5 1 2 3 4 7 5 2 3 4 5 7
1 5 0 1 4 5 6 5 0 1 2 6 7 5 1 2 3 4 7 5 2 3 5 6 7
1 5 0 1 3 4 5 5 0 1 2 3 5 5 1 2 3 5 6 5 3 4 5 6 7
1 5 0 1 3 4 6 5 0 1 2 3 6 5 1 2 3 6 7 5 3 4 5 6 7
1 5 0 1 4 5 6 5 0 1 2 3 6 5 1 2 3 4 6 5 3 4 5 6 7
1 5 0 1 4 6 7 5 0 1 2 3 7 5 1 2 3 4 7 5 3 4 5 6 7
1 5 0 1 4 5 6 5 0 1 2 3 6 5 1 2 4 6 7 5 3 4 5 6 7
1 5 0 1 5 6 7 5 0 1 2 3 7 5 1 2 4 5 7 5 3 4 5 6 7
1 5 0 1 4 5 6 5 0 1 3 6 7 5 1 2 3 4 7 5 3 4 5 6 7
1 5 0 1 2 4 5 5 0 1 2 5 6 5 2 3 4 6 7 5 2 3 4 5 7
1 5 0 1 2 5 6 5 0 1 2 6 7 5 2 3 4 5 7 5 2 3 5 6 7
1 5 0 1 2 4 5 5 0 1 2 3 5 5 2 3 4 5 6 5 3 4 5 6 7
1 5 0 1 2 4 6 5 0 1 2 3 6 5 2 3 4 6 7 5 3 4 5 6 7
1 5 0 1 2 5 6 5 0 1 2 3 6 5 2 4 5 6 7 5 3 4 5 6 7
1 5 0 1 2 5 6 5 0 1 3 6 7 5 2 3 4 5 7 5 3 4 5 6 7
1 5 0 2 4 5 6 5 0 1 2 3 6 5 2 3 4 6 7 5 3 4 5 6 7
1 5 0 2 5 6 7 5 0 1 2 3 7 5 2 3 4 5 7 5 3 4 5 6 7
1 5 0 2 3 5 6 5 0 1 2 3 6 5 3 4 5 6 7 5 3 4 5 6 7
1 5 0 1 2 5 6 5 1 2 3 6 7 5 2 3 4 5 7 5 3 4 5 6 7
4 28
1 5 0 1 3 4 5 5 0 1 2 4 5 5 1 2 3 6 7 5 2 3 4 5 6
1 5 0 1 3 4 6 5 0 1 2 5 6 5 1 2 3 6 7 5 2 3 4 5 6
1 5 0 1 4 5 6 5 0 1 2 4 5 5 1 2 3 4 7 5 2 3 4 6 7
1 5 0 1 4 6 7 5 0 1 2 5 6 5 1 2 3 4 7 5 2 3 4 5 7
1 5 0 1 4 5 6 5 0 1 2 5 6 5 1 2 3 4 7 5 2 3 5 6 7
1 5 0 1 4 5 7 5 0 1 2 6 7 5 1 2 3 4 7 5 2 3 5 6 7
1 5 0 1 4 5 6 5 0 1 2 5 6 5 1 2 4 6 7 5 2 3 4 5 6
1 5 0 1 5 6 7 5 0 1 2 5 6 5 1 2 4 5 7 5 2 3 4 5 7
1 5 0 1 5 6 7 5 0 1 2 6 7 5 1 2 4 5 7 5 2 3 4 6 7
1 5 0 1 4 5 6 5 0 1 2 3 5 5 1 2 3 4 7 5 3 4 5 6 7
1 5 0 1 4 6 7 5 0 1 2 3 6 5 1 2 3 4 7 5 3 4 5 6 7
1 5 0 1 5 6 7 5 0 1 2 3 6 5 1 2 4 5 7 5 3 4 5 6 7
1 5 0 1 4 5 6 5 0 1 3 5 6 5 1 2 3 4 7 5 3 4 5 6 7
1 5 0 1 4 5 7 5 0 1 3 6 7 5 1 2 3 4 7 5 3 4 5 6 7
1 5 0 1 5 6 7 5 0 1 3 6 7 5 1 2 3 5 7 5 3 4 5 6 7
1 5 0 1 2 4 5 5 0 1 2 4 5 5 2 3 4 6 7 5 2 3 4 5 6
1 5 0 1 2 4 6 5 0 1 2 5 6 5 2 3 4 6 7 5 2 3 4 5 6
1 5 0 1 2 5 6 5 0 1 2 5 6 5 2 3 4 5 7 5 2 3 5 6 7
1 5 0 1 2 5 7 5 0 1 2 6 7 5 2 3 4 5 7 5 2 3 5 6 7
1 5 0 1 2 5 6 5 0 1 2 5 6 5 2 4 5 6 7 5 2 3 4 5 6
1 5 0 1 2 6 7 5 0 1 2 6 7 5 2 4 5 6 7 5 2 3 4 6 7
1 5 0 1 2 5 6 5 0 1 3 5 6 5 2 3 4 5 7 5 3 4 5 6 7
1 5 0 1 2 5 7 5 0 1 3 6 7 5 2 3 4 5 7 5 3 4 5 6 7
1 5 0 1 2 6 7 5 0 1 3 6 7 5 2 3 5 6 7 5 3 4 5 6 7
1 5 0 2 5 6 7 5 0 1 2 3 6 5 2 3 4 5 7 5 3 4 5 6 7
1 5 0 1 2 5 6 5 1 2 3 5 6 5 2 3 4 5 7 5 3 4 5 6 7
1 5 0 1 2 5 7 5 1 2 3 6 7 5 2 3 4 5 7 5 3 4 5 6 7
1 5 0 1 2 6 7 5 1 2 3 6 7 5 2 3 5 6 7 5 3 4 5 6 7
4 12
1 5 0 1 3 4 5 5 0 1 2 5 6 5 1 2 3 6 7 5 2 3 5 6 7
1 5 0 1 2 3 4 5 0 1 2 4 5 5 2 3 5 6 7 5 2 3 4 5 6
1 5 0 1 2 3 4 5 0 1 2 4 5 5 2 3 5 6 7 5 2 3 4 6 7
1 5 0 1 2 4 5 5 0 1 2 5 6 5 2 3 4 6 7 5 2 3 5 6 7
1 5 0 1 2 3 4 5 0 1 2 3 4 5 2 3 4 5 7 5 3 4 5 6 7
1 5 0 1 2 3 4 5 0 1 2 3 5 5 2 3 5 6 7 5 3 4 5 6 7
1 5 0 1 2 4 5 5 0 1 2 3 5 5 2 4 5 6 7 5 3 4 5 6 7
1 5 0 1 2 4 5 5 0 1 3 5 6 5 2 3 4 6 7 5 3 4 5 6 7
1 5 0 1 2 3 5 5 0 1 3 5 6 5 3 4 5 6 7 5 3 4 5 6 7
1 5 0 2 3 4 5 5 0 1 2 3 5 5 3 4 5 6 7 5 3 4 5 6 7
1 5 0 1 2 4 5 5 1 2 3 5 6 5 2 3 4 6 7 5 3 4 5 6 7
1 5 0 1 2 3 5 5 1 2 3 5 6 5 3 4 5 6 7 5 3 4 5 6 7
4 4
1 5 0 1 3 4 6 5 0 1 2 6 7 5 1 2 3 6 7 5 2 3 4 5 6
1 5 0 1 4 5 6 5 0 1 2 6 7 5 1 2 4 6 7 5 2 3 4 5 6
1 5 0 1 2 4 6 5 0 1 2 6 7 5 2 3 4 6 7 5 2 3 4 5 6
1 5 0 1 2 5 6 5 0 1 2 6 7 5 2 4 5 6 7 5 2 3 4 5 6
4 22
1 5 0 1 4 5 6 5 0 1 2 4 5 5 1 2 3 4 5 5 2 3 4 6 7
1 5 0 1 4 5 6 5 0 1 2 5 6 5 1 2 3 4 6 5 2 3 4 6 7
1 5 0 1 5 6 7 5 0 1 2 5 6 5 1 2 3 4 6 5 2 3 4 5 7
1 5 0 1 5 6 7 5 0 1 2 6 7 5 1 2 3 4 7 5 2 3 4 5 7
1 5 0 1 5 6 7 5 0 1 2 5 6 5 1 2 4 5 6 5 2 3 4 5 7
1 5 0 1 5 6 7 5 0 1 2 6 7 5 1 2 4 5 7 5 2 3 4 5 7
1 5 0 1 2 4 6 5 0 1 2 4 5 5 2 3 4 5 6 5 2 3 4 6 7
1 5 0 1 2 5 7 5 0 1 2 5 6 5 2 3 4 6 7 5 2 3 4 5 7
1 5 0 1 2 5 6 5 0 1 2 5 6 5 2 3 4 5 6 5 2 3 5 6 7
1 5 0 1 2 6 7 5 0 1 2 6 7 5 2 3 4 5 7 5 2 3 5 6 7
1 5 0 1 2 5 7 5 0 1 2 5 6 5 2 4 5 6 7 5 2 3 4 5 7
1 5 0 1 2 6 7 5 0 1 2 6 7 5 2 4 5 6 7 5 2 3 4 6 7
1 5 0 1 2 5 6 5 0 1 2 3 5 5 2 3 4 5 6 5 3 4 5 6 7
1 5 0 1 2 6 7 5 0 1 2 3 6 5 2 3 4 6 7 5 3 4 5 6 7
1 5 0 1 2 6 7 5 0 1 2 3 6 5 2 4 5 6 7 5 3 4 5 6 7
1 5 0 1 2 5 6 5 0 1 3 5 6 5 2 3 4 5 6 5 3 4 5 6 7
1 5 0 1 2 6 7 5 0 1 3 6 7 5 2 3 4 5 7 5 3 4 5 6 7
1 5 0 1 2 6 7 5 0 1 3 6 7 5 2 3 5 6 7 5 3 4 5 6 7
1 5 0 2 3 6 7 5 0 1 2 3 6 5 3 4 5 6 7 5 3 4 5 6 7
1 5 0 1 2 5 6 5 1 2 3 5 6 5 2 3 4 5 6 5 3 4 5 6 7
1 5 0 1 2 6 7 5 1 2 3 6 7 5 2 3 4 5 7 5 3 4 5 6 7
1 5 0 1 2 6 7 5 1 2 3 6 7 5 2 3 5 6 7 5 3 4 5 6 7
4 22
1 5 0 1 4 6 7 5 0 1 2 4 5 5 1 2 3 4 6 5 2 3 4 5 6
1 5 0 1 4 5 7 5 0 1 2 5 6 5 1 2 3 4 7 5 2 3 4 6 7
1 5 0 1 5 6 7 5 0 1 2 5 6 5 1 2 3 4 6 5 2 3 4 5 6
1 5 0 1 5 6 7 5 0 1 2 6 7 5 1 2 3 4 7 5 2 3 4 5 7
1 5 0 1 5 6 7 5 0 1 2 5 6 5 1 2 4 5 6 5 2 3 4 5 6
1 5 0 1 5 6 7 5 0 1 2 6 7 5 1 2 4 5 7 5 2 3 4 5 7
1 5 0 1 4 5 7 5 0 1 2 3 5 5 1 2 3 4 7 5 3 4 5 6 7
1 5 0 1 5 6 7 5 0 1 2 3 6 5 1 2 3 4 7 5 3 4 5 6 7
1 5 0 1 5 6 7 5 0 1 2 3 6 5 1 2 4 5 7 5 3 4 5 6 7
1 5 0 1 2 4 7 5 0 1 2 4 5 5 2 3 4 6 7 5 2 3 4 5 6
1 5 0 1 2 5 7 5 0 1 2 5 6 5 2 3 4 6 7 5 2 3 4 5 6
1 5 0 1 2 5 7 5 0 1 2 5 6 5 2 3 4 5 7 5 2 3 5 6 7
1 5 0 1 2 6 7 5 0 1 2 6 7 5 2 3 4 5 7 5 2 3 5 6 7
1 5 0 1 2 5 7 5 0 1 2 5 6 5 2 4 5 6 7 5 2 3 4 5 6
1 5 0 1 2 6 7 5 0 1 2 6 7 5 2 4 5 6 7 5 2 3 4 6 7
1 5 0 1 2 5 7 5 0 1 3 5 6 5 2 3 4 5 7 5 3 4 5 6 7
1 5 0 1 2 6 7 5 0 1 3 6 7 5 2 3 4 5 7 5 3 4 5 6 7
1 5 0 1 2 6 7 5 0 1 3 6 7 5 2 3 5 6 7 5 3 4 5 6 7
1 5 0 2 5 6 7 5 0 1 2 3 6 5 2 3 4 5 7 5 3 4 5 6 7
1 5 0 1 2 5 7 5 1 2 3 5 6 5 2 3 4 5 7 5 3 4 5 6 7
1 5 0 1 2 6 7 5 1 2 3 6 7 5 2 3 4 5 7 5 3 4 5 6 7
1 5 0 1 2 6 7 5 1 2 3 6 7 5 2 3 5 6 7 5 3 4 5 6 7
4 20
1 5 0 1 2 3 4 5 0 1 2 3 7 5 1 4 5 6 7 5 1 2 4 5 7
1 5 0 1 2 3 4 5 0 1 2 3 7 5 1 4 5 6 7 5 1 2 5 6 7
1 5 0 1 2 3 4 5 0 1 3 4 7 5 1 4 5 6 7 5 1 2 4 5 7
1 5 0 1 2 3 4 5 0 1 3 4 7 5 1 4 5 6 7 5 1 2 5 6 7
1 5 0 1 2 3 4 5 0 1 2 3 7 5 1 2 4 5 6 5 2 4 5 6 7
1 5 0 1 2 3 4 5 0 1 2 3 7 5 1 2 4 6 7 5 2 4 5 6 7
1 5 0 1 2 3 4 5 0 1 3 4 7 5 1 2 4 5 6 5 2 4 5 6 7
1 5 0 1 2 3 4 5 0 1 3 4 7 5 1 2 4 6 7 5 2 4 5 6 7
1 5 0 1 3 4 5 5 0 1 3 4 7 5 1 2 5 6 7 5 2 3 5 6 7
1 5 0 1 3 4 5 5 0 1 4 5 7 5 1 2 5 6 7 5 2 3 5 6 7
1 5 0 1 2 3 4 5 0 1 3 4 7 5 2 4 5 6 7 5 2 3 4 5 7
1 5 0 1 2 3 4 5 0 1 3 4 7 5 2 4 5 6 7 5 2 3 5 6 7
1 5 0 1 2 3 4 5 0 1 3 4 7 5 2 3 4 5 6 5 3 4 5 6 7
1 5 0 1 2 3 4 5 0 1 3 4 7 5 2 3 4 6 7 5 3 4 5 6 7
1 5 0 1 2 4 5 5 0 1 4 5 7 5 2 3 5 6 7 5 3 4 5 6 7
1 5 0 1 2 3 4 5 1 2 3 4 7 5 2 4 5 6 7 5 2 3 4 5 7
1 5 0 1 2 3 4 5 1 2 3 4 7 5 2 4 5 6 7 5 2 3 5 6 7
1 5 0 1 2 3 4 5 1 2 3 4 7 5 2 3 4 5 6 5 3 4 5 6 7
1 5 0 1 2 3 4 5 1 2 3 4 7 5 2 3 4 6 7 5 3 4 5 6 7
1 5 0 1 2 4 5 5 1 2 4 5 7 5 2 3 5 6 7 5 3 4 5 6 7
4 7
1 5 0 1 2 3 4 5 0 1 2 3 7 5 1 4 5 6 7 5 1 2 3 4 7
1 5 0 1 2 3 4 5 0 1 2 3 6 5 1 2 4 5 6 5 2 3 4 6 7
1 5 0 1 2 3 5 5 0 1 2 3 7 5 1 2 5 6 7 5 2 3 4 5 7
1 5 0 1 3 4 5 5 0 1 3 4 7 5 1 2 5 6 7 5 2 3 4 5 7
1 5 0 1 3 4 5 5 0 1 3 4 6 5 1 2 3 5 6 5 3 4 5 6 7
1 5 0 1 3 4 6 5 0 1 3 4 7 5 1 2 3 6 7 5 3 4 5 6 7
1 5 0 1 4 5 6 5 0 1 4 5 7 5 1 2 3 6 7 5 3 4 5 6 7
4 20
1 5 0 1 2 3 4 5 0 1 2 3 5 5 1 4 5 6 7 5 1 2 4 5 6
1 5 0 1 2 3 4 5 0 1 2 3 6 5 1 4 5 6 7 5 1 2 4 6 7
1 5 0 1 2 3 4 5 0 1 3 4 5 5 1 4 5 6 7 5 1 2 4 5 6
1 5 0 1 2 3 4 5 0 1 3 4 6 5 1 4 5 6 7 5 1 2 4 6 7
1 5 0 1 2 3 4 5 0 1 2 3 5 5 1 2 4 5 7 5 2 4 5 6 7
1 5 0 1 2 3 4 5 0 1 2 3 6 5 1 2 5 6 7 5 2 4 5 6 7
1 5 0 1 2 3 4 5 0 1 3 4 5 5 1 2 4 5 7 5 2 4 5 6 7
1 5 0 1 2 3 4 5 0 1 3 4 6 5 1 2 5 6 7 5 2 4 5 6 7
1 5 0 1 3 4 5 5 0 1 3 4 6 5 1 2 5 6 7 5 2 3 5 6 7
1 5 0 1 3 4 5 5 0 1 4 5 6 5 1 2 5 6 7 5 2 3 5 6 7
1 5 0 1 2 3 4 5 0 1 3 4 5 5 2 4 5 6 7 5 2 3 4 5 6
1 5 0 1 2 3 4 5 0 1 3 4 6 5 2 4 5 6 7 5 2 3 4 6 7
1 5 0 1 2 3 4 5 0 1 3 4 5 5 2 3 4 5 7 5 3 4 5 6 7
1 5 0 1 2 3 4 5 0 1 3 4 6 5 2 3 5 6 7 5 3 4 5 6 7
1 5 0 1 2 4 5 5 0 1 4 5 6 5 2 3 5 6 7 5 3 4 5 6 7
1 5 0 1 2 3 4 5 1 2 3 4 5 5 2 4 5 6 7 5 2 3 4 5 6
1 5 0 1 2 3 4 5 1 2 3 4 6 5 2 4 5 6 7 5 2 3 4 6 7
1 5 0 1 2 3 4 5 1 2 3 4 5 5 2 3 4 5 7 5 3 4 5 6 7
1 5 0 1 2 3 4 5 1 2 3 4 6 5 2 3 5 6 7 5 3 4 5 6 7
1 5 0 1 2 4 5 5 1 2 4 5 6 5 2 3 5 6 7 5 3 4 5 6 7
4 20
1 5 0 1 2 3 4 5 0 1 2 3 6 5 1 4 5 6 7 5 1 2 4 5 6
1 5 0 1 2 3 4 5 0 1 2 3 7 5 1 4 5 6 7 5 1 2 4 6 7
1 5 0 1 2 3 4 5 0 1 3 4 6 5 1 4 5 6 7 5 1 2 4 5 6
1 5 0 1 2 3 4 5 0 1 3 4 7 5 1 4 5 6 7 5 1 2 4 6 7
1 5 0 1 2 3 4 5 0 1 2 3 7 5 1 2 4 5 7 5 2 4 5 6 7
1 5 0 1 2 3 4 5 0 1 2 3 7 5 1 2 5 6 7 5 2 4 5 6 7
1 5 0 1 2 3 4 5 0 1 3 4 7 5 1 2 4 5 7 5 2 4 5 6 7
1 5 0 1 2 3 4 5 0 1 3 4 7 5 1 2 5 6 7 5 2 4 5 6 7
1 5 0 1 3 4 5 5 0 1 3 4 7 5 1 2 5 6 7 5 2 3 5 6 7
1 5 0 1 3 4 5 5 0 1 4 5 7 5 1 2 5 6 7 5 2 3 5 6 7
1 5 0 1 2 3 4 5 0 1 3 4 6 5 2 4 5 6 7 5 2 3 4 5 6
1 5 0 1 2 3 4 5 0 1 3 4 7 5 2 4 5 6 7 5 2 3 4 6 7
1 5 0 1 2 3 4 5 0 1 3 4 7 5 2 3 4 5 7 5 3 4 5 6 7
1 5 0 1 2 3 4 5 0 1 3 4 7 5 2 3 5 6 7 5 3 4 5 6 7
1 5 0 1 2 4 5 5 0 1 4 5 7 5 2 3 5 6 7 5 3 4 5 6 7
1 5 0 1 2 3 4 5 1 2 3 4 6 5 2 4 5 6 7 5 2 3 4 5 6
1 5 0 1 2 3 4 5 1 2 3 4 7 5 2 4 5 6 7 5 2 3 4 6 7
1 5 0 1 2 3 4 5 1 2 3 4 7 5 2 3 4 5 7 5 3 4 5 6 7
1 5 0 1 2 3 4 5 1 2 3 4 7 5 2 3 5 6 7 5 3 4 5 6 7
1 5 0 1 2 4 5 5 1 2 4 5 7 5 2 3 5 6 7 5 3 4 5 6 7
4 20
1 5 0 1 2 3 4 5 0 1 2 3 7 5 1 4 5 6 7 5 1 2 4 5 6
1 5 0 1 2 3 4 5 0 1 2 3 7 5 1 4 5 6 7 5 1 2 4 6 7
1 5 0 1 2 3 4 5 0 1 3 4 7 5 1 4 5 6 7 5 1 2 4 5 6
1 5 0 1 2 3 4 5 0 1 3 4 7 5 1 4 5 6 7 5 1 2 4 6 7
1 5 0 1 2 3 4 5 0 1 2 3 7 5 1 2 4 5 7 5 2 4 5 6 7
1 5 0 1 2 3 4 5 0 1 2 3 7 5 1 2 5 6 7 5 2 4 5 6 7
1 5 0 1 2 3 4 5 0 1 3 4 7 5 1 2 4 5 7 5 2 4 5 6 7
1 5 0 1 2 3 4 5 0 1 3 4 7 5 1 2 5 6 7 5 2 4 5 6 7
1 5 0 1 3 4 5 5 0 1 3 4 7 5 1 2 5 6 7 5 2 3 5 6 7
1 5 0 1 3 4 5 5 0 1 4 5 7 5 1 2 5 6 7 5 2 3 5 6 7
1 5 0 1 2 3 4 5 0 1 3 4 7 5 2 4 5 6 7 5 2 3 4 5 6
1 5 0 1 2 3 4 5 0 1 3 4 7 5 2 4 5 6 7 5 2 3 4 6 7
1 5 0 1 2 3 4 5 0 1 3 4 7 5 2 3 4 5 7 5 3 4 5 6 7
1 5 0 1 2 3 4 5 0 1 3 4 7 5 2 3 5 6 7 5 3 4 5 6 7
1 5 0 1 2 4 5 5 0 1 4 5 7 5 2 3 5 6 7 5 3 4 5 6 7
1 5 0 1 2 3 4 5 1 2 3 4 7 5 2 4 5 6 7 5 2 3 4 5 6
1 5 0 1 2 3 4 5 1 2 3 4 7 5 2 4 5 6 7 5 2 3 4 6 7
1 5 0 1 2 3 4 5 1 2 3 4 7 5 2 3 4 5 7 5 3 4 5 6 7
1 5 0 1 2 3 4 5 1 2 3 4 7 5 2 3 5 6 7 5 3 4 5 6 7
1 5 0 1 2 4 5 5 1 2 4 5 7 5 2 3 5 6 7 5 3 4 5 6 7
4 3
1 5 0 1 2 3 4 5 0 1 2 4 5 5 1 2 3 4 5 5 1 2 5 6 7
1 5 0 1 3 4 5 5 0 1 3 5 6 5 1 3 4 5 6 5 1 2 3 6 7
1 5 0 1 4 5 6 5 0 1 4 6 7 5 1 4 5 6 7 5 1 2 3 4 7
4 45
1 5 0 1 2 4 5 5 0 1 2 3 4 5 1 2 3 5 6 5 1 2 4 6 7
1 5 0 1 2 5 6 5 0 1 2 3 4 5 1 2 3 6 7 5 1 2 4 5 7
1 5 0 1 2 5 6 5 0 1 2 4 5 5 1 2 3 4 6 5 1 2 5 6 7
1 5 0 1 2 6 7 5 0 1 2 4 5 5 1 2 3 4 7 5 1 2 5 6 7
1 5 0 1 2 4 5 5 0 1 2 3 4 5 1 3 4 5 6 5 1 2 4 6 7
1 5 0 1 2 5 6 5 0 1 2 3 4 5 1 3 4 6 7 5 1 2 4 5 7
1 5 0 1 2 5 6 5 0 1 2 3 5 5 1 3 4 5 6 5 1 2 5 6 7
1 5 0 1 2 6 7 5 0 1 2 3 5 5 1 3 4 5 7 5 1 2 5 6 7
1 5 0 1 2 3 5 5 0 1 3 4 5 5 1 3 4 5 6 5 1 2 5 6 7
1 5 0 1 2 3 6 5 0 1 3 4 5 5 1 3 4 6 7 5 1 2 5 6 7
1 5 0 1 2 3 6 5 0 1 3 4 5 5 1 4 5 6 7 5 1 2 5 6 7
1 5 0 1 3 5 6 5 0 1 3 4 5 5 1 3 4 6 7 5 1 2 3 5 7
1 5 0 1 3 6 7 5 0 1 3 5 6 5 1 3 4 5 7 5 1 2 3 6 7
1 5 0 1 3 5 6 5 0 1 3 4 5 5 1 4 5 6 7 5 1 2 3 5 7
1 5 0 1 3 6 7 5 0 1 3 4 6 5 1 4 5 6 7 5 1 2 3 6 7
1 5 0 1 3 4 6 5 0 1 4 5 6 5 1 4 5 6 7 5 1 2 3 6 7
1 5 0 1 2 4 5 5 0 1 2 3 4 5 1 2 3 4 5 5 2 4 5 6 7
1 5 0 1 2 5 6 5 0 1 2 3 4 5 1 2 3 4 6 5 2 4 5 6 7
1 5 0 1 2 6 7 5 0 1 2 3 4 5 1 2 3 4 7 5 2 4 5 6 7
1 5 0 1 3 5 6 5 0 1 3 4 5 5 1 2 3 4 6 5 2 3 5 6 7
1 5 0 1 3 6 7 5 0 1 3 4 5 5 1 2 3 4 7 5 2 3 5 6 7
1 5 0 1 3 5 6 5 0 1 3 4 5 5 1 2 4 5 6 5 2 3 5 6 7
1 5 0 1 3 6 7 5 0 1 3 4 5 5 1 2 4 5 7 5 2 3 5 6 7
1 5 0 1 4 6 7 5 0 1 4 5 6 5 1 2 4 5 7 5 2 3 4 6 7
1 5 0 1 4 6 7 5 0 1 4 5 6 5 1 2 5 6 7 5 2 3 4 6 7
1 5 0 1 2 3 5 5 0 1 3 4 5 5 2 3 4 5 6 5 2 3 5 6 7
1 5 0 1 2 3 6 5 0 1 3 4 5 5 2 3 4 6 7 5 2 3 5 6 7
1 5 0 1 2 3 6 5 0 1 3 4 5 5 2 4 5 6 7 5 2 3 5 6 7
1 5 0 1 2 4 6 5 0 1 4 5 6 5 2 4 5 6 7 5 2 3 4 6 7
1 5 0 2 3 4 5 5 0 1 2 3 4 5 2 3 4 5 6 5 2 3 4 6 7
1 5 0 2 3 5 6 5 0 1 2 3 4 5 2 3 4 6 7 5 2 3 4 5 7
1 5 0 2 3 5 6 5 0 1 2 3 5 5 2 3 4 5 6 5 2 3 5 6 7
1 5 0 2 3 6 7 5 0 1 2 3 5 5 2 3 4 5 7 5 2 3 5 6 7
1 5 0 2 3 4 6 5 0 1 2 4 5 5 2 4 5 6 7 5 2 3 5 6 7
1 5 0 2 4 5 6 5 0 1 2 4 5 5 2 4 5 6 7 5 2 3 4 5 7
1 5 0 2 4 6 7 5 0 1 2 4 6 5 2 4 5 6 7 5 2 3 4 6 7
1 5 0 2 4 5 6 5 0 1 2 4 5 5 2 3 4 5 6 5 3 4 5 6 7
1 5 0 2 4 6 7 5 0 1 2 4 5 5 2 3 4 5 7 5 3 4 5 6 7
1 5 0 2 5 6 7 5 0 1 2 5 6 5 2 3 5 6 7 5 3 4 5 6 7
1 5 0 2 3 4 6 5 0 1 2 4 5 5 3 4 5 6 7 5 3 4 5 6 7
1 5 0 1 2 3 5 5 1 2 3 4 5 5 2 3 4 5 6 5 2 3 5 6 7
1 5 0 1 2 3 6 5 1 2 3 4 5 5 2 3 4 6 7 5 2 3 5 6 7
1 5 0 1 2 3 6 5 1 2 3 4 5 5 2 4 5 6 7 5 2 3 5 6 7
1 5 0 1 2 4 6 5 1 2 4 5 6 5 2 4 5 6 7 5 2 3 4 6 7
1 5 0 1 3 4 6 5 1 2 3 4 5 5 3 4 5 6 7 5 3 4 5 6 7
4 32
1 5 0 1 2 5 6 5 0 1 2 3 4 5 1 2 3 4 5 5 1 2 4 6 7
1 5 0 1 2 6 7 5 0 1 2 3 4 5 1 2 3 5 6 5 1 2 4 5 7
1 5 0 1 2 5 6 5 0 1 2 4 5 5 1 2 3 4 5 5 1 2 5 6 7
1 5 0 1 2 6 7 5 0 1 2 4 5 5 1 2 3 4 6 5 1 2 5 6 7
1 5 0 1 2 6 7 5 0 1 2 3 4 5 1 3 4 5 6 5 1 2 4 5 7
1 5 0 1 2 6 7 5 0 1 2 3 5 5 1 3 4 5 6 5 1 2 5 6 7
1 5 0 1 2 3 6 5 0 1 3 4 5 5 1 3 4 5 6 5 1 2 5 6 7
1 5 0 1 2 3 7 5 0 1 3 4 5 5 1 3 4 6 7 5 1 2 5 6 7
1 5 0 1 2 3 7 5 0 1 3 4 5 5 1 4 5 6 7 5 1 2 5 6 7
1 5 0 1 3 6 7 5 0 1 3 4 5 5 1 3 4 5 6 5 1 2 3 5 7
1 5 0 1 3 6 7 5 0 1 3 5 6 5 1 3 4 5 6 5 1 2 3 6 7
1 5 0 1 3 4 7 5 0 1 4 5 6 5 1 4 5 6 7 5 1 2 3 6 7
1 5 0 1 2 5 6 5 0 1 2 3 4 5 1 2 3 4 5 5 2 4 5 6 7
1 5 0 1 2 6 7 5 0 1 2 3 4 5 1 2 3 4 6 5 2 4 5 6 7
1 5 0 1 3 5 6 5 0 1 3 4 5 5 1 2 3 4 5 5 2 3 5 6 7
1 5 0 1 3 6 7 5 0 1 3 4 5 5 1 2 3 4 6 5 2 3 5 6 7
1 5 0 1 3 6 7 5 0 1 3 4 5 5 1 2 4 5 6 5 2 3 5 6 7
1 5 0 1 4 6 7 5 0 1 4 5 6 5 1 2 4 5 6 5 2 3 4 6 7
1 5 0 1 2 3 6 5 0 1 3 4 5 5 2 3 4 5 6 5 2 3 5 6 7
1 5 0 1 2 3 7 5 0 1 3 4 5 5 2 3 4 6 7 5 2 3 5 6 7
1 5 0 1 2 3 7 5 0 1 3 4 5 5 2 4 5 6 7 5 2 3 5 6 7
1 5 0 1 2 4 7 5 0 1 4 5 6 5 2 4 5 6 7 5 2 3 4 6 7
1 5 0 2 3 6 7 5 0 1 2 3 4 5 2 3 4 5 6 5 2 3 4 5 7
1 5 0 2 3 6 7 5 0 1 2 3 5 5 2 3 4 5 6 5 2 3 5 6 7
1 5 0 2 3 4 7 5 0 1 2 4 5 5 2 4 5 6 7 5 2 3 5 6 7
1 5 0 2 4 6 7 5 0 1 2 4 5 5 2 3 4 5 6 5 3 4 5 6 7
1 5 0 2 3 4 7 5 0 1 2 4 5 5 3 4 5 6 7 5 3 4 5 6 7
1 5 0 1 2 3 6 5 1 2 3 4 5 5 2 3 4 5 6 5 2 3 5 6 7
1 5 0 1 2 3 7 5 1 2 3 4 5 5 2 3 4 6 7 5 2 3 5 6 7
1 5 0 1 2 3 7 5 1 2 3 4 5 5 2 4 5 6 7 5 2 3 5 6 7
1 5 0 1 2 4 7 5 1 2 4 5 6 5 2 4 5 6 7 5 2 3 4 6 7
1 5 0 1 3 4 7 5 1 2 3 4 5 5 3 4 5 6 7 5 3 4 5 6 7
4 18
1 5 0 1 2 3 4 5 0 1 4 5 7 5 1 4 5 6 7 5 1 2 4 5 7
1 5 0 1 2 3 4 5 0 1 4 6 7 5 1 4 5 6 7 5 1 2 5 6 7
1 5 0 1 2 3 4 5 0 1 4 5 7 5 1 2 4 5 6 5 2 4 5 6 7
1 5 0 1 2 3 4 5 0 1 4 6 7 5 1 2 4 6 7 5 2 4 5 6 7
1 5 0 1 3 4 5 5 0 1 5 6 7 5 1 2 5 6 7 5 2 3 5 6 7
1 5 0 1 2 3 4 5 0 1 4 5 7 5 2 4 5 6 7 5 2 3 4 5 7
1 5 0 1 2 3 4 5 0 1 4 6 7 5 2 4 5 6 7 5 2 3 5 6 7
1 5 0 1 2 3 4 5 0 1 4 5 7 5 2 3 4 5 6 5 3 4 5 6 7
1 5 0 1 2 3 4 5 0 1 4 6 7 5 2 3 4 6 7 5 3 4 5 6 7
1 5 0 1 2 4 5 5 0 1 5 6 7 5 2 3 5 6 7 5 3 4 5 6 7
1 5 0 1 2 3 4 5 0 1 4 6 7 5 3 4 5 6 7 5 3 4 5 6 7
1 5 0 1 2 3 4 5 1 2 4 5 7 5 2 4 5 6 7 5 2 3 4 5 7
1 5 0 1 2 3 4 5 1 2 4 6 7 5 2 4 5 6 7 5 2 3 5 6 7
1 5 0 1 2 3 4 5 1 2 4 5 7 5 2 3 4 5 6 5 3 4 5 6 7
1 5 0 1 2 3 4 5 1 2 4 6 7 5 2 3 4 6 7 5 3 4 5 6 7
1 5 0 1 2 4 5 5 1 2 5 6 7 5 2 3 5 6 7 5 3 4 5 6 7
1 5 0 1 2 3 4 5 1 2 4 6 7 5 3 4 5 6 7 5 3 4 5 6 7
1 5 0 1 2 3 4 5 2 3 4 6 7 5 3 4 5 6 7 5 3 4 5 6 7
4 13
1 5 0 1 2 5 6 5 0 1 2 3 4 5 1 4 5 6 7 5 1 2 4 5 7
1 5 0 1 2 6 7 5 0 1 2 3 4 5 1 4 5 6 7 5 1 2 4 5 7
1 5 0 1 2 6 7 5 0 1 2 3 4 5 1 4 5 6 7 5 1 2 5 6 7
1 5 0 1 2 5 6 5 0 1 2 3 4 5 1 2 4 5 6 5 2 4 5 6 7
1 5 0 1 2 6 7 5 0 1 2 3 4 5 1 2 4 6 7 5 2 4 5 6 7
1 5 0 1 3 6 7 5 0 1 3 4 5 5 1 2 5 6 7 5 2 3 5 6 7
1 5 0 2 3 5 6 5 0 1 2 3 4 5 2 4 5 6 7 5 2 3 4 5 7
1 5 0 2 3 6 7 5 0 1 2 3 4 5 2 4 5 6 7 5 2 3 4 5 7
1 5 0 2 3 6 7 5 0 1 2 3 4 5 2 4 5 6 7 5 2 3 5 6 7
1 5 0 2 3 5 6 5 0 1 2 3 4 5 2 3 4 5 6 5 3 4 5 6 7
1 5 0 2 3 6 7 5 0 1 2 3 4 5 2 3 4 6 7 5 3 4 5 6 7
1 5 0 2 4 6 7 5 0 1 2 4 5 5 2 3 5 6 7 5 3 4 5 6 7
1 5 0 3 4 6 7 5 0 1 2 3 4 5 3 4 5 6 7 5 3 4 5 6 7
4 58
1 5 0 1 2 6 7 5 0 1 2 5 6 5 1 2 3 4 5 5 1 2 3 4 7
1 5 0 1 2 6 7 5 0 1 2 5 6 5 1 2 3 4 5 5 1 2 4 5 7
1 5 0 1 2 6 7 5 0 1 2 3 6 5 1 3 4 5 6 5 1 2 3 4 7
1 5 0 1 2 6 7 5 0 1 2 3 6 5 1 3 4 5 6 5 1 2 4 5 7
1 5 0 1 2 6 7 5 0 1 2 3 6 5 1 3 4 5 6 5 1 2 5 6 7
1 5 0 1 2 3 7 5 0 1 3 6 7 5 1 3 4 5 6 5 1 2 3 4 7
1 5 0 1 2 3 7 5 0 1 3 6 7 5 1 3 4 5 6 5 1 2 4 5 7
1 5 0 1 2 3 7 5 0 1 3 6 7 5 1 3 4 5 6 5 1 2 5 6 7
1 5 0 1 2 3 7 5 0 1 3 4 7 5 1 4 5 6 7 5 1 2 4 5 7
1 5 0 1 2 3 7 5 0 1 3 4 7 5 1 4 5 6 7 5 1 2 5 6 7
1 5 0 1 2 5 6 5 0 1 2 3 5 5 1 2 3 4 5 5 2 3 4 6 7
1 5 0 1 2 6 7 5 0 1 2 3 6 5 1 2 3 5 6 5 2 3 4 5 7
1 5 0 1 2 5 6 5 0 1 2 3 5 5 1 2 3 4 5 5 2 4 5 6 7
1 5 0 1 2 6 7 5 0 1 2 3 6 5 1 2 3 4 6 5 2 4 5 6 7
1 5 0 1 2 3 6 5 0 1 3 5 6 5 1 2 3 4 5 5 2 3 4 6 7
1 5 0 1 2 3 7 5 0 1 3 6 7 5 1 2 3 5 6 5 2 3 4 5 7
1 5 0 1 2 3 6 5 0 1 3 5 6 5 1 2 3 4 5 5 2 4 5 6 7
1 5 0 1 2 3 7 5 0 1 3 6 7 5 1 2 3 4 6 5 2 4 5 6 7
1 5 0 1 2 3 6 5 0 1 3 4 6 5 1 2 4 5 6 5 2 4 5 6 7
1 5 0 1 2 3 7 5 0 1 3 4 7 5 1 2 4 6 7 5 2 4 5 6 7
1 5 0 1 3 6 7 5 0 1 3 5 6 5 1 2 3 4 5 5 2 3 4 5 7
1 5 0 1 3 6 7 5 0 1 3 4 6 5 1 2 4 5 6 5 2 3 4 5 7
1 5 0 1 3 6 7 5 0 1 3 4 6 5 1 2 4 5 6 5 2 3 5 6 7
1 5 0 1 3 4 7 5 0 1 4 6 7 5 1 2 4 5 6 5 2 3 4 5 7
1 5 0 1 3 4 7 5 0 1 4 6 7 5 1 2 4 5 6 5 2 3 5 6 7
1 5 0 1 3 4 7 5 0 1 4 5 7 5 1 2 5 6 7 5 2 3 5 6 7
1 5 0 1 3 5 6 5 0 1 3 4 5 5 1 2 3 4 5 5 3 4 5 6 7
1 5 0 1 3 6 7 5 0 1 3 4 6 5 1 2 3 4 6 5 3 4 5 6 7
1 5 0 1 3 4 6 5 0 1 4 5 6 5 1 2 3 4 5 5 3 4 5 6 7
1 5 0 1 3 4 7 5 0 1 4 6 7 5 1 2 3 4 6 5 3 4 5 6 7
1 5 0 1 4 6 7 5 0 1 4 5 6 5 1 2 3 5 6 5 3 4 5 6 7
1 5 0 1 4 5 7 5 0 1 5 6 7 5 1 2 3 5 6 5 3 4 5 6 7
1 5 0 1 2 3 7 5 0 1 3 6 7 5 2 3 4 5 6 5 2 3 4 5 7
1 5 0 1 2 3 7 5 0 1 3 6 7 5 2 3 4 5 6 5 2 3 5 6 7
1 5 0 1 2 3 7 5 0 1 3 4 7 5 2 4 5 6 7 5 2 3 4 5 7
1 5 0 1 2 3 7 5 0 1 3 4 7 5 2 4 5 6 7 5 2 3 5 6 7
1 5 0 1 2 3 6 5 0 1 3 4 6 5 2 3 4 5 6 5 3 4 5 6 7
1 5 0 1 2 3 7 5 0 1 3 4 7 5 2 3 4 6 7 5 3 4 5 6 7
1 5 0 1 2 4 7 5 0 1 4 6 7 5 2 3 4 5 6 5 3 4 5 6 7
1 5 0 1 2 4 7 5 0 1 4 5 7 5 2 3 5 6 7 5 3 4 5 6 7
1 5 0 2 3 6 7 5 0 1 2 3 6 5 2 3 4 5 6 5 2 3 4 5 7
1 5 0 2 3 6 7 5 0 1 2 3 6 5 2 3 4 5 6 5 2 3 5 6 7
1 5 0 2 3 4 7 5 0 1 2 4 7 5 2 4 5 6 7 5 2 3 4 5 7
1 5 0 2 3 4 7 5 0 1 2 4 7 5 2 4 5 6 7 5 2 3 5 6 7
1 5 0 2 3 4 6 5 0 1 2 4 6 5 2 3 4 5 6 5 3 4 5 6 7
1 5 0 2 3 4 7 5 0 1 2 4 7 5 2 3 4 6 7 5 3 4 5 6 7
1 5 0 2 4 6 7 5 0 1 2 4 6 5 2 3 4 5 6 5 3 4 5 6 7
1 5 0 2 4 5 7 5 0 1 2 5 7 5 2 3 5 6 7 5 3 4 5 6 7
1 5 0 2 3 4 7 5 0 1 2 4 7 5 3 4 5 6 7 5 3 4 5 6 7
1 5 0 1 2 3 7 5 1 2 3 6 7 5 2 3 4 5 6 5 2 3 4 5 7
1 5 0 1 2 3 7 5 1 2 3 6 7 5 2 3 4 5 6 5 2 3 5 6 7
1 5 0 1 2 3 7 5 1 2 3 4 7 5 2 4 5 6 7 5 2 3 4 5 7
1 5 0 1 2 3 7 5 1 2 3 4 7 5 2 4 5 6 7 5 2 3 5 6 7
1 5 0 1 2 3 6 5 1 2 3 4 6 5 2 3 4 5 6 5 3 4 5 6 7
1 5 0 1 2 3 7 5 1 2 3 4 7 5 2 3 4 6 7 5 3 4 5 6 7
1 5 0 1 2 4 7 5 1 2 4 6 7 5 2 3 4 5 6 5 3 4 5 6 7
1 5 0 1 2 4 7 5 1 2 4 5 7 5 2 3 5 6 7 5 3 4 5 6 7
1 5 0 1 3 4 7 5 1 2 3 4 7 5 3 4 5 6 7 5 3 4 5 6 7
4 49
1 5 0 1 2 6 7 5 0 1 2 5 6 5 1 2 3 4 5 5 1 2 3 4 6
1 5 0 1 2 6 7 5 0 1 2 5 6 5 1 2 3 4 5 5 1 2 4 5 6
1 5 0 1 2 6 7 5 0 1 2 3 6 5 1 3 4 5 6 5 1 2 3 4 6
1 5 0 1 2 6 7 5 0 1 2 3 6 5 1 3 4 5 6 5 1 2 4 5 6
1 5 0 1 2 3 7 5 0 1 3 6 7 5 1 3 4 5 6 5 1 2 3 4 7
1 5 0 1 2 3 7 5 0 1 3 6 7 5 1 3 4 5 6 5 1 2 4 5 7
1 5 0 1 2 3 7 5 0 1 3 6 7 5 1 3 4 5 6 5 1 2 5 6 7
1 5 0 1 2 3 7 5 0 1 3 4 7 5 1 4 5 6 7 5 1 2 4 5 7
1 5 0 1 2 3 7 5 0 1 3 4 7 5 1 4 5 6 7 5 1 2 5 6 7
1 5 0 1 2 6 7 5 0 1 2 3 5 5 1 2 3 4 5 5 2 3 4 5 6
1 5 0 1 2 6 7 5 0 1 2 3 6 5 1 2 3 5 6 5 2 3 4 5 6
1 5 0 1 2 3 7 5 0 1 3 5 6 5 1 2 3 4 5 5 2 3 4 6 7
1 5 0 1 2 3 7 5 0 1 3 6 7 5 1 2 3 5 6 5 2 3 4 5 7
1 5 0 1 2 3 7 5 0 1 3 5 6 5 1 2 3 4 5 5 2 4 5 6 7
1 5 0 1 2 3 7 5 0 1 3 6 7 5 1 2 3 4 6 5 2 4 5 6 7
1 5 0 1 2 3 7 5 0 1 3 4 6 5 1 2 4 5 6 5 2 4 5 6 7
1 5 0 1 2 3 7 5 0 1 3 4 7 5 1 2 4 6 7 5 2 4 5 6 7
1 5 0 1 3 6 7 5 0 1 3 5 6 5 1 2 3 4 5 5 2 3 4 5 6
1 5 0 1 3 6 7 5 0 1 3 4 6 5 1 2 4 5 6 5 2 3 4 5 6
1 5 0 1 3 4 7 5 0 1 4 6 7 5 1 2 4 5 6 5 2 3 4 5 7
1 5 0 1 3 4 7 5 0 1 4 6 7 5 1 2 4 5 6 5 2 3 5 6 7
1 5 0 1 3 4 7 5 0 1 4 5 7 5 1 2 5 6 7 5 2 3 5 6 7
1 5 0 1 3 4 7 5 0 1 4 5 6 5 1 2 3 4 5 5 3 4 5 6 7
1 5 0 1 3 4 7 5 0 1 4 6 7 5 1 2 3 4 6 5 3 4 5 6 7
1 5 0 1 4 5 7 5 0 1 5 6 7 5 1 2 3 5 6 5 3 4 5 6 7
1 5 0 1 2 3 7 5 0 1 3 6 7 5 2 3 4 5 6 5 2 3 4 5 7
1 5 0 1 2 3 7 5 0 1 3 6 7 5 2 3 4 5 6 5 2 3 5 6 7
1 5 0 1 2 3 7 5 0 1 3 4 7 5 2 4 5 6 7 5 2 3 4 5 7
1 5 0 1 2 3 7 5 0 1 3 4 7 5 2 4 5 6 7 5 2 3 5 6 7
1 5 0 1 2 3 7 5 0 1 3 4 6 5 2 3 4 5 6 5 3 4 5 6 7
1 5 0 1 2 3 7 5 0 1 3 4 7 5 2 3 4 6 7 5 3 4 5 6 7
1 5 0 1 2 4 7 5 0 1 4 6 7 5 2 3 4 5 6 5 3 4 5 6 7
1 5 0 1 2 4 7 5 0 1 4 5 7 5 2 3 5 6 7 5 3 4 5 6 7
1 5 0 2 3 6 7 5 0 1 2 3 6 5 2 3 4 5 6 5 2 3 4 5 6
1 5 0 2 3 4 7 5 0 1 2 4 7 5 2 4 5 6 7 5 2 3 4 5 7
1 5 0 2 3 4 7 5 0 1 2 4 7 5 2 4 5 6 7 5 2 3 5 6 7
1 5 0 2 3 4 7 5 0 1 2 4 6 5 2 3 4 5 6 5 3 4 5 6 7
1 5 0 2 3 4 7 5 0 1 2 4 7 5 2 3 4 6 7 5 3 4 5 6 7
1 5 0 2 4 5 7 5 0 1 2 5 7 5 2 3 5 6 7 5 3 4 5 6 7
1 5 0 2 3 4 7 5 0 1 2 4 7 5 3 4 5 6 7 5 3 4 5 6 7
1 5 0 1 2 3 7 5 1 2 3 6 7 5 2 3 4 5 6 5 2 3 4 5 7
1 5 0 1 2 3 7 5 1 2 3 6 7 5 2 3 4 5 6 5 2 3 5 6 7
1 5 0 1 2 3 7 5 1 2 3 4 7 5 2 4 5 6 7 5 2 3 4 5 7
1 5 0 1 2 3 7 5 1 2 3 4 7 5 2 4 5 6 7 5 2 3 5 6 7
1 5 0 1 2 3 7 5 1 2 3 4 6 5 2 3 4 5 6 5 3 4 5 6 7
1 5 0 1 2 3 7 5 1 2 3 4 7 5 2 3 4 6 7 5 3 4 5 6 7
1 5 0 1 2 4 7 5 1 2 4 6 7 5 2 3 4 5 6 5 3 4 5 6 7
1 5 0 1 2 4 7 5 1 2 4 5 7 5 2 3 5 6 7 5 3 4 5 6 7
1 5 0 1 3 4 7 5 1 2 3 4 7 5 3 4 5 6 7 5 3 4 5 6 7
4 7
1 5 0 1 2 3 7 5 0 1 3 4 7 5 1 4 5 6 7 5 1 2 3 4 7
1 5 0 1 2 3 6 5 0 1 3 4 6 5 1 2 4 5 6 5 2 3 4 6 7
1 5 0 1 2 3 7 5 0 1 3 5 7 5 1 2 5 6 7 5 2 3 4 5 7
1 5 0 1 3 4 7 5 0 1 4 5 7 5 1 2 5 6 7 5 2 3 4 5 7
1 5 0 1 3 4 6 5 0 1 4 5 6 5 1 2 3 5 6 5 3 4 5 6 7
1 5 0 1 3 4 7 5 0 1 4 6 7 5 1 2 3 6 7 5 3 4 5 6 7
1 5 0 1 4 5 7 5 0 1 5 6 7 5 1 2 3 6 7 5 3 4 5 6 7
4 12
1 5 0 1 2 5 6 5 0 1 2 3 4 5 1 4 5 6 7 5 1 2 3 4 5
1 5 0 1 2 6 7 5 0 1 2 3 4 5 1 4 5 6 7 5 1 2 3 4 6
1 5 0 1 2 6 7 5 0 1 2 3 4 5 1 2 4 5 7 5 2 3 4 5 6
1 5 0 1 2 6 7 5 0 1 2 3 5 5 1 2 5 6 7 5 2 3 4 5 6
1 5 0 1 2 3 6 5 0 1 3 4 5 5 1 2 5 6 7 5 2 3 4 5 6
1 5 0 1 2 3 7 5 0 1 3 4 5 5 1 2 5 6 7 5 2 3 4 6 7
1 5 0 1 2 3 7 5 0 1 3 4 5 5 1 2 5 6 7 5 2 4 5 6 7
1 5 0 1 3 6 7 5 0 1 3 4 5 5 1 2 5 6 7 5 2 3 4 5 6
1 5 0 1 3 4 7 5 0 1 4 5 6 5 1 2 3 6 7 5 3 4 5 6 7
1 5 0 1 2 3 7 5 0 1 3 4 5 5 2 3 5 6 7 5 3 4 5 6 7
1 5 0 2 3 4 7 5 0 1 2 4 5 5 2 3 5 6 7 5 3 4 5 6 7
1 5 0 1 2 3 7 5 1 2 3 4 5 5 2 3 5 6 7 5 3 4 5 6 7
4 38
1 5 0 1 2 4 5 5 0 1 2 3 4 5 1 3 4 5 6 5 1 2 3 6 7
1 5 0 1 2 5 6 5 0 1 2 3 5 5 1 3 4 5 6 5 1 2 3 6 7
1 5 0 1 2 4 5 5 0 1 2 3 4 5 1 4 5 6 7 5 1 2 3 4 7
1 5 0 1 2 5 6 5 0 1 2 3 5 5 1 4 5 6 7 5 1 2 3 4 7
1 5 0 1 2 6 7 5 0 1 2 3 6 5 1 4 5 6 7 5 1 2 3 4 7
1 5 0 1 2 3 5 5 0 1 3 4 5 5 1 3 4 5 6 5 1 2 3 6 7
1 5 0 1 2 3 6 5 0 1 3 5 6 5 1 3 4 5 6 5 1 2 3 6 7
1 5 0 1 2 3 5 5 0 1 3 4 5 5 1 4 5 6 7 5 1 2 3 4 7
1 5 0 1 2 3 6 5 0 1 3 5 6 5 1 4 5 6 7 5 1 2 3 4 7
1 5 0 1 2 3 7 5 0 1 3 6 7 5 1 4 5 6 7 5 1 2 3 4 7
1 5 0 1 3 5 6 5 0 1 3 4 5 5 1 4 5 6 7 5 1 2 3 4 7
1 5 0 1 3 6 7 5 0 1 3 4 6 5 1 4 5 6 7 5 1 2 3 4 7
1 5 0 1 3 4 6 5 0 1 4 5 6 5 1 4 5 6 7 5 1 2 3 4 7
1 5 0 1 3 4 7 5 0 1 4 6 7 5 1 4 5 6 7 5 1 2 3 4 7
1 5 0 1 2 4 5 5 0 1 2 3 4 5 1 2 3 4 5 5 2 3 5 6 7
1 5 0 1 2 4 5 5 0 1 2 3 4 5 1 2 4 5 6 5 2 3 4 6 7
1 5 0 1 2 5 6 5 0 1 2 3 5 5 1 2 4 5 6 5 2 3 4 6 7
1 5 0 1 2 5 6 5 0 1 2 3 5 5 1 2 5 6 7 5 2 3 4 5 7
1 5 0 1 2 6 7 5 0 1 2 3 6 5 1 2 5 6 7 5 2 3 4 5 7
1 5 0 1 2 3 5 5 0 1 3 4 5 5 1 2 3 4 5 5 2 3 5 6 7
1 5 0 1 2 3 5 5 0 1 3 4 5 5 1 2 4 5 6 5 2 3 4 6 7
1 5 0 1 2 3 6 5 0 1 3 5 6 5 1 2 4 5 6 5 2 3 4 6 7
1 5 0 1 2 3 6 5 0 1 3 5 6 5 1 2 5 6 7 5 2 3 4 5 7
1 5 0 1 2 3 7 5 0 1 3 6 7 5 1 2 5 6 7 5 2 3 4 5 7
1 5 0 1 3 5 6 5 0 1 3 4 5 5 1 2 4 5 6 5 2 3 4 6 7
1 5 0 1 3 5 6 5 0 1 3 4 5 5 1 2 5 6 7 5 2 3 4 5 7
1 5 0 1 3 6 7 5 0 1 3 4 6 5 1 2 5 6 7 5 2 3 4 5 7
1 5 0 1 3 4 6 5 0 1 4 5 6 5 1 2 4 5 6 5 2 3 4 6 7
1 5 0 1 3 4 6 5 0 1 4 5 6 5 1 2 5 6 7 5 2 3 4 5 7
1 5 0 1 3 4 7 5 0 1 4 6 7 5 1 2 5 6 7 5 2 3 4 5 7
1 5 0 1 4 6 7 5 0 1 4 5 6 5 1 2 5 6 7 5 2 3 4 5 7
1 5 0 1 4 5 7 5 0 1 5 6 7 5 1 2 5 6 7 5 2 3 4 5 7
1 5 0 1 3 5 6 5 0 1 3 4 5 5 1 2 3 5 6 5 3 4 5 6 7
1 5 0 1 3 6 7 5 0 1 3 4 6 5 1 2 3 6 7 5 3 4 5 6 7
1 5 0 1 3 4 6 5 0 1 4 5 6 5 1 2 3 5 6 5 3 4 5 6 7
1 5 0 1 3 4 7 5 0 1 4 6 7 5 1 2 3 6 7 5 3 4 5 6 7
1 5 0 1 4 6 7 5 0 1 4 5 6 5 1 2 3 6 7 5 3 4 5 6 7
1 5 0 1 4 5 7 5 0 1 5 6 7 5 1 2 3 6 7 5 3 4 5 6 7
4 19
1 5 0 1 2 3 7 5 0 1 3 4 5 5 1 3 4 5 6 5 1 2 3 6 7
1 5 0 1 2 3 7 5 0 1 3 5 6 5 1 3 4 5 6 5 1 2 3 6 7
1 5 0 1 2 3 7 5 0 1 3 4 5 5 1 4 5 6 7 5 1 2 3 4 7
1 5 0 1 2 3 7 5 0 1 3 5 6 5 1 4 5 6 7 5 1 2 3 4 7
1 5 0 1 2 3 7 5 0 1 3 6 7 5 1 4 5 6 7 5 1 2 3 4 7
1 5 0 1 3 4 7 5 0 1 4 5 6 5 1 4 5 6 7 5 1 2 3 4 7
1 5 0 1 3 4 7 5 0 1 4 6 7 5 1 4 5 6 7 5 1 2 3 4 7
1 5 0 1 2 3 7 5 0 1 3 4 5 5 1 2 3 4 5 5 2 3 5 6 7
1 5 0 1 2 3 7 5 0 1 3 4 5 5 1 2 4 5 6 5 2 3 4 6 7
1 5 0 1 2 3 7 5 0 1 3 5 6 5 1 2 4 5 6 5 2 3 4 6 7
1 5 0 1 2 3 7 5 0 1 3 5 6 5 1 2 5 6 7 5 2 3 4 5 7
1 5 0 1 2 3 7 5 0 1 3 6 7 5 1 2 5 6 7 5 2 3 4 5 7
1 5 0 1 3 4 7 5 0 1 4 5 6 5 1 2 4 5 6 5 2 3 4 6 7
1 5 0 1 3 4 7 5 0 1 4 5 6 5 1 2 5 6 7 5 2 3 4 5 7
1 5 0 1 3 4 7 5 0 1 4 6 7 5 1 2 5 6 7 5 2 3 4 5 7
1 5 0 1 4 5 7 5 0 1 5 6 7 5 1 2 5 6 7 5 2 3 4 5 7
1 5 0 1 3 4 7 5 0 1 4 5 6 5 1 2 3 5 6 5 3 4 5 6 7
1 5 0 1 3 4 7 5 0 1 4 6 7 5 1 2 3 6 7 5 3 4 5 6 7
1 5 0 1 4 5 7 5 0 1 5 6 7 5 1 2 3 6 7 5 3 4 5 6 7
4 6
1 5 0 1 2 3 4 5 0 1 4 5 6 5 1 4 5 6 7 5 1 2 4 6 7
1 5 0 1 2 3 4 5 0 1 4 5 6 5 1 2 5 6 7 5 2 4 5 6 7
1 5 0 1 2 3 4 5 0 1 4 5 6 5 2 4 5 6 7 5 2 3 4 6 7
1 5 0 1 2 3 4 5 0 1 4 5 6 5 2 3 5 6 7 5 3 4 5 6 7
1 5 0 1 2 3 4 5 1 2 4 5 6 5 2 4 5 6 7 5 2 3 4 6 7
1 5 0 1 2 3 4 5 1 2 4 5 6 5 2 3 5 6 7 5 3 4 5 6 7
4 18
1 5 0 1 2 6 7 5 0 1 2 3 7 5 1 3 4 5 6 5 1 2 3 6 7
1 5 0 1 2 3 6 5 0 1 3 6 7 5 1 3 4 5 6 5 1 2 3 6 7
1 5 0 1 2 5 6 5 0 1 2 3 6 5 1 2 3 4 5 5 2 3 5 6 7
1 5 0 1 2 6 7 5 0 1 2 3 7 5 1 2 3 4 5 5 2 3 5 6 7
1 5 0 1 2 6 7 5 0 1 2 3 7 5 1 2 4 5 6 5 2 3 4 6 7
1 5 0 1 2 3 5 5 0 1 3 5 6 5 1 2 3 4 5 5 2 3 5 6 7
1 5 0 1 2 3 6 5 0 1 3 6 7 5 1 2 3 4 5 5 2 3 5 6 7
1 5 0 1 2 3 6 5 0 1 3 6 7 5 1 2 4 5 6 5 2 3 4 6 7
1 5 0 1 3 6 7 5 0 1 3 4 7 5 1 2 4 5 6 5 2 3 4 6 7
1 5 0 1 3 4 6 5 0 1 4 6 7 5 1 2 4 5 6 5 2 3 4 6 7
1 5 0 1 3 5 6 5 0 1 3 4 6 5 1 2 3 4 5 5 3 4 5 6 7
1 5 0 1 3 6 7 5 0 1 3 4 7 5 1 2 3 4 5 5 3 4 5 6 7
1 5 0 1 3 6 7 5 0 1 3 4 7 5 1 2 3 5 6 5 3 4 5 6 7
1 5 0 1 3 4 5 5 0 1 4 5 6 5 1 2 3 4 5 5 3 4 5 6 7
1 5 0 1 3 4 6 5 0 1 4 6 7 5 1 2 3 4 5 5 3 4 5 6 7
1 5 0 1 3 4 6 5 0 1 4 6 7 5 1 2 3 5 6 5 3 4 5 6 7
1 5 0 1 4 6 7 5 0 1 4 5 7 5 1 2 3 5 6 5 3 4 5 6 7
1 5 0 1 4 5 6 5 0 1 5 6 7 5 1 2 3 5 6 5 3 4 5 6 7
4 9
1 5 0 1 2 3 7 5 0 1 3 6 7 5 1 3 4 5 6 5 1 2 3 6 7
1 5 0 1 2 3 7 5 0 1 3 5 6 5 1 2 3 4 5 5 2 3 5 6 7
1 5 0 1 2 3 7 5 0 1 3 6 7 5 1 2 3 4 5 5 2 3 5 6 7
1 5 0 1 2 3 7 5 0 1 3 6 7 5 1 2 4 5 6 5 2 3 4 6 7
1 5 0 1 3 4 7 5 0 1 4 6 7 5 1 2 4 5 6 5 2 3 4 6 7
1 5 0 1 3 4 7 5 0 1 4 5 6 5 1 2 3 4 5 5 3 4 5 6 7
1 5 0 1 3 4 7 5 0 1 4 6 7 5 1 2 3 4 5 5 3 4 5 6 7
1 5 0 1 3 4 7 5 0 1 4 6 7 5 1 2 3 5 6 5 3 4 5 6 7
1 5 0 1 4 5 7 5 0 1 5 6 7 5 1 2 3 5 6 5 3 4 5 6 7
4 18
1 5 0 1 2 3 4 5 0 1 4 5 6 5 1 4 5 6 7 5 1 2 4 5 6
1 5 0 1 2 3 4 5 0 1 4 6 7 5 1 4 5 6 7 5 1 2 4 6 7
1 5 0 1 2 3 4 5 0 1 4 5 6 5 1 2 4 5 7 5 2 4 5 6 7
1 5 0 1 2 3 4 5 0 1 4 6 7 5 1 2 4 5 7 5 2 4 5 6 7
1 5 0 1 2 3 4 5 0 1 4 6 7 5 1 2 5 6 7 5 2 4 5 6 7
1 5 0 1 3 4 5 5 0 1 5 6 7 5 1 2 5 6 7 5 2 3 5 6 7
1 5 0 1 2 3 4 5 0 1 4 5 6 5 2 4 5 6 7 5 2 3 4 5 6
1 5 0 1 2 3 4 5 0 1 4 6 7 5 2 4 5 6 7 5 2 3 4 6 7
1 5 0 1 2 3 4 5 0 1 4 5 6 5 2 3 4 5 7 5 3 4 5 6 7
1 5 0 1 2 3 4 5 0 1 4 6 7 5 2 3 4 5 7 5 3 4 5 6 7
1 5 0 1 2 3 4 5 0 1 4 6 7 5 2 3 5 6 7 5 3 4 5 6 7
1 5 0 1 2 4 5 5 0 1 5 6 7 5 2 3 5 6 7 5 3 4 5 6 7
1 5 0 1 2 3 4 5 1 2 4 5 6 5 2 4 5 6 7 5 2 3 4 5 6
1 5 0 1 2 3 4 5 1 2 4 6 7 5 2 4 5 6 7 5 2 3 4 6 7
1 5 0 1 2 3 4 5 1 2 4 5 6 5 2 3 4 5 7 5 3 4 5 6 7
1 5 0 1 2 3 4 5 1 2 4 6 7 5 2 3 4 5 7 5 3 4 5 6 7
1 5 0 1 2 3 4 5 1 2 4 6 7 5 2 3 5 6 7 5 3 4 5 6 7
1 5 0 1 2 4 5 5 1 2 5 6 7 5 2 3 5 6 7 5 3 4 5 6 7
4 4
1 5 0 1 2 3 5 5 0 1 3 4 5 5 1 2 3 5 7 5 1 2 5 6 7
1 5 0 1 3 4 6 5 0 1 4 5 6 5 1 3 4 6 7 5 1 2 3 6 7
1 5 0 2 3 4 5 5 0 1 2 4 5 5 2 3 4 5 7 5 2 3 5 6 7
1 5 0 2 4 5 6 5 0 1 2 5 6 5 2 4 5 6 7 5 2 3 4 6 7
4 6
1 5 0 1 2 3 5 5 0 1 3 4 5 5 1 2 3 5 6 5 1 2 5 6 7
1 5 0 1 2 3 5 5 0 1 3 4 5 5 1 2 3 6 7 5 1 2 5 6 7
1 5 0 1 3 4 6 5 0 1 4 5 6 5 1 3 4 6 7 5 1 2 3 6 7
1 5 0 2 3 4 5 5 0 1 2 4 5 5 2 3 4 5 6 5 2 3 5 6 7
1 5 0 2 3 4 5 5 0 1 2 4 5 5 2 3 4 6 7 5 2 3 5 6 7
1 5 0 2 4 5 6 5 0 1 2 5 6 5 2 4 5 6 7 5 2 3 4 6 7
4 3
1 5 0 1 2 5 6 5 0 1 5 6 7 5 1 2 3 4 5 5 1 2 5 6 7
1 5 0 1 3 5 6 5 0 1 5 6 7 5 1 2 3 4 5 5 2 3 5 6 7
1 5 0 1 4 5 6 5 0 1 5 6 7 5 1 2 3 4 5 5 3 4 5 6 7
4 7
1 5 0 1 2 3 5 5 0 1 3 4 5 5 1 2 3 5 6 5 1 2 5 6 7
1 5 0 1 2 3 6 5 0 1 3 4 5 5 1 2 3 6 7 5 1 2 5 6 7
1 5 0 1 3 4 6 5 0 1 4 5 6 5 1 3 4 6 7 5 1 2 3 6 7
1 5 0 2 3 4 5 5 0 1 2 4 5 5 2 3 4 5 6 5 2 3 5 6 7
1 5 0 2 3 4 6 5 0 1 2 4 5 5 2 3 4 6 7 5 2 3 5 6 7
1 5 0 2 4 5 6 5 0 1 2 5 6 5 2 4 5 6 7 5 2 3 4 6 7
1 5 0 3 4 5 6 5 0 1 2 3 5 5 3 4 5 6 7 5 3 4 5 6 7
4 7
1 5 0 1 2 3 7 5 0 1 3 4 5 5 1 2 3 5 6 5 1 2 5 6 7
1 5 0 1 2 3 7 5 0 1 3 4 5 5 1 2 3 6 7 5 1 2 5 6 7
1 5 0 1 3 4 7 5 0 1 4 5 6 5 1 3 4 6 7 5 1 2 3 6 7
1 5 0 2 3 4 7 5 0 1 2 4 5 5 2 3 4 5 6 5 2 3 5 6 7
1 5 0 2 3 4 7 5 0 1 2 4 5 5 2 3 4 6 7 5 2 3 5 6 7
1 5 0 2 4 5 7 5 0 1 2 5 6 5 2 4 5 6 7 5 2 3 4 6 7
1 5 0 3 4 5 7 5 0 1 2 3 5 5 3 4 5 6 7 5 3 4 5 6 7
4 2
1 5 0 1 2 3 4 5 0 1 5 6 7 5 1 2 3 4 5 5 1 2 4 5 7
1 5 0 2 3 4 5 5 0 1 2 6 7 5 2 3 4 5 6 5 2 3 5 6 7
4 7
1 5 0 1 2 3 4 5 0 1 4 5 6 5 1 2 3 6 7 5 1 2 3 4 7
1 5 0 1 2 4 5 5 0 1 5 6 7 5 1 2 3 4 7 5 1 2 4 5 7
1 5 0 1 3 4 5 5 0 1 5 6 7 5 1 2 3 4 7 5 2 3 4 5 7
1 5 0 2 3 4 5 5 0 1 2 5 6 5 2 3 4 6 7 5 2 3 4 5 7
1 5 0 2 3 5 6 5 0 1 2 6 7 5 2 3 4 5 7 5 2 3 5 6 7
1 5 0 2 4 5 6 5 0 1 2 6 7 5 2 3 4 5 7 5 3 4 5 6 7
1 5 0 3 4 5 6 5 0 1 2 3 6 5 3 4 5 6 7 5 3 4 5 6 7
4 24
1 5 0 1 2 3 4 5 0 1 4 5 6 5 1 2 3 4 5 5 1 2 4 6 7
1 5 0 1 2 3 4 5 0 1 4 5 6 5 1 2 3 5 6 5 1 2 4 6 7
1 5 0 1 2 3 4 5 0 1 5 6 7 5 1 2 3 5 6 5 1 2 4 5 7
1 5 0 1 2 3 4 5 0 1 5 6 7 5 1 2 3 6 7 5 1 2 4 5 7
1 5 0 1 2 3 4 5 0 1 4 5 6 5 1 3 4 5 6 5 1 2 4 6 7
1 5 0 1 2 3 4 5 0 1 5 6 7 5 1 3 4 5 6 5 1 2 4 5 7
1 5 0 1 2 3 4 5 0 1 5 6 7 5 1 3 4 6 7 5 1 2 4 5 7
1 5 0 1 3 4 5 5 0 1 5 6 7 5 1 3 4 5 6 5 1 2 3 5 7
1 5 0 1 3 4 5 5 0 1 5 6 7 5 1 3 4 6 7 5 1 2 3 5 7
1 5 0 1 3 4 5 5 0 1 5 6 7 5 1 4 5 6 7 5 1 2 3 5 7
1 5 0 1 2 3 4 5 0 1 4 5 6 5 2 3 4 5 6 5 2 3 4 6 7
1 5 0 1 2 3 4 5 0 1 5 6 7 5 2 3 4 5 6 5 2 3 4 5 7
1 5 0 1 2 3 4 5 0 1 5 6 7 5 2 3 4 6 7 5 2 3 4 5 7
1 5 0 1 2 4 5 5 0 1 5 6 7 5 2 4 5 6 7 5 2 3 4 5 7
1 5 0 2 3 4 5 5 0 1 2 5 6 5 2 3 4 5 6 5 2 3 5 6 7
1 5 0 2 3 4 5 5 0 1 2 6 7 5 2 3 4 6 7 5 2 3 5 6 7
1 5 0 2 3 4 5 5 0 1 2 6 7 5 2 4 5 6 7 5 2 3 5 6 7
1 5 0 2 4 5 6 5 0 1 2 6 7 5 2 4 5 6 7 5 2 3 4 6 7
1 5 0 2 3 4 5 5 0 1 2 6 7 5 3 4 5 6 7 5 3 4 5 6 7
1 5 0 1 2 3 4 5 1 2 4 5 6 5 2 3 4 5 6 5 2 3 4 6 7
1 5 0 1 2 3 4 5 1 2 5 6 7 5 2 3 4 5 6 5 2 3 4 5 7
1 5 0 1 2 3 4 5 1 2 5 6 7 5 2 3 4 6 7 5 2 3 4 5 7
1 5 0 1 2 4 5 5 1 2 5 6 7 5 2 4 5 6 7 5 2 3 4 5 7
1 5 0 1 3 4 5 5 1 2 3 6 7 5 3 4 5 6 7 5 3 4 5 6 7
4 8
1 5 0 1 2 3 4 5 0 1 4 5 6 5 1 2 3 6 7 5 1 2 4 6 7
1 5 0 1 2 3 4 5 0 1 4 5 6 5 1 3 4 6 7 5 1 2 4 6 7
1 5 0 1 2 3 4 5 0 1 4 5 6 5 2 3 4 6 7 5 2 3 4 6 7
1 5 0 2 3 4 5 5 0 1 2 5 6 5 2 3 4 6 7 5 2 3 5 6 7
1 5 0 2 3 4 5 5 0 1 2 5 6 5 2 4 5 6 7 5 2 3 5 6 7
1 5 0 2 3 4 5 5 0 1 2 5 6 5 3 4 5 6 7 5 3 4 5 6 7
1 5 0 1 2 3 4 5 1 2 4 5 6 5 2 3 4 6 7 5 2 3 4 6 7
1 5 0 1 3 4 5 5 1 2 3 5 6 5 3 4 5 6 7 5 3 4 5 6 7
4 7
1 5 0 1 2 3 5 5 0 1 5 6 7 5 1 2 3 4 5 5 1 2 3 4 7
1 5 0 1 2 4 5 5 0 1 5 6 7 5 1 2 3 4 5 5 1 2 4 5 7
1 5 0 1 3 4 5 5 0 1 5 6 7 5 1 2 3 4 5 5 2 3 4 5 7
1 5 0 2 3 4 6 5 0 1 2 6 7 5 2 3 4 5 6 5 2 3 4 5 7
1 5 0 2 3 5 6 5 0 1 2 6 7 5 2 3 4 5 6 5 2 3 5 6 7
1 5 0 2 4 5 6 5 0 1 2 6 7 5 2 3 4 5 6 5 3 4 5 6 7
1 5 0 3 4 5 7 5 0 1 2 3 7 5 3 4 5 6 7 5 3 4 5 6 7
4 15
1 5 0 1 2 3 4 5 0 1 2 3 4 5 1 2 4 5 6 5 1 2 4 6 7
1 5 0 1 2 3 4 5 0 1 2 3 4 5 1 2 5 6 7 5 1 2 4 5 7
1 5 0 1 2 3 4 5 0 1 3 4 5 5 1 2 3 5 6 5 1 2 5 6 7
1 5 0 1 2 3 4 5 0 1 3 4 5 5 1 2 3 6 7 5 1 2 5 6 7
1 5 0 1 2 4 5 5 0 1 3 4 5 5 1 2 3 5 6 5 1 2 5 6 7
1 5 0 1 2 4 5 5 0 1 3 4 5 5 1 2 3 6 7 5 1 2 5 6 7
1 5 0 1 3 4 5 5 0 1 3 4 5 5 1 3 5 6 7 5 1 2 3 5 7
1 5 0 1 3 4 5 5 0 1 4 5 6 5 1 3 4 6 7 5 1 2 3 6 7
1 5 0 1 3 5 6 5 0 1 4 5 6 5 1 3 4 6 7 5 1 2 3 6 7
1 5 0 1 3 4 5 5 0 1 3 4 5 5 1 2 3 5 6 5 2 3 5 6 7
1 5 0 1 3 4 5 5 0 1 3 4 5 5 1 2 3 6 7 5 2 3 5 6 7
1 5 0 1 4 5 6 5 0 1 4 5 6 5 1 2 4 6 7 5 2 3 4 6 7
1 5 0 2 3 4 5 5 0 1 2 4 5 5 2 3 4 5 6 5 2 3 5 6 7
1 5 0 2 3 4 5 5 0 1 2 4 5 5 2 3 4 6 7 5 2 3 5 6 7
1 5 0 2 4 5 6 5 0 1 2 5 6 5 2 4 5 6 7 5 2 3 4 6 7
4 4
1 5 0 1 2 4 5 5 0 1 2 3 4 5 1 2 4 5 7 5 1 2 5 6 7
1 5 0 1 3 5 6 5 0 1 3 4 5 5 1 3 5 6 7 5 1 2 3 6 7
1 5 0 2 3 4 5 5 0 1 2 3 4 5 2 3 4 5 7 5 2 3 5 6 7
1 5 0 2 4 5 6 5 0 1 2 4 5 5 2 4 5 6 7 5 2 3 4 6 7
4 7
1 5 0 1 2 4 5 5 0 1 2 3 4 5 1 2 5 6 7 5 1 2 4 5 7
1 5 0 1 2 5 6 5 0 1 3 4 5 5 1 2 3 6 7 5 1 2 5 6 7
1 5 0 1 3 5 6 5 0 1 3 4 5 5 1 2 3 6 7 5 2 3 5 6 7
1 5 0 2 3 4 5 5 0 1 2 3 4 5 2 3 5 6 7 5 2 3 4 5 7
1 5 0 2 3 5 6 5 0 1 2 4 5 5 2 3 4 6 7 5 2 3 5 6 7
1 5 0 2 4 5 6 5 0 1 2 4 5 5 2 3 4 6 7 5 3 4 5 6 7
1 5 0 3 4 5 6 5 0 1 2 3 5 5 3 4 5 6 7 5 3 4 5 6 7
4 46
1 5 0 1 2 3 4 5 0 1 2 3 4 5 1 2 4 5 6 5 1 2 4 6 7
1 5 0 1 2 3 4 5 0 1 2 3 5 5 1 2 5 6 7 5 1 2 4 5 7
1 5 0 1 2 3 4 5 0 1 3 4 5 5 1 2 3 5 6 5 1 2 4 6 7
1 5 0 1 2 3 4 5 0 1 3 5 6 5 1 2 3 6 7 5 1 2 4 5 7
1 5 0 1 2 4 5 5 0 1 3 4 5 5 1 2 3 5 6 5 1 2 5 6 7
1 5 0 1 2 4 5 5 0 1 3 4 6 5 1 2 3 6 7 5 1 2 5 6 7
1 5 0 1 2 4 5 5 0 1 4 5 6 5 1 2 3 4 6 5 1 2 5 6 7
1 5 0 1 2 4 5 5 0 1 4 6 7 5 1 2 3 4 7 5 1 2 5 6 7
1 5 0 1 2 3 4 5 0 1 3 4 5 5 1 3 5 6 7 5 1 2 4 5 7
1 5 0 1 2 3 4 5 0 1 4 5 6 5 1 3 4 6 7 5 1 2 4 5 7
1 5 0 1 2 3 5 5 0 1 4 5 6 5 1 3 4 6 7 5 1 2 5 6 7
1 5 0 1 2 3 5 5 0 1 5 6 7 5 1 3 4 5 7 5 1 2 5 6 7
1 5 0 1 3 4 5 5 0 1 3 4 5 5 1 3 5 6 7 5 1 2 3 5 7
1 5 0 1 3 4 5 5 0 1 4 5 6 5 1 3 4 6 7 5 1 2 3 5 7
1 5 0 1 3 5 6 5 0 1 4 5 6 5 1 3 4 6 7 5 1 2 3 6 7
1 5 0 1 3 5 6 5 0 1 5 6 7 5 1 3 4 5 7 5 1 2 3 6 7
1 5 0 1 2 3 4 5 0 1 3 4 5 5 1 2 3 5 6 5 2 4 5 6 7
1 5 0 1 2 3 4 5 0 1 3 4 6 5 1 2 3 6 7 5 2 4 5 6 7
1 5 0 1 2 3 4 5 0 1 4 5 6 5 1 2 3 4 6 5 2 4 5 6 7
1 5 0 1 2 3 4 5 0 1 4 6 7 5 1 2 3 4 7 5 2 4 5 6 7
1 5 0 1 3 4 5 5 0 1 3 4 5 5 1 2 3 5 6 5 2 3 5 6 7
1 5 0 1 3 4 5 5 0 1 3 4 6 5 1 2 3 6 7 5 2 3 5 6 7
1 5 0 1 3 4 5 5 0 1 4 5 6 5 1 2 3 4 6 5 2 3 5 6 7
1 5 0 1 3 4 5 5 0 1 4 6 7 5 1 2 3 4 7 5 2 3 5 6 7
1 5 0 1 3 4 5 5 0 1 4 5 6 5 1 2 4 6 7 5 2 3 5 6 7
1 5 0 1 3 4 5 5 0 1 5 6 7 5 1 2 4 5 7 5 2 3 5 6 7
1 5 0 1 4 5 6 5 0 1 4 5 6 5 1 2 4 6 7 5 2 3 4 6 7
1 5 0 1 4 5 6 5 0 1 5 6 7 5 1 2 4 5 7 5 2 3 4 6 7
1 5 0 1 2 3 4 5 0 1 3 4 5 5 2 3 5 6 7 5 2 3 4 5 7
1 5 0 1 2 3 4 5 0 1 4 5 6 5 2 3 4 6 7 5 2 3 4 5 7
1 5 0 1 2 3 5 5 0 1 4 5 6 5 2 3 4 6 7 5 2 3 5 6 7
1 5 0 1 2 3 5 5 0 1 5 6 7 5 2 3 4 5 7 5 2 3 5 6 7
1 5 0 1 2 4 5 5 0 1 4 5 6 5 2 3 4 6 7 5 3 4 5 6 7
1 5 0 1 2 4 5 5 0 1 5 6 7 5 2 3 4 5 7 5 3 4 5 6 7
1 5 0 2 3 4 5 5 0 1 2 4 5 5 2 3 4 5 6 5 2 3 5 6 7
1 5 0 2 3 4 5 5 0 1 2 4 6 5 2 3 4 6 7 5 2 3 5 6 7
1 5 0 2 3 4 5 5 0 1 2 5 6 5 2 4 5 6 7 5 2 3 5 6 7
1 5 0 2 4 5 6 5 0 1 2 5 6 5 2 4 5 6 7 5 2 3 4 6 7
1 5 0 2 3 4 5 5 0 1 2 5 6 5 3 4 5 6 7 5 3 4 5 6 7
1 5 0 1 2 3 4 5 1 2 3 4 5 5 2 3 5 6 7 5 2 3 4 5 7
1 5 0 1 2 3 4 5 1 2 4 5 6 5 2 3 4 6 7 5 2 3 4 5 7
1 5 0 1 2 3 5 5 1 2 4 5 6 5 2 3 4 6 7 5 2 3 5 6 7
1 5 0 1 2 3 5 5 1 2 5 6 7 5 2 3 4 5 7 5 2 3 5 6 7
1 5 0 1 2 4 5 5 1 2 4 5 6 5 2 3 4 6 7 5 3 4 5 6 7
1 5 0 1 2 4 5 5 1 2 5 6 7 5 2 3 4 5 7 5 3 4 5 6 7
1 5 0 1 3 4 5 5 1 2 3 5 6 5 3 4 5 6 7 5 3 4 5 6 7
4 12
1 5 0 1 2 5 6 5 0 1 2 3 5 5 1 2 3 4 5 5 1 2 5 6 7
1 5 0 1 2 6 7 5 0 1 2 3 6 5 1 2 3 4 5 5 1 2 5 6 7
1 5 0 1 2 5 6 5 0 1 3 4 5 5 1 2 3 4 5 5 1 2 5 6 7
1 5 0 1 2 6 7 5 0 1 3 4 6 5 1 2 3 4 5 5 1 2 5 6 7
1 5 0 1 2 6 7 5 0 1 4 5 6 5 1 2 3 4 5 5 1 2 5 6 7
1 5 0 1 3 6 7 5 0 1 3 4 6 5 1 3 4 5 6 5 1 2 3 6 7
1 5 0 1 3 6 7 5 0 1 4 5 6 5 1 3 4 5 6 5 1 2 3 6 7
1 5 0 1 3 5 6 5 0 1 3 4 5 5 1 2 3 4 5 5 2 3 5 6 7
1 5 0 1 3 6 7 5 0 1 3 4 6 5 1 2 3 4 5 5 2 3 5 6 7
1 5 0 1 3 6 7 5 0 1 4 5 6 5 1 2 3 4 5 5 2 3 5 6 7
1 5 0 1 4 6 7 5 0 1 4 5 6 5 1 2 4 5 6 5 2 3 4 6 7
1 5 0 1 4 6 7 5 0 1 4 5 6 5 1 2 3 4 5 5 3 4 5 6 7
4 14
1 5 0 1 2 6 7 5 0 1 2 3 4 5 1 2 4 5 6 5 1 2 4 5 7
1 5 0 1 2 6 7 5 0 1 2 3 4 5 1 2 4 5 6 5 1 2 5 6 7
1 5 0 1 2 6 7 5 0 1 3 4 5 5 1 2 3 5 6 5 1 2 5 6 7
1 5 0 1 2 3 7 5 0 1 3 4 5 5 1 3 5 6 7 5 1 2 5 6 7
1 5 0 1 3 6 7 5 0 1 3 4 5 5 1 2 3 5 6 5 2 3 5 6 7
1 5 0 1 2 3 7 5 0 1 3 4 5 5 2 3 5 6 7 5 2 3 5 6 7
1 5 0 2 3 6 7 5 0 1 2 3 4 5 2 3 4 5 6 5 2 3 4 5 7
1 5 0 2 3 6 7 5 0 1 2 3 4 5 2 3 4 5 6 5 2 3 5 6 7
1 5 0 2 3 6 7 5 0 1 2 4 5 5 2 3 4 5 6 5 2 3 5 6 7
1 5 0 2 3 4 7 5 0 1 2 4 5 5 2 4 5 6 7 5 2 3 5 6 7
1 5 0 2 4 6 7 5 0 1 2 4 5 5 2 3 4 5 6 5 3 4 5 6 7
1 5 0 2 3 4 7 5 0 1 2 4 5 5 3 4 5 6 7 5 3 4 5 6 7
1 5 0 1 2 3 7 5 1 2 3 4 5 5 2 3 5 6 7 5 2 3 5 6 7
1 5 0 1 3 4 7 5 1 2 3 4 5 5 3 4 5 6 7 5 3 4 5 6 7
4 18
1 5 0 1 2 3 4 5 0 1 4 5 7 5 1 4 5 6 7 5 1 2 4 5 7
1 5 0 1 2 3 4 5 0 1 5 6 7 5 1 4 5 6 7 5 1 2 5 6 7
1 5 0 1 2 3 4 5 0 1 4 5 6 5 1 2 4 5 6 5 2 4 5 6 7
1 5 0 1 2 3 4 5 0 1 4 6 7 5 1 2 4 6 7 5 2 4 5 6 7
1 5 0 1 3 4 5 5 0 1 5 6 7 5 1 2 5 6 7 5 2 3 5 6 7
1 5 0 1 2 3 4 5 0 1 4 5 7 5 2 4 5 6 7 5 2 3 4 5 7
1 5 0 1 2 3 4 5 0 1 5 6 7 5 2 4 5 6 7 5 2 3 5 6 7
1 5 0 1 2 3 4 5 0 1 4 5 6 5 2 3 4 5 6 5 3 4 5 6 7
1 5 0 1 2 3 4 5 0 1 4 6 7 5 2 3 4 6 7 5 3 4 5 6 7
1 5 0 1 2 4 5 5 0 1 5 6 7 5 2 3 5 6 7 5 3 4 5 6 7
1 5 0 1 2 3 4 5 0 1 5 6 7 5 3 4 5 6 7 5 3 4 5 6 7
1 5 0 1 2 3 4 5 1 2 4 5 7 5 2 4 5 6 7 5 2 3 4 5 7
1 5 0 1 2 3 4 5 1 2 5 6 7 5 2 4 5 6 7 5 2 3 5 6 7
1 5 0 1 2 3 4 5 1 2 4 5 6 5 2 3 4 5 6 5 3 4 5 6 7
1 5 0 1 2 3 4 5 1 2 4 6 7 5 2 3 4 6 7 5 3 4 5 6 7
1 5 0 1 2 4 5 5 1 2 5 6 7 5 2 3 5 6 7 5 3 4 5 6 7
1 5 0 1 2 3 4 5 1 2 5 6 7 5 3 4 5 6 7 5 3 4 5 6 7
1 5 0 1 2 3 4 5 2 3 5 6 7 5 3 4 5 6 7 5 3 4 5 6 7
4 31
1 5 0 1 2 4 5 5 0 1 2 3 4 5 1 2 4 6 7 5 1 2 4 5 6
1 5 0 1 2 5 6 5 0 1 2 3 4 5 1 2 4 5 7 5 1 2 4 6 7
1 5 0 1 2 5 6 5 0 1 2 3 4 5 1 2 5 6 7 5 1 2 4 5 6
1 5 0 1 2 6 7 5 0 1 2 3 4 5 1 2 5 6 7 5 1 2 4 5 7
1 5 0 1 2 5 6 5 0 1 3 4 5 5 1 2 3 5 7 5 1 2 5 6 7
1 5 0 1 2 6 7 5 0 1 3 4 5 5 1 2 3 6 7 5 1 2 5 6 7
1 5 0 1 2 3 6 5 0 1 3 4 5 5 1 3 5 6 7 5 1 2 5 6 7
1 5 0 1 3 5 6 5 0 1 3 4 5 5 1 3 5 6 7 5 1 2 3 5 6
1 5 0 1 3 6 7 5 0 1 3 4 5 5 1 3 5 6 7 5 1 2 3 5 7
1 5 0 1 3 6 7 5 0 1 4 5 6 5 1 3 4 6 7 5 1 2 3 6 7
1 5 0 1 3 5 6 5 0 1 3 4 5 5 1 2 3 5 7 5 2 3 5 6 7
1 5 0 1 3 6 7 5 0 1 3 4 5 5 1 2 3 6 7 5 2 3 5 6 7
1 5 0 1 4 6 7 5 0 1 4 5 6 5 1 2 4 6 7 5 2 3 4 6 7
1 5 0 1 2 3 6 5 0 1 3 4 5 5 2 3 5 6 7 5 2 3 5 6 7
1 5 0 2 3 4 5 5 0 1 2 3 4 5 2 3 4 6 7 5 2 3 4 5 6
1 5 0 2 3 5 6 5 0 1 2 3 4 5 2 3 4 5 7 5 2 3 4 6 7
1 5 0 2 3 5 6 5 0 1 2 3 4 5 2 3 5 6 7 5 2 3 4 5 6
1 5 0 2 3 6 7 5 0 1 2 3 4 5 2 3 5 6 7 5 2 3 4 5 7
1 5 0 2 3 5 6 5 0 1 2 4 5 5 2 3 4 5 7 5 2 3 5 6 7
1 5 0 2 3 6 7 5 0 1 2 4 5 5 2 3 4 6 7 5 2 3 5 6 7
1 5 0 2 3 4 6 5 0 1 2 4 5 5 2 4 5 6 7 5 2 3 5 6 7
1 5 0 2 4 5 6 5 0 1 2 4 5 5 2 4 5 6 7 5 2 3 4 5 6
1 5 0 2 4 6 7 5 0 1 2 4 5 5 2 4 5 6 7 5 2 3 4 5 7
1 5 0 2 4 6 7 5 0 1 2 5 6 5 2 4 5 6 7 5 2 3 4 6 7
1 5 0 2 4 5 6 5 0 1 2 4 5 5 2 3 4 5 7 5 3 4 5 6 7
1 5 0 2 4 6 7 5 0 1 2 4 5 5 2 3 4 6 7 5 3 4 5 6 7
1 5 0 2 5 6 7 5 0 1 2 5 6 5 2 3 5 6 7 5 3 4 5 6 7
1 5 0 2 3 4 6 5 0 1 2 4 5 5 3 4 5 6 7 5 3 4 5 6 7
1 5 0 3 4 6 7 5 0 1 2 3 5 5 3 4 5 6 7 5 3 4 5 6 7
1 5 0 1 2 3 6 5 1 2 3 4 5 5 2 3 5 6 7 5 2 3 5 6 7
1 5 0 1 3 4 6 5 1 2 3 4 5 5 3 4 5 6 7 5 3 4 5 6 7
4 2
1 5 0 1 2 3 5 5 0 1 5 6 7 5 1 3 5 6 7 5 1 2 3 4 5
1 5 0 1 3 4 5 5 0 1 5 6 7 5 1 4 5 6 7 5 1 2 3 4 5
4 10
1 5 0 1 2 5 7 5 0 1 3 4 5 5 1 2 3 6 7 5 1 2 3 5 6
1 5 0 1 2 6 7 5 0 1 4 5 6 5 1 2 3 6 7 5 1 2 3 4 6
1 5 0 1 2 6 7 5 0 1 4 5 6 5 1 2 3 4 7 5 1 2 4 6 7
1 5 0 1 3 6 7 5 0 1 4 5 6 5 1 3 4 6 7 5 1 2 3 4 6
1 5 0 1 3 6 7 5 0 1 4 5 6 5 1 2 3 4 7 5 2 3 4 6 7
1 5 0 2 3 5 7 5 0 1 2 4 5 5 2 3 4 6 7 5 2 3 4 5 6
1 5 0 2 3 6 7 5 0 1 2 5 6 5 2 3 4 6 7 5 2 3 4 5 6
1 5 0 2 3 6 7 5 0 1 2 5 6 5 2 3 4 5 7 5 2 3 5 6 7
1 5 0 2 4 6 7 5 0 1 2 5 6 5 2 4 5 6 7 5 2 3 4 5 6
1 5 0 2 4 6 7 5 0 1 2 5 6 5 2 3 4 5 7 5 3 4 5 6 7
4 2
1 5 0 1 2 3 7 5 0 1 5 6 7 5 1 3 5 6 7 5 1 2 3 4 5
1 5 0 1 3 4 7 5 0 1 5 6 7 5 1 4 5 6 7 5 1 2 3 4 5
4 22
1 5 0 1 2 5 6 5 0 1 3 4 5 5 1 2 3 6 7 5 1 2 3 5 7
1 5 0 1 2 6 7 5 0 1 4 5 6 5 1 2 3 4 7 5 1 2 4 6 7
1 5 0 1 2 3 5 5 0 1 3 4 5 5 1 3 5 6 7 5 1 2 3 5 7
1 5 0 1 2 3 6 5 0 1 4 5 6 5 1 3 4 6 7 5 1 2 4 6 7
1 5 0 1 2 3 5 5 0 1 3 4 5 5 1 2 3 5 6 5 2 3 5 6 7
1 5 0 1 2 3 6 5 0 1 3 4 5 5 1 2 3 6 7 5 2 3 5 6 7
1 5 0 1 2 3 6 5 0 1 4 5 6 5 1 2 3 6 7 5 2 3 4 6 7
1 5 0 1 3 6 7 5 0 1 4 5 6 5 1 2 3 4 7 5 2 3 4 6 7
1 5 0 1 3 4 6 5 0 1 4 5 6 5 1 2 4 6 7 5 2 3 4 6 7
1 5 0 1 2 3 6 5 0 1 4 5 6 5 2 3 4 6 7 5 2 3 4 6 7
1 5 0 2 3 5 6 5 0 1 2 4 5 5 2 3 4 6 7 5 2 3 4 5 7
1 5 0 2 3 6 7 5 0 1 2 5 6 5 2 3 4 5 7 5 2 3 5 6 7
1 5 0 2 3 4 5 5 0 1 2 4 5 5 2 4 5 6 7 5 2 3 4 5 7
1 5 0 2 3 4 6 5 0 1 2 5 6 5 2 4 5 6 7 5 2 3 5 6 7
1 5 0 2 3 4 5 5 0 1 2 4 5 5 2 3 4 5 6 5 3 4 5 6 7
1 5 0 2 3 4 6 5 0 1 2 4 5 5 2 3 4 6 7 5 3 4 5 6 7
1 5 0 2 3 4 6 5 0 1 2 5 6 5 2 3 4 6 7 5 3 4 5 6 7
1 5 0 2 4 6 7 5 0 1 2 5 6 5 2 3 4 5 7 5 3 4 5 6 7
1 5 0 2 4 5 6 5 0 1 2 5 6 5 2 3 5 6 7 5 3 4 5 6 7
1 5 0 2 3 4 6 5 0 1 2 5 6 5 3 4 5 6 7 5 3 4 5 6 7
1 5 0 1 2 3 6 5 1 2 4 5 6 5 2 3 4 6 7 5 2 3 4 6 7
1 5 0 1 3 4 6 5 1 2 3 5 6 5 3 4 5 6 7 5 3 4 5 6 7
4 21
1 5 0 1 2 3 4 5 0 1 4 5 7 5 1 4 5 6 7 5 1 2 4 5 7
1 5 0 1 2 3 4 5 0 1 5 6 7 5 1 4 5 6 7 5 1 2 5 6 7
1 5 0 1 2 3 4 5 0 1 4 5 6 5 1 2 4 5 6 5 2 4 5 6 7
1 5 0 1 2 3 4 5 0 1 4 5 7 5 1 2 4 6 7 5 2 4 5 6 7
1 5 0 1 2 3 4 5 0 1 5 6 7 5 1 2 4 6 7 5 2 4 5 6 7
1 5 0 1 3 4 5 5 0 1 5 6 7 5 1 2 5 6 7 5 2 3 5 6 7
1 5 0 1 2 3 4 5 0 1 4 5 7 5 2 4 5 6 7 5 2 3 4 5 7
1 5 0 1 2 3 4 5 0 1 5 6 7 5 2 4 5 6 7 5 2 3 5 6 7
1 5 0 1 2 3 4 5 0 1 4 5 6 5 2 3 4 5 6 5 3 4 5 6 7
1 5 0 1 2 3 4 5 0 1 4 5 7 5 2 3 4 6 7 5 3 4 5 6 7
1 5 0 1 2 3 4 5 0 1 5 6 7 5 2 3 4 6 7 5 3 4 5 6 7
1 5 0 1 2 4 5 5 0 1 5 6 7 5 2 3 5 6 7 5 3 4 5 6 7
1 5 0 1 2 3 4 5 0 1 5 6 7 5 3 4 5 6 7 5 3 4 5 6 7
1 5 0 1 2 3 4 5 1 2 4 5 7 5 2 4 5 6 7 5 2 3 4 5 7
1 5 0 1 2 3 4 5 1 2 5 6 7 5 2 4 5 6 7 5 2 3 5 6 7
1 5 0 1 2 3 4 5 1 2 4 5 6 5 2 3 4 5 6 5 3 4 5 6 7
1 5 0 1 2 3 4 5 1 2 4 5 7 5 2 3 4 6 7 5 3 4 5 6 7
1 5 0 1 2 3 4 5 1 2 5 6 7 5 2 3 4 6 7 5 3 4 5 6 7
1 5 0 1 2 4 5 5 1 2 5 6 7 5 2 3 5 6 7 5 3 4 5 6 7
1 5 0 1 2 3 4 5 1 2 5 6 7 5 3 4 5 6 7 5 3 4 5 6 7
1 5 0 1 2 3 4 5 2 3 5 6 7 5 3 4 5 6 7 5 3 4 5 6 7
4 18
1 5 0 1 2 6 7 5 0 1 3 4 5 5 1 2 3 5 6 5 1 2 3 5 6
1 5 0 1 2 3 7 5 0 1 3 4 5 5 1 3 5 6 7 5 1 2 3 5 7
1 5 0 1 2 3 7 5 0 1 4 5 6 5 1 3 4 6 7 5 1 2 4 6 7
1 5 0 1 2 3 7 5 0 1 3 4 5 5 1 2 3 5 6 5 2 3 5 6 7
1 5 0 1 2 3 7 5 0 1 3 4 5 5 1 2 3 6 7 5 2 3 5 6 7
1 5 0 1 2 3 7 5 0 1 4 5 6 5 1 2 3 6 7 5 2 3 4 6 7
1 5 0 1 3 4 7 5 0 1 4 5 6 5 1 2 4 6 7 5 2 3 4 6 7
1 5 0 1 2 3 7 5 0 1 4 5 6 5 2 3 4 6 7 5 2 3 4 6 7
1 5 0 2 3 6 7 5 0 1 2 4 5 5 2 3 4 5 6 5 2 3 4 5 6
1 5 0 2 3 4 7 5 0 1 2 4 5 5 2 4 5 6 7 5 2 3 4 5 7
1 5 0 2 3 4 7 5 0 1 2 5 6 5 2 4 5 6 7 5 2 3 5 6 7
1 5 0 2 3 4 7 5 0 1 2 4 5 5 2 3 4 5 6 5 3 4 5 6 7
1 5 0 2 3 4 7 5 0 1 2 4 5 5 2 3 4 6 7 5 3 4 5 6 7
1 5 0 2 3 4 7 5 0 1 2 5 6 5 2 3 4 6 7 5 3 4 5 6 7
1 5 0 2 4 5 7 5 0 1 2 5 6 5 2 3 5 6 7 5 3 4 5 6 7
1 5 0 2 3 4 7 5 0 1 2 5 6 5 3 4 5 6 7 5 3 4 5 6 7
1 5 0 1 2 3 7 5 1 2 4 5 6 5 2 3 4 6 7 5 2 3 4 6 7
1 5 0 1 3 4 7 5 1 2 3 5 6 5 3 4 5 6 7 5 3 4 5 6 7
4 5
1 5 0 1 2 3 5 5 0 1 5 6 7 5 1 2 3 4 5 5 2 3 4 5 6
1 5 0 1 2 3 5 5 0 1 5 6 7 5 1 2 3 4 5 5 2 3 4 6 7
1 5 0 1 2 3 5 5 0 1 5 6 7 5 1 2 3 4 5 5 2 4 5 6 7
1 5 0 1 3 4 5 5 0 1 5 6 7 5 1 2 3 4 5 5 3 4 5 6 7
1 5 0 2 3 4 6 5 0 1 2 6 7 5 2 3 4 5 6 5 3 4 5 6 7
4 18
1 5 0 1 2 6 7 5 0 1 4 5 6 5 1 2 3 4 6 5 1 2 3 4 6
1 5 0 1 2 3 7 5 0 1 4 5 6 5 1 3 4 6 7 5 1 2 3 4 7
1 5 0 1 2 3 7 5 0 1 5 6 7 5 1 3 4 5 7 5 1 2 3 4 7
1 5 0 1 2 3 7 5 0 1 5 6 7 5 1 3 4 5 7 5 1 2 4 5 7
1 5 0 1 2 3 7 5 0 1 4 5 6 5 1 2 3 4 6 5 2 3 4 6 7
1 5 0 1 2 3 7 5 0 1 5 6 7 5 1 2 3 5 7 5 2 3 4 5 7
1 5 0 1 3 4 7 5 0 1 5 6 7 5 1 2 4 5 7 5 2 3 4 5 7
1 5 0 1 2 3 7 5 0 1 5 6 7 5 2 3 4 5 7 5 2 3 4 5 7
1 5 0 2 3 6 7 5 0 1 2 5 6 5 2 3 4 5 6 5 2 3 4 5 6
1 5 0 2 3 4 7 5 0 1 2 5 6 5 2 4 5 6 7 5 2 3 4 5 7
1 5 0 2 3 4 7 5 0 1 2 6 7 5 2 4 5 6 7 5 2 3 4 5 7
1 5 0 2 3 4 7 5 0 1 2 6 7 5 2 4 5 6 7 5 2 3 5 6 7
1 5 0 2 3 4 7 5 0 1 2 5 6 5 2 3 4 5 6 5 3 4 5 6 7
1 5 0 2 3 4 7 5 0 1 2 6 7 5 2 3 4 6 7 5 3 4 5 6 7
1 5 0 2 4 5 7 5 0 1 2 6 7 5 2 3 5 6 7 5 3 4 5 6 7
1 5 0 2 3 4 7 5 0 1 2 6 7 5 3 4 5 6 7 5 3 4 5 6 7
1 5 0 1 2 3 7 5 1 2 5 6 7 5 2 3 4 5 7 5 2 3 4 5 7
1 5 0 1 3 4 7 5 1 2 3 6 7 5 3 4 5 6 7 5 3 4 5 6 7
4 2
1 5 0 1 2 3 7 5 0 1 5 6 7 5 1 3 4 5 7 5 1 2 3 4 5
1 5 0 2 3 4 7 5 0 1 2 6 7 5 2 4 5 6 7 5 2 3 4 5 6
4 2
1 5 0 1 2 3 7 5 0 1 5 6 7 5 1 2 3 4 5 5 2 3 4 5 7
1 5 0 2 3 4 7 5 0 1 2 6 7 5 2 3 4 5 6 5 3 4 5 6 7
4 5
1 5 0 1 2 3 4 5 0 1 4 5 6 5 1 4 5 6 7 5 1 2 3 4 7
1 5 0 1 2 3 4 5 0 1 4 6 7 5 1 4 5 6 7 5 1 2 3 4 7
1 5 0 1 2 3 4 5 0 1 4 5 6 5 1 2 4 5 6 5 2 3 4 6 7
1 5 0 1 2 3 5 5 0 1 5 6 7 5 1 2 5 6 7 5 2 3 4 5 7
1 5 0 1 3 4 5 5 0 1 5 6 7 5 1 2 5 6 7 5 2 3 4 5 7
4 7
1 5 0 1 2 3 4 5 0 1 4 5 6 5 1 4 5 6 7 5 1 2 3 4 6
1 5 0 1 2 3 4 5 0 1 4 6 7 5 1 4 5 6 7 5 1 2 3 4 7
1 5 0 1 2 3 4 5 0 1 4 5 6 5 1 2 4 5 7 5 2 3 4 6 7
1 5 0 1 2 3 4 5 0 1 4 5 6 5 1 2 5 6 7 5 2 3 4 6 7
1 5 0 1 2 3 5 5 0 1 5 6 7 5 1 2 5 6 7 5 2 3 4 5 7
1 5 0 1 3 4 5 5 0 1 5 6 7 5 1 2 5 6 7 5 2 3 4 5 7
1 5 0 2 3 4 5 5 0 1 2 5 6 5 2 3 5 6 7 5 3 4 5 6 7
4 5
1 5 0 1 2 3 4 5 0 1 4 5 7 5 1 4 5 6 7 5 1 2 3 4 7
1 5 0 1 2 3 4 5 0 1 5 6 7 5 1 4 5 6 7 5 1 2 3 4 7
1 5 0 1 2 3 4 5 0 1 4 5 6 5 1 2 4 5 6 5 2 3 4 6 7
1 5 0 1 2 3 5 5 0 1 5 6 7 5 1 2 5 6 7 5 2 3 4 5 7
1 5 0 1 3 4 5 5 0 1 5 6 7 5 1 2 5 6 7 5 2 3 4 5 7
4 9
1 5 0 1 2 3 4 5 0 1 4 5 7 5 1 4 5 6 7 5 1 2 3 4 5
1 5 0 1 2 3 4 5 0 1 5 6 7 5 1 4 5 6 7 5 1 2 3 4 6
1 5 0 1 2 3 4 5 0 1 4 5 7 5 1 2 4 6 7 5 2 3 4 5 6
1 5 0 1 2 3 4 5 0 1 5 6 7 5 1 2 4 5 6 5 2 3 4 5 6
1 5 0 1 2 3 4 5 0 1 5 6 7 5 1 2 4 5 7 5 2 3 4 6 7
1 5 0 1 2 3 5 5 0 1 5 6 7 5 1 2 5 6 7 5 2 3 4 5 6
1 5 0 1 3 4 5 5 0 1 5 6 7 5 1 2 5 6 7 5 2 3 4 5 6
1 5 0 1 3 4 5 5 0 1 5 6 7 5 1 2 3 5 7 5 3 4 5 6 7
1 5 0 2 3 4 5 5 0 1 2 6 7 5 2 3 5 6 7 5 3 4 5 6 7
4 7
1 5 0 1 2 3 6 5 0 1 3 6 7 5 1 3 4 5 6 5 1 2 3 6 7
1 5 0 1 2 3 5 5 0 1 3 5 7 5 1 2 3 4 5 5 2 3 5 6 7
1 5 0 1 2 3 6 5 0 1 4 6 7 5 1 2 4 5 6 5 2 3 4 6 7
1 5 0 1 3 4 6 5 0 1 4 6 7 5 1 2 4 5 6 5 2 3 4 6 7
1 5 0 1 3 4 5 5 0 1 4 5 7 5 1 2 3 4 5 5 3 4 5 6 7
1 5 0 1 3 4 6 5 0 1 5 6 7 5 1 2 3 5 6 5 3 4 5 6 7
1 5 0 1 4 5 6 5 0 1 5 6 7 5 1 2 3 5 6 5 3 4 5 6 7
4 12
1 5 0 1 2 3 7 5 0 1 3 4 5 5 1 3 4 5 6 5 1 2 3 6 7
1 5 0 1 2 3 7 5 0 1 3 5 6 5 1 3 4 5 6 5 1 2 3 6 7
1 5 0 1 2 3 7 5 0 1 4 5 6 5 1 4 5 6 7 5 1 2 3 4 7
1 5 0 1 2 3 7 5 0 1 4 6 7 5 1 4 5 6 7 5 1 2 3 4 7
1 5 0 1 3 4 7 5 0 1 4 5 6 5 1 4 5 6 7 5 1 2 3 4 7
1 5 0 1 3 4 7 5 0 1 4 6 7 5 1 4 5 6 7 5 1 2 3 4 7
1 5 0 1 2 3 7 5 0 1 3 4 5 5 1 2 3 4 5 5 2 3 5 6 7
1 5 0 1 2 3 7 5 0 1 4 5 6 5 1 2 4 5 6 5 2 3 4 6 7
1 5 0 1 2 3 7 5 0 1 5 6 7 5 1 2 5 6 7 5 2 3 4 5 7
1 5 0 1 3 4 7 5 0 1 4 5 6 5 1 2 4 5 6 5 2 3 4 6 7
1 5 0 1 3 4 7 5 0 1 5 6 7 5 1 2 5 6 7 5 2 3 4 5 7
1 5 0 1 4 5 7 5 0 1 5 6 7 5 1 2 5 6 7 5 2 3 4 5 7
4 7
1 5 0 1 2 3 7 5 0 1 3 6 7 5 1 3 4 5 6 5 1 2 3 6 7
1 5 0 1 2 3 7 5 0 1 3 5 7 5 1 2 3 4 5 5 2 3 5 6 7
1 5 0 1 2 3 7 5 0 1 4 6 7 5 1 2 4 5 6 5 2 3 4 6 7
1 5 0 1 3 4 7 5 0 1 4 6 7 5 1 2 4 5 6 5 2 3 4 6 7
1 5 0 1 3 4 7 5 0 1 4 5 7 5 1 2 3 4 5 5 3 4 5 6 7
1 5 0 1 3 4 7 5 0 1 5 6 7 5 1 2 3 5 6 5 3 4 5 6 7
1 5 0 1 4 5 7 5 0 1 5 6 7 5 1 2 3 5 6 5 3 4 5 6 7
4 17
1 5 0 1 2 3 4 5 0 1 4 5 6 5 1 3 4 6 7 5 1 2 3 4 5
1 5 0 1 2 3 4 5 0 1 4 5 6 5 1 3 4 6 7 5 1 2 3 5 6
1 5 0 1 2 3 5 5 0 1 5 6 7 5 1 3 4 5 7 5 1 2 3 5 6
1 5 0 1 2 3 5 5 0 1 5 6 7 5 1 3 4 5 7 5 1 2 3 6 7
1 5 0 1 2 3 4 5 0 1 4 6 7 5 1 2 3 4 7 5 2 3 4 5 6
1 5 0 1 2 3 4 5 0 1 4 5 7 5 1 2 3 4 7 5 2 3 5 6 7
1 5 0 1 2 3 4 5 0 1 4 5 6 5 1 2 4 6 7 5 2 3 4 5 6
1 5 0 1 2 3 5 5 0 1 5 6 7 5 1 2 4 5 7 5 2 3 4 5 6
1 5 0 1 2 3 5 5 0 1 5 6 7 5 1 2 4 5 7 5 2 3 4 6 7
1 5 0 1 3 4 5 5 0 1 5 6 7 5 1 2 4 5 7 5 2 3 4 5 6
1 5 0 1 3 4 5 5 0 1 5 6 7 5 1 2 4 5 7 5 2 3 4 6 7
1 5 0 1 3 4 5 5 0 1 5 6 7 5 1 2 3 5 7 5 3 4 5 6 7
1 5 0 2 3 4 5 5 0 1 2 5 6 5 2 4 5 6 7 5 2 3 4 5 6
1 5 0 2 3 4 6 5 0 1 2 6 7 5 2 4 5 6 7 5 2 3 4 6 7
1 5 0 2 3 4 5 5 0 1 2 5 7 5 2 3 4 5 7 5 3 4 5 6 7
1 5 0 2 3 4 6 5 0 1 2 6 7 5 2 3 5 6 7 5 3 4 5 6 7
1 5 0 2 4 5 6 5 0 1 2 6 7 5 2 3 5 6 7 5 3 4 5 6 7
4 12
1 5 0 1 2 3 6 5 0 1 3 4 5 5 1 3 5 6 7 5 1 2 3 5 6
1 5 0 1 2 3 7 5 0 1 3 4 5 5 1 3 5 6 7 5 1 2 3 6 7
1 5 0 1 2 3 7 5 0 1 4 5 6 5 1 3 4 6 7 5 1 2 3 6 7
1 5 0 1 2 3 7 5 0 1 3 4 5 5 1 2 3 5 7 5 2 3 5 6 7
1 5 0 1 2 3 7 5 0 1 4 5 6 5 1 2 4 6 7 5 2 3 4 6 7
1 5 0 1 3 4 7 5 0 1 4 5 6 5 1 2 4 6 7 5 2 3 4 6 7
1 5 0 2 3 4 6 5 0 1 2 4 5 5 2 4 5 6 7 5 2 3 4 5 6
1 5 0 2 3 4 7 5 0 1 2 4 5 5 2 4 5 6 7 5 2 3 4 6 7
1 5 0 2 3 4 7 5 0 1 2 5 6 5 2 4 5 6 7 5 2 3 4 6 7
1 5 0 2 3 4 7 5 0 1 2 4 5 5 2 3 4 5 7 5 3 4 5 6 7
1 5 0 2 3 4 7 5 0 1 2 5 6 5 2 3 5 6 7 5 3 4 5 6 7
1 5 0 2 4 5 7 5 0 1 2 5 6 5 2 3 5 6 7 5 3 4 5 6 7
4 6
1 5 0 1 2 3 4 5 0 1 4 5 6 5 1 2 4 6 7 5 2 4 5 6 7
1 5 0 1 2 3 4 5 0 1 5 6 7 5 1 2 4 5 7 5 2 4 5 6 7
1 5 0 1 2 3 4 5 0 1 4 5 6 5 2 3 4 6 7 5 3 4 5 6 7
1 5 0 1 2 3 4 5 0 1 5 6 7 5 2 3 4 5 7 5 3 4 5 6 7
1 5 0 1 2 3 4 5 1 2 4 5 6 5 2 3 4 6 7 5 3 4 5 6 7
1 5 0 1 2 3 4 5 1 2 5 6 7 5 2 3 4 5 7 5 3 4 5 6 7
4 12
1 5 0 1 2 3 6 5 0 1 4 5 6 5 1 3 4 6 7 5 1 2 3 4 6
1 5 0 1 2 3 7 5 0 1 5 6 7 5 1 3 4 5 7 5 1 2 3 5 7
1 5 0 1 2 3 7 5 0 1 4 5 6 5 1 2 3 4 7 5 2 3 4 6 7
1 5 0 1 2 3 7 5 0 1 5 6 7 5 1 2 3 4 7 5 2 3 4 5 7
1 5 0 1 2 3 7 5 0 1 5 6 7 5 1 2 4 5 7 5 2 3 4 5 7
1 5 0 1 3 4 7 5 0 1 5 6 7 5 1 2 4 5 7 5 2 3 4 5 7
1 5 0 2 3 4 6 5 0 1 2 5 6 5 2 4 5 6 7 5 2 3 4 5 6
1 5 0 2 3 4 7 5 0 1 2 6 7 5 2 4 5 6 7 5 2 3 4 6 7
1 5 0 2 3 4 7 5 0 1 2 5 6 5 2 3 4 5 7 5 3 4 5 6 7
1 5 0 2 3 4 7 5 0 1 2 6 7 5 2 3 4 5 7 5 3 4 5 6 7
1 5 0 2 3 4 7 5 0 1 2 6 7 5 2 3 5 6 7 5 3 4 5 6 7
1 5 0 2 4 5 7 5 0 1 2 6 7 5 2 3 5 6 7 5 3 4 5 6 7
4 6
1 5 0 1 2 3 5 5 0 1 2 5 7 5 1 2 3 4 5 5 1 2 5 6 7
1 5 0 1 3 4 5 5 0 1 2 5 7 5 1 2 3 4 5 5 1 2 5 6 7
1 5 0 1 3 4 6 5 0 1 3 6 7 5 1 3 4 5 6 5 1 2 3 6 7
1 5 0 1 4 5 6 5 0 1 3 6 7 5 1 3 4 5 6 5 1 2 3 6 7
1 5 0 1 3 4 5 5 0 1 3 5 7 5 1 2 3 4 5 5 2 3 5 6 7
1 5 0 1 4 5 6 5 0 1 4 6 7 5 1 2 4 5 6 5 2 3 4 6 7
4 3
1 5 0 1 4 5 6 5 0 1 2 3 4 5 1 4 5 6 7 5 1 2 5 6 7
1 5 0 2 4 5 6 5 0 1 2 3 4 5 2 4 5 6 7 5 2 3 5 6 7
1 5 0 3 4 5 6 5 0 1 2 3 4 5 3 4 5 6 7 5 3 4 5 6 7
4 3
1 5 0 1 4 5 7 5 0 1 2 3 4 5 1 4 5 6 7 5 1 2 5 6 7
1 5 0 2 4 5 7 5 0 1 2 3 4 5 2 4 5 6 7 5 2 3 5 6 7
1 5 0 3 4 5 7 5 0 1 2 3 4 5 3 4 5 6 7 5 3 4 5 6 7
4 12
1 5 0 1 3 4 5 5 0 1 2 3 5 5 1 2 3 5 6 5 1 2 5 6 7
1 5 0 1 3 4 5 5 0 1 2 3 6 5 1 2 3 6 7 5 1 2 5 6 7
1 5 0 1 4 5 6 5 0 1 3 4 6 5 1 3 4 6 7 5 1 2 3 6 7
1 5 0 1 2 4 5 5 0 1 3 4 5 5 2 3 4 5 6 5 2 3 5 6 7
1 5 0 1 2 4 5 5 0 1 3 4 6 5 2 3 4 6 7 5 2 3 5 6 7
1 5 0 1 2 5 6 5 0 1 4 5 6 5 2 4 5 6 7 5 2 3 4 6 7
1 5 0 1 2 3 5 5 0 1 4 5 6 5 3 4 5 6 7 5 3 4 5 6 7
1 5 0 1 2 4 5 5 1 2 3 4 5 5 2 3 4 5 6 5 2 3 5 6 7
1 5 0 1 2 4 5 5 1 2 3 4 6 5 2 3 4 6 7 5 2 3 5 6 7
1 5 0 1 2 5 6 5 1 2 4 5 6 5 2 4 5 6 7 5 2 3 4 6 7
1 5 0 1 2 3 5 5 1 2 4 5 6 5 3 4 5 6 7 5 3 4 5 6 7
1 5 0 1 2 3 5 5 2 3 4 5 6 5 3 4 5 6 7 5 3 4 5 6 7
4 9
1 5 0 1 4 5 6 5 0 1 2 3 4 5 1 2 3 4 6 5 1 2 4 6 7
1 5 0 1 5 6 7 5 0 1 2 3 4 5 1 2 3 4 7 5 1 2 4 5 7
1 5 0 1 5 6 7 5 0 1 3 4 5 5 1 3 4 5 7 5 1 2 3 5 7
1 5 0 1 2 5 6 5 0 1 3 4 5 5 2 3 4 5 6 5 2 3 5 6 7
1 5 0 1 2 6 7 5 0 1 3 4 5 5 2 3 4 5 7 5 2 3 5 6 7
1 5 0 1 2 6 7 5 0 1 4 5 6 5 2 4 5 6 7 5 2 3 4 6 7
1 5 0 1 2 5 6 5 1 2 3 4 5 5 2 3 4 5 6 5 2 3 5 6 7
1 5 0 1 2 6 7 5 1 2 3 4 5 5 2 3 4 5 7 5 2 3 5 6 7
1 5 0 1 2 6 7 5 1 2 4 5 6 5 2 4 5 6 7 5 2 3 4 6 7
4 18
1 5 0 1 3 4 5 5 0 1 2 5 7 5 1 2 3 5 6 5 1 2 3 6 7
1 5 0 1 4 5 6 5 0 1 2 6 7 5 1 2 3 6 7 5 1 2 3 4 7
1 5 0 1 4 5 6 5 0 1 2 6 7 5 1 2 3 4 6 5 1 2 4 6 7
1 5 0 1 4 5 6 5 0 1 3 6 7 5 1 3 4 6 7 5 1 2 3 4 7
1 5 0 1 4 5 6 5 0 1 3 6 7 5 1 2 3 4 6 5 2 3 4 6 7
1 5 0 1 2 4 5 5 0 1 3 5 7 5 2 3 4 5 6 5 2 3 4 6 7
1 5 0 1 2 5 6 5 0 1 3 6 7 5 2 3 4 6 7 5 2 3 4 5 7
1 5 0 1 2 5 6 5 0 1 3 6 7 5 2 3 4 5 6 5 2 3 5 6 7
1 5 0 1 2 5 6 5 0 1 4 6 7 5 2 4 5 6 7 5 2 3 4 5 7
1 5 0 1 2 5 6 5 0 1 4 6 7 5 2 3 4 5 6 5 3 4 5 6 7
1 5 0 1 2 3 6 5 0 1 4 6 7 5 3 4 5 6 7 5 3 4 5 6 7
1 5 0 1 2 4 5 5 1 2 3 5 7 5 2 3 4 5 6 5 2 3 4 6 7
1 5 0 1 2 5 6 5 1 2 3 6 7 5 2 3 4 6 7 5 2 3 4 5 7
1 5 0 1 2 5 6 5 1 2 3 6 7 5 2 3 4 5 6 5 2 3 5 6 7
1 5 0 1 2 5 6 5 1 2 4 6 7 5 2 4 5 6 7 5 2 3 4 5 7
1 5 0 1 2 5 6 5 1 2 4 6 7 5 2 3 4 5 6 5 3 4 5 6 7
1 5 0 1 2 3 6 5 1 2 4 6 7 5 3 4 5 6 7 5 3 4 5 6 7
1 5 0 1 2 3 6 5 2 3 4 6 7 5 3 4 5 6 7 5 3 4 5 6 7
4 43
1 5 0 1 3 4 5 5 0 1 2 5 6 5 1 2 3 4 5 5 1 2 3 6 7
1 5 0 1 4 5 6 5 0 1 2 6 7 5 1 2 3 4 5 5 1 2 3 4 7
1 5 0 1 4 5 6 5 0 1 2 6 7 5 1 2 3 5 6 5 1 2 3 4 7
1 5 0 1 3 4 6 5 0 1 2 3 6 5 1 3 4 5 6 5 1 2 3 6 7
1 5 0 1 4 6 7 5 0 1 2 3 7 5 1 3 4 5 6 5 1 2 3 4 7
1 5 0 1 4 5 7 5 0 1 2 3 7 5 1 3 5 6 7 5 1 2 3 4 7
1 5 0 1 4 5 6 5 0 1 2 3 6 5 1 3 4 5 6 5 1 2 4 6 7
1 5 0 1 5 6 7 5 0 1 2 3 7 5 1 3 4 5 6 5 1 2 4 5 7
1 5 0 1 5 6 7 5 0 1 2 3 7 5 1 3 4 6 7 5 1 2 4 5 7
1 5 0 1 4 5 6 5 0 1 3 6 7 5 1 3 4 5 6 5 1 2 3 4 7
1 5 0 1 4 5 7 5 0 1 3 4 7 5 1 4 5 6 7 5 1 2 3 4 7
1 5 0 1 5 6 7 5 0 1 3 4 7 5 1 4 5 6 7 5 1 2 3 5 7
1 5 0 1 3 4 5 5 0 1 2 3 5 5 1 2 3 4 5 5 2 3 5 6 7
1 5 0 1 4 5 6 5 0 1 2 3 6 5 1 2 3 4 5 5 2 3 4 6 7
1 5 0 1 4 5 6 5 0 1 2 3 6 5 1 2 3 5 6 5 2 3 4 6 7
1 5 0 1 5 6 7 5 0 1 2 3 7 5 1 2 3 5 6 5 2 3 4 5 7
1 5 0 1 5 6 7 5 0 1 2 3 7 5 1 2 3 6 7 5 2 3 4 5 7
1 5 0 1 4 5 6 5 0 1 3 4 6 5 1 2 4 5 6 5 2 3 4 6 7
1 5 0 1 5 6 7 5 0 1 3 4 7 5 1 2 4 5 6 5 2 3 4 5 7
1 5 0 1 5 6 7 5 0 1 3 4 7 5 1 2 4 6 7 5 2 3 4 5 7
1 5 0 1 5 6 7 5 0 1 4 5 7 5 1 2 5 6 7 5 2 3 4 5 7
1 5 0 1 2 4 6 5 0 1 2 3 6 5 2 3 4 5 6 5 2 3 4 6 7
1 5 0 1 2 5 7 5 0 1 2 3 7 5 2 3 5 6 7 5 2 3 4 5 7
1 5 0 1 2 5 6 5 0 1 2 3 6 5 2 3 4 5 6 5 2 4 5 6 7
1 5 0 1 2 6 7 5 0 1 2 3 7 5 2 3 4 6 7 5 2 4 5 6 7
1 5 0 1 2 5 6 5 0 1 3 6 7 5 2 3 4 5 6 5 2 3 4 5 7
1 5 0 1 2 5 7 5 0 1 3 4 7 5 2 4 5 6 7 5 2 3 4 5 7
1 5 0 1 2 6 7 5 0 1 3 4 7 5 2 4 5 6 7 5 2 3 5 6 7
1 5 0 1 2 5 6 5 0 1 3 4 6 5 2 3 4 5 6 5 3 4 5 6 7
1 5 0 1 2 6 7 5 0 1 3 4 7 5 2 3 4 6 7 5 3 4 5 6 7
1 5 0 1 2 6 7 5 0 1 4 5 7 5 2 3 5 6 7 5 3 4 5 6 7
1 5 0 2 4 5 6 5 0 1 2 3 6 5 2 3 4 5 6 5 2 3 4 6 7
1 5 0 2 5 6 7 5 0 1 2 3 7 5 2 3 4 5 6 5 2 3 4 5 7
1 5 0 2 5 6 7 5 0 1 2 3 7 5 2 3 4 6 7 5 2 3 4 5 7
1 5 0 2 5 6 7 5 0 1 2 4 7 5 2 4 5 6 7 5 2 3 4 5 7
1 5 0 2 3 6 7 5 0 1 2 4 7 5 3 4 5 6 7 5 3 4 5 6 7
1 5 0 1 2 5 6 5 1 2 3 6 7 5 2 3 4 5 6 5 2 3 4 5 7
1 5 0 1 2 5 7 5 1 2 3 4 7 5 2 4 5 6 7 5 2 3 4 5 7
1 5 0 1 2 6 7 5 1 2 3 4 7 5 2 4 5 6 7 5 2 3 5 6 7
1 5 0 1 2 5 6 5 1 2 3 4 6 5 2 3 4 5 6 5 3 4 5 6 7
1 5 0 1 2 6 7 5 1 2 3 4 7 5 2 3 4 6 7 5 3 4 5 6 7
1 5 0 1 2 6 7 5 1 2 4 5 7 5 2 3 5 6 7 5 3 4 5 6 7
1 5 0 1 3 6 7 5 1 2 3 4 7 5 3 4 5 6 7 5 3 4 5 6 7
4 9
1 5 0 1 3 4 5 5 0 1 2 6 7 5 1 2 3 5 6 5 1 2 3 6 7
1 5 0 1 4 5 6 5 0 1 2 6 7 5 1 2 3 4 6 5 1 2 4 6 7
1 5 0 1 4 5 6 5 0 1 3 6 7 5 1 2 3 4 6 5 2 3 4 6 7
1 5 0 1 2 4 5 5 0 1 3 6 7 5 2 3 4 5 6 5 2 3 4 6 7
1 5 0 1 2 5 6 5 0 1 3 6 7 5 2 3 4 5 6 5 2 3 5 6 7
1 5 0 1 2 5 6 5 0 1 4 6 7 5 2 3 4 5 6 5 3 4 5 6 7
1 5 0 1 2 4 5 5 1 2 3 6 7 5 2 3 4 5 6 5 2 3 4 6 7
1 5 0 1 2 5 6 5 1 2 3 6 7 5 2 3 4 5 6 5 2 3 5 6 7
1 5 0 1 2 5 6 5 1 2 4 6 7 5 2 3 4 5 6 5 3 4 5 6 7
4 2
1 5 0 1 5 6 7 5 0 1 2 3 4 5 1 2 4 5 6 5 2 4 5 6 7
1 5 0 2 5 6 7 5 0 1 2 3 4 5 2 3 4 5 6 5 3 4 5 6 7
4 8
1 5 0 1 2 3 4 5 0 1 2 3 4 5 1 2 4 6 7 5 1 2 4 5 6
1 5 0 1 2 3 4 5 0 1 2 3 4 5 1 2 4 5 7 5 1 2 5 6 7
1 5 0 1 3 4 5 5 0 1 3 4 5 5 1 2 3 5 7 5 1 2 5 6 7
1 5 0 1 3 4 5 5 0 1 3 4 5 5 1 3 5 6 7 5 1 2 3 5 6
1 5 0 1 3 4 5 5 0 1 3 4 5 5 1 3 5 6 7 5 1 2 3 6 7
1 5 0 1 4 5 6 5 0 1 4 5 6 5 1 3 4 6 7 5 1 2 3 6 7
1 5 0 1 3 4 5 5 0 1 3 4 5 5 1 2 3 5 7 5 2 3 5 6 7
1 5 0 1 4 5 6 5 0 1 4 5 6 5 1 2 4 6 7 5 2 3 4 6 7
4 14
1 5 0 1 2 3 4 5 0 1 2 3 4 5 1 2 4 6 7 5 1 2 4 5 6
1 5 0 1 2 3 4 5 0 1 2 3 5 5 1 2 4 5 7 5 1 2 5 6 7
1 5 0 1 2 3 4 5 0 1 3 4 5 5 1 2 4 5 7 5 1 2 5 6 7
1 5 0 1 3 4 5 5 0 1 3 4 5 5 1 2 3 5 7 5 1 2 5 6 7
1 5 0 1 3 4 5 5 0 1 3 4 5 5 1 3 5 6 7 5 1 2 3 5 6
1 5 0 1 3 4 5 5 0 1 3 4 6 5 1 3 5 6 7 5 1 2 3 6 7
1 5 0 1 3 4 5 5 0 1 4 5 6 5 1 3 5 6 7 5 1 2 3 6 7
1 5 0 1 4 5 6 5 0 1 4 5 6 5 1 3 4 6 7 5 1 2 3 6 7
1 5 0 1 3 4 5 5 0 1 3 4 5 5 1 2 3 5 7 5 2 3 5 6 7
1 5 0 1 4 5 6 5 0 1 4 5 6 5 1 2 4 6 7 5 2 3 4 6 7
1 5 0 1 2 3 4 5 0 1 3 4 5 5 2 3 4 5 7 5 2 3 5 6 7
1 5 0 1 2 4 5 5 0 1 4 5 6 5 2 4 5 6 7 5 2 3 4 6 7
1 5 0 1 2 3 4 5 1 2 3 4 5 5 2 3 4 5 7 5 2 3 5 6 7
1 5 0 1 2 4 5 5 1 2 4 5 6 5 2 4 5 6 7 5 2 3 4 6 7
4 32
1 5 0 1 2 3 4 5 0 1 2 3 6 5 1 2 4 6 7 5 1 2 4 5 6
1 5 0 1 2 3 4 5 0 1 2 3 7 5 1 2 4 5 7 5 1 2 5 6 7
1 5 0 1 2 3 4 5 0 1 3 4 6 5 1 2 4 6 7 5 1 2 4 5 6
1 5 0 1 2 3 4 5 0 1 3 4 7 5 1 2 4 5 7 5 1 2 5 6 7
1 5 0 1 3 4 5 5 0 1 3 4 7 5 1 2 3 5 7 5 1 2 5 6 7
1 5 0 1 3 4 5 5 0 1 4 5 7 5 1 2 3 5 7 5 1 2 5 6 7
1 5 0 1 3 4 5 5 0 1 3 4 6 5 1 3 5 6 7 5 1 2 3 5 6
1 5 0 1 3 4 5 5 0 1 3 4 7 5 1 3 5 6 7 5 1 2 3 6 7
1 5 0 1 3 4 5 5 0 1 4 5 6 5 1 3 5 6 7 5 1 2 3 5 6
1 5 0 1 3 4 5 5 0 1 4 5 7 5 1 3 5 6 7 5 1 2 3 6 7
1 5 0 1 4 5 6 5 0 1 4 5 7 5 1 3 4 6 7 5 1 2 3 6 7
1 5 0 1 4 5 6 5 0 1 5 6 7 5 1 3 4 6 7 5 1 2 3 6 7
1 5 0 1 3 4 5 5 0 1 3 4 7 5 1 2 3 5 7 5 2 3 5 6 7
1 5 0 1 3 4 5 5 0 1 4 5 7 5 1 2 3 5 7 5 2 3 5 6 7
1 5 0 1 4 5 6 5 0 1 4 5 7 5 1 2 4 6 7 5 2 3 4 6 7
1 5 0 1 4 5 6 5 0 1 5 6 7 5 1 2 4 6 7 5 2 3 4 6 7
1 5 0 1 2 3 4 5 0 1 3 4 6 5 2 3 4 6 7 5 2 3 4 5 6
1 5 0 1 2 3 4 5 0 1 3 4 7 5 2 3 4 5 7 5 2 3 5 6 7
1 5 0 1 2 4 5 5 0 1 4 5 7 5 2 3 4 5 7 5 2 3 5 6 7
1 5 0 1 2 4 5 5 0 1 4 5 6 5 2 4 5 6 7 5 2 3 4 5 6
1 5 0 1 2 4 5 5 0 1 4 5 7 5 2 4 5 6 7 5 2 3 4 6 7
1 5 0 1 2 5 6 5 0 1 5 6 7 5 2 4 5 6 7 5 2 3 4 6 7
1 5 0 1 2 4 5 5 0 1 4 5 7 5 2 3 4 5 7 5 3 4 5 6 7
1 5 0 1 2 5 6 5 0 1 5 6 7 5 2 3 5 6 7 5 3 4 5 6 7
1 5 0 1 2 3 4 5 1 2 3 4 6 5 2 3 4 6 7 5 2 3 4 5 6
1 5 0 1 2 3 4 5 1 2 3 4 7 5 2 3 4 5 7 5 2 3 5 6 7
1 5 0 1 2 4 5 5 1 2 4 5 7 5 2 3 4 5 7 5 2 3 5 6 7
1 5 0 1 2 4 5 5 1 2 4 5 6 5 2 4 5 6 7 5 2 3 4 5 6
1 5 0 1 2 4 5 5 1 2 4 5 7 5 2 4 5 6 7 5 2 3 4 6 7
1 5 0 1 2 5 6 5 1 2 5 6 7 5 2 4 5 6 7 5 2 3 4 6 7
1 5 0 1 2 4 5 5 1 2 4 5 7 5 2 3 4 5 7 5 3 4 5 6 7
1 5 0 1 2 5 6 5 1 2 5 6 7 5 2 3 5 6 7 5 3 4 5 6 7
4 24
1 5 0 1 2 5 6 5 0 1 2 3 5 5 1 2 3 4 5 5 1 2 5 6 7
1 5 0 1 2 6 7 5 0 1 2 3 6 5 1 2 3 4 5 5 1 2 5 6 7
1 5 0 1 2 3 6 5 0 1 3 5 6 5 1 2 3 4 5 5 1 2 5 6 7
1 5 0 1 2 3 7 5 0 1 3 6 7 5 1 2 3 4 5 5 1 2 5 6 7
1 5 0 1 3 5 6 5 0 1 3 4 5 5 1 2 3 4 5 5 1 2 5 6 7
1 5 0 1 3 6 7 5 0 1 3 4 6 5 1 2 3 4 5 5 1 2 5 6 7
1 5 0 1 3 4 6 5 0 1 4 5 6 5 1 2 3 4 5 5 1 2 5 6 7
1 5 0 1 3 4 7 5 0 1 4 6 7 5 1 2 3 4 5 5 1 2 5 6 7
1 5 0 1 4 6 7 5 0 1 4 5 6 5 1 2 3 4 5 5 1 2 5 6 7
1 5 0 1 4 5 7 5 0 1 5 6 7 5 1 2 3 4 5 5 1 2 5 6 7
1 5 0 1 3 6 7 5 0 1 3 4 6 5 1 3 4 5 6 5 1 2 3 6 7
1 5 0 1 3 4 7 5 0 1 4 6 7 5 1 3 4 5 6 5 1 2 3 6 7
1 5 0 1 4 6 7 5 0 1 4 5 6 5 1 3 4 5 6 5 1 2 3 6 7
1 5 0 1 4 5 7 5 0 1 5 6 7 5 1 3 4 5 6 5 1 2 3 6 7
1 5 0 1 3 5 6 5 0 1 3 4 5 5 1 2 3 4 5 5 2 3 5 6 7
1 5 0 1 3 6 7 5 0 1 3 4 6 5 1 2 3 4 5 5 2 3 5 6 7
1 5 0 1 3 4 6 5 0 1 4 5 6 5 1 2 3 4 5 5 2 3 5 6 7
1 5 0 1 3 4 7 5 0 1 4 6 7 5 1 2 3 4 5 5 2 3 5 6 7
1 5 0 1 4 6 7 5 0 1 4 5 6 5 1 2 3 4 5 5 2 3 5 6 7
1 5 0 1 4 5 7 5 0 1 5 6 7 5 1 2 3 4 5 5 2 3 5 6 7
1 5 0 1 4 6 7 5 0 1 4 5 6 5 1 2 4 5 6 5 2 3 4 6 7
1 5 0 1 4 5 7 5 0 1 5 6 7 5 1 2 4 5 6 5 2 3 4 6 7
1 5 0 1 4 6 7 5 0 1 4 5 6 5 1 2 3 4 5 5 3 4 5 6 7
1 5 0 1 4 5 7 5 0 1 5 6 7 5 1 2 3 4 5 5 3 4 5 6 7
4 15
1 5 0 1 2 6 7 5 0 1 2 3 4 5 1 2 4 5 6 5 1 2 4 5 7
1 5 0 1 2 6 7 5 0 1 2 3 4 5 1 2 4 5 6 5 1 2 5 6 7
1 5 0 1 2 3 7 5 0 1 3 4 5 5 1 2 5 6 7 5 1 2 5 6 7
1 5 0 1 3 6 7 5 0 1 3 4 5 5 1 2 3 5 6 5 1 2 5 6 7
1 5 0 1 3 6 7 5 0 1 3 4 5 5 1 2 3 5 6 5 2 3 5 6 7
1 5 0 1 2 3 7 5 0 1 3 4 5 5 2 3 5 6 7 5 2 3 5 6 7
1 5 0 2 3 6 7 5 0 1 2 3 4 5 2 3 4 5 6 5 2 3 4 5 7
1 5 0 2 3 6 7 5 0 1 2 3 4 5 2 3 4 5 6 5 2 3 5 6 7
1 5 0 2 3 4 7 5 0 1 2 4 5 5 2 3 5 6 7 5 2 3 5 6 7
1 5 0 2 4 6 7 5 0 1 2 4 5 5 2 3 4 5 6 5 2 3 5 6 7
1 5 0 2 4 6 7 5 0 1 2 4 5 5 2 3 4 5 6 5 3 4 5 6 7
1 5 0 2 3 4 7 5 0 1 2 4 5 5 3 4 5 6 7 5 3 4 5 6 7
1 5 0 3 4 5 7 5 0 1 2 3 5 5 3 4 5 6 7 5 3 4 5 6 7
1 5 0 1 2 3 7 5 1 2 3 4 5 5 2 3 5 6 7 5 2 3 5 6 7
1 5 0 1 3 4 7 5 1 2 3 4 5 5 3 4 5 6 7 5 3 4 5 6 7
4 3
1 5 0 1 5 6 7 5 0 1 5 6 7 5 1 2 3 4 5 5 1 2 5 6 7
1 5 0 1 5 6 7 5 0 1 5 6 7 5 1 2 3 4 5 5 2 3 5 6 7
1 5 0 1 5 6 7 5 0 1 5 6 7 5 1 2 3 4 5 5 3 4 5 6 7
4 33
1 5 0 1 2 6 7 5 0 1 2 3 4 5 1 2 4 5 6 5 1 2 3 4 6
1 5 0 1 2 3 7 5 0 1 3 4 5 5 1 2 5 6 7 5 1 2 3 4 7
1 5 0 1 2 3 7 5 0 1 3 4 5 5 1 2 5 6 7 5 1 2 4 5 7
1 5 0 1 3 6 7 5 0 1 3 4 5 5 1 2 3 5 6 5 1 2 3 4 6
1 5 0 1 3 6 7 5 0 1 3 4 5 5 1 2 3 5 6 5 1 2 4 5 6
1 5 0 1 3 4 7 5 0 1 4 5 6 5 1 2 3 6 7 5 1 2 4 5 7
1 5 0 1 3 4 7 5 0 1 4 5 6 5 1 2 3 6 7 5 1 2 5 6 7
1 5 0 1 4 6 7 5 0 1 4 5 6 5 1 2 3 4 6 5 1 2 4 5 6
1 5 0 1 4 5 7 5 0 1 5 6 7 5 1 2 3 4 7 5 1 2 5 6 7
1 5 0 1 3 6 7 5 0 1 3 4 5 5 1 2 3 5 6 5 2 3 4 5 6
1 5 0 1 3 4 7 5 0 1 4 5 6 5 1 2 3 6 7 5 2 3 4 5 7
1 5 0 1 3 4 7 5 0 1 4 5 6 5 1 2 3 6 7 5 2 3 5 6 7
1 5 0 1 4 6 7 5 0 1 4 5 6 5 1 2 3 4 6 5 2 3 4 5 6
1 5 0 1 4 5 7 5 0 1 5 6 7 5 1 2 3 4 7 5 2 3 5 6 7
1 5 0 1 4 5 7 5 0 1 5 6 7 5 1 2 3 4 7 5 3 4 5 6 7
1 5 0 1 2 3 7 5 0 1 3 4 5 5 2 3 5 6 7 5 2 3 4 5 7
1 5 0 1 2 4 7 5 0 1 4 5 6 5 2 3 4 6 7 5 2 3 4 5 7
1 5 0 1 2 4 7 5 0 1 4 5 6 5 2 3 4 6 7 5 2 3 5 6 7
1 5 0 1 2 5 7 5 0 1 5 6 7 5 2 3 4 5 7 5 2 3 5 6 7
1 5 0 1 2 4 7 5 0 1 4 5 6 5 2 3 4 6 7 5 3 4 5 6 7
1 5 0 1 2 5 7 5 0 1 5 6 7 5 2 3 4 5 7 5 3 4 5 6 7
1 5 0 2 3 4 7 5 0 1 2 4 5 5 2 3 5 6 7 5 2 3 4 5 7
1 5 0 2 4 6 7 5 0 1 2 4 5 5 2 3 4 5 6 5 2 3 4 5 6
1 5 0 2 4 5 7 5 0 1 2 5 6 5 2 3 4 6 7 5 2 3 5 6 7
1 5 0 2 4 5 7 5 0 1 2 5 6 5 2 3 4 6 7 5 3 4 5 6 7
1 5 0 2 3 5 7 5 0 1 2 5 6 5 3 4 5 6 7 5 3 4 5 6 7
1 5 0 1 2 3 7 5 1 2 3 4 5 5 2 3 5 6 7 5 2 3 4 5 7
1 5 0 1 2 4 7 5 1 2 4 5 6 5 2 3 4 6 7 5 2 3 4 5 7
1 5 0 1 2 4 7 5 1 2 4 5 6 5 2 3 4 6 7 5 2 3 5 6 7
1 5 0 1 2 5 7 5 1 2 5 6 7 5 2 3 4 5 7 5 2 3 5 6 7
1 5 0 1 2 4 7 5 1 2 4 5 6 5 2 3 4 6 7 5 3 4 5 6 7
1 5 0 1 2 5 7 5 1 2 5 6 7 5 2 3 4 5 7 5 3 4 5 6 7
1 5 0 1 3 5 7 5 1 2 3 5 6 5 3 4 5 6 7 5 3 4 5 6 7
4 15
1 5 0 1 2 3 7 5 0 1 3 4 5 5 1 2 5 6 7 5 1 2 3 4 5
1 5 0 1 3 6 7 5 0 1 3 4 5 5 1 2 3 5 6 5 1 2 3 4 5
1 5 0 1 3 4 7 5 0 1 4 5 6 5 1 2 3 6 7 5 1 2 4 5 6
1 5 0 1 4 6 7 5 0 1 4 5 6 5 1 2 3 4 6 5 1 2 4 5 6
1 5 0 1 4 5 7 5 0 1 5 6 7 5 1 2 3 4 7 5 1 2 5 6 7
1 5 0 1 3 4 7 5 0 1 4 5 6 5 1 2 3 6 7 5 2 3 4 5 6
1 5 0 1 4 6 7 5 0 1 4 5 6 5 1 2 3 4 6 5 2 3 4 5 6
1 5 0 1 4 5 7 5 0 1 5 6 7 5 1 2 3 4 7 5 2 3 5 6 7
1 5 0 1 4 5 7 5 0 1 5 6 7 5 1 2 3 4 7 5 3 4 5 6 7
1 5 0 1 2 4 7 5 0 1 4 5 6 5 2 3 4 6 7 5 2 3 4 5 6
1 5 0 1 2 5 7 5 0 1 5 6 7 5 2 3 4 5 7 5 2 3 5 6 7
1 5 0 1 2 5 7 5 0 1 5 6 7 5 2 3 4 5 7 5 3 4 5 6 7
1 5 0 1 2 4 7 5 1 2 4 5 6 5 2 3 4 6 7 5 2 3 4 5 6
1 5 0 1 2 5 7 5 1 2 5 6 7 5 2 3 4 5 7 5 2 3 5 6 7
1 5 0 1 2 5 7 5 1 2 5 6 7 5 2 3 4 5 7 5 3 4 5 6 7
4 3
1 5 0 1 2 3 5 5 0 1 5 6 7 5 1 2 3 4 5 5 1 2 5 6 7
1 5 0 1 3 4 5 5 0 1 5 6 7 5 1 2 3 4 5 5 1 2 5 6 7
1 5 0 1 3 4 5 5 0 1 5 6 7 5 1 2 3 4 5 5 2 3 5 6 7
4 6
1 5 0 1 2 3 7 5 0 1 5 6 7 5 1 2 3 4 5 5 1 2 5 6 7
1 5 0 1 3 4 7 5 0 1 5 6 7 5 1 2 3 4 5 5 1 2 5 6 7
1 5 0 1 4 5 7 5 0 1 5 6 7 5 1 2 3 4 5 5 1 2 5 6 7
1 5 0 1 3 4 7 5 0 1 5 6 7 5 1 2 3 4 5 5 2 3 5 6 7
1 5 0 1 4 5 7 5 0 1 5 6 7 5 1 2 3 4 5 5 2 3 5 6 7
1 5 0 1 4 5 7 5 0 1 5 6 7 5 1 2 3 4 5 5 3 4 5 6 7
4 6
1 5 0 1 2 3 5 5 0 1 5 6 7 5 1 2 3 5 6 5 1 2 3 4 5
1 5 0 1 2 3 5 5 0 1 5 6 7 5 1 2 3 6 7 5 1 2 3 4 5
1 5 0 1 3 4 5 5 0 1 5 6 7 5 1 3 4 5 6 5 1 2 3 4 5
1 5 0 1 3 4 5 5 0 1 5 6 7 5 1 3 4 6 7 5 1 2 3 4 5
1 5 0 2 3 4 6 5 0 1 2 6 7 5 2 3 4 6 7 5 2 3 4 5 6
1 5 0 2 4 5 6 5 0 1 2 6 7 5 2 4 5 6 7 5 2 3 4 5 6
4 9
1 5 0 1 2 3 4 5 0 1 5 6 7 5 1 2 3 4 5 5 1 2 3 4 7
1 5 0 1 2 3 5 5 0 1 5 6 7 5 1 2 3 4 5 5 1 2 4 5 7
1 5 0 1 3 4 5 5 0 1 5 6 7 5 1 2 3 4 5 5 1 2 4 5 7
1 5 0 1 3 4 5 5 0 1 5 6 7 5 1 2 3 4 5 5 2 3 4 5 7
1 5 0 2 3 4 5 5 0 1 2 6 7 5 2 3 4 5 6 5 2 3 4 5 7
1 5 0 2 3 4 6 5 0 1 2 6 7 5 2 3 4 5 6 5 2 3 5 6 7
1 5 0 2 4 5 6 5 0 1 2 6 7 5 2 3 4 5 6 5 2 3 5 6 7
1 5 0 2 4 5 6 5 0 1 2 6 7 5 2 3 4 5 6 5 3 4 5 6 7
1 5 0 3 4 5 6 5 0 1 2 3 7 5 3 4 5 6 7 5 3 4 5 6 7
4 7
1 5 0 1 3 4 7 5 0 1 4 5 6 5 1 2 3 6 7 5 1 2 3 4 7
1 5 0 1 4 5 7 5 0 1 5 6 7 5 1 2 3 4 7 5 1 2 4 5 7
1 5 0 1 4 5 7 5 0 1 5 6 7 5 1 2 3 4 7 5 2 3 4 5 7
1 5 0 2 4 5 7 5 0 1 2 5 6 5 2 3 4 6 7 5 2 3 4 5 7
1 5 0 2 5 6 7 5 0 1 2 6 7 5 2 3 4 5 7 5 2 3 5 6 7
1 5 0 2 5 6 7 5 0 1 2 6 7 5 2 3 4 5 7 5 3 4 5 6 7
1 5 0 3 5 6 7 5 0 1 2 3 6 5 3 4 5 6 7 5 3 4 5 6 7
4 18
1 5 0 1 2 3 4 5 0 1 4 6 7 5 1 2 4 5 6 5 1 2 3 4 7
1 5 0 1 2 3 4 5 0 1 4 5 7 5 1 2 5 6 7 5 1 2 3 4 7
1 5 0 1 3 4 5 5 0 1 5 6 7 5 1 2 3 5 6 5 1 2 3 4 7
1 5 0 1 3 4 5 5 0 1 5 6 7 5 1 2 3 6 7 5 1 2 3 4 7
1 5 0 1 3 4 5 5 0 1 5 6 7 5 1 2 3 5 6 5 1 2 4 5 7
1 5 0 1 3 4 5 5 0 1 5 6 7 5 1 2 3 6 7 5 1 2 4 5 7
1 5 0 1 3 4 5 5 0 1 5 6 7 5 1 2 3 5 6 5 2 3 4 5 7
1 5 0 1 3 4 5 5 0 1 5 6 7 5 1 2 3 6 7 5 2 3 4 5 7
1 5 0 1 2 4 5 5 0 1 5 6 7 5 2 3 4 5 6 5 2 3 4 5 7
1 5 0 1 2 4 5 5 0 1 5 6 7 5 2 3 4 6 7 5 2 3 4 5 7
1 5 0 2 3 4 5 5 0 1 2 5 7 5 2 3 5 6 7 5 2 3 4 5 7
1 5 0 2 4 5 6 5 0 1 2 6 7 5 2 3 4 6 7 5 2 3 4 5 7
1 5 0 2 4 5 6 5 0 1 2 6 7 5 2 3 4 6 7 5 2 3 5 6 7
1 5 0 2 4 5 6 5 0 1 2 6 7 5 2 3 4 6 7 5 3 4 5 6 7
1 5 0 2 3 5 6 5 0 1 2 6 7 5 3 4 5 6 7 5 3 4 5 6 7
1 5 0 1 2 4 5 5 1 2 5 6 7 5 2 3 4 5 6 5 2 3 4 5 7
1 5 0 1 2 4 5 5 1 2 5 6 7 5 2 3 4 6 7 5 2 3 4 5 7
1 5 0 1 3 5 6 5 1 2 3 6 7 5 3 4 5 6 7 5 3 4 5 6 7
4 6
1 5 0 1 3 4 7 5 0 1 4 5 6 5 1 2 3 6 7 5 1 2 3 4 6
1 5 0 1 4 5 7 5 0 1 5 6 7 5 1 2 3 4 7 5 1 2 4 5 7
1 5 0 1 4 5 7 5 0 1 5 6 7 5 1 2 3 4 7 5 2 3 4 5 7
1 5 0 2 4 5 7 5 0 1 2 5 6 5 2 3 4 6 7 5 2 3 4 5 6
1 5 0 2 5 6 7 5 0 1 2 6 7 5 2 3 4 5 7 5 2 3 5 6 7
1 5 0 2 5 6 7 5 0 1 2 6 7 5 2 3 4 5 7 5 3 4 5 6 7
4 8
1 5 0 1 2 3 4 5 0 1 4 5 7 5 1 2 5 6 7 5 1 2 3 4 5
1 5 0 1 3 4 5 5 0 1 5 6 7 5 1 2 3 5 6 5 1 2 3 4 5
1 5 0 1 3 4 5 5 0 1 5 6 7 5 1 2 3 6 7 5 1 2 3 4 6
1 5 0 1 3 4 5 5 0 1 5 6 7 5 1 2 3 6 7 5 1 2 4 5 6
1 5 0 1 3 4 5 5 0 1 5 6 7 5 1 2 3 6 7 5 2 3 4 5 6
1 5 0 1 2 4 5 5 0 1 5 6 7 5 2 3 4 6 7 5 2 3 4 5 6
1 5 0 2 4 5 6 5 0 1 2 6 7 5 2 3 4 6 7 5 2 3 4 5 6
1 5 0 1 2 4 5 5 1 2 5 6 7 5 2 3 4 6 7 5 2 3 4 5 6
4 11
1 5 0 1 3 5 7 5 0 1 3 4 5 5 1 2 3 5 6 5 1 2 3 6 7
1 5 0 1 3 6 7 5 0 1 4 5 6 5 1 2 3 6 7 5 1 2 3 4 7
1 5 0 1 4 6 7 5 0 1 4 5 6 5 1 2 3 4 6 5 1 2 4 6 7
1 5 0 1 4 6 7 5 0 1 4 5 6 5 1 3 4 6 7 5 1 2 3 4 7
1 5 0 1 4 6 7 5 0 1 4 5 6 5 1 2 3 4 6 5 2 3 4 6 7
1 5 0 2 4 5 7 5 0 1 2 4 5 5 2 3 4 5 6 5 2 3 4 6 7
1 5 0 2 4 6 7 5 0 1 2 5 6 5 2 3 4 6 7 5 2 3 4 5 7
1 5 0 2 5 6 7 5 0 1 2 5 6 5 2 3 4 5 6 5 2 3 5 6 7
1 5 0 2 5 6 7 5 0 1 2 5 6 5 2 4 5 6 7 5 2 3 4 5 7
1 5 0 2 5 6 7 5 0 1 2 5 6 5 2 3 4 5 6 5 3 4 5 6 7
1 5 0 3 5 6 7 5 0 1 2 3 6 5 3 4 5 6 7 5 3 4 5 6 7
4 10
1 5 0 1 3 5 7 5 0 1 3 4 5 5 1 2 3 6 7 5 1 2 3 5 6
1 5 0 1 3 6 7 5 0 1 4 5 6 5 1 2 3 6 7 5 1 2 3 4 6
1 5 0 1 4 6 7 5 0 1 4 5 6 5 1 2 3 4 7 5 1 2 4 6 7
1 5 0 1 4 6 7 5 0 1 4 5 6 5 1 3 4 6 7 5 1 2 3 4 6
1 5 0 1 4 6 7 5 0 1 4 5 6 5 1 2 3 4 7 5 2 3 4 6 7
1 5 0 2 4 5 7 5 0 1 2 4 5 5 2 3 4 6 7 5 2 3 4 5 6
1 5 0 2 4 6 7 5 0 1 2 5 6 5 2 3 4 6 7 5 2 3 4 5 6
1 5 0 2 5 6 7 5 0 1 2 5 6 5 2 3 4 5 7 5 2 3 5 6 7
1 5 0 2 5 6 7 5 0 1 2 5 6 5 2 4 5 6 7 5 2 3 4 5 6
1 5 0 2 5 6 7 5 0 1 2 5 6 5 2 3 4 5 7 5 3 4 5 6 7
4 16
1 5 0 1 2 3 7 5 0 1 3 4 5 5 1 2 5 6 7 5 1 2 3 5 7
1 5 0 1 3 6 7 5 0 1 3 4 5 5 1 2 3 5 6 5 1 2 3 5 7
1 5 0 1 3 4 7 5 0 1 4 5 6 5 1 2 3 6 7 5 1 2 4 6 7
1 5 0 1 4 6 7 5 0 1 4 5 6 5 1 2 3 4 6 5 1 2 4 6 7
1 5 0 1 3 4 7 5 0 1 4 5 6 5 1 2 3 6 7 5 2 3 4 6 7
1 5 0 1 4 6 7 5 0 1 4 5 6 5 1 2 3 4 6 5 2 3 4 6 7
1 5 0 1 2 4 7 5 0 1 4 5 6 5 2 3 4 6 7 5 2 3 4 6 7
1 5 0 2 3 4 7 5 0 1 2 4 5 5 2 3 5 6 7 5 2 3 4 5 7
1 5 0 2 4 6 7 5 0 1 2 4 5 5 2 3 4 5 6 5 2 3 4 5 7
1 5 0 2 4 5 7 5 0 1 2 5 6 5 2 3 4 6 7 5 2 3 5 6 7
1 5 0 2 5 6 7 5 0 1 2 5 6 5 2 3 4 5 6 5 2 3 5 6 7
1 5 0 2 4 5 7 5 0 1 2 5 6 5 2 3 4 6 7 5 3 4 5 6 7
1 5 0 2 5 6 7 5 0 1 2 5 6 5 2 3 4 5 6 5 3 4 5 6 7
1 5 0 2 3 5 7 5 0 1 2 5 6 5 3 4 5 6 7 5 3 4 5 6 7
1 5 0 1 2 4 7 5 1 2 4 5 6 5 2 3 4 6 7 5 2 3 4 6 7
1 5 0 1 3 5 7 5 1 2 3 5 6 5 3 4 5 6 7 5 3 4 5 6 7
4 24
1 5 0 1 2 3 6 5 0 1 2 3 4 5 1 2 4 6 7 5 1 2 4 5 6
1 5 0 1 2 3 7 5 0 1 2 3 4 5 1 2 4 5 7 5 1 2 5 6 7
1 5 0 1 3 4 6 5 0 1 2 3 4 5 1 2 4 6 7 5 1 2 4 5 6
1 5 0 1 3 4 7 5 0 1 2 3 4 5 1 2 4 5 7 5 1 2 5 6 7
1 5 0 1 3 4 7 5 0 1 3 4 5 5 1 2 3 5 7 5 1 2 5 6 7
1 5 0 1 4 5 7 5 0 1 3 4 5 5 1 2 3 5 7 5 1 2 5 6 7
1 5 0 1 3 4 6 5 0 1 3 4 5 5 1 3 5 6 7 5 1 2 3 5 6
1 5 0 1 3 4 7 5 0 1 3 4 5 5 1 3 5 6 7 5 1 2 3 6 7
1 5 0 1 4 5 6 5 0 1 3 4 5 5 1 3 5 6 7 5 1 2 3 5 6
1 5 0 1 4 5 7 5 0 1 3 4 5 5 1 3 5 6 7 5 1 2 3 6 7
1 5 0 1 4 5 7 5 0 1 4 5 6 5 1 3 4 6 7 5 1 2 3 6 7
1 5 0 1 5 6 7 5 0 1 4 5 6 5 1 3 4 6 7 5 1 2 3 6 7
1 5 0 1 3 4 7 5 0 1 3 4 5 5 1 2 3 5 7 5 2 3 5 6 7
1 5 0 1 4 5 7 5 0 1 3 4 5 5 1 2 3 5 7 5 2 3 5 6 7
1 5 0 1 4 5 7 5 0 1 4 5 6 5 1 2 4 6 7 5 2 3 4 6 7
1 5 0 1 5 6 7 5 0 1 4 5 6 5 1 2 4 6 7 5 2 3 4 6 7
1 5 0 2 3 4 6 5 0 1 2 3 4 5 2 3 4 6 7 5 2 3 4 5 6
1 5 0 2 3 4 7 5 0 1 2 3 4 5 2 3 4 5 7 5 2 3 5 6 7
1 5 0 2 4 5 7 5 0 1 2 4 5 5 2 3 4 5 7 5 2 3 5 6 7
1 5 0 2 4 5 6 5 0 1 2 4 5 5 2 4 5 6 7 5 2 3 4 5 6
1 5 0 2 4 5 7 5 0 1 2 4 5 5 2 4 5 6 7 5 2 3 4 6 7
1 5 0 2 5 6 7 5 0 1 2 5 6 5 2 4 5 6 7 5 2 3 4 6 7
1 5 0 2 4 5 7 5 0 1 2 4 5 5 2 3 4 5 7 5 3 4 5 6 7
1 5 0 2 5 6 7 5 0 1 2 5 6 5 2 3 5 6 7 5 3 4 5 6 7
4 3
1 5 0 1 5 6 7 5 0 1 5 6 7 5 1 2 3 4 5 5 1 2 3 4 7
1 5 0 1 5 6 7 5 0 1 5 6 7 5 1 2 3 4 5 5 1 2 4 5 7
1 5 0 1 5 6 7 5 0 1 5 6 7 5 1 2 3 4 5 5 2 3 4 5 7
4 4
1 5 0 1 2 3 4 5 0 1 2 6 7 5 2 3 4 5 6 5 1 2 4 5 6
1 5 0 1 3 4 5 5 0 1 2 3 7 5 3 4 5 6 7 5 1 2 5 6 7
1 5 0 1 2 3 4 5 0 1 2 3 7 5 3 4 5 6 7 5 2 4 5 6 7
1 5 0 2 3 4 5 5 0 1 2 3 7 5 3 4 5 6 7 5 2 3 5 6 7
4 16
1 5 0 1 5 6 7 5 0 1 2 4 5 5 2 3 4 5 6 5 1 2 3 4 5
1 5 0 1 5 6 7 5 0 1 2 4 5 5 2 3 4 6 7 5 1 2 3 4 6
1 5 0 1 4 5 7 5 0 1 2 3 4 5 3 4 5 6 7 5 1 2 3 4 5
1 5 0 1 5 6 7 5 0 1 2 3 5 5 3 4 5 6 7 5 1 2 3 4 6
1 5 0 1 5 6 7 5 0 1 2 3 5 5 3 4 5 6 7 5 1 2 4 5 6
1 5 0 1 2 5 7 5 0 1 2 4 5 5 2 3 4 6 7 5 2 3 4 5 6
1 5 0 1 2 6 7 5 0 1 2 5 6 5 2 3 4 5 7 5 2 3 4 6 7
1 5 0 1 2 6 7 5 0 1 2 5 6 5 2 3 5 6 7 5 2 3 4 5 6
1 5 0 1 2 6 7 5 0 1 2 5 6 5 2 3 4 5 7 5 2 4 5 6 7
1 5 0 1 2 5 7 5 0 1 2 3 5 5 3 4 5 6 7 5 2 3 4 5 6
1 5 0 1 2 6 7 5 0 1 2 3 6 5 3 4 5 6 7 5 2 3 4 6 7
1 5 0 1 2 6 7 5 0 1 2 3 6 5 3 4 5 6 7 5 2 4 5 6 7
1 5 0 1 2 6 7 5 0 1 3 5 6 5 3 4 5 6 7 5 2 3 4 5 6
1 5 0 2 5 6 7 5 0 1 2 3 5 5 3 4 5 6 7 5 2 3 4 5 6
1 5 0 2 3 6 7 5 0 1 2 3 6 5 3 4 5 6 7 5 3 4 5 6 7
1 5 0 1 2 6 7 5 1 2 3 5 6 5 3 4 5 6 7 5 2 3 4 5 6
4 3
1 5 0 1 2 3 4 5 0 1 2 3 5 5 0 1 3 4 5 5 3 4 5 6 7
1 5 0 1 2 3 5 5 0 1 2 3 6 5 0 1 3 5 6 5 3 4 5 6 7
1 5 0 1 2 3 6 5 0 1 2 3 7 5 0 1 3 6 7 5 3 4 5 6 7
4 3
1 5 0 1 2 3 7 5 0 1 2 3 7 5 0 1 3 4 5 5 3 4 5 6 7
1 5 0 1 2 3 7 5 0 1 2 3 7 5 0 1 3 5 6 5 3 4 5 6 7
1 5 0 1 2 3 7 5 0 1 2 3 7 5 0 1 3 6 7 5 3 4 5 6 7
4 4
1 5 0 1 2 3 4 5 0 1 2 3 4 5 0 1 2 3 7 5 3 4 5 6 7
1 5 0 1 2 4 5 5 0 1 2 3 5 5 0 1 2 3 7 5 3 4 5 6 7
1 5 0 1 2 5 6 5 0 1 2 3 6 5 0 1 2 3 7 5 3 4 5 6 7
1 5 0 1 2 6 7 5 0 1 2 3 7 5 0 1 2 3 7 5 3 4 5 6 7
4 16
1 5 0 1 2 3 7 5 0 1 2 3 4 5 0 1 2 4 5 5 2 3 5 6 7
1 5 0 1 2 4 7 5 0 1 2 4 5 5 0 1 2 5 6 5 2 3 4 6 7
1 5 0 1 2 5 7 5 0 1 2 5 6 5 0 1 2 6 7 5 2 3 4 5 7
1 5 0 1 2 3 7 5 0 1 2 3 4 5 0 1 2 3 4 5 3 4 5 6 7
1 5 0 1 2 4 7 5 0 1 2 4 5 5 0 1 2 3 5 5 3 4 5 6 7
1 5 0 1 2 5 7 5 0 1 2 5 6 5 0 1 2 3 6 5 3 4 5 6 7
1 5 0 1 2 6 7 5 0 1 2 6 7 5 0 1 2 3 7 5 3 4 5 6 7
1 5 0 1 3 4 7 5 0 1 2 3 4 5 0 1 3 4 5 5 3 4 5 6 7
1 5 0 1 3 5 7 5 0 1 2 3 5 5 0 1 3 5 6 5 3 4 5 6 7
1 5 0 1 3 6 7 5 0 1 2 3 6 5 0 1 3 6 7 5 3 4 5 6 7
1 5 0 2 3 4 7 5 0 2 3 4 5 5 0 1 2 3 5 5 3 4 5 6 7
1 5 0 2 3 5 7 5 0 2 3 5 6 5 0 1 2 3 6 5 3 4 5 6 7
1 5 0 2 3 6 7 5 0 2 3 6 7 5 0 1 2 3 7 5 3 4 5 6 7
1 5 0 2 3 4 7 5 0 1 2 3 4 5 1 2 3 4 5 5 3 4 5 6 7
1 5 0 2 3 5 7 5 0 1 2 3 5 5 1 2 3 5 6 5 3 4 5 6 7
1 5 0 2 3 6 7 5 0 1 2 3 6 5 1 2 3 6 7 5 3 4 5 6 7
4 17
1 5 0 1 2 3 4 5 0 1 2 4 7 5 0 1 2 4 5 5 2 3 5 6 7
1 5 0 1 2 4 5 5 0 1 2 5 7 5 0 1 2 5 6 5 2 3 4 6 7
1 5 0 1 2 5 6 5 0 1 2 6 7 5 0 1 2 6 7 5 2 3 4 5 7
1 5 0 1 2 3 4 5 0 1 2 4 7 5 0 1 2 3 4 5 3 4 5 6 7
1 5 0 1 2 4 5 5 0 1 2 5 7 5 0 1 2 3 5 5 3 4 5 6 7
1 5 0 1 2 5 6 5 0 1 2 6 7 5 0 1 2 3 6 5 3 4 5 6 7
1 5 0 1 2 3 4 5 0 1 2 4 7 5 0 1 3 4 5 5 3 4 5 6 7
1 5 0 1 2 3 5 5 0 1 2 5 7 5 0 1 3 5 6 5 3 4 5 6 7
1 5 0 1 2 3 6 5 0 1 2 6 7 5 0 1 3 6 7 5 3 4 5 6 7
1 5 0 1 2 3 4 5 0 2 3 4 7 5 0 1 3 4 5 5 3 4 5 6 7
1 5 0 1 2 3 5 5 0 2 3 5 7 5 0 1 3 5 6 5 3 4 5 6 7
1 5 0 1 2 3 6 5 0 2 3 6 7 5 0 1 3 6 7 5 3 4 5 6 7
1 5 0 2 3 4 5 5 0 2 3 5 7 5 0 1 2 3 5 5 3 4 5 6 7
1 5 0 2 3 5 6 5 0 2 3 6 7 5 0 1 2 3 6 5 3 4 5 6 7
1 5 0 1 2 3 4 5 1 2 3 4 7 5 1 2 3 4 5 5 3 4 5 6 7
1 5 0 1 2 3 5 5 1 2 3 5 7 5 1 2 3 5 6 5 3 4 5 6 7
1 5 0 1 2 3 6 5 1 2 3 6 7 5 1 2 3 6 7 5 3 4 5 6 7
4 18
1 5 0 1 2 3 4 5 0 1 2 4 5 5 0 1 2 4 7 5 2 3 5 6 7
1 5 0 1 2 4 5 5 0 1 2 5 6 5 0 1 2 5 7 5 2 3 4 6 7
1 5 0 1 2 5 6 5 0 1 2 6 7 5 0 1 2 6 7 5 2 3 4 5 7
1 5 0 1 2 3 4 5 0 1 2 4 5 5 0 1 3 4 7 5 3 4 5 6 7
1 5 0 1 2 3 5 5 0 1 2 5 6 5 0 1 3 5 7 5 3 4 5 6 7
1 5 0 1 2 3 6 5 0 1 2 6 7 5 0 1 3 6 7 5 3 4 5 6 7
1 5 0 1 3 4 5 5 0 1 2 3 5 5 0 1 3 5 7 5 3 4 5 6 7
1 5 0 1 3 5 6 5 0 1 2 3 6 5 0 1 3 6 7 5 3 4 5 6 7
1 5 0 1 2 3 4 5 0 2 3 4 5 5 0 1 3 4 7 5 3 4 5 6 7
1 5 0 1 2 3 5 5 0 2 3 5 6 5 0 1 3 5 7 5 3 4 5 6 7
1 5 0 1 2 3 6 5 0 2 3 6 7 5 0 1 3 6 7 5 3 4 5 6 7
1 5 0 1 2 3 4 5 0 1 2 3 5 5 1 3 4 5 7 5 3 4 5 6 7
1 5 0 1 2 3 5 5 0 1 2 3 6 5 1 3 5 6 7 5 3 4 5 6 7
1 5 0 2 3 4 5 5 0 1 2 3 5 5 1 2 3 5 7 5 3 4 5 6 7
1 5 0 2 3 5 6 5 0 1 2 3 6 5 1 2 3 6 7 5 3 4 5 6 7
1 5 0 1 2 3 4 5 1 2 3 4 5 5 1 2 3 4 7 5 3 4 5 6 7
1 5 0 1 2 3 5 5 1 2 3 5 6 5 1 2 3 5 7 5 3 4 5 6 7
1 5 0 1 2 3 6 5 1 2 3 6 7 5 1 2 3 6 7 5 3 4 5 6 7
4 21
1 5 0 1 2 3 4 5 0 1 2 5 6 5 0 1 2 4 5 5 2 3 5 6 7
1 5 0 1 2 3 4 5 0 1 2 6 7 5 0 1 2 4 5 5 2 3 5 6 7
1 5 0 1 2 4 5 5 0 1 2 6 7 5 0 1 2 5 6 5 2 3 4 6 7
1 5 0 1 2 3 4 5 0 1 2 4 5 5 0 1 2 3 4 5 3 4 5 6 7
1 5 0 1 2 3 4 5 0 1 2 5 6 5 0 1 2 3 4 5 3 4 5 6 7
1 5 0 1 2 3 4 5 0 1 2 6 7 5 0 1 2 3 4 5 3 4 5 6 7
1 5 0 1 2 4 5 5 0 1 2 5 6 5 0 1 2 3 5 5 3 4 5 6 7
1 5 0 1 2 4 5 5 0 1 2 6 7 5 0 1 2 3 5 5 3 4 5 6 7
1 5 0 1 2 5 6 5 0 1 2 6 7 5 0 1 2 3 6 5 3 4 5 6 7
1 5 0 1 2 3 4 5 0 1 2 5 6 5 0 1 3 4 5 5 3 4 5 6 7
1 5 0 1 2 3 4 5 0 1 2 6 7 5 0 1 3 4 5 5 3 4 5 6 7
1 5 0 1 2 3 5 5 0 1 2 6 7 5 0 1 3 5 6 5 3 4 5 6 7
1 5 0 1 2 3 4 5 0 2 3 5 6 5 0 1 3 4 5 5 3 4 5 6 7
1 5 0 1 2 3 4 5 0 2 3 6 7 5 0 1 3 4 5 5 3 4 5 6 7
1 5 0 1 2 3 5 5 0 2 3 6 7 5 0 1 3 5 6 5 3 4 5 6 7
1 5 0 2 3 4 5 5 0 2 3 5 6 5 0 1 2 3 5 5 3 4 5 6 7
1 5 0 2 3 4 5 5 0 2 3 6 7 5 0 1 2 3 5 5 3 4 5 6 7
1 5 0 2 3 5 6 5 0 2 3 6 7 5 0 1 2 3 6 5 3 4 5 6 7
1 5 0 1 2 3 4 5 1 2 3 5 6 5 1 2 3 4 5 5 3 4 5 6 7
1 5 0 1 2 3 4 5 1 2 3 6 7 5 1 2 3 4 5 5 3 4 5 6 7
1 5 0 1 2 3 5 5 1 2 3 6 7 5 1 2 3 5 6 5 3 4 5 6 7
4 24
1 5 0 1 2 4 5 5 0 1 2 3 4 5 0 1 2 5 6 5 2 3 4 6 7
1 5 0 1 2 5 6 5 0 1 2 3 4 5 0 1 2 6 7 5 2 3 4 5 7
1 5 0 1 2 5 6 5 0 1 2 4 5 5 0 1 2 6 7 5 2 3 4 5 7
1 5 0 1 2 4 5 5 0 1 2 3 4 5 0 1 2 3 5 5 3 4 5 6 7
1 5 0 1 2 5 6 5 0 1 2 3 4 5 0 1 2 3 6 5 3 4 5 6 7
1 5 0 1 2 6 7 5 0 1 2 3 4 5 0 1 2 3 7 5 3 4 5 6 7
1 5 0 1 2 5 6 5 0 1 2 4 5 5 0 1 2 3 6 5 3 4 5 6 7
1 5 0 1 2 6 7 5 0 1 2 4 5 5 0 1 2 3 7 5 3 4 5 6 7
1 5 0 1 2 6 7 5 0 1 2 5 6 5 0 1 2 3 7 5 3 4 5 6 7
1 5 0 1 2 3 4 5 0 1 2 3 4 5 0 1 3 4 5 5 3 4 5 6 7
1 5 0 1 2 3 5 5 0 1 2 3 4 5 0 1 3 5 6 5 3 4 5 6 7
1 5 0 1 2 3 6 5 0 1 2 3 4 5 0 1 3 6 7 5 3 4 5 6 7
1 5 0 1 2 3 5 5 0 1 2 4 5 5 0 1 3 5 6 5 3 4 5 6 7
1 5 0 1 2 3 6 5 0 1 2 4 5 5 0 1 3 6 7 5 3 4 5 6 7
1 5 0 1 2 3 6 5 0 1 2 5 6 5 0 1 3 6 7 5 3 4 5 6 7
1 5 0 1 2 3 5 5 0 2 3 4 5 5 0 1 3 5 6 5 3 4 5 6 7
1 5 0 1 2 3 6 5 0 2 3 4 5 5 0 1 3 6 7 5 3 4 5 6 7
1 5 0 1 2 3 6 5 0 2 3 5 6 5 0 1 3 6 7 5 3 4 5 6 7
1 5 0 2 3 5 6 5 0 2 3 4 5 5 0 1 2 3 6 5 3 4 5 6 7
1 5 0 2 3 6 7 5 0 2 3 4 5 5 0 1 2 3 7 5 3 4 5 6 7
1 5 0 2 3 6 7 5 0 2 3 5 6 5 0 1 2 3 7 5 3 4 5 6 7
1 5 0 1 2 3 5 5 1 2 3 4 5 5 1 2 3 5 6 5 3 4 5 6 7
1 5 0 1 2 3 6 5 1 2 3 4 5 5 1 2 3 6 7 5 3 4 5 6 7
1 5 0 1 2 3 6 5 1 2 3 5 6 5 1 2 3 6 7 5 3 4 5 6 7
4 20
1 5 0 1 2 3 4 5 0 1 2 4 5 5 0 1 2 3 7 5 2 3 5 6 7
1 5 0 1 2 4 5 5 0 1 2 5 6 5 0 1 2 4 7 5 2 3 4 6 7
1 5 0 1 2 5 6 5 0 1 2 6 7 5 0 1 2 5 7 5 2 3 4 5 7
1 5 0 1 2 3 4 5 0 1 2 4 5 5 0 1 3 4 7 5 3 4 5 6 7
1 5 0 1 2 3 5 5 0 1 2 5 6 5 0 1 3 5 7 5 3 4 5 6 7
1 5 0 1 2 3 6 5 0 1 2 6 7 5 0 1 3 6 7 5 3 4 5 6 7
1 5 0 1 3 4 5 5 0 1 2 3 5 5 0 1 3 4 7 5 3 4 5 6 7
1 5 0 1 3 5 6 5 0 1 2 3 6 5 0 1 3 5 7 5 3 4 5 6 7
1 5 0 1 3 6 7 5 0 1 2 3 7 5 0 1 3 6 7 5 3 4 5 6 7
1 5 0 1 2 3 4 5 0 2 3 4 5 5 0 1 3 4 7 5 3 4 5 6 7
1 5 0 1 2 3 5 5 0 2 3 5 6 5 0 1 3 5 7 5 3 4 5 6 7
1 5 0 1 2 3 6 5 0 2 3 6 7 5 0 1 3 6 7 5 3 4 5 6 7
1 5 0 1 2 3 5 5 0 1 2 3 5 5 1 3 4 5 7 5 3 4 5 6 7
1 5 0 1 2 3 6 5 0 1 2 3 6 5 1 3 5 6 7 5 3 4 5 6 7
1 5 0 2 3 4 5 5 0 1 2 3 5 5 1 2 3 4 7 5 3 4 5 6 7
1 5 0 2 3 5 6 5 0 1 2 3 6 5 1 2 3 5 7 5 3 4 5 6 7
1 5 0 2 3 6 7 5 0 1 2 3 7 5 1 2 3 6 7 5 3 4 5 6 7
1 5 0 1 2 3 4 5 1 2 3 4 5 5 1 2 3 4 7 5 3 4 5 6 7
1 5 0 1 2 3 5 5 1 2 3 5 6 5 1 2 3 5 7 5 3 4 5 6 7
1 5 0 1 2 3 6 5 1 2 3 6 7 5 1 2 3 6 7 5 3 4 5 6 7
4 18
1 5 0 1 2 4 5 5 0 1 2 5 6 5 0 1 2 3 4 5 2 3 5 6 7
1 5 0 1 2 4 5 5 0 1 2 6 7 5 0 1 2 3 4 5 2 3 5 6 7
1 5 0 1 2 5 6 5 0 1 2 6 7 5 0 1 2 4 5 5 2 3 4 6 7
1 5 0 1 2 4 5 5 0 1 2 5 6 5 0 1 2 3 4 5 3 4 5 6 7
1 5 0 1 2 4 5 5 0 1 2 6 7 5 0 1 2 3 4 5 3 4 5 6 7
1 5 0 1 2 5 6 5 0 1 2 6 7 5 0 1 2 3 5 5 3 4 5 6 7
1 5 0 1 2 3 5 5 0 1 2 5 6 5 0 1 3 4 5 5 3 4 5 6 7
1 5 0 1 2 3 5 5 0 1 2 6 7 5 0 1 3 4 5 5 3 4 5 6 7
1 5 0 1 2 3 6 5 0 1 2 6 7 5 0 1 3 5 6 5 3 4 5 6 7
1 5 0 1 2 3 5 5 0 2 3 5 6 5 0 1 3 4 5 5 3 4 5 6 7
1 5 0 1 2 3 5 5 0 2 3 6 7 5 0 1 3 4 5 5 3 4 5 6 7
1 5 0 1 2 3 6 5 0 2 3 6 7 5 0 1 3 5 6 5 3 4 5 6 7
1 5 0 2 3 4 5 5 0 2 3 5 6 5 0 1 2 3 4 5 3 4 5 6 7
1 5 0 2 3 4 5 5 0 2 3 6 7 5 0 1 2 3 4 5 3 4 5 6 7
1 5 0 2 3 5 6 5 0 2 3 6 7 5 0 1 2 3 5 5 3 4 5 6 7
1 5 0 1 2 3 5 5 1 2 3 5 6 5 1 2 3 4 5 5 3 4 5 6 7
1 5 0 1 2 3 5 5 1 2 3 6 7 5 1 2 3 4 5 5 3 4 5 6 7
1 5 0 1 2 3 6 5 1 2 3 6 7 5 1 2 3 5 6 5 3 4 5 6 7
4 9
1 5 0 1 2 4 5 5 0 1 2 6 7 5 0 1 2 3 4 5 2 3 4 5 6
1 5 0 1 2 5 6 5 0 1 2 6 7 5 0 1 2 3 4 5 2 3 4 5 6
1 5 0 1 2 5 6 5 0 1 2 6 7 5 0 1 2 4 5 5 2 3 4 5 6
1 5 0 1 3 5 6 5 0 1 2 3 7 5 0 1 3 4 5 5 3 4 5 6 7
1 5 0 1 3 6 7 5 0 1 2 3 7 5 0 1 3 4 5 5 3 4 5 6 7
1 5 0 1 3 6 7 5 0 1 2 3 7 5 0 1 3 5 6 5 3 4 5 6 7
1 5 0 2 3 5 6 5 0 1 2 3 7 5 1 2 3 4 5 5 3 4 5 6 7
1 5 0 2 3 6 7 5 0 1 2 3 7 5 1 2 3 4 5 5 3 4 5 6 7
1 5 0 2 3 6 7 5 0 1 2 3 7 5 1 2 3 5 6 5 3 4 5 6 7
4 6
1 5 0 1 2 3 4 5 0 1 2 3 4 5 0 1 4 5 6 5 2 3 4 6 7
1 5 0 1 2 3 5 5 0 1 2 3 4 5 0 1 5 6 7 5 2 3 4 5 7
1 5 0 1 2 4 5 5 0 1 2 4 5 5 0 1 5 6 7 5 2 3 4 5 7
1 5 0 2 3 4 5 5 0 2 3 4 5 5 0 1 2 5 6 5 3 4 5 6 7
1 5 0 2 3 4 6 5 0 2 3 4 5 5 0 1 2 6 7 5 3 4 5 6 7
1 5 0 2 3 5 6 5 0 2 3 5 6 5 0 1 2 6 7 5 3 4 5 6 7
4 6
1 5 0 1 2 3 4 5 0 1 2 4 6 5 0 1 4 5 6 5 2 3 4 6 7
1 5 0 1 2 3 4 5 0 1 2 4 7 5 0 1 5 6 7 5 2 3 4 5 7
1 5 0 1 2 4 5 5 0 1 2 5 7 5 0 1 5 6 7 5 2 3 4 5 7
1 5 0 2 3 4 5 5 0 2 3 5 6 5 0 1 2 5 6 5 3 4 5 6 7
1 5 0 2 3 4 5 5 0 2 3 5 7 5 0 1 2 6 7 5 3 4 5 6 7
1 5 0 2 3 5 6 5 0 2 3 6 7 5 0 1 2 6 7 5 3 4 5 6 7
4 3
1 5 0 1 2 3 4 5 0 1 2 4 5 5 0 1 3 4 5 5 2 3 5 6 7
1 5 0 1 2 4 5 5 0 1 2 5 6 5 0 1 4 5 6 5 2 3 4 6 7
1 5 0 1 2 5 6 5 0 1 2 6 7 5 0 1 5 6 7 5 2 3 4 5 7
4 6
1 5 0 1 2 3 5 5 0 1 2 5 6 5 0 1 3 4 5 5 2 3 5 6 7
1 5 0 1 2 3 6 5 0 1 2 6 7 5 0 1 3 4 5 5 2 3 5 6 7
1 5 0 1 2 4 6 5 0 1 2 6 7 5 0 1 4 5 6 5 2 3 4 6 7
1 5 0 2 3 4 5 5 0 2 3 5 6 5 0 1 2 4 5 5 3 4 5 6 7
1 5 0 2 3 4 6 5 0 2 3 6 7 5 0 1 2 4 5 5 3 4 5 6 7
1 5 0 2 3 5 6 5 0 2 3 6 7 5 0 1 2 5 6 5 3 4 5 6 7
4 11
1 5 0 1 2 3 4 5 0 1 2 4 5 5 0 1 4 6 7 5 2 3 4 5 6
1 5 0 1 2 3 4 5 0 1 2 5 6 5 0 1 4 5 7 5 2 3 4 6 7
1 5 0 1 2 3 4 5 0 1 2 5 6 5 0 1 5 6 7 5 2 3 4 5 6
1 5 0 1 2 3 4 5 0 1 2 6 7 5 0 1 5 6 7 5 2 3 4 5 7
1 5 0 1 2 4 5 5 0 1 2 5 6 5 0 1 5 6 7 5 2 3 4 5 6
1 5 0 1 2 4 5 5 0 1 2 6 7 5 0 1 5 6 7 5 2 3 4 5 7
1 5 0 1 3 4 5 5 0 1 2 3 6 5 0 1 5 6 7 5 3 4 5 6 7
1 5 0 2 3 4 5 5 0 2 3 5 6 5 0 1 2 5 7 5 3 4 5 6 7
1 5 0 2 3 4 5 5 0 2 3 6 7 5 0 1 2 6 7 5 3 4 5 6 7
1 5 0 2 3 5 6 5 0 2 3 6 7 5 0 1 2 6 7 5 3 4 5 6 7
1 5 0 2 3 4 5 5 0 1 2 3 6 5 1 2 5 6 7 5 3 4 5 6 7
4 6
1 5 0 1 2 4 5 5 0 1 2 3 4 5 0 1 4 5 7 5 2 3 5 6 7
1 5 0 1 2 5 6 5 0 1 2 4 5 5 0 1 5 6 7 5 2 3 4 6 7
1 5 0 1 3 4 5 5 0 1 2 3 4 5 0 1 4 5 7 5 3 4 5 6 7
1 5 0 1 3 5 6 5 0 1 2 3 5 5 0 1 5 6 7 5 3 4 5 6 7
1 5 0 2 3 4 5 5 0 1 2 3 4 5 1 2 4 5 7 5 3 4 5 6 7
1 5 0 2 3 5 6 5 0 1 2 3 5 5 1 2 5 6 7 5 3 4 5 6 7
4 6
1 5 0 1 2 5 6 5 0 1 2 3 6 5 0 1 3 4 5 5 2 3 5 6 7
1 5 0 1 2 6 7 5 0 1 2 3 7 5 0 1 3 4 5 5 2 3 5 6 7
1 5 0 1 2 6 7 5 0 1 2 4 7 5 0 1 4 5 6 5 2 3 4 6 7
1 5 0 2 3 5 6 5 0 2 3 4 6 5 0 1 2 4 5 5 3 4 5 6 7
1 5 0 2 3 6 7 5 0 2 3 4 7 5 0 1 2 4 5 5 3 4 5 6 7
1 5 0 2 3 6 7 5 0 2 3 5 7 5 0 1 2 5 6 5 3 4 5 6 7
4 10
1 5 0 1 2 3 7 5 0 1 2 3 4 5 0 1 2 3 4 5 2 4 5 6 7
1 5 0 1 2 3 7 5 0 1 2 3 4 5 0 1 3 4 5 5 2 3 5 6 7
1 5 0 1 2 4 7 5 0 1 2 4 5 5 0 1 3 4 5 5 2 3 5 6 7
1 5 0 1 2 4 7 5 0 1 2 4 5 5 0 1 4 5 6 5 2 3 4 6 7
1 5 0 1 2 5 7 5 0 1 2 5 6 5 0 1 4 5 6 5 2 3 4 6 7
1 5 0 1 2 5 7 5 0 1 2 5 6 5 0 1 5 6 7 5 2 3 4 5 7
1 5 0 1 2 6 7 5 0 1 2 6 7 5 0 1 5 6 7 5 2 3 4 5 7
1 5 0 2 3 4 7 5 0 2 3 4 5 5 0 1 2 4 5 5 3 4 5 6 7
1 5 0 2 3 5 7 5 0 2 3 5 6 5 0 1 2 5 6 5 3 4 5 6 7
1 5 0 2 3 6 7 5 0 2 3 6 7 5 0 1 2 6 7 5 3 4 5 6 7
4 12
1 5 0 1 2 3 4 5 0 1 2 4 5 5 0 1 3 5 7 5 2 3 5 6 7
1 5 0 1 2 4 5 5 0 1 2 5 6 5 0 1 4 6 7 5 2 3 4 6 7
1 5 0 1 2 3 4 5 0 1 2 4 5 5 0 1 4 5 7 5 3 4 5 6 7
1 5 0 1 2 3 5 5 0 1 2 5 6 5 0 1 5 6 7 5 3 4 5 6 7
1 5 0 1 3 4 5 5 0 1 2 3 5 5 0 1 4 5 7 5 3 4 5 6 7
1 5 0 1 3 5 6 5 0 1 2 3 6 5 0 1 5 6 7 5 3 4 5 6 7
1 5 0 1 2 3 4 5 0 2 3 4 5 5 0 1 4 5 7 5 3 4 5 6 7
1 5 0 1 2 3 5 5 0 2 3 5 6 5 0 1 5 6 7 5 3 4 5 6 7
1 5 0 2 3 4 5 5 0 1 2 3 5 5 1 2 4 5 7 5 3 4 5 6 7
1 5 0 2 3 5 6 5 0 1 2 3 6 5 1 2 5 6 7 5 3 4 5 6 7
1 5 0 1 2 3 4 5 1 2 3 4 5 5 1 2 4 5 7 5 3 4 5 6 7
1 5 0 1 2 3 5 5 1 2 3 5 6 5 1 2 5 6 7 5 3 4 5 6 7
4 6
1 5 0 1 2 3 4 5 0 1 2 6 7 5 0 1 3 4 6 5 2 3 4 5 6
1 5 0 1 2 4 5 5 0 1 2 6 7 5 0 1 4 5 6 5 2 3 4 5 6
1 5 0 1 3 4 5 5 0 1 2 3 7 5 0 1 4 5 7 5 3 4 5 6 7
1 5 0 1 3 5 6 5 0 1 2 3 7 5 0 1 5 6 7 5 3 4 5 6 7
1 5 0 2 3 4 5 5 0 1 2 3 7 5 1 2 4 5 7 5 3 4 5 6 7
1 5 0 2 3 5 6 5 0 1 2 3 7 5 1 2 5 6 7 5 3 4 5 6 7
4 39
1 5 0 1 2 3 4 5 0 1 2 4 5 5 0 1 2 3 5 5 2 4 5 6 7
1 5 0 1 2 3 4 5 0 1 2 5 6 5 0 1 2 3 6 5 2 4 5 6 7
1 5 0 1 2 3 4 5 0 1 2 6 7 5 0 1 2 3 7 5 2 4 5 6 7
1 5 0 1 2 3 4 5 0 1 2 4 5 5 0 1 3 5 6 5 2 3 4 6 7
1 5 0 1 2 3 4 5 0 1 2 5 6 5 0 1 3 6 7 5 2 3 4 5 7
1 5 0 1 2 4 5 5 0 1 2 5 6 5 0 1 3 4 6 5 2 3 5 6 7
1 5 0 1 2 4 5 5 0 1 2 6 7 5 0 1 3 4 7 5 2 3 5 6 7
1 5 0 1 2 4 5 5 0 1 2 5 6 5 0 1 4 6 7 5 2 3 4 5 7
1 5 0 1 2 5 6 5 0 1 2 6 7 5 0 1 4 5 7 5 2 3 4 6 7
1 5 0 1 2 3 4 5 0 1 2 4 5 5 0 1 3 4 5 5 3 4 5 6 7
1 5 0 1 2 3 4 5 0 1 2 5 6 5 0 1 3 4 6 5 3 4 5 6 7
1 5 0 1 2 3 4 5 0 1 2 6 7 5 0 1 3 4 7 5 3 4 5 6 7
1 5 0 1 2 3 5 5 0 1 2 5 6 5 0 1 4 5 6 5 3 4 5 6 7
1 5 0 1 2 3 5 5 0 1 2 6 7 5 0 1 4 5 7 5 3 4 5 6 7
1 5 0 1 2 3 6 5 0 1 2 6 7 5 0 1 5 6 7 5 3 4 5 6 7
1 5 0 1 3 4 5 5 0 1 2 3 5 5 0 1 4 5 6 5 3 4 5 6 7
1 5 0 1 3 4 5 5 0 1 2 3 6 5 0 1 4 6 7 5 3 4 5 6 7
1 5 0 1 3 5 6 5 0 1 2 3 6 5 0 1 5 6 7 5 3 4 5 6 7
1 5 0 1 2 3 4 5 0 2 3 4 5 5 0 1 3 4 5 5 3 4 5 6 7
1 5 0 1 2 3 4 5 0 2 3 5 6 5 0 1 3 4 6 5 3 4 5 6 7
1 5 0 1 2 3 4 5 0 2 3 6 7 5 0 1 3 4 7 5 3 4 5 6 7
1 5 0 1 2 3 5 5 0 2 3 5 6 5 0 1 4 5 6 5 3 4 5 6 7
1 5 0 1 2 3 5 5 0 2 3 6 7 5 0 1 4 5 7 5 3 4 5 6 7
1 5 0 1 2 3 6 5 0 2 3 6 7 5 0 1 5 6 7 5 3 4 5 6 7
1 5 0 2 3 4 5 5 0 2 3 5 6 5 0 1 2 4 6 5 3 4 5 6 7
1 5 0 2 3 4 5 5 0 2 3 6 7 5 0 1 2 4 7 5 3 4 5 6 7
1 5 0 2 3 5 6 5 0 2 3 6 7 5 0 1 2 5 7 5 3 4 5 6 7
1 5 0 1 2 3 4 5 0 1 2 3 5 5 1 3 4 5 6 5 3 4 5 6 7
1 5 0 1 2 3 4 5 0 1 2 3 6 5 1 3 4 6 7 5 3 4 5 6 7
1 5 0 1 2 3 5 5 0 1 2 3 6 5 1 4 5 6 7 5 3 4 5 6 7
1 5 0 2 3 4 5 5 0 1 2 3 5 5 1 2 4 5 6 5 3 4 5 6 7
1 5 0 2 3 4 5 5 0 1 2 3 6 5 1 2 4 6 7 5 3 4 5 6 7
1 5 0 2 3 5 6 5 0 1 2 3 6 5 1 2 5 6 7 5 3 4 5 6 7
1 5 0 1 2 3 4 5 1 2 3 4 5 5 1 2 3 4 5 5 3 4 5 6 7
1 5 0 1 2 3 4 5 1 2 3 5 6 5 1 2 3 4 6 5 3 4 5 6 7
1 5 0 1 2 3 4 5 1 2 3 6 7 5 1 2 3 4 7 5 3 4 5 6 7
1 5 0 1 2 3 5 5 1 2 3 5 6 5 1 2 4 5 6 5 3 4 5 6 7
1 5 0 1 2 3 5 5 1 2 3 6 7 5 1 2 4 5 7 5 3 4 5 6 7
1 5 0 1 2 3 6 5 1 2 3 6 7 5 1 2 5 6 7 5 3 4 5 6 7
4 13
1 5 0 1 2 4 5 5 0 1 2 3 4 5 0 1 3 5 7 5 2 3 5 6 7
1 5 0 1 2 5 6 5 0 1 2 4 5 5 0 1 4 6 7 5 2 3 4 6 7
1 5 0 1 2 3 4 5 0 1 2 3 4 5 0 1 3 4 7 5 3 4 5 6 7
1 5 0 1 2 3 5 5 0 1 2 4 5 5 0 1 4 5 7 5 3 4 5 6 7
1 5 0 1 2 3 6 5 0 1 2 5 6 5 0 1 5 6 7 5 3 4 5 6 7
1 5 0 1 3 4 5 5 0 1 2 3 4 5 0 1 4 5 7 5 3 4 5 6 7
1 5 0 1 3 5 6 5 0 1 2 3 5 5 0 1 5 6 7 5 3 4 5 6 7
1 5 0 1 2 3 5 5 0 2 3 4 5 5 0 1 4 5 7 5 3 4 5 6 7
1 5 0 1 2 3 6 5 0 2 3 5 6 5 0 1 5 6 7 5 3 4 5 6 7
1 5 0 2 3 4 5 5 0 1 2 3 4 5 1 2 4 5 7 5 3 4 5 6 7
1 5 0 2 3 5 6 5 0 1 2 3 5 5 1 2 5 6 7 5 3 4 5 6 7
1 5 0 1 2 3 5 5 1 2 3 4 5 5 1 2 4 5 7 5 3 4 5 6 7
1 5 0 1 2 3 6 5 1 2 3 5 6 5 1 2 5 6 7 5 3 4 5 6 7
4 12
1 5 0 1 2 4 5 5 0 1 2 4 5 5 0 1 2 3 4 5 2 4 5 6 7
1 5 0 1 2 5 6 5 0 1 2 4 6 5 0 1 2 3 4 5 2 4 5 6 7
1 5 0 1 2 6 7 5 0 1 2 4 7 5 0 1 2 3 4 5 2 4 5 6 7
1 5 0 1 2 5 6 5 0 1 2 5 6 5 0 1 3 4 5 5 2 3 5 6 7
1 5 0 1 2 6 7 5 0 1 2 5 7 5 0 1 3 4 5 5 2 3 5 6 7
1 5 0 1 2 6 7 5 0 1 2 6 7 5 0 1 4 5 6 5 2 3 4 6 7
1 5 0 2 3 4 5 5 0 2 3 4 5 5 0 1 2 3 4 5 3 4 5 6 7
1 5 0 2 3 5 6 5 0 2 3 4 6 5 0 1 2 3 4 5 3 4 5 6 7
1 5 0 2 3 6 7 5 0 2 3 4 7 5 0 1 2 3 4 5 3 4 5 6 7
1 5 0 2 3 5 6 5 0 2 3 5 6 5 0 1 2 4 5 5 3 4 5 6 7
1 5 0 2 3 6 7 5 0 2 3 5 7 5 0 1 2 4 5 5 3 4 5 6 7
1 5 0 2 3 6 7 5 0 2 3 6 7 5 0 1 2 5 6 5 3 4 5 6 7
4 39
1 5 0 1 2 3 4 5 0 1 2 4 5 5 0 1 2 3 5 5 2 3 5 6 7
1 5 0 1 2 4 5 5 0 1 2 5 6 5 0 1 2 3 6 5 2 3 4 6 7
1 5 0 1 2 5 6 5 0 1 2 6 7 5 0 1 2 3 7 5 2 3 4 5 7
1 5 0 1 2 4 5 5 0 1 2 5 6 5 0 1 3 4 6 5 2 3 4 6 7
1 5 0 1 2 5 6 5 0 1 2 6 7 5 0 1 3 4 7 5 2 3 4 5 7
1 5 0 1 2 5 6 5 0 1 2 6 7 5 0 1 4 5 7 5 2 3 4 5 7
1 5 0 1 2 3 4 5 0 1 2 4 5 5 0 1 3 4 5 5 3 4 5 6 7
1 5 0 1 2 3 5 5 0 1 2 5 6 5 0 1 3 4 6 5 3 4 5 6 7
1 5 0 1 2 3 6 5 0 1 2 6 7 5 0 1 3 4 7 5 3 4 5 6 7
1 5 0 1 2 3 5 5 0 1 2 5 6 5 0 1 4 5 6 5 3 4 5 6 7
1 5 0 1 2 3 6 5 0 1 2 6 7 5 0 1 4 5 7 5 3 4 5 6 7
1 5 0 1 2 3 6 5 0 1 2 6 7 5 0 1 5 6 7 5 3 4 5 6 7
1 5 0 1 3 4 5 5 0 1 2 3 5 5 0 1 3 4 5 5 3 4 5 6 7
1 5 0 1 3 5 6 5 0 1 2 3 6 5 0 1 3 4 6 5 3 4 5 6 7
1 5 0 1 3 6 7 5 0 1 2 3 7 5 0 1 3 4 7 5 3 4 5 6 7
1 5 0 1 3 5 6 5 0 1 2 3 6 5 0 1 4 5 6 5 3 4 5 6 7
1 5 0 1 3 6 7 5 0 1 2 3 7 5 0 1 4 5 7 5 3 4 5 6 7
1 5 0 1 3 6 7 5 0 1 2 3 7 5 0 1 5 6 7 5 3 4 5 6 7
1 5 0 1 2 3 4 5 0 2 3 4 5 5 0 1 3 4 5 5 3 4 5 6 7
1 5 0 1 2 3 5 5 0 2 3 5 6 5 0 1 3 4 6 5 3 4 5 6 7
1 5 0 1 2 3 6 5 0 2 3 6 7 5 0 1 3 4 7 5 3 4 5 6 7
1 5 0 1 2 3 5 5 0 2 3 5 6 5 0 1 4 5 6 5 3 4 5 6 7
1 5 0 1 2 3 6 5 0 2 3 6 7 5 0 1 4 5 7 5 3 4 5 6 7
1 5 0 1 2 3 6 5 0 2 3 6 7 5 0 1 5 6 7 5 3 4 5 6 7
1 5 0 1 2 3 5 5 0 1 2 3 5 5 1 3 4 5 6 5 3 4 5 6 7
1 5 0 1 2 3 6 5 0 1 2 3 6 5 1 3 4 6 7 5 3 4 5 6 7
1 5 0 1 2 3 6 5 0 1 2 3 6 5 1 4 5 6 7 5 3 4 5 6 7
1 5 0 2 3 4 5 5 0 1 2 3 5 5 1 2 3 4 5 5 3 4 5 6 7
1 5 0 2 3 5 6 5 0 1 2 3 6 5 1 2 3 4 6 5 3 4 5 6 7
1 5 0 2 3 6 7 5 0 1 2 3 7 5 1 2 3 4 7 5 3 4 5 6 7
1 5 0 2 3 5 6 5 0 1 2 3 6 5 1 2 4 5 6 5 3 4 5 6 7
1 5 0 2 3 6 7 5 0 1 2 3 7 5 1 2 4 5 7 5 3 4 5 6 7
1 5 0 2 3 6 7 5 0 1 2 3 7 5 1 2 5 6 7 5 3 4 5 6 7
1 5 0 1 2 3 4 5 1 2 3 4 5 5 1 2 3 4 5 5 3 4 5 6 7
1 5 0 1 2 3 5 5 1 2 3 5 6 5 1 2 3 4 6 5 3 4 5 6 7
1 5 0 1 2 3 6 5 1 2 3 6 7 5 1 2 3 4 7 5 3 4 5 6 7
1 5 0 1 2 3 5 5 1 2 3 5 6 5 1 2 4 5 6 5 3 4 5 6 7
1 5 0 1 2 3 6 5 1 2 3 6 7 5 1 2 4 5 7 5 3 4 5 6 7
1 5 0 1 2 3 6 5 1 2 3 6 7 5 1 2 5 6 7 5 3 4 5 6 7
4 12
1 5 0 1 2 4 7 5 0 1 2 4 5 5 0 1 2 3 4 5 2 4 5 6 7
1 5 0 1 2 5 7 5 0 1 2 5 6 5 0 1 2 3 4 5 2 4 5 6 7
1 5 0 1 2 6 7 5 0 1 2 6 7 5 0 1 2 3 4 5 2 4 5 6 7
1 5 0 1 2 5 7 5 0 1 2 5 6 5 0 1 3 4 5 5 2 3 5 6 7
1 5 0 1 2 6 7 5 0 1 2 6 7 5 0 1 3 4 5 5 2 3 5 6 7
1 5 0 1 2 6 7 5 0 1 2 6 7 5 0 1 4 5 6 5 2 3 4 6 7
1 5 0 2 3 4 7 5 0 2 3 4 5 5 0 1 2 3 4 5 3 4 5 6 7
1 5 0 2 3 5 7 5 0 2 3 5 6 5 0 1 2 3 4 5 3 4 5 6 7
1 5 0 2 3 6 7 5 0 2 3 6 7 5 0 1 2 3 4 5 3 4 5 6 7
1 5 0 2 3 5 7 5 0 2 3 5 6 5 0 1 2 4 5 5 3 4 5 6 7
1 5 0 2 3 6 7 5 0 2 3 6 7 5 0 1 2 4 5 5 3 4 5 6 7
1 5 0 2 3 6 7 5 0 2 3 6 7 5 0 1 2 5 6 5 3 4 5 6 7
4 30
1 5 0 1 2 3 4 5 0 1 2 4 5 5 0 1 2 3 4 5 2 3 5 6 7
1 5 0 1 2 4 5 5 0 1 2 5 6 5 0 1 2 3 5 5 2 3 4 6 7
1 5 0 1 2 5 6 5 0 1 2 6 7 5 0 1 2 3 6 5 2 3 4 5 7
1 5 0 1 2 4 5 5 0 1 2 5 6 5 0 1 3 4 5 5 2 3 4 6 7
1 5 0 1 2 5 6 5 0 1 2 6 7 5 0 1 3 4 6 5 2 3 4 5 7
1 5 0 1 2 5 6 5 0 1 2 6 7 5 0 1 4 5 6 5 2 3 4 5 7
1 5 0 1 2 3 5 5 0 1 2 5 6 5 0 1 3 4 5 5 3 4 5 6 7
1 5 0 1 2 3 6 5 0 1 2 6 7 5 0 1 3 4 6 5 3 4 5 6 7
1 5 0 1 2 3 6 5 0 1 2 6 7 5 0 1 4 5 6 5 3 4 5 6 7
1 5 0 1 3 4 5 5 0 1 2 3 5 5 0 1 3 4 5 5 3 4 5 6 7
1 5 0 1 3 5 6 5 0 1 2 3 6 5 0 1 3 4 6 5 3 4 5 6 7
1 5 0 1 3 6 7 5 0 1 2 3 7 5 0 1 3 4 7 5 3 4 5 6 7
1 5 0 1 3 5 6 5 0 1 2 3 6 5 0 1 4 5 6 5 3 4 5 6 7
1 5 0 1 3 6 7 5 0 1 2 3 7 5 0 1 4 5 7 5 3 4 5 6 7
1 5 0 1 3 6 7 5 0 1 2 3 7 5 0 1 5 6 7 5 3 4 5 6 7
1 5 0 1 2 3 5 5 0 2 3 5 6 5 0 1 3 4 5 5 3 4 5 6 7
1 5 0 1 2 3 6 5 0 2 3 6 7 5 0 1 3 4 6 5 3 4 5 6 7
1 5 0 1 2 3 6 5 0 2 3 6 7 5 0 1 4 5 6 5 3 4 5 6 7
1 5 0 1 2 3 5 5 0 1 2 3 6 5 1 3 4 5 6 5 3 4 5 6 7
1 5 0 1 2 3 6 5 0 1 2 3 7 5 1 3 4 6 7 5 3 4 5 6 7
1 5 0 1 2 3 6 5 0 1 2 3 7 5 1 4 5 6 7 5 3 4 5 6 7
1 5 0 2 3 4 5 5 0 1 2 3 5 5 1 2 3 4 5 5 3 4 5 6 7
1 5 0 2 3 5 6 5 0 1 2 3 6 5 1 2 3 4 6 5 3 4 5 6 7
1 5 0 2 3 6 7 5 0 1 2 3 7 5 1 2 3 4 7 5 3 4 5 6 7
1 5 0 2 3 5 6 5 0 1 2 3 6 5 1 2 4 5 6 5 3 4 5 6 7
1 5 0 2 3 6 7 5 0 1 2 3 7 5 1 2 4 5 7 5 3 4 5 6 7
1 5 0 2 3 6 7 5 0 1 2 3 7 5 1 2 5 6 7 5 3 4 5 6 7
1 5 0 1 2 3 5 5 1 2 3 5 6 5 1 2 3 4 5 5 3 4 5 6 7
1 5 0 1 2 3 6 5 1 2 3 6 7 5 1 2 3 4 6 5 3 4 5 6 7
1 5 0 1 2 3 6 5 1 2 3 6 7 5 1 2 4 5 6 5 3 4 5 6 7
4 21
1 5 0 1 2 4 5 5 0 1 2 5 6 5 0 1 2 3 4 5 2 3 4 6 7
1 5 0 1 2 5 6 5 0 1 2 6 7 5 0 1 2 3 5 5 2 3 4 5 7
1 5 0 1 2 5 6 5 0 1 2 6 7 5 0 1 3 4 5 5 2 3 4 5 7
1 5 0 1 2 3 5 5 0 1 2 5 6 5 0 1 3 4 5 5 3 4 5 6 7
1 5 0 1 2 3 6 5 0 1 2 6 7 5 0 1 3 4 6 5 3 4 5 6 7
1 5 0 1 2 3 6 5 0 1 2 6 7 5 0 1 4 5 6 5 3 4 5 6 7
1 5 0 1 3 5 6 5 0 1 2 3 6 5 0 1 3 4 5 5 3 4 5 6 7
1 5 0 1 3 6 7 5 0 1 2 3 7 5 0 1 3 4 6 5 3 4 5 6 7
1 5 0 1 3 6 7 5 0 1 2 3 7 5 0 1 4 5 6 5 3 4 5 6 7
1 5 0 1 2 3 5 5 0 2 3 5 6 5 0 1 3 4 5 5 3 4 5 6 7
1 5 0 1 2 3 6 5 0 2 3 6 7 5 0 1 3 4 6 5 3 4 5 6 7
1 5 0 1 2 3 6 5 0 2 3 6 7 5 0 1 4 5 6 5 3 4 5 6 7
1 5 0 1 2 3 6 5 0 1 2 3 6 5 1 3 4 5 6 5 3 4 5 6 7
1 5 0 1 2 3 7 5 0 1 2 3 7 5 1 3 4 6 7 5 3 4 5 6 7
1 5 0 1 2 3 7 5 0 1 2 3 7 5 1 4 5 6 7 5 3 4 5 6 7
1 5 0 2 3 5 6 5 0 1 2 3 6 5 1 2 3 4 5 5 3 4 5 6 7
1 5 0 2 3 6 7 5 0 1 2 3 7 5 1 2 3 4 6 5 3 4 5 6 7
1 5 0 2 3 6 7 5 0 1 2 3 7 5 1 2 4 5 6 5 3 4 5 6 7
1 5 0 1 2 3 5 5 1 2 3 5 6 5 1 2 3 4 5 5 3 4 5 6 7
1 5 0 1 2 3 6 5 1 2 3 6 7 5 1 2 3 4 6 5 3 4 5 6 7
1 5 0 1 2 3 6 5 1 2 3 6 7 5 1 2 4 5 6 5 3 4 5 6 7
4 21
1 5 0 1 2 3 4 5 0 1 2 4 5 5 0 1 2 5 6 5 2 3 5 6 7
1 5 0 1 2 3 4 5 0 1 2 4 5 5 0 1 2 6 7 5 2 3 5 6 7
1 5 0 1 2 4 5 5 0 1 2 5 6 5 0 1 2 6 7 5 2 3 4 6 7
1 5 0 1 2 3 4 5 0 1 2 4 5 5 0 1 2 5 6 5 3 4 5 6 7
1 5 0 1 2 3 4 5 0 1 2 4 5 5 0 1 2 6 7 5 3 4 5 6 7
1 5 0 1 2 3 5 5 0 1 2 5 6 5 0 1 2 6 7 5 3 4 5 6 7
1 5 0 1 3 4 5 5 0 1 2 3 5 5 0 1 3 5 6 5 3 4 5 6 7
1 5 0 1 3 4 5 5 0 1 2 3 5 5 0 1 3 6 7 5 3 4 5 6 7
1 5 0 1 3 5 6 5 0 1 2 3 6 5 0 1 3 6 7 5 3 4 5 6 7
1 5 0 1 2 3 4 5 0 2 3 4 5 5 0 1 3 5 6 5 3 4 5 6 7
1 5 0 1 2 3 4 5 0 2 3 4 5 5 0 1 3 6 7 5 3 4 5 6 7
1 5 0 1 2 3 5 5 0 2 3 5 6 5 0 1 3 6 7 5 3 4 5 6 7
1 5 0 1 2 3 4 5 0 1 2 4 5 5 1 2 3 5 6 5 3 4 5 6 7
1 5 0 1 2 3 4 5 0 1 2 4 5 5 1 2 3 6 7 5 3 4 5 6 7
1 5 0 1 2 3 5 5 0 1 2 5 6 5 1 2 3 6 7 5 3 4 5 6 7
1 5 0 2 3 4 5 5 0 1 2 3 5 5 1 2 3 5 6 5 3 4 5 6 7
1 5 0 2 3 4 5 5 0 1 2 3 5 5 1 2 3 6 7 5 3 4 5 6 7
1 5 0 2 3 5 6 5 0 1 2 3 6 5 1 2 3 6 7 5 3 4 5 6 7
1 5 0 1 2 3 4 5 1 2 3 4 5 5 1 2 3 5 6 5 3 4 5 6 7
1 5 0 1 2 3 4 5 1 2 3 4 5 5 1 2 3 6 7 5 3 4 5 6 7
1 5 0 1 2 3 5 5 1 2 3 5 6 5 1 2 3 6 7 5 3 4 5 6 7
4 9
1 5 0 1 2 3 4 5 0 1 2 3 4 5 0 1 2 6 7 5 2 3 4 5 6
1 5 0 1 2 4 5 5 0 1 2 4 5 5 0 1 2 6 7 5 2 3 4 5 6
1 5 0 1 2 5 6 5 0 1 2 5 6 5 0 1 2 6 7 5 2 3 4 5 6
1 5 0 1 3 4 5 5 0 1 2 4 5 5 0 1 2 3 7 5 3 4 5 6 7
1 5 0 1 3 5 6 5 0 1 2 5 6 5 0 1 2 3 7 5 3 4 5 6 7
1 5 0 1 3 6 7 5 0 1 2 6 7 5 0 1 2 3 7 5 3 4 5 6 7
1 5 0 2 3 4 5 5 0 2 3 4 5 5 0 1 2 3 7 5 3 4 5 6 7
1 5 0 2 3 5 6 5 0 2 3 5 6 5 0 1 2 3 7 5 3 4 5 6 7
1 5 0 2 3 6 7 5 0 2 3 6 7 5 0 1 2 3 7 5 3 4 5 6 7
4 18
1 5 0 1 2 4 5 5 0 1 2 3 4 5 0 1 2 5 7 5 2 3 5 6 7
1 5 0 1 2 5 6 5 0 1 2 4 5 5 0 1 2 6 7 5 2 3 4 6 7
1 5 0 1 2 3 4 5 0 1 2 3 4 5 0 1 2 4 7 5 3 4 5 6 7
1 5 0 1 2 3 5 5 0 1 2 4 5 5 0 1 2 5 7 5 3 4 5 6 7
1 5 0 1 2 3 6 5 0 1 2 5 6 5 0 1 2 6 7 5 3 4 5 6 7
1 5 0 1 3 4 5 5 0 1 2 3 4 5 0 1 3 5 7 5 3 4 5 6 7
1 5 0 1 3 5 6 5 0 1 2 3 5 5 0 1 3 6 7 5 3 4 5 6 7
1 5 0 1 2 3 5 5 0 2 3 4 5 5 0 1 3 5 7 5 3 4 5 6 7
1 5 0 1 2 3 6 5 0 2 3 5 6 5 0 1 3 6 7 5 3 4 5 6 7
1 5 0 1 2 3 4 5 0 1 2 3 4 5 1 2 3 4 7 5 3 4 5 6 7
1 5 0 1 2 3 5 5 0 1 2 4 5 5 1 2 3 5 7 5 3 4 5 6 7
1 5 0 1 2 3 6 5 0 1 2 5 6 5 1 2 3 6 7 5 3 4 5 6 7
1 5 0 1 2 3 4 5 0 1 2 3 4 5 1 3 4 5 7 5 3 4 5 6 7
1 5 0 1 2 3 5 5 0 1 2 3 5 5 1 3 5 6 7 5 3 4 5 6 7
1 5 0 2 3 4 5 5 0 1 2 3 4 5 1 2 3 5 7 5 3 4 5 6 7
1 5 0 2 3 5 6 5 0 1 2 3 5 5 1 2 3 6 7 5 3 4 5 6 7
1 5 0 1 2 3 5 5 1 2 3 4 5 5 1 2 3 5 7 5 3 4 5 6 7
1 5 0 1 2 3 6 5 1 2 3 5 6 5 1 2 3 6 7 5 3 4 5 6 7
4 30
1 5 0 1 2 4 5 5 0 1 2 3 4 5 0 1 2 5 6 5 2 3 4 6 7
1 5 0 1 2 5 6 5 0 1 2 3 4 5 0 1 2 6 7 5 2 3 4 5 7
1 5 0 1 2 5 6 5 0 1 2 4 5 5 0 1 2 6 7 5 2 3 4 5 7
1 5 0 1 2 3 4 5 0 1 2 3 4 5 0 1 2 4 5 5 3 4 5 6 7
1 5 0 1 2 3 5 5 0 1 2 3 4 5 0 1 2 5 6 5 3 4 5 6 7
1 5 0 1 2 3 6 5 0 1 2 3 4 5 0 1 2 6 7 5 3 4 5 6 7
1 5 0 1 2 3 5 5 0 1 2 4 5 5 0 1 2 5 6 5 3 4 5 6 7
1 5 0 1 2 3 6 5 0 1 2 4 5 5 0 1 2 6 7 5 3 4 5 6 7
1 5 0 1 2 3 6 5 0 1 2 5 6 5 0 1 2 6 7 5 3 4 5 6 7
1 5 0 1 3 4 5 5 0 1 2 3 4 5 0 1 2 3 5 5 3 4 5 6 7
1 5 0 1 3 5 6 5 0 1 2 3 4 5 0 1 2 3 6 5 3 4 5 6 7
1 5 0 1 3 6 7 5 0 1 2 3 4 5 0 1 2 3 7 5 3 4 5 6 7
1 5 0 1 3 5 6 5 0 1 2 4 5 5 0 1 2 3 6 5 3 4 5 6 7
1 5 0 1 3 6 7 5 0 1 2 4 5 5 0 1 2 3 7 5 3 4 5 6 7
1 5 0 1 3 6 7 5 0 1 2 5 6 5 0 1 2 3 7 5 3 4 5 6 7
1 5 0 1 2 3 5 5 0 2 3 4 5 5 0 1 3 5 6 5 3 4 5 6 7
1 5 0 1 2 3 6 5 0 2 3 4 5 5 0 1 3 6 7 5 3 4 5 6 7
1 5 0 1 2 3 6 5 0 2 3 5 6 5 0 1 3 6 7 5 3 4 5 6 7
1 5 0 2 3 5 6 5 0 2 3 4 5 5 0 1 2 3 6 5 3 4 5 6 7
1 5 0 2 3 6 7 5 0 2 3 4 5 5 0 1 2 3 7 5 3 4 5 6 7
1 5 0 2 3 6 7 5 0 2 3 5 6 5 0 1 2 3 7 5 3 4 5 6 7
1 5 0 1 2 3 4 5 0 1 2 3 4 5 1 2 3 4 5 5 3 4 5 6 7
1 5 0 1 2 3 5 5 0 1 2 3 4 5 1 2 3 5 6 5 3 4 5 6 7
1 5 0 1 2 3 6 5 0 1 2 3 4 5 1 2 3 6 7 5 3 4 5 6 7
1 5 0 1 2 3 5 5 0 1 2 4 5 5 1 2 3 5 6 5 3 4 5 6 7
1 5 0 1 2 3 6 5 0 1 2 4 5 5 1 2 3 6 7 5 3 4 5 6 7
1 5 0 1 2 3 6 5 0 1 2 5 6 5 1 2 3 6 7 5 3 4 5 6 7
1 5 0 1 2 3 5 5 1 2 3 4 5 5 1 2 3 5 6 5 3 4 5 6 7
1 5 0 1 2 3 6 5 1 2 3 4 5 5 1 2 3 6 7 5 3 4 5 6 7
1 5 0 1 2 3 6 5 1 2 3 5 6 5 1 2 3 6 7 5 3 4 5 6 7
4 21
1 5 0 1 2 6 7 5 0 1 2 3 4 5 0 1 2 4 5 5 2 3 4 5 6
1 5 0 1 2 6 7 5 0 1 2 3 4 5 0 1 2 5 6 5 2 3 4 5 6
1 5 0 1 2 6 7 5 0 1 2 4 5 5 0 1 2 5 6 5 2 3 4 5 6
1 5 0 1 2 3 7 5 0 1 2 3 4 5 0 1 2 4 5 5 3 4 5 6 7
1 5 0 1 2 3 7 5 0 1 2 3 4 5 0 1 2 5 6 5 3 4 5 6 7
1 5 0 1 2 3 7 5 0 1 2 3 4 5 0 1 2 6 7 5 3 4 5 6 7
1 5 0 1 2 3 7 5 0 1 2 4 5 5 0 1 2 5 6 5 3 4 5 6 7
1 5 0 1 2 3 7 5 0 1 2 4 5 5 0 1 2 6 7 5 3 4 5 6 7
1 5 0 1 2 3 7 5 0 1 2 5 6 5 0 1 2 6 7 5 3 4 5 6 7
1 5 0 1 2 3 7 5 0 2 3 4 5 5 0 1 3 5 6 5 3 4 5 6 7
1 5 0 1 2 3 7 5 0 2 3 4 5 5 0 1 3 6 7 5 3 4 5 6 7
1 5 0 1 2 3 7 5 0 2 3 5 6 5 0 1 3 6 7 5 3 4 5 6 7
1 5 0 1 2 3 7 5 0 1 2 3 4 5 1 2 3 4 5 5 3 4 5 6 7
1 5 0 1 2 3 7 5 0 1 2 3 4 5 1 2 3 5 6 5 3 4 5 6 7
1 5 0 1 2 3 7 5 0 1 2 3 4 5 1 2 3 6 7 5 3 4 5 6 7
1 5 0 1 2 3 7 5 0 1 2 4 5 5 1 2 3 5 6 5 3 4 5 6 7
1 5 0 1 2 3 7 5 0 1 2 4 5 5 1 2 3 6 7 5 3 4 5 6 7
1 5 0 1 2 3 7 5 0 1 2 5 6 5 1 2 3 6 7 5 3 4 5 6 7
1 5 0 1 2 3 7 5 1 2 3 4 5 5 1 2 3 5 6 5 3 4 5 6 7
1 5 0 1 2 3 7 5 1 2 3 4 5 5 1 2 3 6 7 5 3 4 5 6 7
1 5 0 1 2 3 7 5 1 2 3 5 6 5 1 2 3 6 7 5 3 4 5 6 7
4 24
1 5 0 1 2 4 5 5 0 1 2 3 4 5 0 1 2 3 7 5 2 3 5 6 7
1 5 0 1 2 5 6 5 0 1 2 4 5 5 0 1 2 4 7 5 2 3 4 6 7
1 5 0 1 2 6 7 5 0 1 2 5 6 5 0 1 2 5 7 5 2 3 4 5 7
1 5 0 1 2 3 4 5 0 1 2 3 4 5 0 1 2 3 7 5 3 4 5 6 7
1 5 0 1 2 3 5 5 0 1 2 4 5 5 0 1 2 4 7 5 3 4 5 6 7
1 5 0 1 2 3 6 5 0 1 2 5 6 5 0 1 2 5 7 5 3 4 5 6 7
1 5 0 1 2 3 7 5 0 1 2 6 7 5 0 1 2 6 7 5 3 4 5 6 7
1 5 0 1 3 4 5 5 0 1 2 3 4 5 0 1 3 4 7 5 3 4 5 6 7
1 5 0 1 3 5 6 5 0 1 2 3 5 5 0 1 3 5 7 5 3 4 5 6 7
1 5 0 1 3 6 7 5 0 1 2 3 6 5 0 1 3 6 7 5 3 4 5 6 7
1 5 0 1 2 3 5 5 0 2 3 4 5 5 0 1 3 4 7 5 3 4 5 6 7
1 5 0 1 2 3 6 5 0 2 3 5 6 5 0 1 3 5 7 5 3 4 5 6 7
1 5 0 1 2 3 7 5 0 2 3 6 7 5 0 1 3 6 7 5 3 4 5 6 7
1 5 0 1 2 3 5 5 0 1 2 4 5 5 1 2 3 4 7 5 3 4 5 6 7
1 5 0 1 2 3 6 5 0 1 2 5 6 5 1 2 3 5 7 5 3 4 5 6 7
1 5 0 1 2 3 7 5 0 1 2 6 7 5 1 2 3 6 7 5 3 4 5 6 7
1 5 0 1 2 3 5 5 0 1 2 3 5 5 1 3 4 5 7 5 3 4 5 6 7
1 5 0 1 2 3 6 5 0 1 2 3 6 5 1 3 5 6 7 5 3 4 5 6 7
1 5 0 2 3 4 5 5 0 1 2 3 4 5 1 2 3 4 7 5 3 4 5 6 7
1 5 0 2 3 5 6 5 0 1 2 3 5 5 1 2 3 5 7 5 3 4 5 6 7
1 5 0 2 3 6 7 5 0 1 2 3 6 5 1 2 3 6 7 5 3 4 5 6 7
1 5 0 1 2 3 5 5 1 2 3 4 5 5 1 2 3 4 7 5 3 4 5 6 7
1 5 0 1 2 3 6 5 1 2 3 5 6 5 1 2 3 5 7 5 3 4 5 6 7
1 5 0 1 2 3 7 5 1 2 3 6 7 5 1 2 3 6 7 5 3 4 5 6 7
4 30
1 5 0 1 2 3 4 5 0 1 2 3 4 5 0 1 2 4 5 5 2 4 5 6 7
1 5 0 1 2 3 4 5 0 1 2 3 4 5 0 1 2 5 6 5 2 4 5 6 7
1 5 0 1 2 3 4 5 0 1 2 3 4 5 0 1 2 6 7 5 2 4 5 6 7
1 5 0 1 3 4 5 5 0 1 2 3 4 5 0 1 2 5 6 5 2 3 5 6 7
1 5 0 1 3 4 5 5 0 1 2 3 4 5 0 1 2 6 7 5 2 3 5 6 7
1 5 0 1 3 4 5 5 0 1 2 4 5 5 0 1 2 5 6 5 2 3 5 6 7
1 5 0 1 3 4 5 5 0 1 2 4 5 5 0 1 2 6 7 5 2 3 5 6 7
1 5 0 1 4 5 6 5 0 1 2 4 5 5 0 1 2 6 7 5 2 3 4 6 7
1 5 0 1 4 5 6 5 0 1 2 5 6 5 0 1 2 6 7 5 2 3 4 6 7
1 5 0 1 2 3 5 5 0 2 3 4 5 5 0 1 2 5 6 5 2 3 5 6 7
1 5 0 1 2 3 5 5 0 2 3 4 5 5 0 1 2 6 7 5 2 3 5 6 7
1 5 0 1 2 4 6 5 0 2 4 5 6 5 0 1 2 6 7 5 2 3 4 6 7
1 5 0 1 2 4 5 5 0 2 3 4 5 5 0 1 3 5 6 5 3 4 5 6 7
1 5 0 1 2 4 5 5 0 2 3 4 5 5 0 1 3 6 7 5 3 4 5 6 7
1 5 0 1 2 5 6 5 0 2 3 5 6 5 0 1 3 6 7 5 3 4 5 6 7
1 5 0 1 2 3 4 5 0 1 2 3 4 5 1 2 4 5 6 5 2 3 4 6 7
1 5 0 1 2 3 4 5 0 1 2 3 4 5 1 2 5 6 7 5 2 3 4 5 7
1 5 0 1 2 4 5 5 0 1 2 4 5 5 1 2 5 6 7 5 2 3 4 5 7
1 5 0 1 2 3 4 5 0 1 2 3 4 5 1 2 3 4 5 5 3 4 5 6 7
1 5 0 1 2 3 4 5 0 1 2 3 4 5 1 2 3 5 6 5 3 4 5 6 7
1 5 0 1 2 3 4 5 0 1 2 3 4 5 1 2 3 6 7 5 3 4 5 6 7
1 5 0 1 2 4 5 5 0 1 2 4 5 5 1 2 3 5 6 5 3 4 5 6 7
1 5 0 1 2 4 5 5 0 1 2 4 5 5 1 2 3 6 7 5 3 4 5 6 7
1 5 0 1 2 5 6 5 0 1 2 5 6 5 1 2 3 6 7 5 3 4 5 6 7
1 5 0 2 3 4 5 5 0 1 3 4 5 5 1 2 3 5 6 5 3 4 5 6 7
1 5 0 2 3 4 5 5 0 1 3 4 5 5 1 2 3 6 7 5 3 4 5 6 7
1 5 0 2 3 5 6 5 0 1 3 5 6 5 1 2 3 6 7 5 3 4 5 6 7
1 5 0 1 2 4 5 5 1 2 3 4 5 5 1 2 3 5 6 5 3 4 5 6 7
1 5 0 1 2 4 5 5 1 2 3 4 5 5 1 2 3 6 7 5 3 4 5 6 7
1 5 0 1 2 5 6 5 1 2 3 5 6 5 1 2 3 6 7 5 3 4 5 6 7
4 13
1 5 0 1 2 3 4 5 0 2 4 5 6 5 0 1 2 4 5 5 2 3 5 6 7
1 5 0 1 2 3 4 5 0 2 4 6 7 5 0 1 2 4 5 5 2 3 5 6 7
1 5 0 1 2 4 5 5 0 2 5 6 7 5 0 1 2 5 6 5 2 3 4 6 7
1 5 0 1 2 3 4 5 0 2 4 5 6 5 0 1 2 3 4 5 3 4 5 6 7
1 5 0 1 2 3 4 5 0 2 4 6 7 5 0 1 2 3 4 5 3 4 5 6 7
1 5 0 1 2 4 5 5 0 2 5 6 7 5 0 1 2 3 5 5 3 4 5 6 7
1 5 0 1 2 3 4 5 0 3 4 5 6 5 0 1 3 4 5 5 3 4 5 6 7
1 5 0 1 2 3 4 5 0 3 4 6 7 5 0 1 3 4 5 5 3 4 5 6 7
1 5 0 1 2 3 5 5 0 3 5 6 7 5 0 1 3 5 6 5 3 4 5 6 7
1 5 0 2 3 4 5 5 0 3 5 6 7 5 0 1 2 3 5 5 3 4 5 6 7
1 5 0 1 2 3 4 5 1 3 4 5 6 5 1 2 3 4 5 5 3 4 5 6 7
1 5 0 1 2 3 4 5 1 3 4 6 7 5 1 2 3 4 5 5 3 4 5 6 7
1 5 0 1 2 3 5 5 1 3 5 6 7 5 1 2 3 5 6 5 3 4 5 6 7
4 22
1 5 0 1 2 3 4 5 0 1 2 4 5 5 0 1 2 5 6 5 2 4 5 6 7
1 5 0 1 2 3 4 5 0 1 2 4 6 5 0 1 2 6 7 5 2 4 5 6 7
1 5 0 1 3 4 5 5 0 1 2 5 6 5 0 1 2 6 7 5 2 3 5 6 7
1 5 0 1 2 3 4 5 0 2 4 5 6 5 0 1 2 6 7 5 2 3 4 5 7
1 5 0 1 2 3 4 5 0 2 4 5 6 5 0 1 2 6 7 5 2 3 5 6 7
1 5 0 1 2 3 4 5 0 2 4 5 6 5 0 1 2 3 6 5 3 4 5 6 7
1 5 0 1 2 3 4 5 0 2 4 6 7 5 0 1 2 3 7 5 3 4 5 6 7
1 5 0 1 2 4 5 5 0 2 5 6 7 5 0 1 2 3 7 5 3 4 5 6 7
1 5 0 1 2 3 4 5 0 2 3 4 5 5 0 1 3 5 6 5 3 4 5 6 7
1 5 0 1 2 3 4 5 0 2 3 4 6 5 0 1 3 6 7 5 3 4 5 6 7
1 5 0 1 2 4 5 5 0 2 3 5 6 5 0 1 3 6 7 5 3 4 5 6 7
1 5 0 1 2 3 4 5 0 3 4 5 6 5 0 1 3 6 7 5 3 4 5 6 7
1 5 0 2 3 4 5 5 0 3 5 6 7 5 0 1 2 3 7 5 3 4 5 6 7
1 5 0 1 2 3 4 5 0 1 2 4 5 5 1 2 5 6 7 5 2 3 4 5 7
1 5 0 1 2 3 4 5 0 1 2 4 5 5 1 2 3 5 6 5 3 4 5 6 7
1 5 0 1 2 3 4 5 0 1 2 4 6 5 1 2 3 6 7 5 3 4 5 6 7
1 5 0 1 2 4 5 5 0 1 2 5 6 5 1 2 3 6 7 5 3 4 5 6 7
1 5 0 2 3 4 5 5 0 1 3 5 6 5 1 2 3 6 7 5 3 4 5 6 7
1 5 0 1 2 3 4 5 1 2 3 4 5 5 1 2 3 5 6 5 3 4 5 6 7
1 5 0 1 2 3 4 5 1 2 3 4 6 5 1 2 3 6 7 5 3 4 5 6 7
1 5 0 1 2 4 5 5 1 2 3 5 6 5 1 2 3 6 7 5 3 4 5 6 7
1 5 0 1 2 3 4 5 1 3 4 5 6 5 1 2 3 6 7 5 3 4 5 6 7
4 51
1 5 0 1 2 3 5 5 0 1 2 3 4 5 0 1 2 4 5 5 2 4 5 6 7
1 5 0 1 2 3 6 5 0 1 2 3 4 5 0 1 2 5 6 5 2 4 5 6 7
1 5 0 1 2 3 7 5 0 1 2 3 4 5 0 1 2 6 7 5 2 4 5 6 7
1 5 0 1 3 5 6 5 0 1 2 3 4 5 0 1 2 4 5 5 2 3 4 6 7
1 5 0 1 3 6 7 5 0 1 2 3 4 5 0 1 2 5 6 5 2 3 4 5 7
1 5 0 1 3 4 6 5 0 1 2 4 5 5 0 1 2 5 6 5 2 3 5 6 7
1 5 0 1 3 4 7 5 0 1 2 4 5 5 0 1 2 6 7 5 2 3 5 6 7
1 5 0 1 4 6 7 5 0 1 2 4 5 5 0 1 2 5 6 5 2 3 4 5 7
1 5 0 1 4 5 7 5 0 1 2 5 6 5 0 1 2 6 7 5 2 3 4 6 7
1 5 0 1 3 4 5 5 0 1 2 3 4 5 0 1 2 3 4 5 3 4 5 6 7
1 5 0 1 3 5 6 5 0 1 2 3 4 5 0 1 2 3 5 5 3 4 5 6 7
1 5 0 1 3 6 7 5 0 1 2 3 4 5 0 1 2 3 6 5 3 4 5 6 7
1 5 0 1 4 5 6 5 0 1 2 4 5 5 0 1 2 3 5 5 3 4 5 6 7
1 5 0 1 4 6 7 5 0 1 2 4 5 5 0 1 2 3 6 5 3 4 5 6 7
1 5 0 1 5 6 7 5 0 1 2 5 6 5 0 1 2 3 6 5 3 4 5 6 7
1 5 0 1 3 4 5 5 0 1 2 3 4 5 0 1 3 4 5 5 3 4 5 6 7
1 5 0 1 3 4 6 5 0 1 2 3 4 5 0 1 3 5 6 5 3 4 5 6 7
1 5 0 1 3 4 7 5 0 1 2 3 4 5 0 1 3 6 7 5 3 4 5 6 7
1 5 0 1 4 5 6 5 0 1 2 3 5 5 0 1 3 5 6 5 3 4 5 6 7
1 5 0 1 4 5 7 5 0 1 2 3 5 5 0 1 3 6 7 5 3 4 5 6 7
1 5 0 1 5 6 7 5 0 1 2 3 6 5 0 1 3 6 7 5 3 4 5 6 7
1 5 0 1 2 3 6 5 0 2 3 4 5 5 0 1 2 5 6 5 2 3 5 6 7
1 5 0 1 2 3 7 5 0 2 3 4 5 5 0 1 2 6 7 5 2 3 5 6 7
1 5 0 1 2 4 7 5 0 2 4 5 6 5 0 1 2 6 7 5 2 3 4 6 7
1 5 0 1 2 4 6 5 0 2 3 4 5 5 0 1 3 5 6 5 3 4 5 6 7
1 5 0 1 2 4 7 5 0 2 3 4 5 5 0 1 3 6 7 5 3 4 5 6 7
1 5 0 1 2 5 7 5 0 2 3 5 6 5 0 1 3 6 7 5 3 4 5 6 7
1 5 0 2 4 5 6 5 0 2 3 4 5 5 0 1 2 3 5 5 3 4 5 6 7
1 5 0 2 4 6 7 5 0 2 3 4 5 5 0 1 2 3 6 5 3 4 5 6 7
1 5 0 2 5 6 7 5 0 2 3 5 6 5 0 1 2 3 6 5 3 4 5 6 7
1 5 0 1 2 3 6 5 0 1 2 3 4 5 1 2 4 5 6 5 2 3 4 6 7
1 5 0 1 2 3 7 5 0 1 2 3 4 5 1 2 5 6 7 5 2 3 4 5 7
1 5 0 1 2 4 7 5 0 1 2 4 5 5 1 2 5 6 7 5 2 3 4 5 7
1 5 0 1 2 3 5 5 0 1 2 3 4 5 1 2 3 4 5 5 3 4 5 6 7
1 5 0 1 2 3 6 5 0 1 2 3 4 5 1 2 3 5 6 5 3 4 5 6 7
1 5 0 1 2 3 7 5 0 1 2 3 4 5 1 2 3 6 7 5 3 4 5 6 7
1 5 0 1 2 4 6 5 0 1 2 4 5 5 1 2 3 5 6 5 3 4 5 6 7
1 5 0 1 2 4 7 5 0 1 2 4 5 5 1 2 3 6 7 5 3 4 5 6 7
1 5 0 1 2 5 7 5 0 1 2 5 6 5 1 2 3 6 7 5 3 4 5 6 7
1 5 0 2 3 4 5 5 0 1 2 3 4 5 1 2 3 4 5 5 3 4 5 6 7
1 5 0 2 3 4 6 5 0 1 2 3 4 5 1 2 3 5 6 5 3 4 5 6 7
1 5 0 2 3 4 7 5 0 1 2 3 4 5 1 2 3 6 7 5 3 4 5 6 7
1 5 0 2 4 5 6 5 0 1 2 3 5 5 1 2 3 5 6 5 3 4 5 6 7
1 5 0 2 4 5 7 5 0 1 2 3 5 5 1 2 3 6 7 5 3 4 5 6 7
1 5 0 2 5 6 7 5 0 1 2 3 6 5 1 2 3 6 7 5 3 4 5 6 7
1 5 0 2 3 4 6 5 0 1 3 4 5 5 1 2 3 5 6 5 3 4 5 6 7
1 5 0 2 3 4 7 5 0 1 3 4 5 5 1 2 3 6 7 5 3 4 5 6 7
1 5 0 2 3 5 7 5 0 1 3 5 6 5 1 2 3 6 7 5 3 4 5 6 7
1 5 0 1 2 4 6 5 1 2 3 4 5 5 1 2 3 5 6 5 3 4 5 6 7
1 5 0 1 2 4 7 5 1 2 3 4 5 5 1 2 3 6 7 5 3 4 5 6 7
1 5 0 1 2 5 7 5 1 2 3 5 6 5 1 2 3 6 7 5 3 4 5 6 7
4 46
1 5 0 1 2 3 4 5 0 1 2 4 5 5 0 1 2 4 5 5 2 4 5 6 7
1 5 0 1 2 3 4 5 0 1 2 4 6 5 0 1 2 5 6 5 2 4 5 6 7
1 5 0 1 2 3 4 5 0 1 2 4 7 5 0 1 2 6 7 5 2 4 5 6 7
1 5 0 1 3 4 5 5 0 1 2 5 6 5 0 1 2 5 6 5 2 3 5 6 7
1 5 0 1 3 4 5 5 0 1 2 5 7 5 0 1 2 6 7 5 2 3 5 6 7
1 5 0 1 4 5 6 5 0 1 2 6 7 5 0 1 2 6 7 5 2 3 4 6 7
1 5 0 1 2 3 4 5 0 2 4 5 6 5 0 1 2 4 5 5 2 3 4 6 7
1 5 0 1 2 3 4 5 0 2 4 6 7 5 0 1 2 5 6 5 2 3 4 5 7
1 5 0 1 2 3 4 5 0 2 4 5 6 5 0 1 2 5 6 5 2 3 5 6 7
1 5 0 1 2 3 4 5 0 2 4 5 7 5 0 1 2 6 7 5 2 3 5 6 7
1 5 0 1 2 4 5 5 0 2 5 6 7 5 0 1 2 5 6 5 2 3 4 5 7
1 5 0 1 2 4 5 5 0 2 5 6 7 5 0 1 2 6 7 5 2 3 4 6 7
1 5 0 1 2 3 4 5 0 2 4 5 6 5 0 1 2 3 5 5 3 4 5 6 7
1 5 0 1 2 3 4 5 0 2 4 6 7 5 0 1 2 3 6 5 3 4 5 6 7
1 5 0 1 2 4 5 5 0 2 5 6 7 5 0 1 2 3 6 5 3 4 5 6 7
1 5 0 1 2 3 4 5 0 2 3 4 5 5 0 1 3 4 5 5 3 4 5 6 7
1 5 0 1 2 3 4 5 0 2 3 4 6 5 0 1 3 5 6 5 3 4 5 6 7
1 5 0 1 2 3 4 5 0 2 3 4 7 5 0 1 3 6 7 5 3 4 5 6 7
1 5 0 1 2 4 5 5 0 2 3 5 6 5 0 1 3 5 6 5 3 4 5 6 7
1 5 0 1 2 4 5 5 0 2 3 5 7 5 0 1 3 6 7 5 3 4 5 6 7
1 5 0 1 2 5 6 5 0 2 3 6 7 5 0 1 3 6 7 5 3 4 5 6 7
1 5 0 1 2 3 4 5 0 3 4 5 6 5 0 1 3 5 6 5 3 4 5 6 7
1 5 0 1 2 3 4 5 0 3 4 5 7 5 0 1 3 6 7 5 3 4 5 6 7
1 5 0 1 2 3 5 5 0 3 5 6 7 5 0 1 3 6 7 5 3 4 5 6 7
1 5 0 2 3 4 5 5 0 3 5 6 7 5 0 1 2 3 6 5 3 4 5 6 7
1 5 0 1 2 3 4 5 0 1 2 4 6 5 1 2 4 5 6 5 2 3 4 6 7
1 5 0 1 2 3 4 5 0 1 2 4 7 5 1 2 5 6 7 5 2 3 4 5 7
1 5 0 1 2 4 5 5 0 1 2 5 7 5 1 2 5 6 7 5 2 3 4 5 7
1 5 0 1 2 3 4 5 0 1 2 4 5 5 1 2 3 4 5 5 3 4 5 6 7
1 5 0 1 2 3 4 5 0 1 2 4 6 5 1 2 3 5 6 5 3 4 5 6 7
1 5 0 1 2 3 4 5 0 1 2 4 7 5 1 2 3 6 7 5 3 4 5 6 7
1 5 0 1 2 4 5 5 0 1 2 5 6 5 1 2 3 5 6 5 3 4 5 6 7
1 5 0 1 2 4 5 5 0 1 2 5 7 5 1 2 3 6 7 5 3 4 5 6 7
1 5 0 1 2 5 6 5 0 1 2 6 7 5 1 2 3 6 7 5 3 4 5 6 7
1 5 0 2 3 4 5 5 0 1 3 5 6 5 1 2 3 5 6 5 3 4 5 6 7
1 5 0 2 3 4 5 5 0 1 3 5 7 5 1 2 3 6 7 5 3 4 5 6 7
1 5 0 2 3 5 6 5 0 1 3 6 7 5 1 2 3 6 7 5 3 4 5 6 7
1 5 0 1 2 3 4 5 1 2 3 4 5 5 1 2 3 4 5 5 3 4 5 6 7
1 5 0 1 2 3 4 5 1 2 3 4 6 5 1 2 3 5 6 5 3 4 5 6 7
1 5 0 1 2 3 4 5 1 2 3 4 7 5 1 2 3 6 7 5 3 4 5 6 7
1 5 0 1 2 4 5 5 1 2 3 5 6 5 1 2 3 5 6 5 3 4 5 6 7
1 5 0 1 2 4 5 5 1 2 3 5 7 5 1 2 3 6 7 5 3 4 5 6 7
1 5 0 1 2 5 6 5 1 2 3 6 7 5 1 2 3 6 7 5 3 4 5 6 7
1 5 0 1 2 3 4 5 1 3 4 5 6 5 1 2 3 5 6 5 3 4 5 6 7
1 5 0 1 2 3 4 5 1 3 4 5 7 5 1 2 3 6 7 5 3 4 5 6 7
1 5 0 1 2 3 5 5 1 3 5 6 7 5 1 2 3 6 7 5 3 4 5 6 7
4 42
1 5 0 1 2 3 7 5 0 1 2 3 4 5 0 1 2 4 5 5 2 4 5 6 7
1 5 0 1 2 3 7 5 0 1 2 3 4 5 0 1 2 5 6 5 2 4 5 6 7
1 5 0 1 2 3 7 5 0 1 2 3 4 5 0 1 2 6 7 5 2 4 5 6 7
1 5 0 1 3 6 7 5 0 1 2 3 4 5 0 1 2 4 5 5 2 3 4 5 6
1 5 0 1 3 6 7 5 0 1 2 3 4 5 0 1 2 5 6 5 2 3 4 5 6
1 5 0 1 3 4 7 5 0 1 2 4 5 5 0 1 2 5 6 5 2 3 5 6 7
1 5 0 1 3 4 7 5 0 1 2 4 5 5 0 1 2 6 7 5 2 3 5 6 7
1 5 0 1 4 6 7 5 0 1 2 4 5 5 0 1 2 5 6 5 2 3 4 5 6
1 5 0 1 4 5 7 5 0 1 2 5 6 5 0 1 2 6 7 5 2 3 4 6 7
1 5 0 1 3 4 7 5 0 1 2 3 4 5 0 1 3 4 5 5 3 4 5 6 7
1 5 0 1 3 4 7 5 0 1 2 3 4 5 0 1 3 5 6 5 3 4 5 6 7
1 5 0 1 3 4 7 5 0 1 2 3 4 5 0 1 3 6 7 5 3 4 5 6 7
1 5 0 1 4 5 7 5 0 1 2 3 5 5 0 1 3 5 6 5 3 4 5 6 7
1 5 0 1 4 5 7 5 0 1 2 3 5 5 0 1 3 6 7 5 3 4 5 6 7
1 5 0 1 5 6 7 5 0 1 2 3 6 5 0 1 3 6 7 5 3 4 5 6 7
1 5 0 1 2 3 7 5 0 2 3 4 5 5 0 1 2 5 6 5 2 3 5 6 7
1 5 0 1 2 3 7 5 0 2 3 4 5 5 0 1 2 6 7 5 2 3 5 6 7
1 5 0 1 2 4 7 5 0 2 4 5 6 5 0 1 2 6 7 5 2 3 4 6 7
1 5 0 1 2 4 7 5 0 2 3 4 5 5 0 1 3 5 6 5 3 4 5 6 7
1 5 0 1 2 4 7 5 0 2 3 4 5 5 0 1 3 6 7 5 3 4 5 6 7
1 5 0 1 2 5 7 5 0 2 3 5 6 5 0 1 3 6 7 5 3 4 5 6 7
1 5 0 1 2 3 7 5 0 1 2 3 4 5 1 2 4 5 6 5 2 3 4 6 7
1 5 0 1 2 3 7 5 0 1 2 3 4 5 1 2 5 6 7 5 2 3 4 5 7
1 5 0 1 2 4 7 5 0 1 2 4 5 5 1 2 5 6 7 5 2 3 4 5 7
1 5 0 1 2 3 7 5 0 1 2 3 4 5 1 2 3 4 5 5 3 4 5 6 7
1 5 0 1 2 3 7 5 0 1 2 3 4 5 1 2 3 5 6 5 3 4 5 6 7
1 5 0 1 2 3 7 5 0 1 2 3 4 5 1 2 3 6 7 5 3 4 5 6 7
1 5 0 1 2 4 7 5 0 1 2 4 5 5 1 2 3 5 6 5 3 4 5 6 7
1 5 0 1 2 4 7 5 0 1 2 4 5 5 1 2 3 6 7 5 3 4 5 6 7
1 5 0 1 2 5 7 5 0 1 2 5 6 5 1 2 3 6 7 5 3 4 5 6 7
1 5 0 2 3 4 7 5 0 1 2 3 4 5 1 2 3 4 5 5 3 4 5 6 7
1 5 0 2 3 4 7 5 0 1 2 3 4 5 1 2 3 5 6 5 3 4 5 6 7
1 5 0 2 3 4 7 5 0 1 2 3 4 5 1 2 3 6 7 5 3 4 5 6 7
1 5 0 2 4 5 7 5 0 1 2 3 5 5 1 2 3 5 6 5 3 4 5 6 7
1 5 0 2 4 5 7 5 0 1 2 3 5 5 1 2 3 6 7 5 3 4 5 6 7
1 5 0 2 5 6 7 5 0 1 2 3 6 5 1 2 3 6 7 5 3 4 5 6 7
1 5 0 2 3 4 7 5 0 1 3 4 5 5 1 2 3 5 6 5 3 4 5 6 7
1 5 0 2 3 4 7 5 0 1 3 4 5 5 1 2 3 6 7 5 3 4 5 6 7
1 5 0 2 3 5 7 5 0 1 3 5 6 5 1 2 3 6 7 5 3 4 5 6 7
1 5 0 1 2 4 7 5 1 2 3 4 5 5 1 2 3 5 6 5 3 4 5 6 7
1 5 0 1 2 4 7 5 1 2 3 4 5 5 1 2 3 6 7 5 3 4 5 6 7
1 5 0 1 2 5 7 5 1 2 3 5 6 5 1 2 3 6 7 5 3 4 5 6 7
4 6
1 5 0 1 2 3 4 5 0 2 4 5 7 5 0 1 2 4 5 5 2 3 5 6 7
1 5 0 1 2 4 5 5 0 2 5 6 7 5 0 1 2 5 6 5 2 3 4 6 7
1 5 0 1 2 3 4 5 0 3 4 5 7 5 0 1 3 4 5 5 3 4 5 6 7
1 5 0 1 2 3 5 5 0 3 5 6 7 5 0 1 3 5 6 5 3 4 5 6 7
1 5 0 1 2 3 4 5 1 3 4 5 7 5 1 2 3 4 5 5 3 4 5 6 7
1 5 0 1 2 3 5 5 1 3 5 6 7 5 1 2 3 5 6 5 3 4 5 6 7
4 45
1 5 0 1 2 3 5 5 0 1 2 4 5 5 0 1 2 3 4 5 2 4 5 6 7
1 5 0 1 2 3 6 5 0 1 2 5 6 5 0 1 2 3 4 5 2 4 5 6 7
1 5 0 1 2 3 7 5 0 1 2 6 7 5 0 1 2 3 4 5 2 4 5 6 7
1 5 0 1 3 5 6 5 0 1 2 4 5 5 0 1 2 3 4 5 2 3 4 6 7
1 5 0 1 3 6 7 5 0 1 2 5 6 5 0 1 2 3 4 5 2 3 4 5 7
1 5 0 1 3 4 6 5 0 1 2 5 6 5 0 1 2 4 5 5 2 3 5 6 7
1 5 0 1 3 4 7 5 0 1 2 6 7 5 0 1 2 4 5 5 2 3 5 6 7
1 5 0 1 4 6 7 5 0 1 2 5 6 5 0 1 2 4 5 5 2 3 4 5 7
1 5 0 1 4 5 7 5 0 1 2 6 7 5 0 1 2 5 6 5 2 3 4 6 7
1 5 0 1 3 4 5 5 0 1 2 4 5 5 0 1 2 3 4 5 3 4 5 6 7
1 5 0 1 3 4 6 5 0 1 2 5 6 5 0 1 2 3 4 5 3 4 5 6 7
1 5 0 1 3 4 7 5 0 1 2 6 7 5 0 1 2 3 4 5 3 4 5 6 7
1 5 0 1 4 5 6 5 0 1 2 5 6 5 0 1 2 3 5 5 3 4 5 6 7
1 5 0 1 4 5 7 5 0 1 2 6 7 5 0 1 2 3 5 5 3 4 5 6 7
1 5 0 1 5 6 7 5 0 1 2 6 7 5 0 1 2 3 6 5 3 4 5 6 7
1 5 0 1 4 5 6 5 0 1 2 3 5 5 0 1 3 4 5 5 3 4 5 6 7
1 5 0 1 4 6 7 5 0 1 2 3 6 5 0 1 3 4 5 5 3 4 5 6 7
1 5 0 1 5 6 7 5 0 1 2 3 6 5 0 1 3 5 6 5 3 4 5 6 7
1 5 0 1 2 3 6 5 0 2 4 5 6 5 0 1 2 3 4 5 2 3 4 6 7
1 5 0 1 2 3 7 5 0 2 5 6 7 5 0 1 2 3 4 5 2 3 4 5 7
1 5 0 1 2 4 7 5 0 2 5 6 7 5 0 1 2 4 5 5 2 3 4 5 7
1 5 0 1 2 4 6 5 0 2 3 5 6 5 0 1 3 4 5 5 3 4 5 6 7
1 5 0 1 2 4 7 5 0 2 3 6 7 5 0 1 3 4 5 5 3 4 5 6 7
1 5 0 1 2 5 7 5 0 2 3 6 7 5 0 1 3 5 6 5 3 4 5 6 7
1 5 0 2 3 4 5 5 0 2 3 4 5 5 0 1 2 3 4 5 3 4 5 6 7
1 5 0 2 3 4 6 5 0 2 3 5 6 5 0 1 2 3 4 5 3 4 5 6 7
1 5 0 2 3 4 7 5 0 2 3 6 7 5 0 1 2 3 4 5 3 4 5 6 7
1 5 0 2 4 5 6 5 0 2 3 5 6 5 0 1 2 3 5 5 3 4 5 6 7
1 5 0 2 4 5 7 5 0 2 3 6 7 5 0 1 2 3 5 5 3 4 5 6 7
1 5 0 2 5 6 7 5 0 2 3 6 7 5 0 1 2 3 6 5 3 4 5 6 7
1 5 0 1 2 3 6 5 0 1 2 5 6 5 1 2 3 4 5 5 2 3 5 6 7
1 5 0 1 2 3 7 5 0 1 2 6 7 5 1 2 3 4 5 5 2 3 5 6 7
1 5 0 1 2 4 7 5 0 1 2 6 7 5 1 2 4 5 6 5 2 3 4 6 7
1 5 0 1 2 4 6 5 0 1 2 5 6 5 1 2 3 4 5 5 3 4 5 6 7
1 5 0 1 2 4 7 5 0 1 2 6 7 5 1 2 3 4 5 5 3 4 5 6 7
1 5 0 1 2 5 7 5 0 1 2 6 7 5 1 2 3 5 6 5 3 4 5 6 7
1 5 0 2 4 5 6 5 0 1 2 3 5 5 1 2 3 4 5 5 3 4 5 6 7
1 5 0 2 4 6 7 5 0 1 2 3 6 5 1 2 3 4 5 5 3 4 5 6 7
1 5 0 2 5 6 7 5 0 1 2 3 6 5 1 2 3 5 6 5 3 4 5 6 7
1 5 0 2 3 4 6 5 0 1 3 5 6 5 1 2 3 4 5 5 3 4 5 6 7
1 5 0 2 3 4 7 5 0 1 3 6 7 5 1 2 3 4 5 5 3 4 5 6 7
1 5 0 2 3 5 7 5 0 1 3 6 7 5 1 2 3 5 6 5 3 4 5 6 7
1 5 0 1 2 4 6 5 1 2 3 5 6 5 1 2 3 4 5 5 3 4 5 6 7
1 5 0 1 2 4 7 5 1 2 3 6 7 5 1 2 3 4 5 5 3 4 5 6 7
1 5 0 1 2 5 7 5 1 2 3 6 7 5 1 2 3 5 6 5 3 4 5 6 7
4 46
1 5 0 1 2 3 4 5 0 1 2 4 5 5 0 1 2 4 5 5 2 4 5 6 7
1 5 0 1 2 3 4 5 0 1 2 5 6 5 0 1 2 4 6 5 2 4 5 6 7
1 5 0 1 2 3 4 5 0 1 2 6 7 5 0 1 2 4 7 5 2 4 5 6 7
1 5 0 1 3 4 5 5 0 1 2 5 6 5 0 1 2 5 6 5 2 3 5 6 7
1 5 0 1 3 4 5 5 0 1 2 6 7 5 0 1 2 5 7 5 2 3 5 6 7
1 5 0 1 4 5 6 5 0 1 2 6 7 5 0 1 2 6 7 5 2 3 4 6 7
1 5 0 1 2 3 4 5 0 2 4 5 6 5 0 1 2 4 6 5 2 3 4 6 7
1 5 0 1 2 3 4 5 0 2 5 6 7 5 0 1 2 4 7 5 2 3 4 5 7
1 5 0 1 2 4 5 5 0 2 5 6 7 5 0 1 2 5 7 5 2 3 4 5 7
1 5 0 1 2 3 4 5 0 2 3 4 5 5 0 1 3 4 5 5 3 4 5 6 7
1 5 0 1 2 3 4 5 0 2 3 5 6 5 0 1 3 4 6 5 3 4 5 6 7
1 5 0 1 2 3 4 5 0 2 3 6 7 5 0 1 3 4 7 5 3 4 5 6 7
1 5 0 1 2 4 5 5 0 2 3 5 6 5 0 1 3 5 6 5 3 4 5 6 7
1 5 0 1 2 4 5 5 0 2 3 6 7 5 0 1 3 5 7 5 3 4 5 6 7
1 5 0 1 2 5 6 5 0 2 3 6 7 5 0 1 3 6 7 5 3 4 5 6 7
1 5 0 1 2 3 4 5 0 1 2 4 5 5 1 2 4 5 6 5 2 3 4 6 7
1 5 0 1 2 3 4 5 0 1 2 5 6 5 1 2 4 6 7 5 2 3 4 5 7
1 5 0 1 2 3 4 5 0 1 2 5 6 5 1 2 4 5 6 5 2 3 5 6 7
1 5 0 1 2 3 4 5 0 1 2 6 7 5 1 2 4 5 7 5 2 3 5 6 7
1 5 0 1 2 4 5 5 0 1 2 5 6 5 1 2 5 6 7 5 2 3 4 5 7
1 5 0 1 2 4 5 5 0 1 2 6 7 5 1 2 5 6 7 5 2 3 4 6 7
1 5 0 1 2 3 4 5 0 1 2 4 5 5 1 2 3 4 5 5 3 4 5 6 7
1 5 0 1 2 3 4 5 0 1 2 5 6 5 1 2 3 4 6 5 3 4 5 6 7
1 5 0 1 2 3 4 5 0 1 2 6 7 5 1 2 3 4 7 5 3 4 5 6 7
1 5 0 1 2 4 5 5 0 1 2 5 6 5 1 2 3 5 6 5 3 4 5 6 7
1 5 0 1 2 4 5 5 0 1 2 6 7 5 1 2 3 5 7 5 3 4 5 6 7
1 5 0 1 2 5 6 5 0 1 2 6 7 5 1 2 3 6 7 5 3 4 5 6 7
1 5 0 1 2 3 4 5 0 1 2 3 5 5 1 3 4 5 6 5 3 4 5 6 7
1 5 0 1 2 3 4 5 0 1 2 3 6 5 1 3 4 6 7 5 3 4 5 6 7
1 5 0 1 2 4 5 5 0 1 2 3 6 5 1 3 5 6 7 5 3 4 5 6 7
1 5 0 1 2 3 4 5 0 1 3 5 6 5 1 3 4 5 6 5 3 4 5 6 7
1 5 0 1 2 3 4 5 0 1 3 6 7 5 1 3 4 5 7 5 3 4 5 6 7
1 5 0 1 2 3 5 5 0 1 3 6 7 5 1 3 5 6 7 5 3 4 5 6 7
1 5 0 2 3 4 5 5 0 1 3 5 6 5 1 2 3 5 6 5 3 4 5 6 7
1 5 0 2 3 4 5 5 0 1 3 6 7 5 1 2 3 5 7 5 3 4 5 6 7
1 5 0 2 3 5 6 5 0 1 3 6 7 5 1 2 3 6 7 5 3 4 5 6 7
1 5 0 2 3 4 5 5 0 1 2 3 6 5 2 3 5 6 7 5 3 4 5 6 7
1 5 0 1 2 3 4 5 1 2 3 4 5 5 1 2 3 4 5 5 3 4 5 6 7
1 5 0 1 2 3 4 5 1 2 3 5 6 5 1 2 3 4 6 5 3 4 5 6 7
1 5 0 1 2 3 4 5 1 2 3 6 7 5 1 2 3 4 7 5 3 4 5 6 7
1 5 0 1 2 4 5 5 1 2 3 5 6 5 1 2 3 5 6 5 3 4 5 6 7
1 5 0 1 2 4 5 5 1 2 3 6 7 5 1 2 3 5 7 5 3 4 5 6 7
1 5 0 1 2 5 6 5 1 2 3 6 7 5 1 2 3 6 7 5 3 4 5 6 7
1 5 0 1 2 3 4 5 1 2 3 5 6 5 2 3 4 5 6 5 3 4 5 6 7
1 5 0 1 2 3 4 5 1 2 3 6 7 5 2 3 4 5 7 5 3 4 5 6 7
1 5 0 1 2 3 5 5 1 2 3 6 7 5 2 3 5 6 7 5 3 4 5 6 7
4 22
1 5 0 1 2 3 4 5 0 1 2 5 6 5 0 1 2 4 5 5 2 4 5 6 7
1 5 0 1 2 3 4 5 0 1 2 6 7 5 0 1 2 4 6 5 2 4 5 6 7
1 5 0 1 3 4 5 5 0 1 2 6 7 5 0 1 2 5 6 5 2 3 5 6 7
1 5 0 1 2 3 4 5 0 2 5 6 7 5 0 1 2 4 5 5 2 3 4 5 7
1 5 0 1 2 3 4 5 0 2 3 5 6 5 0 1 3 4 5 5 3 4 5 6 7
1 5 0 1 2 3 4 5 0 2 3 6 7 5 0 1 3 4 6 5 3 4 5 6 7
1 5 0 1 2 4 5 5 0 2 3 6 7 5 0 1 3 5 6 5 3 4 5 6 7
1 5 0 1 2 3 4 5 0 1 2 6 7 5 1 2 4 5 6 5 2 3 4 5 7
1 5 0 1 2 3 4 5 0 1 2 6 7 5 1 2 4 5 6 5 2 3 5 6 7
1 5 0 1 2 3 4 5 0 1 2 5 6 5 1 2 3 4 5 5 3 4 5 6 7
1 5 0 1 2 3 4 5 0 1 2 6 7 5 1 2 3 4 6 5 3 4 5 6 7
1 5 0 1 2 4 5 5 0 1 2 6 7 5 1 2 3 5 6 5 3 4 5 6 7
1 5 0 1 2 3 4 5 0 1 2 3 6 5 1 3 4 5 6 5 3 4 5 6 7
1 5 0 1 2 3 4 5 0 1 2 3 7 5 1 3 4 6 7 5 3 4 5 6 7
1 5 0 1 2 4 5 5 0 1 2 3 7 5 1 3 5 6 7 5 3 4 5 6 7
1 5 0 1 2 3 4 5 0 1 3 6 7 5 1 3 4 5 6 5 3 4 5 6 7
1 5 0 2 3 4 5 5 0 1 3 6 7 5 1 2 3 5 6 5 3 4 5 6 7
1 5 0 2 3 4 5 5 0 1 2 3 7 5 2 3 5 6 7 5 3 4 5 6 7
1 5 0 1 2 3 4 5 1 2 3 5 6 5 1 2 3 4 5 5 3 4 5 6 7
1 5 0 1 2 3 4 5 1 2 3 6 7 5 1 2 3 4 6 5 3 4 5 6 7
1 5 0 1 2 4 5 5 1 2 3 6 7 5 1 2 3 5 6 5 3 4 5 6 7
1 5 0 1 2 3 4 5 1 2 3 6 7 5 2 3 4 5 6 5 3 4 5 6 7
4 20
1 5 0 1 2 3 4 5 0 1 2 4 5 5 0 1 2 5 7 5 2 4 5 6 7
1 5 0 1 2 3 4 5 0 1 2 5 6 5 0 1 2 6 7 5 2 4 5 6 7
1 5 0 1 3 4 5 5 0 1 2 5 6 5 0 1 2 6 7 5 2 3 5 6 7
1 5 0 1 2 3 4 5 0 2 4 5 6 5 0 1 2 6 7 5 2 3 4 6 7
1 5 0 1 2 3 4 5 0 2 3 4 5 5 0 1 3 5 7 5 3 4 5 6 7
1 5 0 1 2 3 4 5 0 2 3 5 6 5 0 1 3 6 7 5 3 4 5 6 7
1 5 0 1 2 4 5 5 0 2 3 5 6 5 0 1 3 6 7 5 3 4 5 6 7
1 5 0 1 2 3 4 5 0 1 2 4 5 5 1 2 5 6 7 5 2 3 4 5 6
1 5 0 1 2 3 4 5 0 1 2 4 5 5 1 2 5 6 7 5 2 3 4 6 7
1 5 0 1 2 3 4 5 0 1 2 4 5 5 1 2 3 5 7 5 3 4 5 6 7
1 5 0 1 2 3 4 5 0 1 2 5 6 5 1 2 3 6 7 5 3 4 5 6 7
1 5 0 1 2 4 5 5 0 1 2 5 6 5 1 2 3 6 7 5 3 4 5 6 7
1 5 0 1 2 3 4 5 0 1 2 3 4 5 1 3 4 5 7 5 3 4 5 6 7
1 5 0 1 2 3 4 5 0 1 2 3 5 5 1 3 5 6 7 5 3 4 5 6 7
1 5 0 1 2 4 5 5 0 1 2 3 5 5 1 3 5 6 7 5 3 4 5 6 7
1 5 0 2 3 4 5 5 0 1 3 5 6 5 1 2 3 6 7 5 3 4 5 6 7
1 5 0 2 3 4 5 5 0 1 2 3 5 5 2 3 5 6 7 5 3 4 5 6 7
1 5 0 1 2 3 4 5 1 2 3 4 5 5 1 2 3 5 7 5 3 4 5 6 7
1 5 0 1 2 3 4 5 1 2 3 5 6 5 1 2 3 6 7 5 3 4 5 6 7
1 5 0 1 2 4 5 5 1 2 3 5 6 5 1 2 3 6 7 5 3 4 5 6 7
4 18
1 5 0 1 2 3 6 5 0 1 2 6 7 5 0 1 2 3 4 5 2 3 4 5 6
1 5 0 1 2 3 6 5 0 1 2 6 7 5 0 1 2 4 5 5 2 3 4 5 6
1 5 0 1 2 3 6 5 0 1 2 6 7 5 0 1 2 5 6 5 2 3 4 5 6
1 5 0 1 3 4 6 5 0 1 2 6 7 5 0 1 2 4 5 5 2 3 4 5 6
1 5 0 1 3 4 6 5 0 1 2 6 7 5 0 1 2 5 6 5 2 3 4 5 6
1 5 0 1 4 5 6 5 0 1 2 6 7 5 0 1 2 5 6 5 2 3 4 5 6
1 5 0 1 3 4 7 5 0 1 2 3 7 5 0 1 3 4 5 5 3 4 5 6 7
1 5 0 1 3 4 7 5 0 1 2 3 7 5 0 1 3 5 6 5 3 4 5 6 7
1 5 0 1 3 4 7 5 0 1 2 3 7 5 0 1 3 6 7 5 3 4 5 6 7
1 5 0 1 4 5 7 5 0 1 2 3 7 5 0 1 3 5 6 5 3 4 5 6 7
1 5 0 1 4 5 7 5 0 1 2 3 7 5 0 1 3 6 7 5 3 4 5 6 7
1 5 0 1 5 6 7 5 0 1 2 3 7 5 0 1 3 6 7 5 3 4 5 6 7
1 5 0 2 3 4 7 5 0 1 2 3 7 5 1 2 3 4 5 5 3 4 5 6 7
1 5 0 2 3 4 7 5 0 1 2 3 7 5 1 2 3 5 6 5 3 4 5 6 7
1 5 0 2 3 4 7 5 0 1 2 3 7 5 1 2 3 6 7 5 3 4 5 6 7
1 5 0 2 4 5 7 5 0 1 2 3 7 5 1 2 3 5 6 5 3 4 5 6 7
1 5 0 2 4 5 7 5 0 1 2 3 7 5 1 2 3 6 7 5 3 4 5 6 7
1 5 0 2 5 6 7 5 0 1 2 3 7 5 1 2 3 6 7 5 3 4 5 6 7
4 19
1 5 0 1 2 3 4 5 0 1 2 5 6 5 0 1 2 4 5 5 2 4 5 6 7
1 5 0 1 2 3 4 5 0 1 2 6 7 5 0 1 2 4 5 5 2 4 5 6 7
1 5 0 1 2 3 4 5 0 1 2 6 7 5 0 1 2 5 6 5 2 4 5 6 7
1 5 0 1 3 4 5 5 0 1 2 6 7 5 0 1 2 5 6 5 2 3 5 6 7
1 5 0 1 2 3 4 5 0 2 5 6 7 5 0 1 2 4 5 5 2 3 4 5 7
1 5 0 1 2 3 4 5 0 2 3 5 6 5 0 1 3 4 5 5 3 4 5 6 7
1 5 0 1 2 3 4 5 0 2 3 6 7 5 0 1 3 4 5 5 3 4 5 6 7
1 5 0 1 2 3 4 5 0 2 3 6 7 5 0 1 3 5 6 5 3 4 5 6 7
1 5 0 1 2 4 5 5 0 2 3 6 7 5 0 1 3 5 6 5 3 4 5 6 7
1 5 0 1 2 3 4 5 0 1 2 6 7 5 1 2 4 5 6 5 2 3 4 6 7
1 5 0 1 2 3 4 5 0 1 2 5 6 5 1 2 3 4 5 5 3 4 5 6 7
1 5 0 1 2 3 4 5 0 1 2 6 7 5 1 2 3 4 5 5 3 4 5 6 7
1 5 0 1 2 3 4 5 0 1 2 6 7 5 1 2 3 5 6 5 3 4 5 6 7
1 5 0 1 2 4 5 5 0 1 2 6 7 5 1 2 3 5 6 5 3 4 5 6 7
1 5 0 2 3 4 5 5 0 1 3 6 7 5 1 2 3 5 6 5 3 4 5 6 7
1 5 0 1 2 3 4 5 1 2 3 5 6 5 1 2 3 4 5 5 3 4 5 6 7
1 5 0 1 2 3 4 5 1 2 3 6 7 5 1 2 3 4 5 5 3 4 5 6 7
1 5 0 1 2 3 4 5 1 2 3 6 7 5 1 2 3 5 6 5 3 4 5 6 7
1 5 0 1 2 4 5 5 1 2 3 6 7 5 1 2 3 5 6 5 3 4 5 6 7
4 8
1 5 0 1 3 4 7 5 0 1 2 3 4 5 0 1 2 4 5 5 2 3 5 6 7
1 5 0 1 4 5 7 5 0 1 2 4 5 5 0 1 2 5 6 5 2 3 4 6 7
1 5 0 1 5 6 7 5 0 1 2 5 6 5 0 1 2 6 7 5 2 3 4 5 7
1 5 0 1 3 4 7 5 0 1 2 3 4 5 0 1 2 3 4 5 3 4 5 6 7
1 5 0 1 4 5 7 5 0 1 2 4 5 5 0 1 2 3 5 5 3 4 5 6 7
1 5 0 1 5 6 7 5 0 1 2 5 6 5 0 1 2 3 6 5 3 4 5 6 7
1 5 0 2 4 5 7 5 0 2 3 4 5 5 0 1 2 3 5 5 3 4 5 6 7
1 5 0 2 5 6 7 5 0 2 3 5 6 5 0 1 2 3 6 5 3 4 5 6 7
4 7
1 5 0 1 2 3 4 5 0 2 3 4 6 5 0 1 2 6 7 5 2 3 4 5 6
1 5 0 1 2 4 5 5 0 2 4 5 6 5 0 1 2 6 7 5 2 3 4 5 6
1 5 0 1 2 3 4 5 0 2 3 4 7 5 0 1 2 3 7 5 3 4 5 6 7
1 5 0 1 2 4 5 5 0 2 4 5 7 5 0 1 2 3 7 5 3 4 5 6 7
1 5 0 1 2 5 6 5 0 2 5 6 7 5 0 1 2 3 7 5 3 4 5 6 7
1 5 0 2 3 4 5 5 0 3 4 5 7 5 0 1 2 3 7 5 3 4 5 6 7
1 5 0 2 3 5 6 5 0 3 5 6 7 5 0 1 2 3 7 5 3 4 5 6 7
4 24
1 5 0 1 3 4 5 5 0 1 2 3 5 5 0 1 2 5 7 5 2 3 5 6 7
1 5 0 1 4 5 6 5 0 1 2 4 6 5 0 1 2 6 7 5 2 3 4 6 7
1 5 0 1 2 3 4 5 0 2 3 4 5 5 0 1 2 4 7 5 2 3 5 6 7
1 5 0 1 2 4 5 5 0 2 3 4 5 5 0 1 2 5 7 5 2 3 5 6 7
1 5 0 1 2 4 5 5 0 2 4 5 6 5 0 1 2 5 7 5 2 3 4 6 7
1 5 0 1 2 5 6 5 0 2 4 5 6 5 0 1 2 6 7 5 2 3 4 6 7
1 5 0 1 2 5 6 5 0 2 5 6 7 5 0 1 2 6 7 5 2 3 4 5 7
1 5 0 1 2 4 5 5 0 2 3 4 5 5 0 1 3 5 7 5 3 4 5 6 7
1 5 0 1 2 5 6 5 0 2 3 5 6 5 0 1 3 6 7 5 3 4 5 6 7
1 5 0 1 2 3 4 5 0 1 2 3 4 5 1 2 4 6 7 5 2 3 4 5 6
1 5 0 1 2 3 4 5 0 1 2 3 5 5 1 2 4 5 7 5 2 3 5 6 7
1 5 0 1 2 4 5 5 0 1 2 4 5 5 1 2 5 6 7 5 2 3 4 5 6
1 5 0 1 2 4 5 5 0 1 2 4 6 5 1 2 5 6 7 5 2 3 4 6 7
1 5 0 1 2 3 4 5 0 1 2 3 4 5 1 2 3 4 7 5 3 4 5 6 7
1 5 0 1 2 4 5 5 0 1 2 4 5 5 1 2 3 5 7 5 3 4 5 6 7
1 5 0 1 2 5 6 5 0 1 2 5 6 5 1 2 3 6 7 5 3 4 5 6 7
1 5 0 1 2 3 4 5 0 1 3 4 5 5 1 3 4 5 7 5 3 4 5 6 7
1 5 0 1 2 3 5 5 0 1 3 5 6 5 1 3 5 6 7 5 3 4 5 6 7
1 5 0 2 3 4 5 5 0 1 3 4 5 5 1 2 3 5 7 5 3 4 5 6 7
1 5 0 2 3 5 6 5 0 1 3 5 6 5 1 2 3 6 7 5 3 4 5 6 7
1 5 0 1 2 4 5 5 1 2 3 4 5 5 1 2 3 5 7 5 3 4 5 6 7
1 5 0 1 2 5 6 5 1 2 3 5 6 5 1 2 3 6 7 5 3 4 5 6 7
1 5 0 1 2 3 4 5 1 2 3 4 5 5 2 3 4 5 7 5 3 4 5 6 7
1 5 0 1 2 3 5 5 1 2 3 5 6 5 2 3 5 6 7 5 3 4 5 6 7
4 33
1 5 0 1 4 6 7 5 0 1 2 3 4 5 0 1 2 4 5 5 2 3 4 5 6
1 5 0 1 4 6 7 5 0 1 2 3 4 5 0 1 2 5 6 5 2 3 4 5 6
1 5 0 1 4 5 7 5 0 1 2 3 4 5 0 1 2 5 6 5 2 3 5 6 7
1 5 0 1 4 5 7 5 0 1 2 3 4 5 0 1 2 6 7 5 2 3 5 6 7
1 5 0 1 5 6 7 5 0 1 2 4 5 5 0 1 2 5 6 5 2 3 4 5 6
1 5 0 1 5 6 7 5 0 1 2 4 5 5 0 1 2 6 7 5 2 3 4 6 7
1 5 0 1 4 5 7 5 0 1 2 3 4 5 0 1 3 5 6 5 3 4 5 6 7
1 5 0 1 4 5 7 5 0 1 2 3 4 5 0 1 3 6 7 5 3 4 5 6 7
1 5 0 1 5 6 7 5 0 1 2 3 5 5 0 1 3 6 7 5 3 4 5 6 7
1 5 0 1 2 5 7 5 0 2 3 4 5 5 0 1 2 5 6 5 2 3 5 6 7
1 5 0 1 2 5 7 5 0 2 3 4 5 5 0 1 2 6 7 5 2 3 5 6 7
1 5 0 1 2 6 7 5 0 2 4 5 6 5 0 1 2 6 7 5 2 3 4 6 7
1 5 0 1 2 5 7 5 0 2 3 4 5 5 0 1 3 5 6 5 3 4 5 6 7
1 5 0 1 2 5 7 5 0 2 3 4 5 5 0 1 3 6 7 5 3 4 5 6 7
1 5 0 1 2 6 7 5 0 2 3 5 6 5 0 1 3 6 7 5 3 4 5 6 7
1 5 0 1 2 4 7 5 0 1 2 3 4 5 1 2 4 5 6 5 2 3 4 6 7
1 5 0 1 2 4 7 5 0 1 2 3 4 5 1 2 5 6 7 5 2 3 4 5 7
1 5 0 1 2 5 7 5 0 1 2 4 5 5 1 2 5 6 7 5 2 3 4 5 7
1 5 0 1 2 4 7 5 0 1 2 3 4 5 1 2 3 4 5 5 3 4 5 6 7
1 5 0 1 2 4 7 5 0 1 2 3 4 5 1 2 3 5 6 5 3 4 5 6 7
1 5 0 1 2 4 7 5 0 1 2 3 4 5 1 2 3 6 7 5 3 4 5 6 7
1 5 0 1 2 5 7 5 0 1 2 4 5 5 1 2 3 5 6 5 3 4 5 6 7
1 5 0 1 2 5 7 5 0 1 2 4 5 5 1 2 3 6 7 5 3 4 5 6 7
1 5 0 1 2 6 7 5 0 1 2 5 6 5 1 2 3 6 7 5 3 4 5 6 7
1 5 0 2 4 5 7 5 0 1 2 3 4 5 1 2 3 5 6 5 3 4 5 6 7
1 5 0 2 4 5 7 5 0 1 2 3 4 5 1 2 3 6 7 5 3 4 5 6 7
1 5 0 2 5 6 7 5 0 1 2 3 5 5 1 2 3 6 7 5 3 4 5 6 7
1 5 0 2 3 5 7 5 0 1 3 4 5 5 1 2 3 5 6 5 3 4 5 6 7
1 5 0 2 3 5 7 5 0 1 3 4 5 5 1 2 3 6 7 5 3 4 5 6 7
1 5 0 2 3 6 7 5 0 1 3 5 6 5 1 2 3 6 7 5 3 4 5 6 7
1 5 0 1 2 5 7 5 1 2 3 4 5 5 1 2 3 5 6 5 3 4 5 6 7
1 5 0 1 2 5 7 5 1 2 3 4 5 5 1 2 3 6 7 5 3 4 5 6 7
1 5 0 1 2 6 7 5 1 2 3 5 6 5 1 2 3 6 7 5 3 4 5 6 7
4 15
1 5 0 1 2 4 5 5 0 2 3 5 6 5 0 1 2 3 4 5 2 3 5 6 7
1 5 0 1 2 4 5 5 0 2 3 6 7 5 0 1 2 3 4 5 2 3 5 6 7
1 5 0 1 2 5 6 5 0 2 4 6 7 5 0 1 2 4 5 5 2 3 4 6 7
1 5 0 1 2 4 5 5 0 2 4 5 6 5 0 1 2 3 4 5 3 4 5 6 7
1 5 0 1 2 4 5 5 0 2 4 6 7 5 0 1 2 3 4 5 3 4 5 6 7
1 5 0 1 2 5 6 5 0 2 5 6 7 5 0 1 2 3 5 5 3 4 5 6 7
1 5 0 1 2 3 5 5 0 3 4 5 6 5 0 1 3 4 5 5 3 4 5 6 7
1 5 0 1 2 3 5 5 0 3 4 6 7 5 0 1 3 4 5 5 3 4 5 6 7
1 5 0 1 2 3 6 5 0 3 5 6 7 5 0 1 3 5 6 5 3 4 5 6 7
1 5 0 2 3 4 5 5 0 3 4 5 6 5 0 1 2 3 4 5 3 4 5 6 7
1 5 0 2 3 4 5 5 0 3 4 6 7 5 0 1 2 3 4 5 3 4 5 6 7
1 5 0 2 3 5 6 5 0 3 5 6 7 5 0 1 2 3 5 5 3 4 5 6 7
1 5 0 1 2 3 5 5 1 3 4 5 6 5 1 2 3 4 5 5 3 4 5 6 7
1 5 0 1 2 3 5 5 1 3 4 6 7 5 1 2 3 4 5 5 3 4 5 6 7
1 5 0 1 2 3 6 5 1 3 5 6 7 5 1 2 3 5 6 5 3 4 5 6 7
4 34
1 5 0 1 4 5 6 5 0 1 2 3 4 5 0 1 2 3 4 5 2 3 4 6 7
1 5 0 1 5 6 7 5 0 1 2 3 5 5 0 1 2 3 4 5 2 3 4 5 7
1 5 0 1 5 6 7 5 0 1 2 4 5 5 0 1 2 4 5 5 2 3 4 5 7
1 5 0 1 2 5 6 5 0 2 3 4 5 5 0 1 2 3 4 5 2 3 4 6 7
1 5 0 1 2 6 7 5 0 2 3 5 6 5 0 1 2 3 4 5 2 3 4 5 7
1 5 0 1 2 5 6 5 0 2 3 4 5 5 0 1 2 4 5 5 2 3 5 6 7
1 5 0 1 2 6 7 5 0 2 3 4 6 5 0 1 2 4 5 5 2 3 5 6 7
1 5 0 1 2 6 7 5 0 2 4 5 6 5 0 1 2 4 5 5 2 3 4 5 7
1 5 0 1 2 6 7 5 0 2 4 5 6 5 0 1 2 5 6 5 2 3 4 6 7
1 5 0 1 2 5 6 5 0 2 3 4 5 5 0 1 2 3 4 5 3 4 5 6 7
1 5 0 1 2 6 7 5 0 2 3 4 6 5 0 1 2 3 4 5 3 4 5 6 7
1 5 0 1 2 6 7 5 0 2 4 5 6 5 0 1 2 3 5 5 3 4 5 6 7
1 5 0 1 2 5 6 5 0 2 3 4 5 5 0 1 3 4 5 5 3 4 5 6 7
1 5 0 1 2 6 7 5 0 2 3 4 6 5 0 1 3 4 5 5 3 4 5 6 7
1 5 0 1 2 6 7 5 0 2 3 5 6 5 0 1 3 5 6 5 3 4 5 6 7
1 5 0 1 2 3 6 5 0 3 4 5 6 5 0 1 3 4 5 5 3 4 5 6 7
1 5 0 1 2 3 7 5 0 3 4 6 7 5 0 1 3 4 5 5 3 4 5 6 7
1 5 0 1 2 3 7 5 0 3 5 6 7 5 0 1 3 5 6 5 3 4 5 6 7
1 5 0 2 3 6 7 5 0 3 4 5 6 5 0 1 2 3 5 5 3 4 5 6 7
1 5 0 1 2 5 6 5 0 1 2 3 5 5 1 2 3 4 5 5 2 3 5 6 7
1 5 0 1 2 6 7 5 0 1 2 3 6 5 1 2 3 4 5 5 2 3 5 6 7
1 5 0 1 2 6 7 5 0 1 2 4 6 5 1 2 4 5 6 5 2 3 4 6 7
1 5 0 1 2 5 6 5 0 1 2 4 5 5 1 2 3 4 5 5 3 4 5 6 7
1 5 0 1 2 6 7 5 0 1 2 4 6 5 1 2 3 4 5 5 3 4 5 6 7
1 5 0 1 2 6 7 5 0 1 2 5 6 5 1 2 3 5 6 5 3 4 5 6 7
1 5 0 2 3 5 6 5 0 1 3 4 5 5 1 2 3 4 5 5 3 4 5 6 7
1 5 0 2 3 6 7 5 0 1 3 4 6 5 1 2 3 4 5 5 3 4 5 6 7
1 5 0 2 3 6 7 5 0 1 3 5 6 5 1 2 3 5 6 5 3 4 5 6 7
1 5 0 1 2 5 6 5 1 2 3 4 5 5 1 2 3 4 5 5 3 4 5 6 7
1 5 0 1 2 6 7 5 1 2 3 4 6 5 1 2 3 4 5 5 3 4 5 6 7
1 5 0 1 2 6 7 5 1 2 3 5 6 5 1 2 3 5 6 5 3 4 5 6 7
1 5 0 1 2 3 6 5 1 3 4 5 6 5 1 2 3 4 5 5 3 4 5 6 7
1 5 0 1 2 3 7 5 1 3 4 6 7 5 1 2 3 4 5 5 3 4 5 6 7
1 5 0 1 2 3 7 5 1 3 5 6 7 5 1 2 3 5 6 5 3 4 5 6 7
4 9
1 5 0 1 2 6 7 5 0 2 3 4 5 5 0 1 2 3 4 5 2 3 4 5 6
1 5 0 1 2 6 7 5 0 2 3 5 6 5 0 1 2 3 4 5 2 3 4 5 6
1 5 0 1 2 6 7 5 0 2 4 5 6 5 0 1 2 4 5 5 2 3 4 5 6
1 5 0 1 2 3 7 5 0 3 4 5 6 5 0 1 3 4 5 5 3 4 5 6 7
1 5 0 1 2 3 7 5 0 3 4 6 7 5 0 1 3 4 5 5 3 4 5 6 7
1 5 0 1 2 3 7 5 0 3 5 6 7 5 0 1 3 5 6 5 3 4 5 6 7
1 5 0 1 2 3 7 5 1 3 4 5 6 5 1 2 3 4 5 5 3 4 5 6 7
1 5 0 1 2 3 7 5 1 3 4 6 7 5 1 2 3 4 5 5 3 4 5 6 7
1 5 0 1 2 3 7 5 1 3 5 6 7 5 1 2 3 5 6 5 3 4 5 6 7
4 5
1 5 0 1 2 5 6 5 0 2 3 4 5 5 0 1 2 6 7 5 2 3 4 5 6
1 5 0 1 2 5 6 5 0 2 3 4 5 5 0 1 2 3 7 5 3 4 5 6 7
1 5 0 1 2 6 7 5 0 2 3 4 6 5 0 1 2 3 7 5 3 4 5 6 7
1 5 0 1 2 6 7 5 0 2 4 5 6 5 0 1 2 3 7 5 3 4 5 6 7
1 5 0 2 3 6 7 5 0 3 4 5 6 5 0 1 2 3 7 5 3 4 5 6 7
4 31
1 5 0 1 3 6 7 5 0 1 2 3 4 5 0 1 2 3 4 5 2 3 4 5 6
1 5 0 1 3 4 7 5 0 1 2 4 5 5 0 1 2 3 5 5 2 3 5 6 7
1 5 0 1 4 6 7 5 0 1 2 4 5 5 0 1 2 4 5 5 2 3 4 5 6
1 5 0 1 4 5 7 5 0 1 2 5 6 5 0 1 2 4 6 5 2 3 4 6 7
1 5 0 1 5 6 7 5 0 1 2 5 6 5 0 1 2 5 6 5 2 3 4 5 6
1 5 0 1 5 6 7 5 0 1 2 6 7 5 0 1 2 5 7 5 2 3 4 5 7
1 5 0 1 4 5 7 5 0 1 2 3 5 5 0 1 3 4 5 5 3 4 5 6 7
1 5 0 1 5 6 7 5 0 1 2 3 6 5 0 1 3 5 6 5 3 4 5 6 7
1 5 0 1 2 3 7 5 0 2 3 4 5 5 0 1 2 3 5 5 2 3 5 6 7
1 5 0 1 2 4 7 5 0 2 4 5 6 5 0 1 2 4 6 5 2 3 4 6 7
1 5 0 1 2 5 7 5 0 2 5 6 7 5 0 1 2 5 7 5 2 3 4 5 7
1 5 0 1 2 4 7 5 0 2 3 4 5 5 0 1 3 4 5 5 3 4 5 6 7
1 5 0 1 2 5 7 5 0 2 3 5 6 5 0 1 3 5 6 5 3 4 5 6 7
1 5 0 1 2 6 7 5 0 2 3 6 7 5 0 1 3 6 7 5 3 4 5 6 7
1 5 0 1 2 3 7 5 0 1 2 3 4 5 1 2 3 4 5 5 2 3 5 6 7
1 5 0 1 2 4 7 5 0 1 2 4 5 5 1 2 3 4 5 5 2 3 5 6 7
1 5 0 1 2 4 7 5 0 1 2 4 5 5 1 2 4 5 6 5 2 3 4 6 7
1 5 0 1 2 5 7 5 0 1 2 5 6 5 1 2 4 5 6 5 2 3 4 6 7
1 5 0 1 2 5 7 5 0 1 2 5 6 5 1 2 5 6 7 5 2 3 4 5 7
1 5 0 1 2 6 7 5 0 1 2 6 7 5 1 2 5 6 7 5 2 3 4 5 7
1 5 0 1 2 4 7 5 0 1 2 4 5 5 1 2 3 4 5 5 3 4 5 6 7
1 5 0 1 2 5 7 5 0 1 2 5 6 5 1 2 3 5 6 5 3 4 5 6 7
1 5 0 1 2 6 7 5 0 1 2 6 7 5 1 2 3 6 7 5 3 4 5 6 7
1 5 0 2 4 5 7 5 0 1 2 3 5 5 1 2 3 4 5 5 3 4 5 6 7
1 5 0 2 5 6 7 5 0 1 2 3 6 5 1 2 3 5 6 5 3 4 5 6 7
1 5 0 2 3 4 7 5 0 1 3 4 5 5 1 2 3 4 5 5 3 4 5 6 7
1 5 0 2 3 5 7 5 0 1 3 5 6 5 1 2 3 5 6 5 3 4 5 6 7
1 5 0 2 3 6 7 5 0 1 3 6 7 5 1 2 3 6 7 5 3 4 5 6 7
1 5 0 1 2 4 7 5 1 2 3 4 5 5 1 2 3 4 5 5 3 4 5 6 7
1 5 0 1 2 5 7 5 1 2 3 5 6 5 1 2 3 5 6 5 3 4 5 6 7
1 5 0 1 2 6 7 5 1 2 3 6 7 5 1 2 3 6 7 5 3 4 5 6 7
4 24
1 5 0 1 3 4 5 5 0 1 2 5 6 5 0 1 2 3 5 5 2 3 5 6 7
1 5 0 1 3 4 5 5 0 1 2 6 7 5 0 1 2 3 5 5 2 3 5 6 7
1 5 0 1 4 5 6 5 0 1 2 6 7 5 0 1 2 4 6 5 2 3 4 6 7
1 5 0 1 2 3 4 5 0 2 4 5 6 5 0 1 2 3 4 5 2 3 4 6 7
1 5 0 1 2 3 4 5 0 2 5 6 7 5 0 1 2 3 4 5 2 3 4 5 7
1 5 0 1 2 4 5 5 0 2 5 6 7 5 0 1 2 4 5 5 2 3 4 5 7
1 5 0 1 2 4 5 5 0 2 3 5 6 5 0 1 3 4 5 5 3 4 5 6 7
1 5 0 1 2 4 5 5 0 2 3 6 7 5 0 1 3 4 5 5 3 4 5 6 7
1 5 0 1 2 5 6 5 0 2 3 6 7 5 0 1 3 5 6 5 3 4 5 6 7
1 5 0 1 2 3 4 5 0 1 2 5 6 5 1 2 3 4 5 5 2 3 5 6 7
1 5 0 1 2 3 4 5 0 1 2 6 7 5 1 2 3 4 5 5 2 3 5 6 7
1 5 0 1 2 4 5 5 0 1 2 5 6 5 1 2 3 4 5 5 2 3 5 6 7
1 5 0 1 2 4 5 5 0 1 2 6 7 5 1 2 3 4 5 5 2 3 5 6 7
1 5 0 1 2 4 5 5 0 1 2 6 7 5 1 2 4 5 6 5 2 3 4 6 7
1 5 0 1 2 5 6 5 0 1 2 6 7 5 1 2 4 5 6 5 2 3 4 6 7
1 5 0 1 2 4 5 5 0 1 2 5 6 5 1 2 3 4 5 5 3 4 5 6 7
1 5 0 1 2 4 5 5 0 1 2 6 7 5 1 2 3 4 5 5 3 4 5 6 7
1 5 0 1 2 5 6 5 0 1 2 6 7 5 1 2 3 5 6 5 3 4 5 6 7
1 5 0 2 3 4 5 5 0 1 3 5 6 5 1 2 3 4 5 5 3 4 5 6 7
1 5 0 2 3 4 5 5 0 1 3 6 7 5 1 2 3 4 5 5 3 4 5 6 7
1 5 0 2 3 5 6 5 0 1 3 6 7 5 1 2 3 5 6 5 3 4 5 6 7
1 5 0 1 2 4 5 5 1 2 3 5 6 5 1 2 3 4 5 5 3 4 5 6 7
1 5 0 1 2 4 5 5 1 2 3 6 7 5 1 2 3 4 5 5 3 4 5 6 7
1 5 0 1 2 5 6 5 1 2 3 6 7 5 1 2 3 5 6 5 3 4 5 6 7
4 14
1 5 0 1 3 4 7 5 0 1 2 6 7 5 0 1 2 3 7 5 2 3 4 5 6
1 5 0 1 4 5 7 5 0 1 2 6 7 5 0 1 2 4 7 5 2 3 4 5 6
1 5 0 1 5 6 7 5 0 1 2 6 7 5 0 1 2 5 7 5 2 3 4 5 6
1 5 0 1 4 5 7 5 0 1 2 3 7 5 0 1 3 4 7 5 3 4 5 6 7
1 5 0 1 5 6 7 5 0 1 2 3 7 5 0 1 3 5 7 5 3 4 5 6 7
1 5 0 1 2 4 7 5 0 1 2 6 7 5 1 2 3 4 7 5 2 3 4 5 6
1 5 0 1 2 5 7 5 0 1 2 6 7 5 1 2 4 5 7 5 2 3 4 5 6
1 5 0 1 2 6 7 5 0 1 2 6 7 5 1 2 5 6 7 5 2 3 4 5 6
1 5 0 1 2 5 7 5 0 1 2 3 7 5 1 3 4 5 7 5 3 4 5 6 7
1 5 0 1 2 6 7 5 0 1 2 3 7 5 1 3 5 6 7 5 3 4 5 6 7
1 5 0 2 4 5 7 5 0 1 2 3 7 5 1 2 3 4 7 5 3 4 5 6 7
1 5 0 2 5 6 7 5 0 1 2 3 7 5 1 2 3 5 7 5 3 4 5 6 7
1 5 0 2 3 5 7 5 0 1 2 3 7 5 2 3 4 5 7 5 3 4 5 6 7
1 5 0 2 3 6 7 5 0 1 2 3 7 5 2 3 5 6 7 5 3 4 5 6 7
4 30
1 5 0 1 4 6 7 5 0 1 2 4 5 5 0 1 2 3 4 5 2 3 4 5 6
1 5 0 1 4 6 7 5 0 1 2 5 6 5 0 1 2 3 4 5 2 3 4 5 6
1 5 0 1 4 5 7 5 0 1 2 5 6 5 0 1 2 3 4 5 2 3 5 6 7
1 5 0 1 4 5 7 5 0 1 2 6 7 5 0 1 2 3 4 5 2 3 5 6 7
1 5 0 1 5 6 7 5 0 1 2 5 6 5 0 1 2 4 5 5 2 3 4 5 6
1 5 0 1 5 6 7 5 0 1 2 6 7 5 0 1 2 4 5 5 2 3 4 6 7
1 5 0 1 4 5 7 5 0 1 2 5 6 5 0 1 2 3 4 5 3 4 5 6 7
1 5 0 1 4 5 7 5 0 1 2 6 7 5 0 1 2 3 4 5 3 4 5 6 7
1 5 0 1 5 6 7 5 0 1 2 6 7 5 0 1 2 3 5 5 3 4 5 6 7
1 5 0 1 2 4 7 5 0 2 4 5 6 5 0 1 2 3 4 5 2 3 4 6 7
1 5 0 1 2 4 7 5 0 2 5 6 7 5 0 1 2 3 4 5 2 3 4 5 7
1 5 0 1 2 5 7 5 0 2 5 6 7 5 0 1 2 4 5 5 2 3 4 5 7
1 5 0 1 2 5 7 5 0 2 3 5 6 5 0 1 3 4 5 5 3 4 5 6 7
1 5 0 1 2 5 7 5 0 2 3 6 7 5 0 1 3 4 5 5 3 4 5 6 7
1 5 0 1 2 6 7 5 0 2 3 6 7 5 0 1 3 5 6 5 3 4 5 6 7
1 5 0 2 4 5 7 5 0 2 3 5 6 5 0 1 2 3 4 5 3 4 5 6 7
1 5 0 2 4 5 7 5 0 2 3 6 7 5 0 1 2 3 4 5 3 4 5 6 7
1 5 0 2 5 6 7 5 0 2 3 6 7 5 0 1 2 3 5 5 3 4 5 6 7
1 5 0 1 2 5 7 5 0 1 2 5 6 5 1 2 3 4 5 5 2 3 5 6 7
1 5 0 1 2 5 7 5 0 1 2 6 7 5 1 2 3 4 5 5 2 3 5 6 7
1 5 0 1 2 6 7 5 0 1 2 6 7 5 1 2 4 5 6 5 2 3 4 6 7
1 5 0 1 2 5 7 5 0 1 2 5 6 5 1 2 3 4 5 5 3 4 5 6 7
1 5 0 1 2 5 7 5 0 1 2 6 7 5 1 2 3 4 5 5 3 4 5 6 7
1 5 0 1 2 6 7 5 0 1 2 6 7 5 1 2 3 5 6 5 3 4 5 6 7
1 5 0 2 3 5 7 5 0 1 3 5 6 5 1 2 3 4 5 5 3 4 5 6 7
1 5 0 2 3 5 7 5 0 1 3 6 7 5 1 2 3 4 5 5 3 4 5 6 7
1 5 0 2 3 6 7 5 0 1 3 6 7 5 1 2 3 5 6 5 3 4 5 6 7
1 5 0 1 2 5 7 5 1 2 3 5 6 5 1 2 3 4 5 5 3 4 5 6 7
1 5 0 1 2 5 7 5 1 2 3 6 7 5 1 2 3 4 5 5 3 4 5 6 7
1 5 0 1 2 6 7 5 1 2 3 6 7 5 1 2 3 5 6 5 3 4 5 6 7
4 35
1 5 0 1 3 4 5 5 0 1 2 3 7 5 0 1 2 3 7 5 2 3 5 6 7
1 5 0 1 4 5 6 5 0 1 2 4 7 5 0 1 2 4 7 5 2 3 4 6 7
1 5 0 1 5 6 7 5 0 1 2 5 7 5 0 1 2 5 7 5 2 3 4 5 7
1 5 0 1 2 3 4 5 0 2 3 6 7 5 0 1 2 3 7 5 2 3 4 5 6
1 5 0 1 2 4 5 5 0 2 3 4 7 5 0 1 2 3 7 5 2 3 5 6 7
1 5 0 1 2 4 5 5 0 2 4 6 7 5 0 1 2 4 7 5 2 3 4 5 6
1 5 0 1 2 5 6 5 0 2 4 5 7 5 0 1 2 4 7 5 2 3 4 6 7
1 5 0 1 2 5 6 5 0 2 5 6 7 5 0 1 2 5 7 5 2 3 4 5 6
1 5 0 1 2 6 7 5 0 2 5 6 7 5 0 1 2 5 7 5 2 3 4 5 7
1 5 0 1 2 4 5 5 0 2 3 4 7 5 0 1 3 4 7 5 3 4 5 6 7
1 5 0 1 2 5 6 5 0 2 3 5 7 5 0 1 3 5 7 5 3 4 5 6 7
1 5 0 1 2 6 7 5 0 2 3 6 7 5 0 1 3 6 7 5 3 4 5 6 7
1 5 0 1 2 3 5 5 0 3 4 5 7 5 0 1 3 4 7 5 3 4 5 6 7
1 5 0 1 2 3 6 5 0 3 5 6 7 5 0 1 3 5 7 5 3 4 5 6 7
1 5 0 1 2 3 4 5 0 1 2 3 6 5 1 2 3 6 7 5 2 3 4 5 6
1 5 0 1 2 4 5 5 0 1 2 4 7 5 1 2 3 4 7 5 2 3 5 6 7
1 5 0 1 2 4 5 5 0 1 2 4 6 5 1 2 4 6 7 5 2 3 4 5 6
1 5 0 1 2 5 6 5 0 1 2 5 7 5 1 2 4 5 7 5 2 3 4 6 7
1 5 0 1 2 5 6 5 0 1 2 5 6 5 1 2 5 6 7 5 2 3 4 5 6
1 5 0 1 2 6 7 5 0 1 2 6 7 5 1 2 5 6 7 5 2 3 4 5 7
1 5 0 1 2 4 5 5 0 1 2 4 7 5 1 2 3 4 7 5 3 4 5 6 7
1 5 0 1 2 5 6 5 0 1 2 5 7 5 1 2 3 5 7 5 3 4 5 6 7
1 5 0 1 2 6 7 5 0 1 2 6 7 5 1 2 3 6 7 5 3 4 5 6 7
1 5 0 1 2 3 5 5 0 1 3 5 7 5 1 3 4 5 7 5 3 4 5 6 7
1 5 0 1 2 3 6 5 0 1 3 6 7 5 1 3 5 6 7 5 3 4 5 6 7
1 5 0 2 3 4 5 5 0 1 3 4 7 5 1 2 3 4 7 5 3 4 5 6 7
1 5 0 2 3 5 6 5 0 1 3 5 7 5 1 2 3 5 7 5 3 4 5 6 7
1 5 0 2 3 6 7 5 0 1 3 6 7 5 1 2 3 6 7 5 3 4 5 6 7
1 5 0 1 2 4 5 5 1 2 3 4 7 5 1 2 3 4 7 5 3 4 5 6 7
1 5 0 1 2 5 6 5 1 2 3 5 7 5 1 2 3 5 7 5 3 4 5 6 7
1 5 0 1 2 6 7 5 1 2 3 6 7 5 1 2 3 6 7 5 3 4 5 6 7
1 5 0 1 2 3 5 5 1 3 4 5 7 5 1 2 3 4 7 5 3 4 5 6 7
1 5 0 1 2 3 6 5 1 3 5 6 7 5 1 2 3 5 7 5 3 4 5 6 7
1 5 0 1 2 3 5 5 1 2 3 5 7 5 2 3 4 5 7 5 3 4 5 6 7
1 5 0 1 2 3 6 5 1 2 3 6 7 5 2 3 5 6 7 5 3 4 5 6 7
4 15
1 5 0 1 2 4 5 5 0 1 2 5 6 5 1 2 3 4 7 5 2 3 4 6 7
1 5 0 1 2 5 6 5 0 1 2 6 7 5 1 2 3 4 7 5 2 3 4 5 7
1 5 0 1 2 5 6 5 0 1 2 6 7 5 1 2 4 5 7 5 2 3 4 5 7
1 5 0 1 2 5 6 5 0 1 2 3 6 5 1 3 4 5 7 5 3 4 5 6 7
1 5 0 1 2 6 7 5 0 1 2 3 7 5 1 3 4 5 7 5 3 4 5 6 7
1 5 0 1 2 6 7 5 0 1 2 3 7 5 1 3 5 6 7 5 3 4 5 6 7
1 5 0 1 2 3 5 5 0 1 3 5 6 5 1 3 4 5 7 5 3 4 5 6 7
1 5 0 1 2 3 6 5 0 1 3 6 7 5 1 3 4 5 7 5 3 4 5 6 7
1 5 0 1 2 3 6 5 0 1 3 6 7 5 1 3 5 6 7 5 3 4 5 6 7
1 5 0 2 3 5 6 5 0 1 2 3 6 5 2 3 4 5 7 5 3 4 5 6 7
1 5 0 2 3 6 7 5 0 1 2 3 7 5 2 3 4 5 7 5 3 4 5 6 7
1 5 0 2 3 6 7 5 0 1 2 3 7 5 2 3 5 6 7 5 3 4 5 6 7
1 5 0 1 2 3 5 5 1 2 3 5 6 5 2 3 4 5 7 5 3 4 5 6 7
1 5 0 1 2 3 6 5 1 2 3 6 7 5 2 3 4 5 7 5 3 4 5 6 7
1 5 0 1 2 3 6 5 1 2 3 6 7 5 2 3 5 6 7 5 3 4 5 6 7
4 34
1 5 0 1 2 3 4 5 0 1 4 6 7 5 0 1 4 5 6 5 1 2 4 5 7
1 5 0 1 2 3 4 5 0 1 4 6 7 5 0 1 4 5 6 5 1 2 5 6 7
1 5 0 1 2 3 4 5 0 1 4 5 7 5 0 1 5 6 7 5 1 2 5 6 7
1 5 0 1 2 3 4 5 0 1 2 4 6 5 0 1 4 5 6 5 2 4 5 6 7
1 5 0 1 2 3 4 5 0 1 2 4 7 5 0 1 4 6 7 5 2 4 5 6 7
1 5 0 1 3 4 5 5 0 1 2 5 7 5 0 1 5 6 7 5 2 3 5 6 7
1 5 0 1 2 3 4 5 0 2 4 6 7 5 0 1 4 5 6 5 2 3 4 5 7
1 5 0 1 2 3 4 5 0 2 4 6 7 5 0 1 4 5 6 5 2 3 5 6 7
1 5 0 1 2 3 4 5 0 2 4 5 7 5 0 1 5 6 7 5 2 3 5 6 7
1 5 0 1 2 3 4 5 0 2 3 4 6 5 0 1 4 5 6 5 3 4 5 6 7
1 5 0 1 2 3 4 5 0 2 3 4 7 5 0 1 4 6 7 5 3 4 5 6 7
1 5 0 1 2 4 5 5 0 2 3 5 7 5 0 1 5 6 7 5 3 4 5 6 7
1 5 0 1 2 3 4 5 0 3 4 6 7 5 0 1 4 5 6 5 3 4 5 6 7
1 5 0 1 2 3 4 5 0 3 4 5 7 5 0 1 5 6 7 5 3 4 5 6 7
1 5 0 2 3 4 5 5 0 2 5 6 7 5 0 1 2 5 6 5 2 3 5 6 7
1 5 0 2 3 4 5 5 0 3 5 6 7 5 0 1 2 5 6 5 3 4 5 6 7
1 5 0 1 2 3 4 5 0 1 2 4 7 5 1 4 5 6 7 5 2 3 4 5 7
1 5 0 1 2 3 4 5 0 1 2 4 7 5 1 4 5 6 7 5 2 3 5 6 7
1 5 0 1 2 3 4 5 0 1 3 4 7 5 1 4 5 6 7 5 3 4 5 6 7
1 5 0 2 3 4 5 5 0 1 2 5 7 5 1 2 5 6 7 5 2 3 5 6 7
1 5 0 2 3 4 5 5 0 1 3 5 7 5 1 2 5 6 7 5 3 4 5 6 7
1 5 0 1 2 3 4 5 1 2 4 6 7 5 1 2 4 5 6 5 2 3 4 5 7
1 5 0 1 2 3 4 5 1 2 4 6 7 5 1 2 4 5 6 5 2 3 5 6 7
1 5 0 1 2 3 4 5 1 2 4 5 7 5 1 2 5 6 7 5 2 3 5 6 7
1 5 0 1 2 3 4 5 1 2 3 4 6 5 1 2 4 5 6 5 3 4 5 6 7
1 5 0 1 2 3 4 5 1 2 3 4 7 5 1 2 4 6 7 5 3 4 5 6 7
1 5 0 1 2 4 5 5 1 2 3 5 7 5 1 2 5 6 7 5 3 4 5 6 7
1 5 0 1 2 3 4 5 1 3 4 6 7 5 1 2 4 5 6 5 3 4 5 6 7
1 5 0 1 2 3 4 5 1 3 4 5 7 5 1 2 5 6 7 5 3 4 5 6 7
1 5 0 1 3 4 5 5 1 3 5 6 7 5 1 2 3 5 6 5 3 4 5 6 7
1 5 0 1 2 3 4 5 1 2 3 4 7 5 2 4 5 6 7 5 3 4 5 6 7
1 5 0 1 3 4 5 5 1 2 3 5 7 5 2 3 5 6 7 5 3 4 5 6 7
1 5 0 1 2 3 4 5 2 3 4 6 7 5 2 3 4 5 6 5 3 4 5 6 7
1 5 0 1 2 3 4 5 2 3 4 5 7 5 2 3 5 6 7 5 3 4 5 6 7
4 25
1 5 0 1 2 3 4 5 0 1 4 6 7 5 0 1 4 5 6 5 1 2 4 5 6
1 5 0 1 2 3 4 5 0 1 4 5 7 5 0 1 5 6 7 5 1 2 5 6 7
1 5 0 1 2 3 4 5 0 1 2 4 7 5 0 1 4 5 6 5 2 4 5 6 7
1 5 0 1 2 3 4 5 0 1 2 4 7 5 0 1 4 6 7 5 2 4 5 6 7
1 5 0 1 3 4 5 5 0 1 2 5 7 5 0 1 5 6 7 5 2 3 5 6 7
1 5 0 1 2 3 4 5 0 2 4 6 7 5 0 1 4 5 6 5 2 3 4 5 6
1 5 0 1 2 3 4 5 0 2 4 5 7 5 0 1 5 6 7 5 2 3 5 6 7
1 5 0 1 2 3 4 5 0 2 3 4 7 5 0 1 4 5 6 5 3 4 5 6 7
1 5 0 1 2 3 4 5 0 2 3 4 7 5 0 1 4 6 7 5 3 4 5 6 7
1 5 0 1 2 4 5 5 0 2 3 5 7 5 0 1 5 6 7 5 3 4 5 6 7
1 5 0 1 2 3 4 5 0 3 4 5 7 5 0 1 5 6 7 5 3 4 5 6 7
1 5 0 1 2 3 4 5 0 1 2 4 7 5 1 4 5 6 7 5 2 3 4 5 7
1 5 0 1 2 3 4 5 0 1 2 4 7 5 1 4 5 6 7 5 2 3 5 6 7
1 5 0 1 2 3 4 5 0 1 3 4 7 5 1 4 5 6 7 5 3 4 5 6 7
1 5 0 2 3 4 5 5 0 1 2 5 7 5 1 2 5 6 7 5 2 3 5 6 7
1 5 0 2 3 4 5 5 0 1 3 5 7 5 1 2 5 6 7 5 3 4 5 6 7
1 5 0 1 2 3 4 5 1 2 4 6 7 5 1 2 4 5 6 5 2 3 4 5 6
1 5 0 1 2 3 4 5 1 2 4 5 7 5 1 2 5 6 7 5 2 3 5 6 7
1 5 0 1 2 3 4 5 1 2 3 4 7 5 1 2 4 5 6 5 3 4 5 6 7
1 5 0 1 2 3 4 5 1 2 3 4 7 5 1 2 4 6 7 5 3 4 5 6 7
1 5 0 1 2 4 5 5 1 2 3 5 7 5 1 2 5 6 7 5 3 4 5 6 7
1 5 0 1 2 3 4 5 1 3 4 5 7 5 1 2 5 6 7 5 3 4 5 6 7
1 5 0 1 2 3 4 5 1 2 3 4 7 5 2 4 5 6 7 5 3 4 5 6 7
1 5 0 1 3 4 5 5 1 2 3 5 7 5 2 3 5 6 7 5 3 4 5 6 7
1 5 0 1 2 3 4 5 2 3 4 5 7 5 2 3 5 6 7 5 3 4 5 6 7
4 15
1 5 0 1 2 3 4 5 0 1 4 5 6 5 0 1 4 5 6 5 1 2 4 6 7
1 5 0 1 2 3 4 5 0 1 4 5 6 5 0 1 5 6 7 5 1 2 4 5 7
1 5 0 1 2 3 4 5 0 1 4 6 7 5 0 1 5 6 7 5 1 2 4 5 7
1 5 0 1 3 4 5 5 0 1 5 6 7 5 0 1 5 6 7 5 1 2 3 5 7
1 5 0 1 2 3 4 5 0 2 4 5 6 5 0 1 4 5 6 5 2 3 4 6 7
1 5 0 1 2 3 4 5 0 2 4 5 6 5 0 1 5 6 7 5 2 3 4 5 7
1 5 0 1 2 3 4 5 0 2 4 6 7 5 0 1 5 6 7 5 2 3 4 5 7
1 5 0 1 2 4 5 5 0 2 5 6 7 5 0 1 5 6 7 5 2 3 4 5 7
1 5 0 2 3 4 5 5 0 2 5 6 7 5 0 1 2 6 7 5 2 3 5 6 7
1 5 0 2 3 4 5 5 0 3 5 6 7 5 0 1 2 6 7 5 3 4 5 6 7
1 5 0 1 2 3 4 5 1 2 4 5 6 5 1 2 4 5 6 5 2 3 4 6 7
1 5 0 1 2 3 4 5 1 2 4 5 6 5 1 2 5 6 7 5 2 3 4 5 7
1 5 0 1 2 3 4 5 1 2 4 6 7 5 1 2 5 6 7 5 2 3 4 5 7
1 5 0 1 2 4 5 5 1 2 5 6 7 5 1 2 5 6 7 5 2 3 4 5 7
1 5 0 1 3 4 5 5 1 3 5 6 7 5 1 2 3 6 7 5 3 4 5 6 7
4 79
1 5 0 1 2 3 4 5 0 1 4 5 6 5 0 1 2 3 7 5 1 2 3 6 7
1 5 0 1 2 4 5 5 0 1 5 6 7 5 0 1 2 3 7 5 1 2 3 4 7
1 5 0 1 2 3 4 5 0 1 4 5 6 5 0 1 3 6 7 5 1 2 3 4 6
1 5 0 1 2 3 4 5 0 1 4 5 6 5 0 1 3 4 7 5 1 2 4 6 7
1 5 0 1 2 3 5 5 0 1 5 6 7 5 0 1 3 4 7 5 1 2 4 5 7
1 5 0 1 3 4 5 5 0 1 5 6 7 5 0 1 3 4 7 5 1 2 3 4 7
1 5 0 1 3 4 5 5 0 1 5 6 7 5 0 1 4 5 7 5 1 2 3 5 7
1 5 0 1 2 3 4 5 0 1 2 4 5 5 0 1 2 3 7 5 2 3 5 6 7
1 5 0 1 2 4 5 5 0 1 2 5 6 5 0 1 2 3 7 5 2 3 4 6 7
1 5 0 1 2 5 6 5 0 1 2 6 7 5 0 1 2 3 7 5 2 3 4 5 7
1 5 0 1 2 3 4 5 0 1 2 4 5 5 0 1 3 6 7 5 2 3 4 5 6
1 5 0 1 2 3 5 5 0 1 2 5 6 5 0 1 3 6 7 5 2 3 4 5 6
1 5 0 1 2 3 4 5 0 1 2 4 5 5 0 1 3 4 7 5 2 4 5 6 7
1 5 0 1 2 3 5 5 0 1 2 5 6 5 0 1 3 4 7 5 2 4 5 6 7
1 5 0 1 2 3 6 5 0 1 2 6 7 5 0 1 3 4 7 5 2 4 5 6 7
1 5 0 1 3 4 5 5 0 1 2 5 6 5 0 1 3 4 7 5 2 3 4 6 7
1 5 0 1 3 5 6 5 0 1 2 6 7 5 0 1 3 4 7 5 2 3 4 5 7
1 5 0 1 3 4 5 5 0 1 2 5 6 5 0 1 4 6 7 5 2 3 4 5 6
1 5 0 1 3 4 5 5 0 1 2 5 6 5 0 1 4 5 7 5 2 3 5 6 7
1 5 0 1 3 4 6 5 0 1 2 6 7 5 0 1 4 5 7 5 2 3 5 6 7
1 5 0 1 4 5 6 5 0 1 2 6 7 5 0 1 4 5 7 5 2 3 4 5 7
1 5 0 1 4 5 6 5 0 1 2 6 7 5 0 1 5 6 7 5 2 3 4 6 7
1 5 0 1 3 4 5 5 0 1 2 3 5 5 0 1 3 4 7 5 3 4 5 6 7
1 5 0 1 3 5 6 5 0 1 2 3 6 5 0 1 3 4 7 5 3 4 5 6 7
1 5 0 1 3 6 7 5 0 1 2 3 7 5 0 1 3 4 7 5 3 4 5 6 7
1 5 0 1 4 5 6 5 0 1 2 3 6 5 0 1 4 5 7 5 3 4 5 6 7
1 5 0 1 4 6 7 5 0 1 2 3 7 5 0 1 4 5 7 5 3 4 5 6 7
1 5 0 1 5 6 7 5 0 1 2 3 7 5 0 1 5 6 7 5 3 4 5 6 7
1 5 0 1 2 3 4 5 0 2 4 5 6 5 0 1 3 4 7 5 2 3 4 6 7
1 5 0 1 2 3 5 5 0 2 5 6 7 5 0 1 3 4 7 5 2 3 4 5 7
1 5 0 1 2 4 5 5 0 2 5 6 7 5 0 1 4 5 7 5 2 3 4 5 7
1 5 0 1 2 3 4 5 0 2 3 4 5 5 0 1 3 4 7 5 3 4 5 6 7
1 5 0 1 2 3 5 5 0 2 3 5 6 5 0 1 3 4 7 5 3 4 5 6 7
1 5 0 1 2 3 6 5 0 2 3 6 7 5 0 1 3 4 7 5 3 4 5 6 7
1 5 0 1 2 4 5 5 0 2 3 5 6 5 0 1 4 5 7 5 3 4 5 6 7
1 5 0 1 2 4 6 5 0 2 3 6 7 5 0 1 4 5 7 5 3 4 5 6 7
1 5 0 1 2 5 6 5 0 2 3 6 7 5 0 1 5 6 7 5 3 4 5 6 7
1 5 0 2 3 4 5 5 0 2 5 6 7 5 0 1 2 4 7 5 2 3 4 5 7
1 5 0 2 3 4 5 5 0 2 3 5 6 5 0 1 2 4 7 5 3 4 5 6 7
1 5 0 2 3 4 6 5 0 2 3 6 7 5 0 1 2 4 7 5 3 4 5 6 7
1 5 0 2 4 5 6 5 0 2 3 6 7 5 0 1 2 5 7 5 3 4 5 6 7
1 5 0 1 2 3 4 5 0 1 2 4 5 5 1 3 4 6 7 5 2 3 4 5 6
1 5 0 1 2 3 5 5 0 1 2 5 6 5 1 3 4 6 7 5 2 3 4 5 6
1 5 0 1 2 3 5 5 0 1 2 5 6 5 1 3 4 5 7 5 2 3 5 6 7
1 5 0 1 2 3 6 5 0 1 2 6 7 5 1 3 4 5 7 5 2 3 5 6 7
1 5 0 1 2 4 5 5 0 1 2 5 6 5 1 4 5 6 7 5 2 3 4 5 6
1 5 0 1 2 4 6 5 0 1 2 6 7 5 1 4 5 6 7 5 2 3 4 6 7
1 5 0 2 3 4 5 5 0 1 2 5 6 5 1 2 3 4 7 5 2 3 4 6 7
1 5 0 2 3 5 6 5 0 1 2 6 7 5 1 2 3 4 7 5 2 3 4 5 7
1 5 0 2 3 4 5 5 0 1 2 5 6 5 1 2 4 6 7 5 2 3 4 5 6
1 5 0 2 3 4 5 5 0 1 2 5 6 5 1 2 4 5 7 5 2 3 5 6 7
1 5 0 2 3 4 6 5 0 1 2 6 7 5 1 2 4 5 7 5 2 3 5 6 7
1 5 0 2 4 5 6 5 0 1 2 6 7 5 1 2 4 5 7 5 2 3 4 5 7
1 5 0 2 4 5 6 5 0 1 2 6 7 5 1 2 5 6 7 5 2 3 4 6 7
1 5 0 2 3 4 5 5 0 1 2 3 5 5 1 2 3 4 7 5 3 4 5 6 7
1 5 0 2 3 5 6 5 0 1 2 3 6 5 1 2 3 4 7 5 3 4 5 6 7
1 5 0 2 3 6 7 5 0 1 2 3 7 5 1 2 3 4 7 5 3 4 5 6 7
1 5 0 2 4 5 6 5 0 1 2 3 6 5 1 2 4 5 7 5 3 4 5 6 7
1 5 0 2 4 6 7 5 0 1 2 3 7 5 1 2 4 5 7 5 3 4 5 6 7
1 5 0 2 5 6 7 5 0 1 2 3 7 5 1 2 5 6 7 5 3 4 5 6 7
1 5 0 2 3 4 5 5 0 1 3 5 6 5 1 2 4 5 7 5 3 4 5 6 7
1 5 0 2 3 4 6 5 0 1 3 6 7 5 1 2 4 5 7 5 3 4 5 6 7
1 5 0 2 3 5 6 5 0 1 3 6 7 5 1 2 5 6 7 5 3 4 5 6 7
1 5 0 3 4 5 6 5 0 1 3 6 7 5 1 2 3 5 7 5 3 4 5 6 7
1 5 0 3 4 5 6 5 0 1 2 3 6 5 2 3 4 5 7 5 3 4 5 6 7
1 5 0 3 4 6 7 5 0 1 2 3 7 5 2 3 4 5 7 5 3 4 5 6 7
1 5 0 3 5 6 7 5 0 1 2 3 7 5 2 3 5 6 7 5 3 4 5 6 7
1 5 0 1 2 3 4 5 1 2 4 5 6 5 1 2 3 4 7 5 2 3 4 6 7
1 5 0 1 2 3 5 5 1 2 5 6 7 5 1 2 3 4 7 5 2 3 4 5 7
1 5 0 1 2 4 5 5 1 2 5 6 7 5 1 2 4 5 7 5 2 3 4 5 7
1 5 0 1 2 3 4 5 1 2 3 4 5 5 1 2 3 4 7 5 3 4 5 6 7
1 5 0 1 2 3 5 5 1 2 3 5 6 5 1 2 3 4 7 5 3 4 5 6 7
1 5 0 1 2 3 6 5 1 2 3 6 7 5 1 2 3 4 7 5 3 4 5 6 7
1 5 0 1 2 4 5 5 1 2 3 5 6 5 1 2 4 5 7 5 3 4 5 6 7
1 5 0 1 2 4 6 5 1 2 3 6 7 5 1 2 4 5 7 5 3 4 5 6 7
1 5 0 1 2 5 6 5 1 2 3 6 7 5 1 2 5 6 7 5 3 4 5 6 7
1 5 0 1 3 4 5 5 1 2 3 5 6 5 2 3 4 5 7 5 3 4 5 6 7
1 5 0 1 3 4 6 5 1 2 3 6 7 5 2 3 4 5 7 5 3 4 5 6 7
1 5 0 1 3 5 6 5 1 2 3 6 7 5 2 3 5 6 7 5 3 4 5 6 7
4 20
1 5 0 1 2 3 4 5 0 1 5 6 7 5 0 1 4 5 7 5 1 2 4 5 7
1 5 0 1 2 3 4 5 0 1 2 5 6 5 0 1 4 5 6 5 2 4 5 6 7
1 5 0 1 2 3 4 5 0 1 2 6 7 5 0 1 4 6 7 5 2 4 5 6 7
1 5 0 1 3 4 5 5 0 1 2 6 7 5 0 1 5 6 7 5 2 3 5 6 7
1 5 0 1 2 3 4 5 0 2 5 6 7 5 0 1 4 5 7 5 2 3 4 5 7
1 5 0 1 2 3 4 5 0 2 3 5 6 5 0 1 4 5 6 5 3 4 5 6 7
1 5 0 1 2 3 4 5 0 2 3 6 7 5 0 1 4 6 7 5 3 4 5 6 7
1 5 0 1 2 4 5 5 0 2 3 6 7 5 0 1 5 6 7 5 3 4 5 6 7
1 5 0 1 2 3 4 5 0 1 2 5 6 5 1 4 5 6 7 5 2 3 4 5 7
1 5 0 1 2 3 4 5 0 1 2 6 7 5 1 4 5 6 7 5 2 3 4 5 7
1 5 0 1 2 3 4 5 0 1 2 6 7 5 1 4 5 6 7 5 2 3 5 6 7
1 5 0 1 2 3 4 5 0 1 3 6 7 5 1 4 5 6 7 5 3 4 5 6 7
1 5 0 2 3 4 5 5 0 1 2 6 7 5 1 2 5 6 7 5 2 3 5 6 7
1 5 0 2 3 4 5 5 0 1 3 6 7 5 1 2 5 6 7 5 3 4 5 6 7
1 5 0 1 2 3 4 5 1 2 5 6 7 5 1 2 4 5 7 5 2 3 4 5 7
1 5 0 1 2 3 4 5 1 2 3 5 6 5 1 2 4 5 6 5 3 4 5 6 7
1 5 0 1 2 3 4 5 1 2 3 6 7 5 1 2 4 6 7 5 3 4 5 6 7
1 5 0 1 2 4 5 5 1 2 3 6 7 5 1 2 5 6 7 5 3 4 5 6 7
1 5 0 1 2 3 4 5 1 2 3 6 7 5 2 4 5 6 7 5 3 4 5 6 7
1 5 0 1 3 4 5 5 1 2 3 6 7 5 2 3 5 6 7 5 3 4 5 6 7
4 21
1 5 0 1 2 3 4 5 0 1 5 6 7 5 0 1 4 5 7 5 1 2 4 5 7
1 5 0 1 2 3 4 5 0 1 2 5 6 5 0 1 4 5 7 5 2 4 5 6 7
1 5 0 1 2 3 4 5 0 1 2 6 7 5 0 1 4 6 7 5 2 4 5 6 7
1 5 0 1 3 4 5 5 0 1 2 6 7 5 0 1 5 6 7 5 2 3 5 6 7
1 5 0 1 2 3 4 5 0 2 5 6 7 5 0 1 4 5 7 5 2 3 4 5 7
1 5 0 1 2 3 4 5 0 2 3 5 6 5 0 1 4 5 7 5 3 4 5 6 7
1 5 0 1 2 3 4 5 0 2 3 6 7 5 0 1 4 6 7 5 3 4 5 6 7
1 5 0 1 2 4 5 5 0 2 3 6 7 5 0 1 5 6 7 5 3 4 5 6 7
1 5 0 1 2 3 4 5 0 1 2 5 6 5 1 4 5 6 7 5 2 3 4 5 6
1 5 0 1 2 3 4 5 0 1 2 6 7 5 1 4 5 6 7 5 2 3 4 5 7
1 5 0 1 2 3 4 5 0 1 2 6 7 5 1 4 5 6 7 5 2 3 5 6 7
1 5 0 1 2 3 4 5 0 1 2 3 6 5 1 4 5 6 7 5 3 4 5 6 7
1 5 0 1 2 3 4 5 0 1 3 6 7 5 1 4 5 6 7 5 3 4 5 6 7
1 5 0 2 3 4 5 5 0 1 2 6 7 5 1 2 5 6 7 5 2 3 5 6 7
1 5 0 2 3 4 5 5 0 1 3 6 7 5 1 2 5 6 7 5 3 4 5 6 7
1 5 0 1 2 3 4 5 1 2 5 6 7 5 1 2 4 5 7 5 2 3 4 5 7
1 5 0 1 2 3 4 5 1 2 3 5 6 5 1 2 4 5 7 5 3 4 5 6 7
1 5 0 1 2 3 4 5 1 2 3 6 7 5 1 2 4 6 7 5 3 4 5 6 7
1 5 0 1 2 4 5 5 1 2 3 6 7 5 1 2 5 6 7 5 3 4 5 6 7
1 5 0 1 2 3 4 5 1 2 3 6 7 5 2 4 5 6 7 5 3 4 5 6 7
1 5 0 1 3 4 5 5 1 2 3 6 7 5 2 3 5 6 7 5 3 4 5 6 7
4 12
1 5 0 1 2 3 5 5 0 1 5 6 7 5 0 1 3 4 5 5 1 2 3 5 7
1 5 0 1 2 3 5 5 0 1 2 5 6 5 0 1 3 4 5 5 2 3 5 6 7
1 5 0 1 2 3 6 5 0 1 2 6 7 5 0 1 3 4 5 5 2 3 5 6 7
1 5 0 1 2 3 6 5 0 1 2 6 7 5 0 1 4 5 6 5 2 3 4 6 7
1 5 0 1 3 4 6 5 0 1 2 6 7 5 0 1 4 5 6 5 2 3 4 6 7
1 5 0 2 3 4 5 5 0 2 5 6 7 5 0 1 2 4 5 5 2 3 4 5 7
1 5 0 2 3 4 5 5 0 2 3 5 6 5 0 1 2 4 5 5 3 4 5 6 7
1 5 0 2 3 4 6 5 0 2 3 6 7 5 0 1 2 4 5 5 3 4 5 6 7
1 5 0 2 3 4 6 5 0 2 3 6 7 5 0 1 2 5 6 5 3 4 5 6 7
1 5 0 2 4 5 6 5 0 2 3 6 7 5 0 1 2 5 6 5 3 4 5 6 7
1 5 0 2 3 4 6 5 0 1 2 6 7 5 1 2 4 5 6 5 2 3 4 6 7
1 5 0 3 4 5 6 5 0 1 3 6 7 5 1 2 3 5 6 5 3 4 5 6 7
4 6
1 5 0 1 2 3 4 5 0 1 2 3 4 5 0 1 4 6 7 5 1 2 4 5 6
1 5 0 1 2 3 4 5 0 1 2 3 4 5 0 1 4 5 7 5 1 2 5 6 7
1 5 0 1 3 4 5 5 0 1 3 4 5 5 0 1 5 6 7 5 1 2 3 5 6
1 5 0 1 3 4 5 5 0 1 3 4 5 5 0 1 5 6 7 5 1 2 3 6 7
1 5 0 2 3 4 5 5 0 2 3 4 5 5 0 1 2 5 7 5 2 3 5 6 7
1 5 0 2 4 5 6 5 0 2 4 5 6 5 0 1 2 6 7 5 2 3 4 6 7
4 24
1 5 0 1 2 3 7 5 0 1 2 3 4 5 0 1 4 5 6 5 1 2 4 6 7
1 5 0 1 2 3 7 5 0 1 2 3 4 5 0 1 5 6 7 5 1 2 4 5 7
1 5 0 1 3 4 7 5 0 1 2 3 4 5 0 1 4 5 6 5 1 2 4 6 7
1 5 0 1 3 4 7 5 0 1 2 3 4 5 0 1 5 6 7 5 1 2 4 5 7
1 5 0 1 3 4 7 5 0 1 3 4 5 5 0 1 5 6 7 5 1 2 3 5 7
1 5 0 1 4 5 7 5 0 1 3 4 5 5 0 1 5 6 7 5 1 2 3 5 7
1 5 0 1 3 4 7 5 0 1 2 3 4 5 0 1 4 5 6 5 2 3 4 6 7
1 5 0 1 3 4 7 5 0 1 2 3 4 5 0 1 5 6 7 5 2 3 4 5 7
1 5 0 1 4 5 7 5 0 1 2 4 5 5 0 1 5 6 7 5 2 3 4 5 7
1 5 0 2 3 4 7 5 0 2 3 4 5 5 0 1 2 5 6 5 2 3 5 6 7
1 5 0 2 3 4 7 5 0 2 3 4 5 5 0 1 2 6 7 5 2 3 5 6 7
1 5 0 2 4 5 7 5 0 2 3 4 5 5 0 1 2 5 6 5 2 3 5 6 7
1 5 0 2 4 5 7 5 0 2 3 4 5 5 0 1 2 6 7 5 2 3 5 6 7
1 5 0 2 4 5 7 5 0 2 4 5 6 5 0 1 2 6 7 5 2 3 4 6 7
1 5 0 2 5 6 7 5 0 2 4 5 6 5 0 1 2 6 7 5 2 3 4 6 7
1 5 0 2 4 5 7 5 0 2 3 4 5 5 0 1 2 5 6 5 3 4 5 6 7
1 5 0 2 4 5 7 5 0 2 3 4 5 5 0 1 2 6 7 5 3 4 5 6 7
1 5 0 2 5 6 7 5 0 2 3 5 6 5 0 1 2 6 7 5 3 4 5 6 7
1 5 0 2 3 4 7 5 0 1 2 3 4 5 1 2 4 5 6 5 2 3 4 6 7
1 5 0 2 3 4 7 5 0 1 2 3 4 5 1 2 5 6 7 5 2 3 4 5 7
1 5 0 2 4 5 7 5 0 1 2 4 5 5 1 2 5 6 7 5 2 3 4 5 7
1 5 0 3 4 5 7 5 0 1 3 4 5 5 1 2 3 5 6 5 3 4 5 6 7
1 5 0 3 4 5 7 5 0 1 3 4 5 5 1 2 3 6 7 5 3 4 5 6 7
1 5 0 3 5 6 7 5 0 1 3 5 6 5 1 2 3 6 7 5 3 4 5 6 7
4 21
1 5 0 1 2 3 4 5 0 1 2 4 5 5 0 1 2 3 5 5 1 2 5 6 7
1 5 0 1 2 3 4 5 0 1 2 4 5 5 0 1 3 4 5 5 1 2 5 6 7
1 5 0 1 3 4 5 5 0 1 2 3 5 5 0 1 3 4 5 5 1 2 5 6 7
1 5 0 1 3 4 5 5 0 1 3 5 6 5 0 1 3 4 6 5 1 2 3 6 7
1 5 0 1 3 4 5 5 0 1 3 5 6 5 0 1 4 5 6 5 1 2 3 6 7
1 5 0 1 4 5 6 5 0 1 3 4 6 5 0 1 4 5 6 5 1 2 3 6 7
1 5 0 1 4 5 6 5 0 1 4 6 7 5 0 1 4 5 7 5 1 2 3 4 7
1 5 0 1 4 5 6 5 0 1 4 6 7 5 0 1 5 6 7 5 1 2 3 4 7
1 5 0 1 5 6 7 5 0 1 4 5 7 5 0 1 5 6 7 5 1 2 3 4 7
1 5 0 1 3 4 5 5 0 1 2 3 5 5 0 1 3 4 5 5 2 3 5 6 7
1 5 0 1 4 5 6 5 0 1 2 4 6 5 0 1 4 5 6 5 2 3 4 6 7
1 5 0 1 5 6 7 5 0 1 2 5 7 5 0 1 5 6 7 5 2 3 4 5 7
1 5 0 1 2 3 4 5 0 2 3 4 5 5 0 1 3 4 5 5 2 3 5 6 7
1 5 0 1 2 4 5 5 0 2 4 5 6 5 0 1 4 5 6 5 2 3 4 6 7
1 5 0 1 2 5 6 5 0 2 5 6 7 5 0 1 5 6 7 5 2 3 4 5 7
1 5 0 2 3 4 5 5 0 1 2 3 5 5 1 2 3 4 5 5 2 3 5 6 7
1 5 0 2 4 5 6 5 0 1 2 4 6 5 1 2 4 5 6 5 2 3 4 6 7
1 5 0 2 5 6 7 5 0 1 2 5 7 5 1 2 5 6 7 5 2 3 4 5 7
1 5 0 1 2 3 4 5 1 2 3 4 5 5 1 2 3 4 5 5 2 3 5 6 7
1 5 0 1 2 4 5 5 1 2 4 5 6 5 1 2 4 5 6 5 2 3 4 6 7
1 5 0 1 2 5 6 5 1 2 5 6 7 5 1 2 5 6 7 5 2 3 4 5 7
4 44
1 5 0 1 2 4 5 5 0 1 2 5 6 5 0 1 2 3 4 5 1 2 4 6 7
1 5 0 1 2 5 6 5 0 1 2 6 7 5 0 1 2 3 4 5 1 2 4 5 7
1 5 0 1 2 3 5 5 0 1 2 5 6 5 0 1 3 4 5 5 1 2 5 6 7
1 5 0 1 2 3 6 5 0 1 2 6 7 5 0 1 3 4 5 5 1 2 5 6 7
1 5 0 1 3 5 6 5 0 1 2 3 6 5 0 1 3 4 5 5 1 2 5 6 7
1 5 0 1 3 6 7 5 0 1 2 3 7 5 0 1 3 4 5 5 1 2 5 6 7
1 5 0 1 3 5 6 5 0 1 3 6 7 5 0 1 3 4 5 5 1 2 3 5 7
1 5 0 1 3 4 6 5 0 1 3 6 7 5 0 1 4 5 6 5 1 2 3 6 7
1 5 0 1 4 6 7 5 0 1 3 4 7 5 0 1 4 5 6 5 1 2 3 6 7
1 5 0 1 3 5 6 5 0 1 2 3 6 5 0 1 3 4 5 5 2 3 5 6 7
1 5 0 1 3 6 7 5 0 1 2 3 7 5 0 1 3 4 5 5 2 3 5 6 7
1 5 0 1 4 6 7 5 0 1 2 4 7 5 0 1 4 5 6 5 2 3 4 6 7
1 5 0 1 2 3 5 5 0 2 3 5 6 5 0 1 3 4 5 5 2 3 5 6 7
1 5 0 1 2 3 6 5 0 2 3 6 7 5 0 1 3 4 5 5 2 3 5 6 7
1 5 0 1 2 4 6 5 0 2 4 6 7 5 0 1 4 5 6 5 2 3 4 6 7
1 5 0 2 3 4 5 5 0 2 3 5 6 5 0 1 2 3 4 5 2 3 4 6 7
1 5 0 2 3 5 6 5 0 2 3 6 7 5 0 1 2 3 4 5 2 3 4 5 7
1 5 0 2 3 4 5 5 0 2 3 5 6 5 0 1 2 4 5 5 2 3 5 6 7
1 5 0 2 3 4 6 5 0 2 3 6 7 5 0 1 2 4 5 5 2 3 5 6 7
1 5 0 2 4 5 6 5 0 2 3 4 6 5 0 1 2 4 5 5 2 3 5 6 7
1 5 0 2 4 6 7 5 0 2 3 4 7 5 0 1 2 4 5 5 2 3 5 6 7
1 5 0 2 4 5 6 5 0 2 4 6 7 5 0 1 2 4 5 5 2 3 4 5 7
1 5 0 2 4 5 6 5 0 2 4 6 7 5 0 1 2 5 6 5 2 3 4 6 7
1 5 0 2 5 6 7 5 0 2 4 5 7 5 0 1 2 5 6 5 2 3 4 6 7
1 5 0 2 4 5 6 5 0 2 3 4 6 5 0 1 2 4 5 5 3 4 5 6 7
1 5 0 2 4 6 7 5 0 2 3 4 7 5 0 1 2 4 5 5 3 4 5 6 7
1 5 0 2 5 6 7 5 0 2 3 5 7 5 0 1 2 5 6 5 3 4 5 6 7
1 5 0 2 3 4 5 5 0 3 4 5 6 5 0 1 2 4 5 5 3 4 5 6 7
1 5 0 2 3 4 6 5 0 3 4 6 7 5 0 1 2 4 5 5 3 4 5 6 7
1 5 0 2 3 5 6 5 0 3 5 6 7 5 0 1 2 5 6 5 3 4 5 6 7
1 5 0 3 4 5 6 5 0 3 4 6 7 5 0 1 2 3 5 5 3 4 5 6 7
1 5 0 3 5 6 7 5 0 3 4 5 7 5 0 1 2 3 5 5 3 4 5 6 7
1 5 0 2 3 5 6 5 0 1 2 3 6 5 1 2 3 4 5 5 2 3 5 6 7
1 5 0 2 3 6 7 5 0 1 2 3 7 5 1 2 3 4 5 5 2 3 5 6 7
1 5 0 2 4 6 7 5 0 1 2 4 7 5 1 2 4 5 6 5 2 3 4 6 7
1 5 0 3 4 5 6 5 0 1 3 4 6 5 1 2 3 4 5 5 3 4 5 6 7
1 5 0 3 4 6 7 5 0 1 3 4 7 5 1 2 3 4 5 5 3 4 5 6 7
1 5 0 3 5 6 7 5 0 1 3 5 7 5 1 2 3 5 6 5 3 4 5 6 7
1 5 0 1 2 3 5 5 1 2 3 5 6 5 1 2 3 4 5 5 2 3 5 6 7
1 5 0 1 2 3 6 5 1 2 3 6 7 5 1 2 3 4 5 5 2 3 5 6 7
1 5 0 1 2 4 6 5 1 2 4 6 7 5 1 2 4 5 6 5 2 3 4 6 7
1 5 0 1 3 4 5 5 1 3 4 5 6 5 1 2 3 4 5 5 3 4 5 6 7
1 5 0 1 3 4 6 5 1 3 4 6 7 5 1 2 3 4 5 5 3 4 5 6 7
1 5 0 1 3 5 6 5 1 3 5 6 7 5 1 2 3 5 6 5 3 4 5 6 7
4 6
1 5 0 1 2 3 4 5 0 1 2 4 5 5 0 1 5 6 7 5 1 2 3 4 5
1 5 0 1 3 4 5 5 0 1 2 3 5 5 0 1 5 6 7 5 1 2 3 4 5
1 5 0 2 3 4 5 5 0 2 3 5 6 5 0 1 2 6 7 5 2 3 4 5 6
1 5 0 2 4 5 6 5 0 2 3 4 6 5 0 1 2 6 7 5 2 3 4 5 6
1 5 0 3 4 5 6 5 0 3 4 6 7 5 0 1 2 3 7 5 3 4 5 6 7
1 5 0 3 5 6 7 5 0 3 4 5 7 5 0 1 2 3 7 5 3 4 5 6 7
4 15
1 5 0 1 4 5 6 5 0 1 2 3 4 5 0 1 4 5 6 5 1 2 4 6 7
1 5 0 1 4 5 6 5 0 1 2 3 4 5 0 1 5 6 7 5 1 2 4 5 7
1 5 0 1 4 6 7 5 0 1 2 3 4 5 0 1 5 6 7 5 1 2 4 5 7
1 5 0 1 5 6 7 5 0 1 3 4 5 5 0 1 5 6 7 5 1 2 3 5 7
1 5 0 1 4 5 6 5 0 1 2 3 4 5 0 1 4 5 6 5 2 3 4 6 7
1 5 0 1 4 5 6 5 0 1 2 3 4 5 0 1 5 6 7 5 2 3 4 5 7
1 5 0 1 4 6 7 5 0 1 2 3 4 5 0 1 5 6 7 5 2 3 4 5 7
1 5 0 1 5 6 7 5 0 1 2 4 5 5 0 1 5 6 7 5 2 3 4 5 7
1 5 0 2 5 6 7 5 0 2 3 4 5 5 0 1 2 6 7 5 2 3 5 6 7
1 5 0 2 5 6 7 5 0 2 3 4 5 5 0 1 2 6 7 5 3 4 5 6 7
1 5 0 2 4 5 6 5 0 1 2 3 4 5 1 2 4 5 6 5 2 3 4 6 7
1 5 0 2 4 5 6 5 0 1 2 3 4 5 1 2 5 6 7 5 2 3 4 5 7
1 5 0 2 4 6 7 5 0 1 2 3 4 5 1 2 5 6 7 5 2 3 4 5 7
1 5 0 2 5 6 7 5 0 1 2 4 5 5 1 2 5 6 7 5 2 3 4 5 7
1 5 0 3 5 6 7 5 0 1 3 4 5 5 1 2 3 6 7 5 3 4 5 6 7
4 29
1 5 0 1 4 5 6 5 0 1 2 3 4 5 0 1 4 5 7 5 1 2 4 6 7
1 5 0 1 4 5 6 5 0 1 2 3 4 5 0 1 5 6 7 5 1 2 4 5 6
1 5 0 1 4 6 7 5 0 1 2 3 4 5 0 1 5 6 7 5 1 2 4 5 7
1 5 0 1 4 5 6 5 0 1 2 3 4 5 0 1 5 6 7 5 1 2 5 6 7
1 5 0 1 5 6 7 5 0 1 3 4 5 5 0 1 5 6 7 5 1 2 3 5 7
1 5 0 1 4 5 6 5 0 1 2 3 4 5 0 1 4 5 7 5 2 3 4 6 7
1 5 0 1 4 5 6 5 0 1 2 3 4 5 0 1 5 6 7 5 2 3 4 5 6
1 5 0 1 4 6 7 5 0 1 2 3 4 5 0 1 5 6 7 5 2 3 4 5 7
1 5 0 1 4 5 6 5 0 1 2 3 4 5 0 1 5 6 7 5 2 3 5 6 7
1 5 0 1 5 6 7 5 0 1 2 4 5 5 0 1 5 6 7 5 2 3 4 5 7
1 5 0 1 4 5 6 5 0 1 2 3 4 5 0 1 5 6 7 5 3 4 5 6 7
1 5 0 1 2 5 6 5 0 2 3 4 5 5 0 1 5 6 7 5 2 3 5 6 7
1 5 0 1 2 5 6 5 0 2 3 4 5 5 0 1 5 6 7 5 3 4 5 6 7
1 5 0 2 5 6 7 5 0 2 3 4 5 5 0 1 2 6 7 5 2 3 5 6 7
1 5 0 2 5 6 7 5 0 2 3 4 5 5 0 1 2 6 7 5 3 4 5 6 7
1 5 0 1 2 4 5 5 0 1 2 3 4 5 1 4 5 6 7 5 2 3 4 5 6
1 5 0 1 2 4 6 5 0 1 2 3 4 5 1 4 5 6 7 5 2 3 4 6 7
1 5 0 2 4 5 6 5 0 1 2 3 4 5 1 2 4 5 7 5 2 3 4 6 7
1 5 0 2 4 5 6 5 0 1 2 3 4 5 1 2 5 6 7 5 2 3 4 5 6
1 5 0 2 4 6 7 5 0 1 2 3 4 5 1 2 5 6 7 5 2 3 4 5 7
1 5 0 2 4 5 6 5 0 1 2 3 4 5 1 2 5 6 7 5 2 3 5 6 7
1 5 0 2 5 6 7 5 0 1 2 4 5 5 1 2 5 6 7 5 2 3 4 5 7
1 5 0 2 4 5 6 5 0 1 2 3 4 5 1 2 5 6 7 5 3 4 5 6 7
1 5 0 2 3 5 6 5 0 1 3 4 5 5 1 2 5 6 7 5 3 4 5 6 7
1 5 0 3 5 6 7 5 0 1 3 4 5 5 1 2 3 6 7 5 3 4 5 6 7
1 5 0 3 4 5 6 5 0 1 2 3 4 5 2 3 5 6 7 5 3 4 5 6 7
1 5 0 1 2 5 6 5 1 2 3 4 5 5 1 2 5 6 7 5 2 3 5 6 7
1 5 0 1 2 5 6 5 1 2 3 4 5 5 1 2 5 6 7 5 3 4 5 6 7
1 5 0 1 3 5 6 5 1 2 3 4 5 5 2 3 5 6 7 5 3 4 5 6 7
4 57
1 5 0 1 4 5 6 5 0 1 2 3 4 5 0 1 2 3 7 5 1 2 3 6 7
1 5 0 1 5 6 7 5 0 1 2 4 5 5 0 1 2 3 7 5 1 2 3 4 7
1 5 0 1 4 5 6 5 0 1 2 3 4 5 0 1 3 6 7 5 1 2 3 4 6
1 5 0 1 4 5 6 5 0 1 2 3 4 5 0 1 3 4 7 5 1 2 4 6 7
1 5 0 1 5 6 7 5 0 1 2 3 5 5 0 1 3 4 7 5 1 2 4 5 7
1 5 0 1 5 6 7 5 0 1 3 4 5 5 0 1 3 4 7 5 1 2 3 4 7
1 5 0 1 5 6 7 5 0 1 3 4 5 5 0 1 4 5 7 5 1 2 3 5 7
1 5 0 1 4 5 6 5 0 1 2 3 4 5 0 1 3 4 7 5 2 3 4 6 7
1 5 0 1 5 6 7 5 0 1 2 3 5 5 0 1 3 4 7 5 2 3 4 5 7
1 5 0 1 5 6 7 5 0 1 2 4 5 5 0 1 4 5 7 5 2 3 4 5 7
1 5 0 1 2 5 6 5 0 2 3 4 5 5 0 1 3 4 7 5 2 3 4 6 7
1 5 0 1 2 6 7 5 0 2 3 5 6 5 0 1 3 4 7 5 2 3 4 5 7
1 5 0 1 2 5 6 5 0 2 3 4 5 5 0 1 4 6 7 5 2 3 4 5 6
1 5 0 1 2 5 6 5 0 2 3 4 5 5 0 1 4 5 7 5 2 3 5 6 7
1 5 0 1 2 6 7 5 0 2 3 4 6 5 0 1 4 5 7 5 2 3 5 6 7
1 5 0 1 2 6 7 5 0 2 4 5 6 5 0 1 4 5 7 5 2 3 4 5 7
1 5 0 1 2 6 7 5 0 2 4 5 6 5 0 1 5 6 7 5 2 3 4 6 7
1 5 0 1 2 5 6 5 0 2 3 4 5 5 0 1 4 5 7 5 3 4 5 6 7
1 5 0 1 2 6 7 5 0 2 3 4 6 5 0 1 4 5 7 5 3 4 5 6 7
1 5 0 1 2 6 7 5 0 2 3 5 6 5 0 1 5 6 7 5 3 4 5 6 7
1 5 0 1 2 3 6 5 0 3 4 5 6 5 0 1 4 5 7 5 3 4 5 6 7
1 5 0 1 2 3 7 5 0 3 4 6 7 5 0 1 4 5 7 5 3 4 5 6 7
1 5 0 1 2 3 7 5 0 3 5 6 7 5 0 1 5 6 7 5 3 4 5 6 7
1 5 0 2 5 6 7 5 0 2 3 4 5 5 0 1 2 4 7 5 2 3 4 5 7
1 5 0 2 3 6 7 5 0 3 4 5 6 5 0 1 2 5 7 5 3 4 5 6 7
1 5 0 1 2 4 5 5 0 1 2 3 4 5 1 3 4 6 7 5 2 3 4 5 6
1 5 0 1 2 5 6 5 0 1 2 3 5 5 1 3 4 6 7 5 2 3 4 5 6
1 5 0 1 2 5 6 5 0 1 2 3 5 5 1 3 4 5 7 5 2 3 5 6 7
1 5 0 1 2 6 7 5 0 1 2 3 6 5 1 3 4 5 7 5 2 3 5 6 7
1 5 0 1 2 5 6 5 0 1 2 4 5 5 1 4 5 6 7 5 2 3 4 5 6
1 5 0 1 2 6 7 5 0 1 2 4 6 5 1 4 5 6 7 5 2 3 4 6 7
1 5 0 2 4 5 6 5 0 1 2 3 4 5 1 2 3 4 7 5 2 3 4 6 7
1 5 0 2 5 6 7 5 0 1 2 3 5 5 1 2 3 4 7 5 2 3 4 5 7
1 5 0 2 5 6 7 5 0 1 2 4 5 5 1 2 4 5 7 5 2 3 4 5 7
1 5 0 2 3 5 6 5 0 1 3 4 5 5 1 2 4 5 7 5 3 4 5 6 7
1 5 0 2 3 6 7 5 0 1 3 4 6 5 1 2 4 5 7 5 3 4 5 6 7
1 5 0 2 3 6 7 5 0 1 3 5 6 5 1 2 5 6 7 5 3 4 5 6 7
1 5 0 1 2 5 6 5 1 2 3 4 5 5 1 2 3 4 7 5 2 3 4 6 7
1 5 0 1 2 6 7 5 1 2 3 5 6 5 1 2 3 4 7 5 2 3 4 5 7
1 5 0 1 2 5 6 5 1 2 3 4 5 5 1 2 4 6 7 5 2 3 4 5 6
1 5 0 1 2 5 6 5 1 2 3 4 5 5 1 2 4 5 7 5 2 3 5 6 7
1 5 0 1 2 6 7 5 1 2 3 4 6 5 1 2 4 5 7 5 2 3 5 6 7
1 5 0 1 2 6 7 5 1 2 4 5 6 5 1 2 4 5 7 5 2 3 4 5 7
1 5 0 1 2 6 7 5 1 2 4 5 6 5 1 2 5 6 7 5 2 3 4 6 7
1 5 0 1 2 5 6 5 1 2 3 4 5 5 1 2 4 5 7 5 3 4 5 6 7
1 5 0 1 2 6 7 5 1 2 3 4 6 5 1 2 4 5 7 5 3 4 5 6 7
1 5 0 1 2 6 7 5 1 2 3 5 6 5 1 2 5 6 7 5 3 4 5 6 7
1 5 0 1 2 3 6 5 1 3 4 5 6 5 1 2 4 5 7 5 3 4 5 6 7
1 5 0 1 2 3 7 5 1 3 4 6 7 5 1 2 4 5 7 5 3 4 5 6 7
1 5 0 1 2 3 7 5 1 3 5 6 7 5 1 2 5 6 7 5 3 4 5 6 7
1 5 0 1 3 6 7 5 1 3 4 5 6 5 1 2 3 5 7 5 3 4 5 6 7
1 5 0 1 3 5 6 5 1 2 3 4 5 5 2 3 4 5 7 5 3 4 5 6 7
1 5 0 1 3 6 7 5 1 2 3 4 6 5 2 3 4 5 7 5 3 4 5 6 7
1 5 0 1 3 6 7 5 1 2 3 5 6 5 2 3 5 6 7 5 3 4 5 6 7
1 5 0 1 2 3 6 5 2 3 4 5 6 5 2 3 4 5 7 5 3 4 5 6 7
1 5 0 1 2 3 7 5 2 3 4 6 7 5 2 3 4 5 7 5 3 4 5 6 7
1 5 0 1 2 3 7 5 2 3 5 6 7 5 2 3 5 6 7 5 3 4 5 6 7
4 27
1 5 0 1 3 4 5 5 0 1 2 3 5 5 0 1 3 5 6 5 1 2 3 6 7
1 5 0 1 4 5 6 5 0 1 2 3 6 5 0 1 3 4 6 5 1 2 3 6 7
1 5 0 1 4 5 6 5 0 1 2 3 6 5 0 1 4 6 7 5 1 2 3 4 7
1 5 0 1 5 6 7 5 0 1 2 3 7 5 0 1 4 5 7 5 1 2 3 4 7
1 5 0 1 4 5 6 5 0 1 3 4 6 5 0 1 4 6 7 5 1 2 3 4 7
1 5 0 1 5 6 7 5 0 1 3 4 7 5 0 1 4 5 7 5 1 2 3 4 7
1 5 0 1 2 4 5 5 0 2 3 4 5 5 0 1 4 5 6 5 2 3 4 6 7
1 5 0 1 2 5 6 5 0 2 3 4 6 5 0 1 4 5 6 5 2 3 4 6 7
1 5 0 1 2 5 6 5 0 2 3 4 6 5 0 1 5 6 7 5 2 3 4 5 7
1 5 0 1 2 6 7 5 0 2 3 4 7 5 0 1 5 6 7 5 2 3 4 5 7
1 5 0 1 2 5 6 5 0 2 4 5 6 5 0 1 5 6 7 5 2 3 4 5 7
1 5 0 1 2 6 7 5 0 2 4 5 7 5 0 1 5 6 7 5 2 3 4 5 7
1 5 0 2 4 5 6 5 0 2 3 4 6 5 0 1 2 4 6 5 2 3 4 6 7
1 5 0 2 5 6 7 5 0 2 3 4 7 5 0 1 2 5 7 5 2 3 4 5 7
1 5 0 2 5 6 7 5 0 2 4 5 7 5 0 1 2 5 7 5 2 3 4 5 7
1 5 0 2 3 5 6 5 0 3 4 5 6 5 0 1 2 5 6 5 3 4 5 6 7
1 5 0 2 3 6 7 5 0 3 4 5 7 5 0 1 2 6 7 5 3 4 5 6 7
1 5 0 2 3 6 7 5 0 3 5 6 7 5 0 1 2 6 7 5 3 4 5 6 7
1 5 0 1 2 4 5 5 1 2 3 4 5 5 1 2 4 5 6 5 2 3 4 6 7
1 5 0 1 2 5 6 5 1 2 3 4 6 5 1 2 4 5 6 5 2 3 4 6 7
1 5 0 1 2 5 6 5 1 2 3 4 6 5 1 2 5 6 7 5 2 3 4 5 7
1 5 0 1 2 6 7 5 1 2 3 4 7 5 1 2 5 6 7 5 2 3 4 5 7
1 5 0 1 2 5 6 5 1 2 4 5 6 5 1 2 5 6 7 5 2 3 4 5 7
1 5 0 1 2 6 7 5 1 2 4 5 7 5 1 2 5 6 7 5 2 3 4 5 7
1 5 0 1 3 5 6 5 1 3 4 5 6 5 1 2 3 5 6 5 3 4 5 6 7
1 5 0 1 3 6 7 5 1 3 4 5 7 5 1 2 3 6 7 5 3 4 5 6 7
1 5 0 1 3 6 7 5 1 3 5 6 7 5 1 2 3 6 7 5 3 4 5 6 7
4 17
1 5 0 1 2 3 4 5 0 1 4 5 6 5 0 1 2 4 5 5 1 2 5 6 7
1 5 0 1 2 3 4 5 0 1 4 6 7 5 0 1 2 4 5 5 1 2 5 6 7
1 5 0 1 3 4 5 5 0 1 5 6 7 5 0 1 2 3 5 5 1 2 5 6 7
1 5 0 1 3 4 5 5 0 1 5 6 7 5 0 1 3 5 6 5 1 2 3 6 7
1 5 0 1 2 3 4 5 0 2 4 5 6 5 0 1 2 3 4 5 2 4 5 6 7
1 5 0 1 2 3 4 5 0 2 4 6 7 5 0 1 2 3 4 5 2 4 5 6 7
1 5 0 1 2 3 4 5 0 2 4 5 6 5 0 1 3 4 5 5 2 3 5 6 7
1 5 0 1 2 3 4 5 0 2 4 6 7 5 0 1 3 4 5 5 2 3 5 6 7
1 5 0 1 2 4 5 5 0 2 5 6 7 5 0 1 3 4 5 5 2 3 5 6 7
1 5 0 1 2 4 5 5 0 2 5 6 7 5 0 1 4 5 6 5 2 3 4 6 7
1 5 0 2 3 4 5 5 0 2 5 6 7 5 0 1 2 3 5 5 2 3 5 6 7
1 5 0 2 3 4 5 5 0 3 5 6 7 5 0 1 2 4 5 5 3 4 5 6 7
1 5 0 1 2 3 4 5 1 2 4 5 6 5 1 2 3 4 5 5 2 3 5 6 7
1 5 0 1 2 3 4 5 1 2 4 6 7 5 1 2 3 4 5 5 2 3 5 6 7
1 5 0 1 2 4 5 5 1 2 5 6 7 5 1 2 3 4 5 5 2 3 5 6 7
1 5 0 1 2 4 5 5 1 2 5 6 7 5 1 2 4 5 6 5 2 3 4 6 7
1 5 0 1 3 4 5 5 1 3 5 6 7 5 1 2 3 4 5 5 3 4 5 6 7
4 22
1 5 0 1 2 3 4 5 0 1 4 5 6 5 0 1 2 3 4 5 1 2 4 6 7
1 5 0 1 2 3 5 5 0 1 5 6 7 5 0 1 2 3 4 5 1 2 4 5 7
1 5 0 1 3 4 5 5 0 1 5 6 7 5 0 1 2 3 4 5 1 2 4 5 7
1 5 0 1 3 4 5 5 0 1 5 6 7 5 0 1 3 4 5 5 1 2 3 5 7
1 5 0 1 2 3 4 5 0 1 2 4 5 5 0 1 2 3 4 5 2 4 5 6 7
1 5 0 1 2 3 5 5 0 1 2 5 6 5 0 1 2 3 4 5 2 4 5 6 7
1 5 0 1 2 3 6 5 0 1 2 6 7 5 0 1 2 3 4 5 2 4 5 6 7
1 5 0 1 3 4 5 5 0 1 2 5 6 5 0 1 2 3 4 5 2 4 5 6 7
1 5 0 1 3 4 6 5 0 1 2 6 7 5 0 1 2 3 4 5 2 4 5 6 7
1 5 0 1 3 4 5 5 0 1 2 5 6 5 0 1 3 4 5 5 2 3 5 6 7
1 5 0 1 3 4 6 5 0 1 2 6 7 5 0 1 3 4 5 5 2 3 5 6 7
1 5 0 1 4 5 6 5 0 1 2 6 7 5 0 1 3 4 5 5 2 3 5 6 7
1 5 0 1 4 5 6 5 0 1 2 6 7 5 0 1 4 5 6 5 2 3 4 6 7
1 5 0 2 3 4 5 5 0 2 5 6 7 5 0 1 2 3 4 5 2 3 4 5 7
1 5 0 2 3 4 5 5 0 2 3 5 6 5 0 1 2 3 4 5 3 4 5 6 7
1 5 0 2 3 4 6 5 0 2 3 6 7 5 0 1 2 3 4 5 3 4 5 6 7
1 5 0 2 4 5 6 5 0 2 3 6 7 5 0 1 2 4 5 5 3 4 5 6 7
1 5 0 2 3 4 5 5 0 1 2 5 6 5 1 2 3 4 5 5 2 3 5 6 7
1 5 0 2 3 4 6 5 0 1 2 6 7 5 1 2 3 4 5 5 2 3 5 6 7
1 5 0 2 4 5 6 5 0 1 2 6 7 5 1 2 3 4 5 5 2 3 5 6 7
1 5 0 2 4 5 6 5 0 1 2 6 7 5 1 2 4 5 6 5 2 3 4 6 7
1 5 0 3 4 5 6 5 0 1 3 6 7 5 1 2 3 4 5 5 3 4 5 6 7
4 97
1 5 0 1 2 3 5 5 0 1 3 4 5 5 0 1 2 6 7 5 1 2 3 5 6
1 5 0 1 2 3 6 5 0 1 4 5 6 5 0 1 2 6 7 5 1 2 3 4 6
1 5 0 1 3 5 6 5 0 1 3 4 5 5 0 1 2 3 7 5 1 2 3 6 7
1 5 0 1 3 6 7 5 0 1 4 5 6 5 0 1 2 3 7 5 1 2 3 4 7
1 5 0 1 3 4 6 5 0 1 4 5 6 5 0 1 2 3 7 5 1 2 4 6 7
1 5 0 1 3 4 7 5 0 1 5 6 7 5 0 1 2 3 7 5 1 2 4 5 7
1 5 0 1 3 4 6 5 0 1 4 5 6 5 0 1 3 6 7 5 1 2 3 4 6
1 5 0 1 4 6 7 5 0 1 4 5 6 5 0 1 3 4 7 5 1 2 3 4 7
1 5 0 1 4 5 7 5 0 1 5 6 7 5 0 1 3 4 7 5 1 2 3 5 7
1 5 0 1 2 3 4 5 0 1 2 3 4 5 0 1 2 6 7 5 2 3 4 5 6
1 5 0 1 2 3 5 5 0 1 2 4 5 5 0 1 2 6 7 5 2 3 4 5 6
1 5 0 1 2 3 6 5 0 1 2 5 6 5 0 1 2 6 7 5 2 3 4 5 6
1 5 0 1 3 4 5 5 0 1 2 3 4 5 0 1 2 3 7 5 2 3 5 6 7
1 5 0 1 3 5 6 5 0 1 2 4 5 5 0 1 2 3 7 5 2 3 4 6 7
1 5 0 1 3 6 7 5 0 1 2 5 6 5 0 1 2 3 7 5 2 3 4 5 7
1 5 0 1 3 4 5 5 0 1 2 4 5 5 0 1 2 3 7 5 2 4 5 6 7
1 5 0 1 3 4 6 5 0 1 2 5 6 5 0 1 2 3 7 5 2 4 5 6 7
1 5 0 1 3 4 7 5 0 1 2 6 7 5 0 1 2 3 7 5 2 4 5 6 7
1 5 0 1 3 4 5 5 0 1 2 4 5 5 0 1 3 6 7 5 2 3 4 5 6
1 5 0 1 3 4 6 5 0 1 2 5 6 5 0 1 3 6 7 5 2 3 4 5 6
1 5 0 1 4 5 6 5 0 1 2 4 5 5 0 1 3 4 7 5 2 3 4 6 7
1 5 0 1 4 6 7 5 0 1 2 5 6 5 0 1 3 4 7 5 2 3 4 5 7
1 5 0 1 4 5 6 5 0 1 2 5 6 5 0 1 3 4 7 5 2 3 5 6 7
1 5 0 1 4 5 7 5 0 1 2 6 7 5 0 1 3 4 7 5 2 3 5 6 7
1 5 0 1 4 5 6 5 0 1 2 5 6 5 0 1 4 6 7 5 2 3 4 5 6
1 5 0 1 5 6 7 5 0 1 2 5 6 5 0 1 4 5 7 5 2 3 4 5 7
1 5 0 1 5 6 7 5 0 1 2 6 7 5 0 1 4 5 7 5 2 3 4 6 7
1 5 0 1 4 5 6 5 0 1 2 3 5 5 0 1 3 4 7 5 3 4 5 6 7
1 5 0 1 4 6 7 5 0 1 2 3 6 5 0 1 3 4 7 5 3 4 5 6 7
1 5 0 1 5 6 7 5 0 1 2 3 6 5 0 1 4 5 7 5 3 4 5 6 7
1 5 0 1 2 3 5 5 0 2 3 4 5 5 0 1 2 3 7 5 2 3 5 6 7
1 5 0 1 2 3 6 5 0 2 4 5 6 5 0 1 2 3 7 5 2 3 4 6 7
1 5 0 1 2 3 7 5 0 2 5 6 7 5 0 1 2 3 7 5 2 3 4 5 7
1 5 0 1 2 4 6 5 0 2 4 5 6 5 0 1 3 4 7 5 2 3 4 6 7
1 5 0 1 2 4 7 5 0 2 5 6 7 5 0 1 3 4 7 5 2 3 4 5 7
1 5 0 1 2 5 7 5 0 2 5 6 7 5 0 1 4 5 7 5 2 3 4 5 7
1 5 0 1 2 4 5 5 0 2 3 4 5 5 0 1 3 4 7 5 3 4 5 6 7
1 5 0 1 2 4 6 5 0 2 3 5 6 5 0 1 3 4 7 5 3 4 5 6 7
1 5 0 1 2 4 7 5 0 2 3 6 7 5 0 1 3 4 7 5 3 4 5 6 7
1 5 0 1 2 5 6 5 0 2 3 5 6 5 0 1 4 5 7 5 3 4 5 6 7
1 5 0 1 2 5 7 5 0 2 3 6 7 5 0 1 4 5 7 5 3 4 5 6 7
1 5 0 1 2 6 7 5 0 2 3 6 7 5 0 1 5 6 7 5 3 4 5 6 7
1 5 0 2 3 4 6 5 0 2 4 5 6 5 0 1 2 3 7 5 2 3 4 6 7
1 5 0 2 3 4 7 5 0 2 5 6 7 5 0 1 2 3 7 5 2 3 4 5 7
1 5 0 2 4 5 7 5 0 2 5 6 7 5 0 1 2 4 7 5 2 3 4 5 7
1 5 0 2 3 4 5 5 0 2 3 4 5 5 0 1 2 3 7 5 3 4 5 6 7
1 5 0 2 3 4 6 5 0 2 3 5 6 5 0 1 2 3 7 5 3 4 5 6 7
1 5 0 2 3 4 7 5 0 2 3 6 7 5 0 1 2 3 7 5 3 4 5 6 7
1 5 0 2 4 5 6 5 0 2 3 5 6 5 0 1 2 4 7 5 3 4 5 6 7
1 5 0 2 4 5 7 5 0 2 3 6 7 5 0 1 2 4 7 5 3 4 5 6 7
1 5 0 2 5 6 7 5 0 2 3 6 7 5 0 1 2 5 7 5 3 4 5 6 7
1 5 0 1 2 3 4 5 0 1 2 3 4 5 1 2 3 6 7 5 2 3 4 5 6
1 5 0 1 2 3 5 5 0 1 2 4 5 5 1 2 3 6 7 5 2 3 4 5 6
1 5 0 1 2 3 6 5 0 1 2 5 6 5 1 2 3 6 7 5 2 3 4 5 6
1 5 0 1 2 4 5 5 0 1 2 4 5 5 1 2 3 4 7 5 2 4 5 6 7
1 5 0 1 2 4 6 5 0 1 2 5 6 5 1 2 3 4 7 5 2 4 5 6 7
1 5 0 1 2 4 7 5 0 1 2 6 7 5 1 2 3 4 7 5 2 4 5 6 7
1 5 0 1 2 4 5 5 0 1 2 4 5 5 1 3 4 6 7 5 2 3 4 5 6
1 5 0 1 2 4 6 5 0 1 2 5 6 5 1 3 4 6 7 5 2 3 4 5 6
1 5 0 1 2 5 6 5 0 1 2 5 6 5 1 3 4 5 7 5 2 3 5 6 7
1 5 0 1 2 5 7 5 0 1 2 6 7 5 1 3 4 5 7 5 2 3 5 6 7
1 5 0 1 2 5 6 5 0 1 2 5 6 5 1 4 5 6 7 5 2 3 4 5 6
1 5 0 1 2 6 7 5 0 1 2 6 7 5 1 4 5 6 7 5 2 3 4 6 7
1 5 0 2 3 4 5 5 0 1 2 4 5 5 1 2 3 6 7 5 2 3 4 5 6
1 5 0 2 3 4 6 5 0 1 2 5 6 5 1 2 3 6 7 5 2 3 4 5 6
1 5 0 2 4 5 6 5 0 1 2 4 5 5 1 2 3 4 7 5 2 3 4 6 7
1 5 0 2 4 6 7 5 0 1 2 5 6 5 1 2 3 4 7 5 2 3 4 5 7
1 5 0 2 4 5 6 5 0 1 2 5 6 5 1 2 3 4 7 5 2 3 5 6 7
1 5 0 2 4 5 7 5 0 1 2 6 7 5 1 2 3 4 7 5 2 3 5 6 7
1 5 0 2 4 5 6 5 0 1 2 5 6 5 1 2 4 6 7 5 2 3 4 5 6
1 5 0 2 5 6 7 5 0 1 2 5 6 5 1 2 4 5 7 5 2 3 4 5 7
1 5 0 2 5 6 7 5 0 1 2 6 7 5 1 2 4 5 7 5 2 3 4 6 7
1 5 0 2 4 5 6 5 0 1 2 3 5 5 1 2 3 4 7 5 3 4 5 6 7
1 5 0 2 4 6 7 5 0 1 2 3 6 5 1 2 3 4 7 5 3 4 5 6 7
1 5 0 2 5 6 7 5 0 1 2 3 6 5 1 2 4 5 7 5 3 4 5 6 7
1 5 0 2 3 4 5 5 0 1 3 4 5 5 1 2 3 4 7 5 3 4 5 6 7
1 5 0 2 3 4 6 5 0 1 3 5 6 5 1 2 3 4 7 5 3 4 5 6 7
1 5 0 2 3 4 7 5 0 1 3 6 7 5 1 2 3 4 7 5 3 4 5 6 7
1 5 0 2 3 5 6 5 0 1 3 5 6 5 1 2 4 5 7 5 3 4 5 6 7
1 5 0 2 3 5 7 5 0 1 3 6 7 5 1 2 4 5 7 5 3 4 5 6 7
1 5 0 2 3 6 7 5 0 1 3 6 7 5 1 2 5 6 7 5 3 4 5 6 7
1 5 0 3 4 5 6 5 0 1 3 5 6 5 1 2 3 4 7 5 3 4 5 6 7
1 5 0 3 4 5 7 5 0 1 3 6 7 5 1 2 3 4 7 5 3 4 5 6 7
1 5 0 3 5 6 7 5 0 1 3 6 7 5 1 2 3 5 7 5 3 4 5 6 7
1 5 0 3 5 6 7 5 0 1 2 3 6 5 2 3 4 5 7 5 3 4 5 6 7
1 5 0 1 2 4 6 5 1 2 4 5 6 5 1 2 3 4 7 5 2 3 4 6 7
1 5 0 1 2 4 7 5 1 2 5 6 7 5 1 2 3 4 7 5 2 3 4 5 7
1 5 0 1 2 5 7 5 1 2 5 6 7 5 1 2 4 5 7 5 2 3 4 5 7
1 5 0 1 2 4 5 5 1 2 3 4 5 5 1 2 3 4 7 5 3 4 5 6 7
1 5 0 1 2 4 6 5 1 2 3 5 6 5 1 2 3 4 7 5 3 4 5 6 7
1 5 0 1 2 4 7 5 1 2 3 6 7 5 1 2 3 4 7 5 3 4 5 6 7
1 5 0 1 2 5 6 5 1 2 3 5 6 5 1 2 4 5 7 5 3 4 5 6 7
1 5 0 1 2 5 7 5 1 2 3 6 7 5 1 2 4 5 7 5 3 4 5 6 7
1 5 0 1 2 6 7 5 1 2 3 6 7 5 1 2 5 6 7 5 3 4 5 6 7
1 5 0 1 3 5 6 5 1 2 3 5 6 5 2 3 4 5 7 5 3 4 5 6 7
1 5 0 1 3 5 7 5 1 2 3 6 7 5 2 3 4 5 7 5 3 4 5 6 7
1 5 0 1 3 6 7 5 1 2 3 6 7 5 2 3 5 6 7 5 3 4 5 6 7
4 9
1 5 0 1 2 3 4 5 0 1 2 3 4 5 0 1 2 6 7 5 1 2 4 5 6
1 5 0 1 3 4 5 5 0 1 3 4 5 5 0 1 2 3 7 5 1 2 5 6 7
1 5 0 1 3 4 5 5 0 1 3 4 5 5 0 1 3 6 7 5 1 2 3 5 6
1 5 0 1 4 5 6 5 0 1 4 5 6 5 0 1 3 4 7 5 1 2 3 6 7
1 5 0 1 4 5 6 5 0 1 4 5 6 5 0 1 4 6 7 5 1 2 3 4 6
1 5 0 1 5 6 7 5 0 1 5 6 7 5 0 1 4 5 7 5 1 2 3 4 7
1 5 0 2 3 4 5 5 0 2 3 4 5 5 0 1 2 3 7 5 2 3 5 6 7
1 5 0 2 4 5 6 5 0 2 4 5 6 5 0 1 2 4 7 5 2 3 4 6 7
1 5 0 2 5 6 7 5 0 2 5 6 7 5 0 1 2 5 7 5 2 3 4 5 7
4 22
1 5 0 1 2 3 4 5 0 1 2 4 7 5 0 1 2 4 5 5 1 2 5 6 7
1 5 0 1 3 4 5 5 0 1 3 5 7 5 0 1 2 3 5 5 1 2 5 6 7
1 5 0 1 3 4 5 5 0 1 3 5 7 5 0 1 3 5 6 5 1 2 3 6 7
1 5 0 1 4 5 6 5 0 1 4 6 7 5 0 1 3 4 6 5 1 2 3 6 7
1 5 0 1 4 5 6 5 0 1 4 6 7 5 0 1 4 6 7 5 1 2 3 4 7
1 5 0 1 2 3 4 5 0 2 3 4 7 5 0 1 2 3 4 5 2 4 5 6 7
1 5 0 1 2 3 4 5 0 2 3 4 7 5 0 1 3 4 5 5 2 3 5 6 7
1 5 0 1 2 4 5 5 0 2 4 5 7 5 0 1 3 4 5 5 2 3 5 6 7
1 5 0 1 2 4 5 5 0 2 4 5 7 5 0 1 4 5 6 5 2 3 4 6 7
1 5 0 1 2 5 6 5 0 2 5 6 7 5 0 1 4 5 6 5 2 3 4 6 7
1 5 0 1 2 5 6 5 0 2 5 6 7 5 0 1 5 6 7 5 2 3 4 5 7
1 5 0 2 3 4 5 5 0 2 3 5 7 5 0 1 2 3 5 5 2 3 5 6 7
1 5 0 2 4 5 6 5 0 2 4 6 7 5 0 1 2 4 6 5 2 3 4 6 7
1 5 0 2 3 4 5 5 0 3 4 5 7 5 0 1 2 4 5 5 3 4 5 6 7
1 5 0 2 3 5 6 5 0 3 5 6 7 5 0 1 2 5 6 5 3 4 5 6 7
1 5 0 1 2 3 4 5 1 2 3 4 7 5 1 2 3 4 5 5 2 3 5 6 7
1 5 0 1 2 4 5 5 1 2 4 5 7 5 1 2 3 4 5 5 2 3 5 6 7
1 5 0 1 2 4 5 5 1 2 4 5 7 5 1 2 4 5 6 5 2 3 4 6 7
1 5 0 1 2 5 6 5 1 2 5 6 7 5 1 2 4 5 6 5 2 3 4 6 7
1 5 0 1 2 5 6 5 1 2 5 6 7 5 1 2 5 6 7 5 2 3 4 5 7
1 5 0 1 3 4 5 5 1 3 4 5 7 5 1 2 3 4 5 5 3 4 5 6 7
1 5 0 1 3 5 6 5 1 3 5 6 7 5 1 2 3 5 6 5 3 4 5 6 7
4 34
1 5 0 1 2 3 4 5 0 1 2 4 5 5 0 1 2 4 7 5 1 2 5 6 7
1 5 0 1 3 4 5 5 0 1 2 3 5 5 0 1 2 5 7 5 1 2 5 6 7
1 5 0 1 3 4 5 5 0 1 3 5 6 5 0 1 3 5 7 5 1 2 3 6 7
1 5 0 1 4 5 6 5 0 1 3 4 6 5 0 1 3 6 7 5 1 2 3 6 7
1 5 0 1 4 5 6 5 0 1 4 6 7 5 0 1 4 6 7 5 1 2 3 4 7
1 5 0 1 3 4 5 5 0 1 2 3 5 5 0 1 3 5 7 5 2 3 5 6 7
1 5 0 1 4 5 6 5 0 1 2 4 6 5 0 1 4 6 7 5 2 3 4 6 7
1 5 0 1 2 3 4 5 0 2 3 4 5 5 0 1 3 4 7 5 2 3 5 6 7
1 5 0 1 2 4 5 5 0 2 3 4 5 5 0 1 3 5 7 5 2 3 5 6 7
1 5 0 1 2 4 5 5 0 2 4 5 6 5 0 1 4 5 7 5 2 3 4 6 7
1 5 0 1 2 5 6 5 0 2 4 5 6 5 0 1 4 6 7 5 2 3 4 6 7
1 5 0 1 2 5 6 5 0 2 5 6 7 5 0 1 5 6 7 5 2 3 4 5 7
1 5 0 1 2 4 5 5 0 2 3 4 5 5 0 1 4 5 7 5 3 4 5 6 7
1 5 0 1 2 5 6 5 0 2 3 5 6 5 0 1 5 6 7 5 3 4 5 6 7
1 5 0 1 2 3 4 5 0 1 2 3 4 5 1 2 3 4 7 5 2 4 5 6 7
1 5 0 1 2 3 4 5 0 1 2 3 4 5 1 3 4 6 7 5 2 3 4 5 6
1 5 0 1 2 3 4 5 0 1 2 3 5 5 1 3 4 5 7 5 2 3 5 6 7
1 5 0 1 2 4 5 5 0 1 2 4 5 5 1 3 4 5 7 5 2 3 5 6 7
1 5 0 1 2 4 5 5 0 1 2 4 5 5 1 4 5 6 7 5 2 3 4 5 6
1 5 0 1 2 4 5 5 0 1 2 4 6 5 1 4 5 6 7 5 2 3 4 6 7
1 5 0 1 2 5 6 5 0 1 2 5 6 5 1 4 5 6 7 5 2 3 4 6 7
1 5 0 2 3 4 5 5 0 1 2 3 5 5 1 2 3 5 7 5 2 3 5 6 7
1 5 0 2 4 5 6 5 0 1 2 4 6 5 1 2 4 6 7 5 2 3 4 6 7
1 5 0 2 3 4 5 5 0 1 3 4 5 5 1 2 4 5 7 5 3 4 5 6 7
1 5 0 2 3 5 6 5 0 1 3 5 6 5 1 2 5 6 7 5 3 4 5 6 7
1 5 0 1 2 3 4 5 1 2 3 4 5 5 1 2 3 4 7 5 2 3 5 6 7
1 5 0 1 2 4 5 5 1 2 3 4 5 5 1 2 3 5 7 5 2 3 5 6 7
1 5 0 1 2 4 5 5 1 2 4 5 6 5 1 2 4 5 7 5 2 3 4 6 7
1 5 0 1 2 5 6 5 1 2 4 5 6 5 1 2 4 6 7 5 2 3 4 6 7
1 5 0 1 2 5 6 5 1 2 5 6 7 5 1 2 5 6 7 5 2 3 4 5 7
1 5 0 1 2 4 5 5 1 2 3 4 5 5 1 2 4 5 7 5 3 4 5 6 7
1 5 0 1 2 5 6 5 1 2 3 5 6 5 1 2 5 6 7 5 3 4 5 6 7
1 5 0 1 3 4 5 5 1 2 3 4 5 5 2 3 4 5 7 5 3 4 5 6 7
1 5 0 1 3 5 6 5 1 2 3 5 6 5 2 3 5 6 7 5 3 4 5 6 7
4 82
1 5 0 1 2 3 4 5 0 1 2 4 5 5 0 1 2 5 6 5 1 2 4 6 7
1 5 0 1 2 3 4 5 0 1 2 5 6 5 0 1 2 6 7 5 1 2 4 5 7
1 5 0 1 3 4 5 5 0 1 2 3 5 5 0 1 2 5 6 5 1 2 5 6 7
1 5 0 1 3 4 5 5 0 1 2 3 6 5 0 1 2 6 7 5 1 2 5 6 7
1 5 0 1 3 4 5 5 0 1 3 5 6 5 0 1 2 3 6 5 1 2 5 6 7
1 5 0 1 3 4 5 5 0 1 3 6 7 5 0 1 2 3 7 5 1 2 5 6 7
1 5 0 1 3 4 5 5 0 1 3 5 6 5 0 1 3 6 7 5 1 2 3 5 7
1 5 0 1 4 5 6 5 0 1 3 4 6 5 0 1 3 6 7 5 1 2 3 6 7
1 5 0 1 4 5 6 5 0 1 4 6 7 5 0 1 3 4 7 5 1 2 3 6 7
1 5 0 1 3 4 5 5 0 1 2 3 5 5 0 1 3 5 6 5 2 3 5 6 7
1 5 0 1 3 4 5 5 0 1 2 3 6 5 0 1 3 6 7 5 2 3 5 6 7
1 5 0 1 4 5 6 5 0 1 2 4 6 5 0 1 4 6 7 5 2 3 4 6 7
1 5 0 1 2 3 4 5 0 2 3 4 5 5 0 1 2 3 5 5 2 4 5 6 7
1 5 0 1 2 3 4 5 0 2 3 5 6 5 0 1 2 3 6 5 2 4 5 6 7
1 5 0 1 2 3 4 5 0 2 3 6 7 5 0 1 2 3 7 5 2 4 5 6 7
1 5 0 1 2 3 4 5 0 2 3 4 5 5 0 1 3 5 6 5 2 3 4 6 7
1 5 0 1 2 3 4 5 0 2 3 5 6 5 0 1 3 6 7 5 2 3 4 5 7
1 5 0 1 2 4 5 5 0 2 3 4 5 5 0 1 3 5 6 5 2 3 5 6 7
1 5 0 1 2 4 5 5 0 2 3 4 6 5 0 1 3 6 7 5 2 3 5 6 7
1 5 0 1 2 4 5 5 0 2 4 5 6 5 0 1 3 4 6 5 2 3 5 6 7
1 5 0 1 2 4 5 5 0 2 4 6 7 5 0 1 3 4 7 5 2 3 5 6 7
1 5 0 1 2 4 5 5 0 2 4 5 6 5 0 1 4 6 7 5 2 3 4 5 7
1 5 0 1 2 5 6 5 0 2 4 5 6 5 0 1 4 6 7 5 2 3 4 6 7
1 5 0 1 2 5 6 5 0 2 5 6 7 5 0 1 4 5 7 5 2 3 4 6 7
1 5 0 1 2 4 5 5 0 2 3 4 5 5 0 1 4 5 6 5 3 4 5 6 7
1 5 0 1 2 4 5 5 0 2 3 4 6 5 0 1 4 6 7 5 3 4 5 6 7
1 5 0 1 2 5 6 5 0 2 3 5 6 5 0 1 5 6 7 5 3 4 5 6 7
1 5 0 1 2 3 4 5 0 3 4 5 6 5 0 1 3 4 6 5 3 4 5 6 7
1 5 0 1 2 3 4 5 0 3 4 6 7 5 0 1 3 4 7 5 3 4 5 6 7
1 5 0 1 2 3 5 5 0 3 4 5 6 5 0 1 4 6 7 5 3 4 5 6 7
1 5 0 1 2 3 5 5 0 3 5 6 7 5 0 1 4 5 7 5 3 4 5 6 7
1 5 0 2 3 4 5 5 0 2 3 5 6 5 0 1 2 3 6 5 2 3 5 6 7
1 5 0 2 3 4 5 5 0 2 3 6 7 5 0 1 2 3 7 5 2 3 5 6 7
1 5 0 2 4 5 6 5 0 2 4 6 7 5 0 1 2 4 7 5 2 3 4 6 7
1 5 0 2 3 4 5 5 0 3 4 5 6 5 0 1 2 4 6 5 3 4 5 6 7
1 5 0 2 3 4 5 5 0 3 4 6 7 5 0 1 2 4 7 5 3 4 5 6 7
1 5 0 2 3 5 6 5 0 3 5 6 7 5 0 1 2 5 7 5 3 4 5 6 7
1 5 0 1 2 3 4 5 0 1 2 3 4 5 1 2 3 4 5 5 2 4 5 6 7
1 5 0 1 2 3 4 5 0 1 2 3 5 5 1 2 3 5 6 5 2 4 5 6 7
1 5 0 1 2 3 4 5 0 1 2 3 6 5 1 2 3 6 7 5 2 4 5 6 7
1 5 0 1 2 3 4 5 0 1 2 3 4 5 1 3 4 5 6 5 2 3 4 6 7
1 5 0 1 2 3 4 5 0 1 2 3 5 5 1 3 5 6 7 5 2 3 4 5 7
1 5 0 1 2 4 5 5 0 1 2 4 5 5 1 3 4 5 6 5 2 3 5 6 7
1 5 0 1 2 4 5 5 0 1 2 4 6 5 1 3 4 6 7 5 2 3 5 6 7
1 5 0 1 2 4 5 5 0 1 2 4 5 5 1 4 5 6 7 5 2 3 4 5 7
1 5 0 1 2 5 6 5 0 1 2 5 6 5 1 4 5 6 7 5 2 3 4 6 7
1 5 0 1 2 3 4 5 0 1 3 4 5 5 1 3 4 5 6 5 3 4 5 6 7
1 5 0 1 2 3 4 5 0 1 3 4 6 5 1 3 4 6 7 5 3 4 5 6 7
1 5 0 1 2 3 5 5 0 1 3 5 6 5 1 4 5 6 7 5 3 4 5 6 7
1 5 0 2 3 4 5 5 0 1 2 3 5 5 1 2 3 5 6 5 2 3 5 6 7
1 5 0 2 3 4 5 5 0 1 2 3 6 5 1 2 3 6 7 5 2 3 5 6 7
1 5 0 2 4 5 6 5 0 1 2 4 6 5 1 2 4 6 7 5 2 3 4 6 7
1 5 0 2 3 4 5 5 0 1 3 4 5 5 1 2 4 5 6 5 3 4 5 6 7
1 5 0 2 3 4 5 5 0 1 3 4 6 5 1 2 4 6 7 5 3 4 5 6 7
1 5 0 2 3 5 6 5 0 1 3 5 6 5 1 2 5 6 7 5 3 4 5 6 7
1 5 0 1 2 3 4 5 1 2 3 4 5 5 1 2 3 5 6 5 2 3 4 6 7
1 5 0 1 2 3 4 5 1 2 3 5 6 5 1 2 3 6 7 5 2 3 4 5 7
1 5 0 1 2 4 5 5 1 2 3 4 5 5 1 2 3 5 6 5 2 3 5 6 7
1 5 0 1 2 4 5 5 1 2 3 4 6 5 1 2 3 6 7 5 2 3 5 6 7
1 5 0 1 2 4 5 5 1 2 4 5 6 5 1 2 3 4 6 5 2 3 5 6 7
1 5 0 1 2 4 5 5 1 2 4 6 7 5 1 2 3 4 7 5 2 3 5 6 7
1 5 0 1 2 4 5 5 1 2 4 5 6 5 1 2 4 6 7 5 2 3 4 5 7
1 5 0 1 2 5 6 5 1 2 4 5 6 5 1 2 4 6 7 5 2 3 4 6 7
1 5 0 1 2 5 6 5 1 2 5 6 7 5 1 2 4 5 7 5 2 3 4 6 7
1 5 0 1 2 4 5 5 1 2 3 4 5 5 1 2 4 5 6 5 3 4 5 6 7
1 5 0 1 2 4 5 5 1 2 3 4 6 5 1 2 4 6 7 5 3 4 5 6 7
1 5 0 1 2 5 6 5 1 2 3 5 6 5 1 2 5 6 7 5 3 4 5 6 7
1 5 0 1 2 3 4 5 1 3 4 5 6 5 1 2 3 4 6 5 3 4 5 6 7
1 5 0 1 2 3 4 5 1 3 4 6 7 5 1 2 3 4 7 5 3 4 5 6 7
1 5 0 1 2 3 5 5 1 3 4 5 6 5 1 2 4 6 7 5 3 4 5 6 7
1 5 0 1 2 3 5 5 1 3 5 6 7 5 1 2 4 5 7 5 3 4 5 6 7
1 5 0 1 3 4 5 5 1 3 4 5 6 5 1 2 3 4 6 5 3 4 5 6 7
1 5 0 1 3 4 5 5 1 3 4 6 7 5 1 2 3 4 7 5 3 4 5 6 7
1 5 0 1 3 5 6 5 1 3 5 6 7 5 1 2 3 5 7 5 3 4 5 6 7
1 5 0 1 2 3 4 5 1 2 3 4 5 5 2 3 4 5 6 5 3 4 5 6 7
1 5 0 1 2 3 4 5 1 2 3 4 6 5 2 3 4 6 7 5 3 4 5 6 7
1 5 0 1 2 3 5 5 1 2 3 5 6 5 2 4 5 6 7 5 3 4 5 6 7
1 5 0 1 3 4 5 5 1 2 3 4 5 5 2 3 4 5 6 5 3 4 5 6 7
1 5 0 1 3 4 5 5 1 2 3 4 6 5 2 3 4 6 7 5 3 4 5 6 7
1 5 0 1 3 5 6 5 1 2 3 5 6 5 2 3 5 6 7 5 3 4 5 6 7
1 5 0 1 2 3 5 5 2 3 4 5 6 5 2 3 4 6 7 5 3 4 5 6 7
1 5 0 1 2 3 5 5 2 3 5 6 7 5 2 3 4 5 7 5 3 4 5 6 7
4 100
1 5 0 1 3 4 5 5 0 1 2 3 5 5 0 1 2 5 6 5 1 2 3 6 7
1 5 0 1 4 5 6 5 0 1 2 3 6 5 0 1 2 6 7 5 1 2 3 4 7
1 5 0 1 3 4 5 5 0 1 3 5 6 5 0 1 2 3 6 5 1 2 3 6 7
1 5 0 1 4 5 6 5 0 1 3 6 7 5 0 1 2 3 7 5 1 2 3 4 7
1 5 0 1 4 5 6 5 0 1 3 4 6 5 0 1 2 3 6 5 1 2 4 6 7
1 5 0 1 5 6 7 5 0 1 3 4 7 5 0 1 2 3 7 5 1 2 4 5 7
1 5 0 1 4 5 6 5 0 1 3 4 6 5 0 1 3 6 7 5 1 2 3 4 7
1 5 0 1 4 5 6 5 0 1 4 6 7 5 0 1 3 4 7 5 1 2 3 4 7
1 5 0 1 5 6 7 5 0 1 4 5 7 5 0 1 3 4 7 5 1 2 3 5 7
1 5 0 1 3 4 5 5 0 1 2 3 5 5 0 1 2 3 5 5 2 3 5 6 7
1 5 0 1 4 5 6 5 0 1 2 3 6 5 0 1 2 3 6 5 2 3 4 6 7
1 5 0 1 5 6 7 5 0 1 2 3 7 5 0 1 2 3 7 5 2 3 4 5 7
1 5 0 1 4 5 6 5 0 1 2 4 6 5 0 1 3 4 6 5 2 3 4 6 7
1 5 0 1 5 6 7 5 0 1 2 4 7 5 0 1 3 4 7 5 2 3 4 5 7
1 5 0 1 5 6 7 5 0 1 2 5 7 5 0 1 4 5 7 5 2 3 4 5 7
1 5 0 1 2 3 4 5 0 2 3 4 5 5 0 1 2 3 5 5 2 3 5 6 7
1 5 0 1 2 4 5 5 0 2 3 5 6 5 0 1 2 3 6 5 2 3 4 6 7
1 5 0 1 2 5 6 5 0 2 3 6 7 5 0 1 2 3 7 5 2 3 4 5 7
1 5 0 1 2 4 5 5 0 2 3 4 5 5 0 1 2 3 5 5 2 4 5 6 7
1 5 0 1 2 5 6 5 0 2 3 4 6 5 0 1 2 3 6 5 2 4 5 6 7
1 5 0 1 2 6 7 5 0 2 3 4 7 5 0 1 2 3 7 5 2 4 5 6 7
1 5 0 1 2 4 5 5 0 2 3 4 5 5 0 1 3 5 6 5 2 3 4 6 7
1 5 0 1 2 5 6 5 0 2 3 4 6 5 0 1 3 6 7 5 2 3 4 5 7
1 5 0 1 2 4 5 5 0 2 4 5 6 5 0 1 3 4 6 5 2 3 4 6 7
1 5 0 1 2 5 6 5 0 2 4 6 7 5 0 1 3 4 7 5 2 3 4 5 7
1 5 0 1 2 5 6 5 0 2 4 5 6 5 0 1 3 4 6 5 2 3 5 6 7
1 5 0 1 2 6 7 5 0 2 4 5 7 5 0 1 3 4 7 5 2 3 5 6 7
1 5 0 1 2 5 6 5 0 2 4 5 6 5 0 1 4 6 7 5 2 3 4 5 7
1 5 0 1 2 5 6 5 0 2 5 6 7 5 0 1 4 5 7 5 2 3 4 5 7
1 5 0 1 2 6 7 5 0 2 5 6 7 5 0 1 4 5 7 5 2 3 4 6 7
1 5 0 1 2 4 5 5 0 2 3 4 5 5 0 1 3 4 5 5 3 4 5 6 7
1 5 0 1 2 5 6 5 0 2 3 4 6 5 0 1 3 4 6 5 3 4 5 6 7
1 5 0 1 2 6 7 5 0 2 3 4 7 5 0 1 3 4 7 5 3 4 5 6 7
1 5 0 1 2 5 6 5 0 2 3 5 6 5 0 1 4 5 6 5 3 4 5 6 7
1 5 0 1 2 6 7 5 0 2 3 5 7 5 0 1 4 5 7 5 3 4 5 6 7
1 5 0 1 2 6 7 5 0 2 3 6 7 5 0 1 5 6 7 5 3 4 5 6 7
1 5 0 1 2 3 5 5 0 3 4 5 6 5 0 1 3 4 6 5 3 4 5 6 7
1 5 0 1 2 3 6 5 0 3 4 6 7 5 0 1 3 4 7 5 3 4 5 6 7
1 5 0 1 2 3 6 5 0 3 4 5 6 5 0 1 4 6 7 5 3 4 5 6 7
1 5 0 1 2 3 6 5 0 3 5 6 7 5 0 1 4 5 7 5 3 4 5 6 7
1 5 0 2 4 5 6 5 0 2 3 4 6 5 0 1 2 3 6 5 2 3 4 6 7
1 5 0 2 5 6 7 5 0 2 3 4 7 5 0 1 2 3 7 5 2 3 4 5 7
1 5 0 2 5 6 7 5 0 2 4 5 7 5 0 1 2 4 7 5 2 3 4 5 7
1 5 0 2 3 5 6 5 0 3 4 5 6 5 0 1 2 4 6 5 3 4 5 6 7
1 5 0 2 3 6 7 5 0 3 4 5 7 5 0 1 2 4 7 5 3 4 5 6 7
1 5 0 2 3 6 7 5 0 3 5 6 7 5 0 1 2 5 7 5 3 4 5 6 7
1 5 0 1 2 3 4 5 0 1 2 3 4 5 1 2 3 4 5 5 2 3 5 6 7
1 5 0 1 2 4 5 5 0 1 2 3 5 5 1 2 3 5 6 5 2 3 4 6 7
1 5 0 1 2 5 6 5 0 1 2 3 6 5 1 2 3 6 7 5 2 3 4 5 7
1 5 0 1 2 4 5 5 0 1 2 4 5 5 1 2 3 4 5 5 2 4 5 6 7
1 5 0 1 2 5 6 5 0 1 2 4 6 5 1 2 3 4 6 5 2 4 5 6 7
1 5 0 1 2 6 7 5 0 1 2 4 7 5 1 2 3 4 7 5 2 4 5 6 7
1 5 0 1 2 4 5 5 0 1 2 4 5 5 1 3 4 5 6 5 2 3 4 6 7
1 5 0 1 2 5 6 5 0 1 2 4 6 5 1 3 4 6 7 5 2 3 4 5 7
1 5 0 1 2 5 6 5 0 1 2 5 6 5 1 3 4 5 6 5 2 3 5 6 7
1 5 0 1 2 6 7 5 0 1 2 5 7 5 1 3 4 5 7 5 2 3 5 6 7
1 5 0 1 2 5 6 5 0 1 2 5 6 5 1 4 5 6 7 5 2 3 4 5 7
1 5 0 1 2 6 7 5 0 1 2 6 7 5 1 4 5 6 7 5 2 3 4 6 7
1 5 0 1 2 3 5 5 0 1 3 4 5 5 1 3 4 5 6 5 3 4 5 6 7
1 5 0 1 2 3 6 5 0 1 3 4 6 5 1 3 4 6 7 5 3 4 5 6 7
1 5 0 1 2 3 6 5 0 1 3 5 6 5 1 4 5 6 7 5 3 4 5 6 7
1 5 0 2 4 5 6 5 0 1 2 4 6 5 1 2 3 4 6 5 2 3 4 6 7
1 5 0 2 5 6 7 5 0 1 2 4 7 5 1 2 3 4 7 5 2 3 4 5 7
1 5 0 2 5 6 7 5 0 1 2 5 7 5 1 2 4 5 7 5 2 3 4 5 7
1 5 0 2 3 4 5 5 0 1 3 4 5 5 1 2 3 4 5 5 3 4 5 6 7
1 5 0 2 3 5 6 5 0 1 3 4 6 5 1 2 3 4 6 5 3 4 5 6 7
1 5 0 2 3 6 7 5 0 1 3 4 7 5 1 2 3 4 7 5 3 4 5 6 7
1 5 0 2 3 5 6 5 0 1 3 5 6 5 1 2 4 5 6 5 3 4 5 6 7
1 5 0 2 3 6 7 5 0 1 3 5 7 5 1 2 4 5 7 5 3 4 5 6 7
1 5 0 2 3 6 7 5 0 1 3 6 7 5 1 2 5 6 7 5 3 4 5 6 7
1 5 0 1 2 4 5 5 1 2 3 4 5 5 1 2 3 5 6 5 2 3 4 6 7
1 5 0 1 2 5 6 5 1 2 3 4 6 5 1 2 3 6 7 5 2 3 4 5 7
1 5 0 1 2 4 5 5 1 2 4 5 6 5 1 2 3 4 6 5 2 3 4 6 7
1 5 0 1 2 5 6 5 1 2 4 6 7 5 1 2 3 4 7 5 2 3 4 5 7
1 5 0 1 2 5 6 5 1 2 4 5 6 5 1 2 3 4 6 5 2 3 5 6 7
1 5 0 1 2 6 7 5 1 2 4 5 7 5 1 2 3 4 7 5 2 3 5 6 7
1 5 0 1 2 5 6 5 1 2 4 5 6 5 1 2 4 6 7 5 2 3 4 5 7
1 5 0 1 2 5 6 5 1 2 5 6 7 5 1 2 4 5 7 5 2 3 4 5 7
1 5 0 1 2 6 7 5 1 2 5 6 7 5 1 2 4 5 7 5 2 3 4 6 7
1 5 0 1 2 4 5 5 1 2 3 4 5 5 1 2 3 4 5 5 3 4 5 6 7
1 5 0 1 2 5 6 5 1 2 3 4 6 5 1 2 3 4 6 5 3 4 5 6 7
1 5 0 1 2 6 7 5 1 2 3 4 7 5 1 2 3 4 7 5 3 4 5 6 7
1 5 0 1 2 5 6 5 1 2 3 5 6 5 1 2 4 5 6 5 3 4 5 6 7
1 5 0 1 2 6 7 5 1 2 3 5 7 5 1 2 4 5 7 5 3 4 5 6 7
1 5 0 1 2 6 7 5 1 2 3 6 7 5 1 2 5 6 7 5 3 4 5 6 7
1 5 0 1 2 3 5 5 1 3 4 5 6 5 1 2 3 4 6 5 3 4 5 6 7
1 5 0 1 2 3 6 5 1 3 4 6 7 5 1 2 3 4 7 5 3 4 5 6 7
1 5 0 1 2 3 6 5 1 3 4 5 6 5 1 2 4 6 7 5 3 4 5 6 7
1 5 0 1 2 3 6 5 1 3 5 6 7 5 1 2 4 5 7 5 3 4 5 6 7
1 5 0 1 3 5 6 5 1 3 4 5 6 5 1 2 3 4 6 5 3 4 5 6 7
1 5 0 1 3 6 7 5 1 3 4 5 7 5 1 2 3 4 7 5 3 4 5 6 7
1 5 0 1 3 6 7 5 1 3 5 6 7 5 1 2 3 5 7 5 3 4 5 6 7
1 5 0 1 2 3 5 5 1 2 3 4 5 5 2 3 4 5 6 5 3 4 5 6 7
1 5 0 1 2 3 6 5 1 2 3 4 6 5 2 3 4 6 7 5 3 4 5 6 7
1 5 0 1 2 3 6 5 1 2 3 5 6 5 2 4 5 6 7 5 3 4 5 6 7
1 5 0 1 3 5 6 5 1 2 3 5 6 5 2 3 4 5 6 5 3 4 5 6 7
1 5 0 1 3 6 7 5 1 2 3 5 7 5 2 3 4 5 7 5 3 4 5 6 7
1 5 0 1 3 6 7 5 1 2 3 6 7 5 2 3 5 6 7 5 3 4 5 6 7
1 5 0 1 2 3 6 5 2 3 4 5 6 5 2 3 4 6 7 5 3 4 5 6 7
1 5 0 1 2 3 6 5 2 3 5 6 7 5 2 3 4 5 7 5 3 4 5 6 7
4 16
1 5 0 1 4 5 7 5 0 1 4 5 6 5 0 1 2 3 4 5 1 2 4 6 7
1 5 0 1 5 6 7 5 0 1 4 5 6 5 0 1 2 3 4 5 1 2 4 6 7
1 5 0 1 5 6 7 5 0 1 5 6 7 5 0 1 2 3 4 5 1 2 4 5 7
1 5 0 1 5 6 7 5 0 1 5 6 7 5 0 1 3 4 5 5 1 2 3 5 7
1 5 0 1 4 5 7 5 0 1 2 4 5 5 0 1 2 3 4 5 2 4 5 6 7
1 5 0 1 5 6 7 5 0 1 2 5 6 5 0 1 2 3 4 5 2 4 5 6 7
1 5 0 1 5 6 7 5 0 1 2 5 6 5 0 1 3 4 5 5 2 3 5 6 7
1 5 0 2 4 5 7 5 0 2 4 5 6 5 0 1 2 3 4 5 2 3 4 6 7
1 5 0 2 5 6 7 5 0 2 4 5 6 5 0 1 2 3 4 5 2 3 4 6 7
1 5 0 2 5 6 7 5 0 2 5 6 7 5 0 1 2 3 4 5 2 3 4 5 7
1 5 0 2 5 6 7 5 0 2 5 6 7 5 0 1 2 4 5 5 2 3 4 5 7
1 5 0 2 4 5 7 5 0 2 3 4 5 5 0 1 2 3 4 5 3 4 5 6 7
1 5 0 2 5 6 7 5 0 2 3 5 6 5 0 1 2 3 4 5 3 4 5 6 7
1 5 0 2 5 6 7 5 0 2 3 5 6 5 0 1 2 4 5 5 3 4 5 6 7
1 5 0 2 5 6 7 5 0 1 2 5 6 5 1 2 3 4 5 5 2 3 5 6 7
1 5 0 3 5 6 7 5 0 1 3 5 6 5 1 2 3 4 5 5 3 4 5 6 7
4 10
1 5 0 1 4 5 6 5 0 1 4 6 7 5 0 1 2 3 4 5 1 2 4 6 7
1 5 0 1 2 4 5 5 0 2 4 5 7 5 0 1 2 3 4 5 2 4 5 6 7
1 5 0 1 2 5 6 5 0 2 5 6 7 5 0 1 2 3 4 5 2 4 5 6 7
1 5 0 1 2 5 6 5 0 2 5 6 7 5 0 1 3 4 5 5 2 3 5 6 7
1 5 0 2 4 5 6 5 0 2 4 6 7 5 0 1 2 3 4 5 2 3 4 6 7
1 5 0 2 3 4 5 5 0 3 4 5 7 5 0 1 2 3 4 5 3 4 5 6 7
1 5 0 2 3 5 6 5 0 3 5 6 7 5 0 1 2 3 4 5 3 4 5 6 7
1 5 0 2 3 5 6 5 0 3 5 6 7 5 0 1 2 4 5 5 3 4 5 6 7
1 5 0 1 2 5 6 5 1 2 5 6 7 5 1 2 3 4 5 5 2 3 5 6 7
1 5 0 1 3 5 6 5 1 3 5 6 7 5 1 2 3 4 5 5 3 4 5 6 7
4 72
1 5 0 1 3 4 5 5 0 1 3 5 6 5 0 1 2 3 5 5 1 2 3 6 7
1 5 0 1 4 5 6 5 0 1 3 4 6 5 0 1 2 3 6 5 1 2 3 6 7
1 5 0 1 4 5 6 5 0 1 4 6 7 5 0 1 2 3 6 5 1 2 3 4 7
1 5 0 1 5 6 7 5 0 1 4 5 7 5 0 1 2 3 7 5 1 2 3 4 7
1 5 0 1 4 5 6 5 0 1 4 6 7 5 0 1 3 4 6 5 1 2 3 4 7
1 5 0 1 5 6 7 5 0 1 4 5 7 5 0 1 3 4 7 5 1 2 3 4 7
1 5 0 1 3 4 5 5 0 1 2 3 5 5 0 1 2 3 5 5 2 3 5 6 7
1 5 0 1 4 5 6 5 0 1 2 4 6 5 0 1 2 3 6 5 2 3 4 6 7
1 5 0 1 5 6 7 5 0 1 2 5 7 5 0 1 2 3 7 5 2 3 4 5 7
1 5 0 1 4 5 6 5 0 1 2 4 6 5 0 1 3 4 6 5 2 3 4 6 7
1 5 0 1 5 6 7 5 0 1 2 5 7 5 0 1 3 4 7 5 2 3 4 5 7
1 5 0 1 5 6 7 5 0 1 2 5 7 5 0 1 4 5 7 5 2 3 4 5 7
1 5 0 1 2 3 4 5 0 2 3 4 5 5 0 1 2 3 4 5 2 3 5 6 7
1 5 0 1 2 4 5 5 0 2 3 4 5 5 0 1 2 3 5 5 2 3 5 6 7
1 5 0 1 2 4 5 5 0 2 4 5 6 5 0 1 2 3 5 5 2 3 4 6 7
1 5 0 1 2 5 6 5 0 2 4 5 6 5 0 1 2 3 6 5 2 3 4 6 7
1 5 0 1 2 5 6 5 0 2 5 6 7 5 0 1 2 3 6 5 2 3 4 5 7
1 5 0 1 2 6 7 5 0 2 5 6 7 5 0 1 2 3 7 5 2 3 4 5 7
1 5 0 1 2 4 5 5 0 2 4 5 6 5 0 1 3 4 5 5 2 3 4 6 7
1 5 0 1 2 5 6 5 0 2 4 5 6 5 0 1 3 4 6 5 2 3 4 6 7
1 5 0 1 2 5 6 5 0 2 5 6 7 5 0 1 3 4 6 5 2 3 4 5 7
1 5 0 1 2 6 7 5 0 2 5 6 7 5 0 1 3 4 7 5 2 3 4 5 7
1 5 0 1 2 5 6 5 0 2 5 6 7 5 0 1 4 5 6 5 2 3 4 5 7
1 5 0 1 2 6 7 5 0 2 5 6 7 5 0 1 4 5 7 5 2 3 4 5 7
1 5 0 1 2 4 5 5 0 2 3 4 5 5 0 1 3 4 5 5 3 4 5 6 7
1 5 0 1 2 5 6 5 0 2 3 5 6 5 0 1 3 4 6 5 3 4 5 6 7
1 5 0 1 2 6 7 5 0 2 3 6 7 5 0 1 3 4 7 5 3 4 5 6 7
1 5 0 1 2 5 6 5 0 2 3 5 6 5 0 1 4 5 6 5 3 4 5 6 7
1 5 0 1 2 6 7 5 0 2 3 6 7 5 0 1 4 5 7 5 3 4 5 6 7
1 5 0 1 2 6 7 5 0 2 3 6 7 5 0 1 5 6 7 5 3 4 5 6 7
1 5 0 1 2 3 4 5 0 1 2 3 5 5 1 2 3 4 5 5 2 3 5 6 7
1 5 0 1 2 4 5 5 0 1 2 4 6 5 1 2 3 5 6 5 2 3 4 6 7
1 5 0 1 2 5 6 5 0 1 2 5 7 5 1 2 3 6 7 5 2 3 4 5 7
1 5 0 1 2 4 5 5 0 1 2 4 5 5 1 2 3 4 5 5 2 4 5 6 7
1 5 0 1 2 5 6 5 0 1 2 5 6 5 1 2 3 4 6 5 2 4 5 6 7
1 5 0 1 2 6 7 5 0 1 2 6 7 5 1 2 3 4 7 5 2 4 5 6 7
1 5 0 1 2 4 5 5 0 1 2 4 6 5 1 3 4 5 6 5 2 3 4 6 7
1 5 0 1 2 5 6 5 0 1 2 5 7 5 1 3 4 6 7 5 2 3 4 5 7
1 5 0 1 2 5 6 5 0 1 2 5 6 5 1 3 4 5 6 5 2 3 5 6 7
1 5 0 1 2 6 7 5 0 1 2 6 7 5 1 3 4 5 7 5 2 3 5 6 7
1 5 0 1 2 5 6 5 0 1 2 5 7 5 1 4 5 6 7 5 2 3 4 5 7
1 5 0 1 2 6 7 5 0 1 2 6 7 5 1 4 5 6 7 5 2 3 4 6 7
1 5 0 1 2 3 5 5 0 1 3 5 6 5 1 3 4 5 6 5 3 4 5 6 7
1 5 0 1 2 3 6 5 0 1 3 6 7 5 1 3 4 6 7 5 3 4 5 6 7
1 5 0 1 2 3 6 5 0 1 3 6 7 5 1 4 5 6 7 5 3 4 5 6 7
1 5 0 2 4 5 6 5 0 1 2 4 6 5 1 2 3 4 6 5 2 3 4 6 7
1 5 0 2 5 6 7 5 0 1 2 5 7 5 1 2 3 4 7 5 2 3 4 5 7
1 5 0 2 5 6 7 5 0 1 2 5 7 5 1 2 4 5 7 5 2 3 4 5 7
1 5 0 2 3 4 5 5 0 1 3 4 5 5 1 2 3 4 5 5 3 4 5 6 7
1 5 0 2 3 5 6 5 0 1 3 5 6 5 1 2 3 4 6 5 3 4 5 6 7
1 5 0 2 3 6 7 5 0 1 3 6 7 5 1 2 3 4 7 5 3 4 5 6 7
1 5 0 2 3 5 6 5 0 1 3 5 6 5 1 2 4 5 6 5 3 4 5 6 7
1 5 0 2 3 6 7 5 0 1 3 6 7 5 1 2 4 5 7 5 3 4 5 6 7
1 5 0 2 3 6 7 5 0 1 3 6 7 5 1 2 5 6 7 5 3 4 5 6 7
1 5 0 1 2 4 5 5 1 2 4 5 6 5 1 2 3 4 5 5 2 3 4 6 7
1 5 0 1 2 5 6 5 1 2 4 5 6 5 1 2 3 4 6 5 2 3 4 6 7
1 5 0 1 2 5 6 5 1 2 5 6 7 5 1 2 3 4 6 5 2 3 4 5 7
1 5 0 1 2 6 7 5 1 2 5 6 7 5 1 2 3 4 7 5 2 3 4 5 7
1 5 0 1 2 5 6 5 1 2 5 6 7 5 1 2 4 5 6 5 2 3 4 5 7
1 5 0 1 2 6 7 5 1 2 5 6 7 5 1 2 4 5 7 5 2 3 4 5 7
1 5 0 1 2 4 5 5 1 2 3 4 5 5 1 2 3 4 5 5 3 4 5 6 7
1 5 0 1 2 5 6 5 1 2 3 5 6 5 1 2 3 4 6 5 3 4 5 6 7
1 5 0 1 2 6 7 5 1 2 3 6 7 5 1 2 3 4 7 5 3 4 5 6 7
1 5 0 1 2 5 6 5 1 2 3 5 6 5 1 2 4 5 6 5 3 4 5 6 7
1 5 0 1 2 6 7 5 1 2 3 6 7 5 1 2 4 5 7 5 3 4 5 6 7
1 5 0 1 2 6 7 5 1 2 3 6 7 5 1 2 5 6 7 5 3 4 5 6 7
1 5 0 1 2 3 5 5 1 2 3 5 6 5 2 3 4 5 6 5 3 4 5 6 7
1 5 0 1 2 3 6 5 1 2 3 6 7 5 2 3 4 6 7 5 3 4 5 6 7
1 5 0 1 2 3 6 5 1 2 3 6 7 5 2 4 5 6 7 5 3 4 5 6 7
1 5 0 1 3 5 6 5 1 2 3 5 6 5 2 3 4 5 6 5 3 4 5 6 7
1 5 0 1 3 6 7 5 1 2 3 6 7 5 2 3 4 5 7 5 3 4 5 6 7
1 5 0 1 3 6 7 5 1 2 3 6 7 5 2 3 5 6 7 5 3 4 5 6 7
4 12
1 5 0 1 5 6 7 5 0 1 4 5 7 5 0 1 2 3 4 5 1 2 4 5 7
1 5 0 1 2 5 6 5 0 2 4 5 6 5 0 1 2 3 4 5 2 4 5 6 7
1 5 0 1 2 6 7 5 0 2 4 5 7 5 0 1 2 3 4 5 2 4 5 6 7
1 5 0 1 2 6 7 5 0 2 5 6 7 5 0 1 2 3 4 5 2 4 5 6 7
1 5 0 1 2 6 7 5 0 2 5 6 7 5 0 1 3 4 5 5 2 3 5 6 7
1 5 0 2 5 6 7 5 0 2 4 5 7 5 0 1 2 3 4 5 2 3 4 5 7
1 5 0 2 3 5 6 5 0 3 4 5 6 5 0 1 2 3 4 5 3 4 5 6 7
1 5 0 2 3 6 7 5 0 3 4 5 7 5 0 1 2 3 4 5 3 4 5 6 7
1 5 0 2 3 6 7 5 0 3 5 6 7 5 0 1 2 3 4 5 3 4 5 6 7
1 5 0 2 3 6 7 5 0 3 5 6 7 5 0 1 2 4 5 5 3 4 5 6 7
1 5 0 1 2 6 7 5 1 2 5 6 7 5 1 2 3 4 5 5 2 3 5 6 7
1 5 0 1 3 6 7 5 1 3 5 6 7 5 1 2 3 4 5 5 3 4 5 6 7
4 22
1 5 0 1 2 3 4 5 0 4 5 6 7 5 0 1 2 4 7 5 2 3 4 5 7
1 5 0 1 2 3 4 5 0 4 5 6 7 5 0 1 2 5 7 5 2 3 5 6 7
1 5 0 1 2 3 4 5 0 4 5 6 7 5 0 1 3 5 7 5 3 4 5 6 7
1 5 0 1 2 3 4 5 0 1 4 5 6 5 1 2 4 6 7 5 2 3 4 5 7
1 5 0 1 2 3 4 5 0 1 4 5 6 5 1 2 4 5 6 5 2 3 5 6 7
1 5 0 1 2 3 4 5 0 1 4 6 7 5 1 2 4 5 7 5 2 3 5 6 7
1 5 0 1 2 3 4 5 0 1 4 5 6 5 1 2 5 6 7 5 2 3 5 6 7
1 5 0 1 2 4 5 5 0 1 5 6 7 5 1 2 5 6 7 5 2 3 4 6 7
1 5 0 1 2 3 4 5 0 1 4 5 6 5 1 2 3 4 6 5 3 4 5 6 7
1 5 0 1 2 3 4 5 0 1 4 6 7 5 1 2 3 4 7 5 3 4 5 6 7
1 5 0 1 2 4 5 5 0 1 5 6 7 5 1 2 3 5 7 5 3 4 5 6 7
1 5 0 1 2 3 4 5 0 1 4 5 6 5 1 3 4 5 6 5 3 4 5 6 7
1 5 0 1 2 3 4 5 0 1 4 6 7 5 1 3 4 5 7 5 3 4 5 6 7
1 5 0 1 2 3 4 5 0 1 4 5 6 5 1 3 5 6 7 5 3 4 5 6 7
1 5 0 1 2 3 5 5 0 1 5 6 7 5 1 3 5 6 7 5 3 4 5 6 7
1 5 0 2 3 4 5 5 0 1 5 6 7 5 1 2 3 5 7 5 3 4 5 6 7
1 5 0 2 3 4 5 5 0 1 2 5 6 5 2 3 5 6 7 5 3 4 5 6 7
1 5 0 1 2 3 4 5 1 4 5 6 7 5 1 2 3 5 7 5 3 4 5 6 7
1 5 0 1 2 3 4 5 1 2 4 5 6 5 2 3 4 5 6 5 3 4 5 6 7
1 5 0 1 2 3 4 5 1 2 4 6 7 5 2 3 4 5 7 5 3 4 5 6 7
1 5 0 1 2 3 4 5 1 2 4 5 6 5 2 3 5 6 7 5 3 4 5 6 7
1 5 0 1 2 3 5 5 1 2 5 6 7 5 2 3 5 6 7 5 3 4 5 6 7
4 19
1 5 0 1 2 3 7 5 0 3 4 5 6 5 0 1 2 3 4 5 2 3 4 6 7
1 5 0 1 2 3 7 5 0 3 5 6 7 5 0 1 2 3 4 5 2 3 4 5 7
1 5 0 1 2 3 7 5 0 3 4 5 6 5 0 1 2 4 5 5 2 3 5 6 7
1 5 0 1 2 3 7 5 0 3 4 6 7 5 0 1 2 4 5 5 2 3 5 6 7
1 5 0 1 2 4 7 5 0 4 5 6 7 5 0 1 2 4 5 5 2 3 4 5 7
1 5 0 1 2 4 7 5 0 4 5 6 7 5 0 1 2 5 6 5 2 3 4 6 7
1 5 0 1 2 3 7 5 0 3 4 5 6 5 0 1 2 3 4 5 3 4 5 6 7
1 5 0 1 2 3 7 5 0 3 4 6 7 5 0 1 2 3 4 5 3 4 5 6 7
1 5 0 1 2 4 7 5 0 4 5 6 7 5 0 1 2 3 5 5 3 4 5 6 7
1 5 0 2 3 4 7 5 0 4 5 6 7 5 0 1 2 3 5 5 3 4 5 6 7
1 5 0 1 2 3 7 5 0 1 3 5 6 5 1 2 3 4 5 5 2 3 5 6 7
1 5 0 1 2 3 7 5 0 1 3 6 7 5 1 2 3 4 5 5 2 3 5 6 7
1 5 0 1 2 4 7 5 0 1 4 6 7 5 1 2 4 5 6 5 2 3 4 6 7
1 5 0 1 2 4 7 5 0 1 4 5 6 5 1 2 3 4 5 5 3 4 5 6 7
1 5 0 1 2 4 7 5 0 1 4 6 7 5 1 2 3 4 5 5 3 4 5 6 7
1 5 0 1 2 5 7 5 0 1 5 6 7 5 1 2 3 5 6 5 3 4 5 6 7
1 5 0 2 3 4 7 5 0 1 4 5 6 5 1 2 3 4 5 5 3 4 5 6 7
1 5 0 2 3 4 7 5 0 1 4 6 7 5 1 2 3 4 5 5 3 4 5 6 7
1 5 0 2 3 5 7 5 0 1 5 6 7 5 1 2 3 5 6 5 3 4 5 6 7
4 18
1 5 0 1 2 3 4 5 0 4 5 6 7 5 0 1 2 4 7 5 2 3 4 5 7
1 5 0 1 2 3 4 5 0 4 5 6 7 5 0 1 2 5 7 5 2 3 5 6 7
1 5 0 1 2 3 4 5 0 4 5 6 7 5 0 1 3 5 7 5 3 4 5 6 7
1 5 0 1 2 3 4 5 0 1 4 5 6 5 1 2 4 6 7 5 2 3 4 5 6
1 5 0 1 2 3 4 5 0 1 4 5 6 5 1 2 4 5 7 5 2 3 5 6 7
1 5 0 1 2 3 4 5 0 1 4 6 7 5 1 2 4 5 7 5 2 3 5 6 7
1 5 0 1 2 4 5 5 0 1 5 6 7 5 1 2 5 6 7 5 2 3 4 6 7
1 5 0 1 2 3 4 5 0 1 4 5 6 5 1 2 3 4 7 5 3 4 5 6 7
1 5 0 1 2 3 4 5 0 1 4 6 7 5 1 2 3 4 7 5 3 4 5 6 7
1 5 0 1 2 4 5 5 0 1 5 6 7 5 1 2 3 5 7 5 3 4 5 6 7
1 5 0 1 2 3 4 5 0 1 4 5 6 5 1 3 4 5 7 5 3 4 5 6 7
1 5 0 1 2 3 4 5 0 1 4 6 7 5 1 3 4 5 7 5 3 4 5 6 7
1 5 0 1 2 3 5 5 0 1 5 6 7 5 1 3 5 6 7 5 3 4 5 6 7
1 5 0 2 3 4 5 5 0 1 5 6 7 5 1 2 3 5 7 5 3 4 5 6 7
1 5 0 1 2 3 4 5 1 4 5 6 7 5 1 2 3 5 7 5 3 4 5 6 7
1 5 0 1 2 3 4 5 1 2 4 5 6 5 2 3 4 5 7 5 3 4 5 6 7
1 5 0 1 2 3 4 5 1 2 4 6 7 5 2 3 4 5 7 5 3 4 5 6 7
1 5 0 1 2 3 5 5 1 2 5 6 7 5 2 3 5 6 7 5 3 4 5 6 7
4 11
1 5 0 1 2 3 7 5 0 3 4 5 6 5 0 1 2 6 7 5 2 3 4 5 7
1 5 0 1 2 3 7 5 0 3 4 5 6 5 0 1 2 6 7 5 2 3 5 6 7
1 5 0 1 2 3 6 5 0 3 4 5 6 5 0 1 2 3 6 5 3 4 5 6 7
1 5 0 1 2 3 7 5 0 3 4 6 7 5 0 1 2 3 7 5 3 4 5 6 7
1 5 0 1 2 4 7 5 0 4 5 6 7 5 0 1 2 3 7 5 3 4 5 6 7
1 5 0 2 3 4 7 5 0 4 5 6 7 5 0 1 2 3 7 5 3 4 5 6 7
1 5 0 1 2 3 7 5 0 1 3 4 5 5 1 2 5 6 7 5 2 3 4 5 7
1 5 0 1 2 3 6 5 0 1 3 4 5 5 1 2 3 5 6 5 3 4 5 6 7
1 5 0 1 2 3 7 5 0 1 3 4 6 5 1 2 3 6 7 5 3 4 5 6 7
1 5 0 1 2 4 7 5 0 1 4 5 6 5 1 2 3 6 7 5 3 4 5 6 7
1 5 0 2 3 4 7 5 0 1 4 5 6 5 1 2 3 6 7 5 3 4 5 6 7
4 10
1 5 0 1 2 3 4 5 0 4 5 6 7 5 0 1 2 5 6 5 2 3 4 5 7
1 5 0 1 2 3 4 5 0 4 5 6 7 5 0 1 2 6 7 5 2 3 4 5 7
1 5 0 1 2 3 4 5 0 4 5 6 7 5 0 1 2 6 7 5 2 3 5 6 7
1 5 0 1 2 3 4 5 0 4 5 6 7 5 0 1 3 6 7 5 3 4 5 6 7
1 5 0 1 2 3 4 5 0 1 4 5 7 5 1 2 5 6 7 5 2 3 4 5 7
1 5 0 1 2 3 4 5 0 1 4 5 6 5 1 2 3 5 6 5 3 4 5 6 7
1 5 0 1 2 3 4 5 0 1 4 6 7 5 1 2 3 6 7 5 3 4 5 6 7
1 5 0 1 2 4 5 5 0 1 5 6 7 5 1 2 3 6 7 5 3 4 5 6 7
1 5 0 2 3 4 5 5 0 1 5 6 7 5 1 2 3 6 7 5 3 4 5 6 7
1 5 0 1 2 3 4 5 1 4 5 6 7 5 1 2 3 6 7 5 3 4 5 6 7
4 22
1 5 0 1 2 3 6 5 0 3 4 5 6 5 0 1 2 4 5 5 2 3 4 6 7
1 5 0 1 2 3 7 5 0 3 4 6 7 5 0 1 2 5 6 5 2 3 4 5 7
1 5 0 1 2 3 6 5 0 3 4 5 6 5 0 1 2 5 6 5 2 3 5 6 7
1 5 0 1 2 3 7 5 0 3 4 5 7 5 0 1 2 6 7 5 2 3 5 6 7
1 5 0 1 2 4 7 5 0 4 5 6 7 5 0 1 2 5 6 5 2 3 4 5 7
1 5 0 1 2 4 7 5 0 4 5 6 7 5 0 1 2 6 7 5 2 3 4 6 7
1 5 0 1 2 3 6 5 0 3 4 5 6 5 0 1 2 3 5 5 3 4 5 6 7
1 5 0 1 2 3 7 5 0 3 4 6 7 5 0 1 2 3 6 5 3 4 5 6 7
1 5 0 1 2 4 7 5 0 4 5 6 7 5 0 1 2 3 6 5 3 4 5 6 7
1 5 0 2 3 4 7 5 0 4 5 6 7 5 0 1 2 3 6 5 3 4 5 6 7
1 5 0 1 2 3 6 5 0 1 3 4 6 5 1 2 4 5 6 5 2 3 4 6 7
1 5 0 1 2 3 7 5 0 1 3 4 7 5 1 2 5 6 7 5 2 3 4 5 7
1 5 0 1 2 4 7 5 0 1 4 5 7 5 1 2 5 6 7 5 2 3 4 5 7
1 5 0 1 2 3 5 5 0 1 3 4 5 5 1 2 3 4 5 5 3 4 5 6 7
1 5 0 1 2 3 6 5 0 1 3 4 6 5 1 2 3 5 6 5 3 4 5 6 7
1 5 0 1 2 3 7 5 0 1 3 4 7 5 1 2 3 6 7 5 3 4 5 6 7
1 5 0 1 2 4 6 5 0 1 4 5 6 5 1 2 3 5 6 5 3 4 5 6 7
1 5 0 1 2 4 7 5 0 1 4 5 7 5 1 2 3 6 7 5 3 4 5 6 7
1 5 0 1 2 5 7 5 0 1 5 6 7 5 1 2 3 6 7 5 3 4 5 6 7
1 5 0 2 3 4 6 5 0 1 4 5 6 5 1 2 3 5 6 5 3 4 5 6 7
1 5 0 2 3 4 7 5 0 1 4 5 7 5 1 2 3 6 7 5 3 4 5 6 7
1 5 0 2 3 5 7 5 0 1 5 6 7 5 1 2 3 6 7 5 3 4 5 6 7
4 28
1 5 0 1 2 3 4 5 0 2 3 4 5 5 0 1 2 4 5 5 2 4 5 6 7
1 5 0 1 2 3 4 5 0 2 3 4 6 5 0 1 2 5 6 5 2 4 5 6 7
1 5 0 1 2 3 4 5 0 2 3 4 7 5 0 1 2 6 7 5 2 4 5 6 7
1 5 0 1 2 3 4 5 0 3 4 5 6 5 0 1 2 4 5 5 2 3 4 6 7
1 5 0 1 2 3 4 5 0 3 4 6 7 5 0 1 2 5 6 5 2 3 4 5 7
1 5 0 1 2 3 4 5 0 3 4 5 6 5 0 1 2 5 6 5 2 3 5 6 7
1 5 0 1 2 3 4 5 0 3 4 5 7 5 0 1 2 6 7 5 2 3 5 6 7
1 5 0 1 2 4 5 5 0 3 4 5 6 5 0 1 2 5 6 5 2 3 5 6 7
1 5 0 1 2 4 5 5 0 3 4 5 7 5 0 1 2 6 7 5 2 3 5 6 7
1 5 0 1 2 4 5 5 0 4 5 6 7 5 0 1 2 5 6 5 2 3 4 5 7
1 5 0 1 2 4 5 5 0 4 5 6 7 5 0 1 2 6 7 5 2 3 4 6 7
1 5 0 1 2 5 6 5 0 4 5 6 7 5 0 1 2 6 7 5 2 3 4 6 7
1 5 0 1 2 3 4 5 0 3 4 5 6 5 0 1 2 3 5 5 3 4 5 6 7
1 5 0 1 2 3 4 5 0 3 4 6 7 5 0 1 2 3 6 5 3 4 5 6 7
1 5 0 1 2 4 5 5 0 4 5 6 7 5 0 1 2 3 6 5 3 4 5 6 7
1 5 0 2 3 4 5 5 0 4 5 6 7 5 0 1 2 3 6 5 3 4 5 6 7
1 5 0 1 2 3 4 5 0 1 3 4 6 5 1 2 4 5 6 5 2 3 4 6 7
1 5 0 1 2 3 4 5 0 1 3 4 7 5 1 2 5 6 7 5 2 3 4 5 7
1 5 0 1 2 4 5 5 0 1 4 5 7 5 1 2 5 6 7 5 2 3 4 5 7
1 5 0 1 2 3 4 5 0 1 3 4 5 5 1 2 3 4 5 5 3 4 5 6 7
1 5 0 1 2 3 4 5 0 1 3 4 6 5 1 2 3 5 6 5 3 4 5 6 7
1 5 0 1 2 3 4 5 0 1 3 4 7 5 1 2 3 6 7 5 3 4 5 6 7
1 5 0 1 2 4 5 5 0 1 4 5 6 5 1 2 3 5 6 5 3 4 5 6 7
1 5 0 1 2 4 5 5 0 1 4 5 7 5 1 2 3 6 7 5 3 4 5 6 7
1 5 0 1 2 5 6 5 0 1 5 6 7 5 1 2 3 6 7 5 3 4 5 6 7
1 5 0 2 3 4 5 5 0 1 4 5 6 5 1 2 3 5 6 5 3 4 5 6 7
1 5 0 2 3 4 5 5 0 1 4 5 7 5 1 2 3 6 7 5 3 4 5 6 7
1 5 0 2 3 5 6 5 0 1 5 6 7 5 1 2 3 6 7 5 3 4 5 6 7
4 8
1 5 0 1 2 3 4 5 0 1 2 3 4 5 1 2 3 4 7 5 2 4 5 6 7
1 5 0 1 2 3 5 5 0 1 3 4 5 5 1 2 3 4 7 5 2 3 5 6 7
1 5 0 1 2 4 5 5 0 1 3 4 5 5 1 2 4 5 7 5 2 3 5 6 7
1 5 0 1 2 4 6 5 0 1 4 5 6 5 1 2 4 5 7 5 2 3 4 6 7
1 5 0 1 2 5 6 5 0 1 4 5 6 5 1 2 5 6 7 5 2 3 4 6 7
1 5 0 1 2 5 7 5 0 1 5 6 7 5 1 2 5 6 7 5 2 3 4 5 7
1 5 0 2 3 4 5 5 0 1 2 4 5 5 2 3 4 5 7 5 3 4 5 6 7
1 5 0 2 3 5 6 5 0 1 2 5 6 5 2 3 5 6 7 5 3 4 5 6 7
4 18
1 5 0 1 2 3 4 5 0 2 3 4 5 5 0 1 2 5 7 5 2 4 5 6 7
1 5 0 1 2 3 4 5 0 2 3 5 6 5 0 1 2 6 7 5 2 4 5 6 7
1 5 0 1 2 3 4 5 0 3 4 5 6 5 0 1 2 6 7 5 2 3 4 6 7
1 5 0 1 2 4 5 5 0 3 4 5 6 5 0 1 2 6 7 5 2 3 5 6 7
1 5 0 1 2 3 4 5 0 3 4 5 6 5 0 1 3 6 7 5 3 4 5 6 7
1 5 0 1 2 3 4 5 0 1 2 3 4 5 1 2 4 5 7 5 2 4 5 6 7
1 5 0 1 2 3 4 5 0 1 2 3 5 5 1 2 5 6 7 5 2 4 5 6 7
1 5 0 1 2 3 4 5 0 1 3 4 5 5 1 2 5 6 7 5 2 3 4 5 6
1 5 0 1 2 3 4 5 0 1 3 4 5 5 1 2 5 6 7 5 2 3 4 6 7
1 5 0 1 2 4 5 5 0 1 3 4 5 5 1 2 5 6 7 5 2 3 5 6 7
1 5 0 1 2 3 4 5 0 1 3 4 5 5 1 2 3 5 7 5 3 4 5 6 7
1 5 0 1 2 3 4 5 0 1 3 5 6 5 1 2 3 6 7 5 3 4 5 6 7
1 5 0 1 2 4 5 5 0 1 4 5 6 5 1 2 3 6 7 5 3 4 5 6 7
1 5 0 1 2 3 4 5 0 1 3 4 5 5 1 3 5 6 7 5 3 4 5 6 7
1 5 0 2 3 4 5 5 0 1 4 5 6 5 1 2 3 6 7 5 3 4 5 6 7
1 5 0 2 3 4 5 5 0 1 2 4 5 5 2 3 5 6 7 5 3 4 5 6 7
1 5 0 1 2 3 4 5 1 3 4 5 6 5 1 2 3 6 7 5 3 4 5 6 7
1 5 0 1 2 3 4 5 1 2 3 4 5 5 2 3 5 6 7 5 3 4 5 6 7
4 3
1 5 0 1 2 3 6 5 0 2 3 6 7 5 0 1 2 6 7 5 2 3 4 5 6
1 5 0 1 2 4 6 5 0 3 4 6 7 5 0 1 2 6 7 5 2 3 4 5 6
1 5 0 1 2 5 6 5 0 4 5 6 7 5 0 1 2 6 7 5 2 3 4 5 6
4 36
1 5 0 1 2 3 4 5 0 2 3 4 5 5 0 1 2 3 4 5 2 3 5 6 7
1 5 0 1 2 3 5 5 0 2 3 5 6 5 0 1 2 4 5 5 2 3 4 6 7
1 5 0 1 2 3 6 5 0 2 3 6 7 5 0 1 2 5 6 5 2 3 4 5 7
1 5 0 1 2 4 5 5 0 2 3 4 5 5 0 1 2 4 5 5 2 4 5 6 7
1 5 0 1 2 4 6 5 0 2 3 4 6 5 0 1 2 5 6 5 2 4 5 6 7
1 5 0 1 2 4 7 5 0 2 3 4 7 5 0 1 2 6 7 5 2 4 5 6 7
1 5 0 1 2 4 5 5 0 3 4 5 6 5 0 1 2 4 5 5 2 3 4 6 7
1 5 0 1 2 4 6 5 0 3 4 6 7 5 0 1 2 5 6 5 2 3 4 5 7
1 5 0 1 2 5 6 5 0 3 4 5 6 5 0 1 2 5 6 5 2 3 5 6 7
1 5 0 1 2 5 7 5 0 3 4 5 7 5 0 1 2 6 7 5 2 3 5 6 7
1 5 0 1 2 5 6 5 0 4 5 6 7 5 0 1 2 5 6 5 2 3 4 5 7
1 5 0 1 2 6 7 5 0 4 5 6 7 5 0 1 2 6 7 5 2 3 4 6 7
1 5 0 1 2 4 5 5 0 3 4 5 6 5 0 1 2 3 5 5 3 4 5 6 7
1 5 0 1 2 4 6 5 0 3 4 6 7 5 0 1 2 3 6 5 3 4 5 6 7
1 5 0 1 2 5 6 5 0 4 5 6 7 5 0 1 2 3 6 5 3 4 5 6 7
1 5 0 2 3 4 5 5 0 3 4 5 6 5 0 1 2 3 5 5 3 4 5 6 7
1 5 0 2 3 4 6 5 0 3 4 6 7 5 0 1 2 3 6 5 3 4 5 6 7
1 5 0 2 3 5 6 5 0 4 5 6 7 5 0 1 2 3 6 5 3 4 5 6 7
1 5 0 1 2 3 5 5 0 1 2 3 5 5 1 2 3 4 5 5 2 3 5 6 7
1 5 0 1 2 3 6 5 0 1 2 3 6 5 1 2 4 5 6 5 2 3 4 6 7
1 5 0 1 2 3 7 5 0 1 2 3 7 5 1 2 5 6 7 5 2 3 4 5 7
1 5 0 1 2 4 6 5 0 1 3 4 6 5 1 2 4 5 6 5 2 3 4 6 7
1 5 0 1 2 4 7 5 0 1 3 4 7 5 1 2 5 6 7 5 2 3 4 5 7
1 5 0 1 2 5 7 5 0 1 4 5 7 5 1 2 5 6 7 5 2 3 4 5 7
1 5 0 1 2 4 5 5 0 1 3 4 5 5 1 2 3 4 5 5 3 4 5 6 7
1 5 0 1 2 4 6 5 0 1 3 4 6 5 1 2 3 5 6 5 3 4 5 6 7
1 5 0 1 2 4 7 5 0 1 3 4 7 5 1 2 3 6 7 5 3 4 5 6 7
1 5 0 1 2 5 6 5 0 1 4 5 6 5 1 2 3 5 6 5 3 4 5 6 7
1 5 0 1 2 5 7 5 0 1 4 5 7 5 1 2 3 6 7 5 3 4 5 6 7
1 5 0 1 2 6 7 5 0 1 5 6 7 5 1 2 3 6 7 5 3 4 5 6 7
1 5 0 2 3 4 5 5 0 1 3 4 5 5 1 2 3 4 5 5 3 4 5 6 7
1 5 0 2 3 4 6 5 0 1 3 4 6 5 1 2 3 5 6 5 3 4 5 6 7
1 5 0 2 3 4 7 5 0 1 3 4 7 5 1 2 3 6 7 5 3 4 5 6 7
1 5 0 2 3 5 6 5 0 1 4 5 6 5 1 2 3 5 6 5 3 4 5 6 7
1 5 0 2 3 5 7 5 0 1 4 5 7 5 1 2 3 6 7 5 3 4 5 6 7
1 5 0 2 3 6 7 5 0 1 5 6 7 5 1 2 3 6 7 5 3 4 5 6 7
4 40
1 5 0 1 2 3 4 5 0 2 3 4 5 5 0 1 2 4 7 5 2 4 5 6 7
1 5 0 1 2 3 4 5 0 2 3 5 6 5 0 1 2 5 7 5 2 4 5 6 7
1 5 0 1 2 3 4 5 0 2 3 6 7 5 0 1 2 6 7 5 2 4 5 6 7
1 5 0 1 2 3 4 5 0 3 4 5 6 5 0 1 2 4 7 5 2 3 4 6 7
1 5 0 1 2 3 4 5 0 3 5 6 7 5 0 1 2 5 7 5 2 3 4 5 7
1 5 0 1 2 4 5 5 0 3 4 5 6 5 0 1 2 5 7 5 2 3 5 6 7
1 5 0 1 2 4 5 5 0 3 4 6 7 5 0 1 2 6 7 5 2 3 5 6 7
1 5 0 1 2 4 5 5 0 4 5 6 7 5 0 1 2 5 7 5 2 3 4 5 7
1 5 0 1 2 5 6 5 0 4 5 6 7 5 0 1 2 6 7 5 2 3 4 6 7
1 5 0 1 2 3 4 5 0 3 4 5 6 5 0 1 3 5 7 5 3 4 5 6 7
1 5 0 1 2 3 4 5 0 3 4 6 7 5 0 1 3 6 7 5 3 4 5 6 7
1 5 0 1 2 3 5 5 0 4 5 6 7 5 0 1 3 6 7 5 3 4 5 6 7
1 5 0 1 2 3 4 5 0 1 2 3 5 5 1 2 4 5 7 5 2 4 5 6 7
1 5 0 1 2 3 4 5 0 1 2 3 6 5 1 2 5 6 7 5 2 4 5 6 7
1 5 0 1 2 3 4 5 0 1 3 4 5 5 1 2 4 6 7 5 2 3 4 5 6
1 5 0 1 2 3 4 5 0 1 3 5 6 5 1 2 4 5 7 5 2 3 4 6 7
1 5 0 1 2 3 4 5 0 1 3 5 6 5 1 2 5 6 7 5 2 3 4 5 6
1 5 0 1 2 3 4 5 0 1 3 6 7 5 1 2 5 6 7 5 2 3 4 5 7
1 5 0 1 2 4 5 5 0 1 3 4 6 5 1 2 5 6 7 5 2 3 5 6 7
1 5 0 1 2 4 5 5 0 1 4 5 6 5 1 2 5 6 7 5 2 3 4 5 6
1 5 0 1 2 4 5 5 0 1 4 6 7 5 1 2 5 6 7 5 2 3 4 5 7
1 5 0 1 2 3 4 5 0 1 3 4 5 5 1 2 3 4 7 5 3 4 5 6 7
1 5 0 1 2 3 4 5 0 1 3 5 6 5 1 2 3 5 7 5 3 4 5 6 7
1 5 0 1 2 3 4 5 0 1 3 6 7 5 1 2 3 6 7 5 3 4 5 6 7
1 5 0 1 2 4 5 5 0 1 4 5 6 5 1 2 3 5 7 5 3 4 5 6 7
1 5 0 1 2 4 5 5 0 1 4 6 7 5 1 2 3 6 7 5 3 4 5 6 7
1 5 0 1 2 5 6 5 0 1 5 6 7 5 1 2 3 6 7 5 3 4 5 6 7
1 5 0 1 2 3 4 5 0 1 3 4 5 5 1 3 4 5 7 5 3 4 5 6 7
1 5 0 1 2 3 4 5 0 1 3 4 6 5 1 3 5 6 7 5 3 4 5 6 7
1 5 0 1 2 3 5 5 0 1 4 5 6 5 1 3 5 6 7 5 3 4 5 6 7
1 5 0 2 3 4 5 5 0 1 4 5 6 5 1 2 3 5 7 5 3 4 5 6 7
1 5 0 2 3 4 5 5 0 1 4 6 7 5 1 2 3 6 7 5 3 4 5 6 7
1 5 0 2 3 5 6 5 0 1 5 6 7 5 1 2 3 6 7 5 3 4 5 6 7
1 5 0 2 3 4 5 5 0 1 2 4 6 5 2 3 5 6 7 5 3 4 5 6 7
1 5 0 1 2 3 4 5 1 3 4 5 6 5 1 2 3 5 7 5 3 4 5 6 7
1 5 0 1 2 3 4 5 1 3 4 6 7 5 1 2 3 6 7 5 3 4 5 6 7
1 5 0 1 2 3 5 5 1 4 5 6 7 5 1 2 3 6 7 5 3 4 5 6 7
1 5 0 1 2 3 4 5 1 2 3 4 5 5 2 3 4 5 7 5 3 4 5 6 7
1 5 0 1 2 3 4 5 1 2 3 4 6 5 2 3 5 6 7 5 3 4 5 6 7
1 5 0 1 2 3 5 5 1 2 4 5 6 5 2 3 5 6 7 5 3 4 5 6 7
4 48
1 5 0 1 2 3 4 5 0 2 3 4 5 5 0 1 2 3 5 5 2 4 5 6 7
1 5 0 1 2 3 4 5 0 2 3 5 6 5 0 1 2 3 6 5 2 4 5 6 7
1 5 0 1 2 3 4 5 0 2 3 6 7 5 0 1 2 3 7 5 2 4 5 6 7
1 5 0 1 2 3 4 5 0 3 4 5 6 5 0 1 2 3 6 5 2 3 4 6 7
1 5 0 1 2 3 4 5 0 3 5 6 7 5 0 1 2 3 7 5 2 3 4 5 7
1 5 0 1 2 4 5 5 0 3 4 5 6 5 0 1 2 4 6 5 2 3 5 6 7
1 5 0 1 2 4 5 5 0 3 4 6 7 5 0 1 2 4 7 5 2 3 5 6 7
1 5 0 1 2 4 5 5 0 4 5 6 7 5 0 1 2 4 7 5 2 3 4 5 7
1 5 0 1 2 5 6 5 0 4 5 6 7 5 0 1 2 5 7 5 2 3 4 6 7
1 5 0 1 2 3 4 5 0 3 4 5 6 5 0 1 3 4 6 5 3 4 5 6 7
1 5 0 1 2 3 4 5 0 3 4 6 7 5 0 1 3 4 7 5 3 4 5 6 7
1 5 0 1 2 3 5 5 0 4 5 6 7 5 0 1 3 5 7 5 3 4 5 6 7
1 5 0 1 2 3 4 5 0 1 2 3 4 5 1 2 3 4 5 5 2 4 5 6 7
1 5 0 1 2 3 4 5 0 1 2 3 5 5 1 2 3 5 6 5 2 4 5 6 7
1 5 0 1 2 3 4 5 0 1 2 3 6 5 1 2 3 6 7 5 2 4 5 6 7
1 5 0 1 2 3 4 5 0 1 3 4 5 5 1 2 3 5 6 5 2 3 4 6 7
1 5 0 1 2 3 4 5 0 1 3 5 6 5 1 2 3 6 7 5 2 3 4 5 7
1 5 0 1 2 4 5 5 0 1 3 5 6 5 1 2 3 4 6 5 2 3 5 6 7
1 5 0 1 2 4 5 5 0 1 3 6 7 5 1 2 3 4 7 5 2 3 5 6 7
1 5 0 1 2 4 5 5 0 1 3 4 5 5 1 2 4 5 6 5 2 3 5 6 7
1 5 0 1 2 4 5 5 0 1 3 4 6 5 1 2 4 6 7 5 2 3 5 6 7
1 5 0 1 2 4 5 5 0 1 4 5 6 5 1 2 4 6 7 5 2 3 4 5 7
1 5 0 1 2 5 6 5 0 1 4 6 7 5 1 2 4 5 7 5 2 3 4 6 7
1 5 0 1 2 5 6 5 0 1 4 5 6 5 1 2 5 6 7 5 2 3 4 6 7
1 5 0 1 2 4 5 5 0 1 4 5 6 5 1 2 3 4 6 5 3 4 5 6 7
1 5 0 1 2 4 5 5 0 1 4 6 7 5 1 2 3 4 7 5 3 4 5 6 7
1 5 0 1 2 5 6 5 0 1 5 6 7 5 1 2 3 5 7 5 3 4 5 6 7
1 5 0 1 2 3 4 5 0 1 3 4 5 5 1 3 4 5 6 5 3 4 5 6 7
1 5 0 1 2 3 4 5 0 1 3 4 6 5 1 3 4 6 7 5 3 4 5 6 7
1 5 0 1 2 3 5 5 0 1 4 5 6 5 1 3 4 5 6 5 3 4 5 6 7
1 5 0 1 2 3 5 5 0 1 4 6 7 5 1 3 4 5 7 5 3 4 5 6 7
1 5 0 1 2 3 5 5 0 1 4 5 6 5 1 3 5 6 7 5 3 4 5 6 7
1 5 0 1 2 3 6 5 0 1 5 6 7 5 1 3 5 6 7 5 3 4 5 6 7
1 5 0 2 3 4 5 5 0 1 4 5 6 5 1 2 3 4 6 5 3 4 5 6 7
1 5 0 2 3 4 5 5 0 1 4 6 7 5 1 2 3 4 7 5 3 4 5 6 7
1 5 0 2 3 5 6 5 0 1 5 6 7 5 1 2 3 5 7 5 3 4 5 6 7
1 5 0 2 3 4 5 5 0 1 2 4 5 5 2 3 4 5 6 5 3 4 5 6 7
1 5 0 2 3 4 5 5 0 1 2 4 6 5 2 3 4 6 7 5 3 4 5 6 7
1 5 0 2 3 5 6 5 0 1 2 5 6 5 2 3 5 6 7 5 3 4 5 6 7
1 5 0 1 2 3 4 5 1 3 4 5 6 5 1 2 3 4 6 5 3 4 5 6 7
1 5 0 1 2 3 4 5 1 3 4 6 7 5 1 2 3 4 7 5 3 4 5 6 7
1 5 0 1 2 3 5 5 1 4 5 6 7 5 1 2 3 5 7 5 3 4 5 6 7
1 5 0 1 2 3 4 5 1 2 3 4 5 5 2 3 4 5 6 5 3 4 5 6 7
1 5 0 1 2 3 4 5 1 2 3 4 6 5 2 3 4 6 7 5 3 4 5 6 7
1 5 0 1 2 3 5 5 1 2 4 5 6 5 2 3 4 5 6 5 3 4 5 6 7
1 5 0 1 2 3 5 5 1 2 4 6 7 5 2 3 4 5 7 5 3 4 5 6 7
1 5 0 1 2 3 5 5 1 2 4 5 6 5 2 3 5 6 7 5 3 4 5 6 7
1 5 0 1 2 3 6 5 1 2 5 6 7 5 2 3 5 6 7 5 3 4 5 6 7
4 12
1 5 0 1 2 3 4 5 0 3 4 6 7 5 0 1 2 3 7 5 2 3 4 5 6
1 5 0 1 2 3 5 5 0 3 4 5 7 5 0 1 2 3 7 5 2 3 5 6 7
1 5 0 1 2 4 5 5 0 4 5 6 7 5 0 1 2 4 7 5 2 3 4 5 6
1 5 0 1 2 4 6 5 0 4 5 6 7 5 0 1 2 4 7 5 2 3 4 6 7
1 5 0 1 2 3 4 5 0 1 3 4 6 5 1 2 3 6 7 5 2 3 4 5 6
1 5 0 1 2 4 5 5 0 1 4 5 7 5 1 2 3 4 7 5 2 3 5 6 7
1 5 0 1 2 4 5 5 0 1 4 5 6 5 1 2 4 6 7 5 2 3 4 5 6
1 5 0 1 2 5 6 5 0 1 5 6 7 5 1 2 4 5 7 5 2 3 4 6 7
1 5 0 1 2 4 5 5 0 1 4 5 7 5 1 2 3 4 7 5 3 4 5 6 7
1 5 0 1 2 5 6 5 0 1 5 6 7 5 1 2 3 5 7 5 3 4 5 6 7
1 5 0 2 3 4 5 5 0 1 4 5 7 5 1 2 3 4 7 5 3 4 5 6 7
1 5 0 2 3 5 6 5 0 1 5 6 7 5 1 2 3 5 7 5 3 4 5 6 7
4 15
1 5 0 1 2 3 4 5 0 3 4 6 7 5 0 1 2 3 4 5 2 3 4 5 6
1 5 0 1 2 3 4 5 0 3 4 5 7 5 0 1 2 3 5 5 2 3 5 6 7
1 5 0 1 2 4 5 5 0 3 4 5 7 5 0 1 2 3 5 5 2 3 5 6 7
1 5 0 1 2 4 5 5 0 4 5 6 7 5 0 1 2 4 5 5 2 3 4 5 6
1 5 0 1 2 4 5 5 0 4 5 6 7 5 0 1 2 4 6 5 2 3 4 6 7
1 5 0 1 2 5 6 5 0 4 5 6 7 5 0 1 2 4 6 5 2 3 4 6 7
1 5 0 1 2 3 4 5 0 1 3 4 7 5 1 2 3 4 5 5 2 3 5 6 7
1 5 0 1 2 4 5 5 0 1 4 5 7 5 1 2 3 4 5 5 2 3 5 6 7
1 5 0 1 2 4 5 5 0 1 4 5 7 5 1 2 4 5 6 5 2 3 4 6 7
1 5 0 1 2 5 6 5 0 1 5 6 7 5 1 2 4 5 6 5 2 3 4 6 7
1 5 0 1 2 5 6 5 0 1 5 6 7 5 1 2 5 6 7 5 2 3 4 5 7
1 5 0 1 2 4 5 5 0 1 4 5 7 5 1 2 3 4 5 5 3 4 5 6 7
1 5 0 1 2 5 6 5 0 1 5 6 7 5 1 2 3 5 6 5 3 4 5 6 7
1 5 0 2 3 4 5 5 0 1 4 5 7 5 1 2 3 4 5 5 3 4 5 6 7
1 5 0 2 3 5 6 5 0 1 5 6 7 5 1 2 3 5 6 5 3 4 5 6 7
4 5
1 5 0 1 2 4 5 5 0 4 5 6 7 5 0 1 2 3 4 5 2 3 4 5 6
1 5 0 1 2 4 6 5 0 4 5 6 7 5 0 1 2 3 4 5 2 3 4 6 7
1 5 0 1 2 5 6 5 0 1 5 6 7 5 1 2 3 4 5 5 2 3 5 6 7
1 5 0 1 2 5 6 5 0 1 5 6 7 5 1 2 3 4 5 5 3 4 5 6 7
1 5 0 2 3 5 6 5 0 1 5 6 7 5 1 2 3 4 5 5 3 4 5 6 7
4 7
1 5 0 1 2 5 6 5 0 2 3 4 5 5 0 1 5 6 7 5 1 2 5 6 7
1 5 0 1 2 4 5 5 0 1 2 3 4 5 1 4 5 6 7 5 1 2 4 5 6
1 5 0 1 2 4 6 5 0 1 2 3 4 5 1 4 5 6 7 5 1 2 4 6 7
1 5 0 2 3 5 6 5 0 1 3 4 5 5 1 2 5 6 7 5 2 3 5 6 7
1 5 0 2 3 4 5 5 0 1 2 3 4 5 2 4 5 6 7 5 2 3 4 5 6
1 5 0 2 3 4 6 5 0 1 2 3 4 5 2 4 5 6 7 5 2 3 4 6 7
1 5 0 3 4 5 6 5 0 1 2 4 5 5 2 3 5 6 7 5 3 4 5 6 7
4 20
1 5 0 1 2 3 4 5 0 2 3 6 7 5 0 1 4 5 6 5 1 2 4 5 6
1 5 0 1 2 4 5 5 0 2 3 4 7 5 0 1 5 6 7 5 1 2 5 6 7
1 5 0 1 2 3 4 5 0 3 4 6 7 5 0 1 4 5 6 5 1 2 4 5 6
1 5 0 1 2 3 5 5 0 3 4 5 7 5 0 1 5 6 7 5 1 2 5 6 7
1 5 0 1 2 3 4 5 0 3 4 6 7 5 0 1 4 5 6 5 2 3 4 5 6
1 5 0 1 2 3 5 5 0 3 4 5 7 5 0 1 5 6 7 5 2 3 5 6 7
1 5 0 1 2 3 4 5 0 1 2 3 7 5 1 4 5 6 7 5 1 2 4 5 6
1 5 0 1 2 3 4 5 0 1 2 3 7 5 1 4 5 6 7 5 1 2 4 6 7
1 5 0 1 2 3 4 5 0 1 3 4 7 5 1 4 5 6 7 5 1 2 4 5 6
1 5 0 1 2 3 4 5 0 1 3 4 7 5 1 4 5 6 7 5 1 2 4 6 7
1 5 0 1 2 3 4 5 0 1 3 4 7 5 1 4 5 6 7 5 2 3 4 5 6
1 5 0 1 2 3 4 5 0 1 3 4 7 5 1 4 5 6 7 5 2 3 4 6 7
1 5 0 2 3 4 5 5 0 1 3 4 7 5 1 2 5 6 7 5 2 3 5 6 7
1 5 0 2 3 4 5 5 0 1 4 5 7 5 1 2 5 6 7 5 2 3 5 6 7
1 5 0 2 3 4 5 5 0 1 4 5 7 5 1 2 5 6 7 5 3 4 5 6 7
1 5 0 1 2 3 4 5 1 3 4 6 7 5 1 2 4 5 6 5 2 3 4 5 6
1 5 0 1 2 3 5 5 1 3 4 5 7 5 1 2 5 6 7 5 2 3 5 6 7
1 5 0 1 2 3 4 5 1 2 3 4 7 5 2 4 5 6 7 5 2 3 4 5 6
1 5 0 1 2 3 4 5 1 2 3 4 7 5 2 4 5 6 7 5 2 3 4 6 7
1 5 0 1 3 4 5 5 1 2 4 5 7 5 2 3 5 6 7 5 3 4 5 6 7
4 24
1 5 0 1 2 3 4 5 0 4 5 6 7 5 0 1 4 5 7 5 1 2 4 5 7
1 5 0 1 2 3 4 5 0 4 5 6 7 5 0 1 5 6 7 5 1 2 5 6 7
1 5 0 1 2 3 4 5 0 4 5 6 7 5 0 1 4 5 7 5 2 3 4 5 7
1 5 0 1 2 3 4 5 0 4 5 6 7 5 0 1 5 6 7 5 2 3 5 6 7
1 5 0 1 2 3 4 5 0 4 5 6 7 5 0 1 5 6 7 5 3 4 5 6 7
1 5 0 1 2 3 4 5 0 1 4 5 6 5 1 4 5 6 7 5 1 2 4 5 7
1 5 0 1 2 3 4 5 0 1 4 6 7 5 1 4 5 6 7 5 1 2 4 5 7
1 5 0 1 2 3 4 5 0 1 4 6 7 5 1 4 5 6 7 5 1 2 5 6 7
1 5 0 1 2 3 4 5 0 1 4 5 6 5 1 4 5 6 7 5 2 3 4 5 7
1 5 0 1 2 3 4 5 0 1 4 6 7 5 1 4 5 6 7 5 2 3 4 5 7
1 5 0 1 2 3 4 5 0 1 4 6 7 5 1 4 5 6 7 5 2 3 5 6 7
1 5 0 1 2 3 4 5 0 1 4 6 7 5 1 4 5 6 7 5 3 4 5 6 7
1 5 0 2 3 4 5 5 0 1 5 6 7 5 1 2 5 6 7 5 2 3 5 6 7
1 5 0 2 3 4 5 5 0 1 5 6 7 5 1 2 5 6 7 5 3 4 5 6 7
1 5 0 1 2 3 4 5 1 4 5 6 7 5 1 2 4 5 7 5 2 3 4 5 7
1 5 0 1 2 3 4 5 1 4 5 6 7 5 1 2 5 6 7 5 2 3 5 6 7
1 5 0 1 2 3 4 5 1 4 5 6 7 5 1 2 5 6 7 5 3 4 5 6 7
1 5 0 1 2 3 4 5 1 2 4 5 6 5 2 4 5 6 7 5 2 3 4 5 7
1 5 0 1 2 3 4 5 1 2 4 6 7 5 2 4 5 6 7 5 2 3 4 5 7
1 5 0 1 2 3 4 5 1 2 4 6 7 5 2 4 5 6 7 5 2 3 5 6 7
1 5 0 1 2 3 4 5 1 2 4 6 7 5 2 4 5 6 7 5 3 4 5 6 7
1 5 0 1 3 4 5 5 1 2 5 6 7 5 2 3 5 6 7 5 3 4 5 6 7
1 5 0 1 2 3 4 5 2 4 5 6 7 5 2 3 5 6 7 5 3 4 5 6 7
1 5 0 1 2 3 4 5 2 3 4 6 7 5 3 4 5 6 7 5 3 4 5 6 7
4 9
1 5 0 1 2 3 4 5 0 2 3 6 7 5 0 1 4 5 6 5 1 2 3 6 7
1 5 0 1 2 3 4 5 0 3 4 6 7 5 0 1 4 5 6 5 1 2 4 6 7
1 5 0 1 2 3 4 5 0 3 4 6 7 5 0 1 4 5 6 5 2 3 4 6 7
1 5 0 2 3 4 5 5 0 3 4 6 7 5 0 1 2 5 6 5 2 3 4 6 7
1 5 0 2 3 4 5 5 0 4 5 6 7 5 0 1 2 5 6 5 2 3 5 6 7
1 5 0 2 3 4 5 5 0 4 5 6 7 5 0 1 2 5 6 5 3 4 5 6 7
1 5 0 3 4 5 6 5 0 4 5 6 7 5 0 1 2 3 6 5 3 4 5 6 7
1 5 0 1 2 3 4 5 1 3 4 6 7 5 1 2 4 5 6 5 2 3 4 6 7
1 5 0 1 3 4 5 5 1 4 5 6 7 5 1 2 3 5 6 5 3 4 5 6 7
4 3
1 5 0 1 2 4 5 5 0 2 3 4 5 5 0 1 5 6 7 5 1 2 3 4 7
1 5 0 2 3 5 6 5 0 3 4 5 6 5 0 1 2 6 7 5 2 3 4 5 7
1 5 0 3 4 6 7 5 0 4 5 6 7 5 0 1 2 3 7 5 3 4 5 6 7
4 7
1 5 0 1 2 5 6 5 0 2 3 5 6 5 0 1 3 4 5 5 1 2 3 6 7
1 5 0 1 2 6 7 5 0 2 3 6 7 5 0 1 4 5 6 5 1 2 3 4 7
1 5 0 1 3 6 7 5 0 3 4 6 7 5 0 1 4 5 6 5 1 2 3 4 7
1 5 0 2 3 5 6 5 0 3 4 5 6 5 0 1 2 4 5 5 2 3 4 6 7
1 5 0 2 3 6 7 5 0 3 4 6 7 5 0 1 2 5 6 5 2 3 4 5 7
1 5 0 2 4 6 7 5 0 4 5 6 7 5 0 1 2 5 6 5 2 3 4 5 7
1 5 0 3 4 6 7 5 0 4 5 6 7 5 0 1 2 3 6 5 3 4 5 6 7
4 37
1 5 0 1 2 5 6 5 0 2 3 4 5 5 0 1 3 4 5 5 1 2 3 6 7
1 5 0 1 2 6 7 5 0 2 3 4 5 5 0 1 4 5 6 5 1 2 3 4 7
1 5 0 1 2 6 7 5 0 2 3 5 6 5 0 1 4 5 6 5 1 2 3 4 7
1 5 0 1 2 3 6 5 0 3 4 5 6 5 0 1 3 4 6 5 1 2 3 6 7
1 5 0 1 2 3 7 5 0 3 4 5 6 5 0 1 4 6 7 5 1 2 3 4 7
1 5 0 1 2 3 7 5 0 3 5 6 7 5 0 1 4 5 7 5 1 2 3 4 7
1 5 0 1 2 3 6 5 0 3 4 5 6 5 0 1 4 5 6 5 1 2 4 6 7
1 5 0 1 2 3 7 5 0 3 4 5 6 5 0 1 5 6 7 5 1 2 4 5 7
1 5 0 1 2 3 7 5 0 3 4 6 7 5 0 1 5 6 7 5 1 2 4 5 7
1 5 0 1 3 6 7 5 0 3 4 5 6 5 0 1 4 5 6 5 1 2 3 4 7
1 5 0 1 3 4 7 5 0 4 5 6 7 5 0 1 4 5 7 5 1 2 3 4 7
1 5 0 1 3 4 7 5 0 4 5 6 7 5 0 1 5 6 7 5 1 2 3 5 7
1 5 0 1 2 3 6 5 0 3 4 5 6 5 0 1 4 5 6 5 2 3 4 6 7
1 5 0 1 2 3 7 5 0 3 4 5 6 5 0 1 5 6 7 5 2 3 4 5 7
1 5 0 1 2 3 7 5 0 3 4 6 7 5 0 1 5 6 7 5 2 3 4 5 7
1 5 0 1 2 4 7 5 0 4 5 6 7 5 0 1 5 6 7 5 2 3 4 5 7
1 5 0 2 3 6 7 5 0 3 4 5 6 5 0 1 2 5 6 5 2 3 4 5 7
1 5 0 2 3 4 7 5 0 4 5 6 7 5 0 1 2 5 7 5 2 3 4 5 7
1 5 0 2 3 4 7 5 0 4 5 6 7 5 0 1 2 6 7 5 2 3 5 6 7
1 5 0 2 3 4 7 5 0 4 5 6 7 5 0 1 2 6 7 5 3 4 5 6 7
1 5 0 1 2 3 6 5 0 1 3 4 5 5 1 3 4 5 6 5 1 2 3 6 7
1 5 0 1 2 3 6 5 0 1 3 5 6 5 1 3 4 5 6 5 1 2 3 6 7
1 5 0 1 2 3 7 5 0 1 3 4 5 5 1 4 5 6 7 5 1 2 3 4 7
1 5 0 1 2 3 7 5 0 1 3 5 6 5 1 4 5 6 7 5 1 2 3 4 7
1 5 0 1 2 3 7 5 0 1 3 6 7 5 1 4 5 6 7 5 1 2 3 4 7
1 5 0 1 3 4 7 5 0 1 4 5 6 5 1 4 5 6 7 5 1 2 3 4 7
1 5 0 1 3 4 7 5 0 1 4 6 7 5 1 4 5 6 7 5 1 2 3 4 7
1 5 0 2 3 4 6 5 0 1 4 5 6 5 1 2 4 5 6 5 2 3 4 6 7
1 5 0 2 3 4 7 5 0 1 4 5 6 5 1 2 5 6 7 5 2 3 4 5 7
1 5 0 2 3 4 7 5 0 1 4 6 7 5 1 2 5 6 7 5 2 3 4 5 7
1 5 0 2 4 5 7 5 0 1 5 6 7 5 1 2 5 6 7 5 2 3 4 5 7
1 5 0 3 4 5 7 5 0 1 5 6 7 5 1 2 3 6 7 5 3 4 5 6 7
1 5 0 1 2 3 6 5 1 3 4 5 6 5 1 2 4 5 6 5 2 3 4 6 7
1 5 0 1 2 3 7 5 1 3 4 5 6 5 1 2 5 6 7 5 2 3 4 5 7
1 5 0 1 2 3 7 5 1 3 4 6 7 5 1 2 5 6 7 5 2 3 4 5 7
1 5 0 1 2 4 7 5 1 4 5 6 7 5 1 2 5 6 7 5 2 3 4 5 7
1 5 0 1 3 4 7 5 1 4 5 6 7 5 1 2 3 6 7 5 3 4 5 6 7
4 3
1 5 0 1 2 3 4 5 0 1 4 5 6 5 1 4 5 6 7 5 1 2 4 6 7
1 5 0 1 2 3 4 5 0 1 4 5 6 5 1 4 5 6 7 5 2 3 4 6 7
1 5 0 1 2 3 4 5 1 2 4 5 6 5 2 4 5 6 7 5 2 3 4 6 7
4 18
1 5 0 1 2 5 6 5 0 2 3 6 7 5 0 1 3 4 5 5 1 2 3 5 7
1 5 0 1 2 6 7 5 0 2 3 4 7 5 0 1 4 5 6 5 1 2 4 6 7
1 5 0 1 2 3 5 5 0 3 5 6 7 5 0 1 3 4 5 5 1 2 3 5 7
1 5 0 1 2 3 6 5 0 3 4 6 7 5 0 1 4 5 6 5 1 2 4 6 7
1 5 0 1 2 3 6 5 0 3 4 6 7 5 0 1 4 5 6 5 2 3 4 6 7
1 5 0 2 3 5 6 5 0 3 4 6 7 5 0 1 2 4 5 5 2 3 4 5 7
1 5 0 2 3 6 7 5 0 3 4 5 7 5 0 1 2 5 6 5 2 3 5 6 7
1 5 0 2 3 4 5 5 0 4 5 6 7 5 0 1 2 4 5 5 2 3 4 5 7
1 5 0 2 3 4 6 5 0 4 5 6 7 5 0 1 2 5 6 5 2 3 5 6 7
1 5 0 2 3 4 6 5 0 4 5 6 7 5 0 1 2 5 6 5 3 4 5 6 7
1 5 0 1 2 6 7 5 0 1 2 3 7 5 1 3 4 5 6 5 1 2 3 6 7
1 5 0 1 2 3 6 5 0 1 3 6 7 5 1 3 4 5 6 5 1 2 3 6 7
1 5 0 2 3 6 7 5 0 1 3 4 7 5 1 2 4 5 6 5 2 3 4 6 7
1 5 0 2 3 4 6 5 0 1 4 6 7 5 1 2 4 5 6 5 2 3 4 6 7
1 5 0 3 4 6 7 5 0 1 4 5 7 5 1 2 3 5 6 5 3 4 5 6 7
1 5 0 3 4 5 6 5 0 1 5 6 7 5 1 2 3 5 6 5 3 4 5 6 7
1 5 0 1 2 3 6 5 1 3 4 6 7 5 1 2 4 5 6 5 2 3 4 6 7
1 5 0 1 3 4 6 5 1 4 5 6 7 5 1 2 3 5 6 5 3 4 5 6 7
4 6
1 5 0 1 2 6 7 5 0 2 3 6 7 5 0 1 3 4 5 5 1 2 3 5 6
1 5 0 1 2 6 7 5 0 2 3 6 7 5 0 1 4 5 6 5 1 2 3 4 6
1 5 0 1 3 6 7 5 0 3 4 6 7 5 0 1 4 5 6 5 1 2 3 4 6
1 5 0 2 3 6 7 5 0 3 4 6 7 5 0 1 2 4 5 5 2 3 4 5 6
1 5 0 2 3 6 7 5 0 3 4 6 7 5 0 1 2 5 6 5 2 3 4 5 6
1 5 0 2 4 6 7 5 0 4 5 6 7 5 0 1 2 5 6 5 2 3 4 5 6
4 18
1 5 0 1 2 6 7 5 0 2 3 5 6 5 0 1 3 4 5 5 1 2 3 5 7
1 5 0 1 2 6 7 5 0 2 3 4 6 5 0 1 4 5 6 5 1 2 4 6 7
1 5 0 1 2 3 7 5 0 3 5 6 7 5 0 1 3 4 5 5 1 2 3 5 7
1 5 0 1 2 3 7 5 0 3 4 6 7 5 0 1 4 5 6 5 1 2 4 6 7
1 5 0 1 2 3 7 5 0 3 4 6 7 5 0 1 4 5 6 5 2 3 4 6 7
1 5 0 2 3 6 7 5 0 3 4 5 6 5 0 1 2 4 5 5 2 3 4 5 7
1 5 0 2 3 6 7 5 0 3 4 5 6 5 0 1 2 5 6 5 2 3 5 6 7
1 5 0 2 3 4 7 5 0 4 5 6 7 5 0 1 2 4 5 5 2 3 4 5 7
1 5 0 2 3 4 7 5 0 4 5 6 7 5 0 1 2 5 6 5 2 3 5 6 7
1 5 0 2 3 4 7 5 0 4 5 6 7 5 0 1 2 5 6 5 3 4 5 6 7
1 5 0 1 2 6 7 5 0 1 2 3 6 5 1 3 4 5 6 5 1 2 3 6 7
1 5 0 1 2 3 7 5 0 1 3 6 7 5 1 3 4 5 6 5 1 2 3 6 7
1 5 0 2 3 6 7 5 0 1 3 4 6 5 1 2 4 5 6 5 2 3 4 6 7
1 5 0 2 3 4 7 5 0 1 4 6 7 5 1 2 4 5 6 5 2 3 4 6 7
1 5 0 3 4 6 7 5 0 1 4 5 6 5 1 2 3 5 6 5 3 4 5 6 7
1 5 0 3 4 5 7 5 0 1 5 6 7 5 1 2 3 5 6 5 3 4 5 6 7
1 5 0 1 2 3 7 5 1 3 4 6 7 5 1 2 4 5 6 5 2 3 4 6 7
1 5 0 1 3 4 7 5 1 4 5 6 7 5 1 2 3 5 6 5 3 4 5 6 7
4 10
1 5 0 1 2 5 6 5 0 4 5 6 7 5 0 1 2 3 4 5 1 2 4 5 7
1 5 0 1 2 6 7 5 0 4 5 6 7 5 0 1 2 3 4 5 1 2 4 5 7
1 5 0 1 2 6 7 5 0 4 5 6 7 5 0 1 2 3 4 5 1 2 5 6 7
1 5 0 2 3 5 6 5 0 4 5 6 7 5 0 1 2 3 4 5 2 3 4 5 7
1 5 0 2 3 6 7 5 0 4 5 6 7 5 0 1 2 3 4 5 2 3 4 5 7
1 5 0 2 3 6 7 5 0 4 5 6 7 5 0 1 2 3 4 5 2 3 5 6 7
1 5 0 3 4 6 7 5 0 4 5 6 7 5 0 1 2 3 4 5 3 4 5 6 7
1 5 0 1 2 6 7 5 0 1 5 6 7 5 1 2 3 4 5 5 1 2 5 6 7
1 5 0 2 3 6 7 5 0 1 5 6 7 5 1 2 3 4 5 5 2 3 5 6 7
1 5 0 3 4 6 7 5 0 1 5 6 7 5 1 2 3 4 5 5 3 4 5 6 7
4 2
1 5 0 1 2 3 4 5 0 2 3 4 5 5 0 1 4 5 7 5 1 2 5 6 7
1 5 0 1 3 4 5 5 0 3 4 5 6 5 0 1 5 6 7 5 1 2 3 6 7
4 6
1 5 0 1 2 3 4 5 0 2 3 4 7 5 0 1 4 6 7 5 1 2 4 5 6
1 5 0 1 2 3 4 5 0 2 3 4 7 5 0 1 4 5 7 5 1 2 5 6 7
1 5 0 1 3 4 5 5 0 3 4 5 7 5 0 1 5 6 7 5 1 2 3 5 6
1 5 0 1 3 4 5 5 0 3 4 5 7 5 0 1 5 6 7 5 1 2 3 6 7
1 5 0 2 3 4 5 5 0 3 4 5 7 5 0 1 2 5 7 5 2 3 5 6 7
1 5 0 2 4 5 6 5 0 4 5 6 7 5 0 1 2 6 7 5 2 3 4 6 7
4 7
1 5 0 1 2 3 7 5 0 2 3 5 6 5 0 1 3 4 5 5 1 2 5 6 7
1 5 0 1 2 3 7 5 0 2 3 6 7 5 0 1 3 4 5 5 1 2 5 6 7
1 5 0 1 3 4 7 5 0 3 4 6 7 5 0 1 4 5 6 5 1 2 3 6 7
1 5 0 2 3 4 7 5 0 3 4 5 6 5 0 1 2 4 5 5 2 3 5 6 7
1 5 0 2 3 4 7 5 0 3 4 6 7 5 0 1 2 4 5 5 2 3 5 6 7
1 5 0 2 4 5 7 5 0 4 5 6 7 5 0 1 2 5 6 5 2 3 4 6 7
1 5 0 3 4 5 7 5 0 4 5 6 7 5 0 1 2 3 5 5 3 4 5 6 7
4 15
1 5 0 1 2 3 4 5 0 2 4 5 6 5 0 1 4 6 7 5 1 2 4 5 6
1 5 0 1 2 3 4 5 0 2 4 5 6 5 0 1 4 5 7 5 1 2 5 6 7
1 5 0 1 2 3 4 5 0 2 4 6 7 5 0 1 4 5 7 5 1 2 5 6 7
1 5 0 1 3 4 5 5 0 3 5 6 7 5 0 1 5 6 7 5 1 2 3 6 7
1 5 0 1 2 3 4 5 0 3 4 5 6 5 0 1 4 6 7 5 2 3 4 5 6
1 5 0 1 2 3 4 5 0 3 4 5 6 5 0 1 4 5 7 5 2 3 5 6 7
1 5 0 1 2 3 4 5 0 3 4 6 7 5 0 1 4 5 7 5 2 3 5 6 7
1 5 0 1 2 4 5 5 0 4 5 6 7 5 0 1 5 6 7 5 2 3 4 6 7
1 5 0 2 3 4 5 5 0 3 5 6 7 5 0 1 2 5 7 5 2 3 5 6 7
1 5 0 2 3 4 5 5 0 4 5 6 7 5 0 1 2 5 7 5 3 4 5 6 7
1 5 0 1 2 3 4 5 1 3 4 5 6 5 1 2 4 6 7 5 2 3 4 5 6
1 5 0 1 2 3 4 5 1 3 4 5 6 5 1 2 4 5 7 5 2 3 5 6 7
1 5 0 1 2 3 4 5 1 3 4 6 7 5 1 2 4 5 7 5 2 3 5 6 7
1 5 0 1 2 4 5 5 1 4 5 6 7 5 1 2 5 6 7 5 2 3 4 6 7
1 5 0 1 3 4 5 5 1 4 5 6 7 5 1 2 3 5 7 5 3 4 5 6 7
4 14
1 5 0 1 2 3 7 5 0 1 2 3 4 5 0 1 4 5 6 5 1 3 4 6 7
1 5 0 1 2 3 7 5 0 1 2 3 5 5 0 1 5 6 7 5 1 3 4 5 7
1 5 0 1 2 3 7 5 0 2 3 4 5 5 0 1 5 6 7 5 1 2 3 4 7
1 5 0 1 2 3 7 5 0 2 3 4 5 5 0 1 5 6 7 5 1 2 4 5 7
1 5 0 1 3 4 7 5 0 2 3 4 5 5 0 1 5 6 7 5 1 2 4 5 7
1 5 0 2 3 4 7 5 0 2 3 4 5 5 0 1 2 5 6 5 2 4 5 6 7
1 5 0 2 3 4 7 5 0 2 3 4 6 5 0 1 2 6 7 5 2 4 5 6 7
1 5 0 2 3 4 7 5 0 3 4 5 6 5 0 1 2 6 7 5 2 3 4 5 7
1 5 0 2 3 4 7 5 0 3 4 5 6 5 0 1 2 6 7 5 2 3 5 6 7
1 5 0 2 4 5 7 5 0 3 4 5 6 5 0 1 2 6 7 5 2 3 5 6 7
1 5 0 3 4 5 7 5 0 4 5 6 7 5 0 1 2 3 7 5 3 4 5 6 7
1 5 0 1 2 3 7 5 0 1 2 3 4 5 1 4 5 6 7 5 1 2 3 4 7
1 5 0 2 3 4 7 5 0 1 3 4 5 5 1 2 5 6 7 5 2 3 4 5 7
1 5 0 3 4 5 7 5 0 1 4 5 6 5 1 2 3 6 7 5 3 4 5 6 7
4 3
1 5 0 1 2 3 4 5 0 1 2 4 5 5 0 1 5 6 7 5 1 4 5 6 7
1 5 0 1 2 3 4 5 0 2 3 4 5 5 0 1 5 6 7 5 2 4 5 6 7
1 5 0 1 2 3 4 5 1 2 3 4 5 5 1 2 5 6 7 5 2 4 5 6 7
4 7
1 5 0 1 2 3 7 5 0 2 3 5 6 5 0 1 5 6 7 5 1 2 3 4 5
1 5 0 1 2 3 7 5 0 2 3 6 7 5 0 1 5 6 7 5 1 2 3 4 5
1 5 0 1 3 4 7 5 0 3 4 5 6 5 0 1 5 6 7 5 1 2 3 4 5
1 5 0 1 3 4 7 5 0 3 4 6 7 5 0 1 5 6 7 5 1 2 3 4 5
1 5 0 1 4 5 7 5 0 4 5 6 7 5 0 1 5 6 7 5 1 2 3 4 5
1 5 0 2 3 4 7 5 0 3 4 6 7 5 0 1 2 6 7 5 2 3 4 5 6
1 5 0 2 4 5 7 5 0 4 5 6 7 5 0 1 2 6 7 5 2 3 4 5 6
4 36
1 5 0 1 2 3 4 5 0 1 2 4 5 5 0 1 4 5 7 5 1 4 5 6 7
1 5 0 1 2 3 4 5 0 1 2 4 6 5 0 1 5 6 7 5 1 4 5 6 7
1 5 0 1 2 3 4 5 0 2 4 5 6 5 0 1 4 5 7 5 1 2 4 6 7
1 5 0 1 2 3 4 5 0 2 4 5 6 5 0 1 5 6 7 5 1 2 4 5 6
1 5 0 1 2 3 4 5 0 2 4 6 7 5 0 1 5 6 7 5 1 2 4 5 7
1 5 0 1 2 3 4 5 0 2 4 5 6 5 0 1 5 6 7 5 1 2 5 6 7
1 5 0 1 3 4 5 5 0 2 3 5 6 5 0 1 5 6 7 5 1 2 5 6 7
1 5 0 1 3 4 5 5 0 3 5 6 7 5 0 1 5 6 7 5 1 2 3 5 7
1 5 0 1 2 3 4 5 0 2 3 4 5 5 0 1 4 5 7 5 2 4 5 6 7
1 5 0 1 2 3 4 5 0 2 3 4 6 5 0 1 5 6 7 5 2 4 5 6 7
1 5 0 1 2 3 4 5 0 3 4 5 6 5 0 1 4 5 7 5 2 3 4 6 7
1 5 0 1 2 3 4 5 0 3 4 5 6 5 0 1 5 6 7 5 2 3 4 5 6
1 5 0 1 2 3 4 5 0 3 4 6 7 5 0 1 5 6 7 5 2 3 4 5 7
1 5 0 1 2 3 4 5 0 3 4 5 6 5 0 1 5 6 7 5 2 3 5 6 7
1 5 0 1 2 4 5 5 0 3 4 5 6 5 0 1 5 6 7 5 2 3 5 6 7
1 5 0 1 2 4 5 5 0 4 5 6 7 5 0 1 5 6 7 5 2 3 4 5 7
1 5 0 2 3 4 5 5 0 3 5 6 7 5 0 1 2 6 7 5 2 3 5 6 7
1 5 0 2 3 4 5 5 0 4 5 6 7 5 0 1 2 6 7 5 3 4 5 6 7
1 5 0 1 2 3 4 5 0 1 2 4 5 5 1 4 5 6 7 5 1 2 4 5 6
1 5 0 1 2 3 4 5 0 1 2 4 6 5 1 4 5 6 7 5 1 2 4 6 7
1 5 0 1 2 3 4 5 0 1 3 4 5 5 1 4 5 6 7 5 2 3 4 5 6
1 5 0 1 2 3 4 5 0 1 3 4 6 5 1 4 5 6 7 5 2 3 4 6 7
1 5 0 2 3 4 5 5 0 1 3 5 6 5 1 2 5 6 7 5 2 3 5 6 7
1 5 0 2 3 4 5 5 0 1 4 5 6 5 1 2 5 6 7 5 3 4 5 6 7
1 5 0 1 2 3 4 5 1 2 3 4 5 5 1 2 4 5 7 5 2 4 5 6 7
1 5 0 1 2 3 4 5 1 2 3 4 6 5 1 2 5 6 7 5 2 4 5 6 7
1 5 0 1 2 3 4 5 1 3 4 5 6 5 1 2 4 5 7 5 2 3 4 6 7
1 5 0 1 2 3 4 5 1 3 4 5 6 5 1 2 5 6 7 5 2 3 4 5 6
1 5 0 1 2 3 4 5 1 3 4 6 7 5 1 2 5 6 7 5 2 3 4 5 7
1 5 0 1 2 3 4 5 1 3 4 5 6 5 1 2 5 6 7 5 2 3 5 6 7
1 5 0 1 2 4 5 5 1 3 4 5 6 5 1 2 5 6 7 5 2 3 5 6 7
1 5 0 1 2 4 5 5 1 4 5 6 7 5 1 2 5 6 7 5 2 3 4 5 7
1 5 0 1 3 4 5 5 1 4 5 6 7 5 1 2 3 6 7 5 3 4 5 6 7
1 5 0 1 2 3 4 5 1 2 3 4 5 5 2 4 5 6 7 5 2 3 4 5 6
1 5 0 1 2 3 4 5 1 2 3 4 6 5 2 4 5 6 7 5 2 3 4 6 7
1 5 0 1 3 4 5 5 1 2 4 5 6 5 2 3 5 6 7 5 3 4 5 6 7
4 20
1 5 0 1 2 3 4 5 0 1 2 4 7 5 0 1 2 3 4 5 1 4 5 6 7
1 5 0 1 2 3 4 5 0 2 4 6 7 5 0 1 2 3 4 5 1 2 4 5 6
1 5 0 1 2 3 4 5 0 2 4 5 7 5 0 1 2 3 5 5 1 2 5 6 7
1 5 0 1 2 3 4 5 0 2 4 5 7 5 0 1 3 4 5 5 1 2 5 6 7
1 5 0 1 3 4 5 5 0 2 3 5 7 5 0 1 3 4 5 5 1 2 5 6 7
1 5 0 1 3 4 5 5 0 3 5 6 7 5 0 1 3 4 5 5 1 2 3 5 6
1 5 0 1 3 4 5 5 0 3 5 6 7 5 0 1 3 4 6 5 1 2 3 6 7
1 5 0 1 3 4 5 5 0 3 5 6 7 5 0 1 4 5 6 5 1 2 3 6 7
1 5 0 1 4 5 6 5 0 3 4 6 7 5 0 1 4 5 6 5 1 2 3 6 7
1 5 0 1 2 3 4 5 0 3 4 5 7 5 0 1 3 4 5 5 2 3 5 6 7
1 5 0 1 2 4 5 5 0 4 5 6 7 5 0 1 4 5 6 5 2 3 4 6 7
1 5 0 1 2 3 4 5 0 1 2 4 7 5 1 2 3 4 5 5 1 2 5 6 7
1 5 0 1 2 4 5 5 0 1 2 5 7 5 1 2 3 4 5 5 1 2 5 6 7
1 5 0 1 3 4 5 5 0 1 3 5 7 5 1 3 4 5 6 5 1 2 3 6 7
1 5 0 1 3 5 6 5 0 1 3 6 7 5 1 3 4 5 6 5 1 2 3 6 7
1 5 0 1 4 5 6 5 0 1 4 6 7 5 1 4 5 6 7 5 1 2 3 4 7
1 5 0 2 3 4 5 5 0 1 3 5 7 5 1 2 3 4 5 5 2 3 5 6 7
1 5 0 2 4 5 6 5 0 1 4 6 7 5 1 2 4 5 6 5 2 3 4 6 7
1 5 0 1 2 3 4 5 1 3 4 5 7 5 1 2 3 4 5 5 2 3 5 6 7
1 5 0 1 2 4 5 5 1 4 5 6 7 5 1 2 4 5 6 5 2 3 4 6 7
4 86
1 5 0 1 2 3 4 5 0 1 2 4 5 5 0 1 2 3 5 5 1 4 5 6 7
1 5 0 1 2 3 4 5 0 1 2 5 6 5 0 1 2 3 6 5 1 4 5 6 7
1 5 0 1 2 3 4 5 0 1 2 6 7 5 0 1 2 3 7 5 1 4 5 6 7
1 5 0 1 2 3 4 5 0 1 2 4 5 5 0 1 3 4 5 5 1 4 5 6 7
1 5 0 1 2 3 4 5 0 1 2 5 6 5 0 1 3 4 6 5 1 4 5 6 7
1 5 0 1 2 3 4 5 0 1 2 6 7 5 0 1 3 4 7 5 1 4 5 6 7
1 5 0 1 2 3 4 5 0 2 4 5 6 5 0 1 2 3 6 5 1 2 4 6 7
1 5 0 1 2 3 4 5 0 2 5 6 7 5 0 1 2 3 7 5 1 2 4 5 7
1 5 0 1 2 3 4 5 0 2 4 5 6 5 0 1 3 4 6 5 1 2 4 6 7
1 5 0 1 2 3 4 5 0 2 5 6 7 5 0 1 3 4 7 5 1 2 4 5 7
1 5 0 1 3 4 5 5 0 2 3 5 6 5 0 1 3 4 6 5 1 2 5 6 7
1 5 0 1 3 4 5 5 0 2 3 6 7 5 0 1 3 4 7 5 1 2 5 6 7
1 5 0 1 3 4 5 5 0 2 3 5 6 5 0 1 4 5 6 5 1 2 5 6 7
1 5 0 1 3 4 5 5 0 2 3 6 7 5 0 1 4 5 7 5 1 2 5 6 7
1 5 0 1 3 4 5 5 0 3 5 6 7 5 0 1 3 4 7 5 1 2 3 5 7
1 5 0 1 3 4 5 5 0 3 5 6 7 5 0 1 4 5 7 5 1 2 3 5 7
1 5 0 1 4 5 6 5 0 3 4 6 7 5 0 1 4 5 7 5 1 2 3 6 7
1 5 0 1 4 5 6 5 0 3 4 6 7 5 0 1 5 6 7 5 1 2 3 6 7
1 5 0 1 2 3 4 5 0 2 3 4 5 5 0 1 3 4 5 5 2 4 5 6 7
1 5 0 1 2 3 4 5 0 2 3 5 6 5 0 1 3 4 6 5 2 4 5 6 7
1 5 0 1 2 3 4 5 0 2 3 6 7 5 0 1 3 4 7 5 2 4 5 6 7
1 5 0 1 2 3 4 5 0 3 4 5 6 5 0 1 3 4 6 5 2 3 4 6 7
1 5 0 1 2 3 4 5 0 3 5 6 7 5 0 1 3 4 7 5 2 3 4 5 7
1 5 0 1 2 4 5 5 0 3 4 5 6 5 0 1 4 5 6 5 2 3 5 6 7
1 5 0 1 2 4 5 5 0 3 4 6 7 5 0 1 4 5 7 5 2 3 5 6 7
1 5 0 1 2 4 5 5 0 4 5 6 7 5 0 1 4 5 7 5 2 3 4 5 7
1 5 0 1 2 5 6 5 0 4 5 6 7 5 0 1 5 6 7 5 2 3 4 6 7
1 5 0 1 2 3 4 5 0 1 2 4 5 5 1 2 3 5 6 5 1 2 4 6 7
1 5 0 1 2 3 4 5 0 1 2 5 6 5 1 2 3 6 7 5 1 2 4 5 7
1 5 0 1 2 4 5 5 0 1 2 5 6 5 1 2 3 4 6 5 1 2 5 6 7
1 5 0 1 2 4 5 5 0 1 2 6 7 5 1 2 3 4 7 5 1 2 5 6 7
1 5 0 1 2 3 4 5 0 1 2 4 5 5 1 3 4 5 6 5 1 2 4 6 7
1 5 0 1 2 3 4 5 0 1 2 5 6 5 1 3 4 6 7 5 1 2 4 5 7
1 5 0 1 2 3 5 5 0 1 2 5 6 5 1 3 4 5 6 5 1 2 5 6 7
1 5 0 1 2 3 5 5 0 1 2 6 7 5 1 3 4 5 7 5 1 2 5 6 7
1 5 0 1 3 4 5 5 0 1 2 3 5 5 1 3 4 5 6 5 1 2 5 6 7
1 5 0 1 3 4 5 5 0 1 2 3 6 5 1 3 4 6 7 5 1 2 5 6 7
1 5 0 1 3 4 5 5 0 1 2 3 6 5 1 4 5 6 7 5 1 2 5 6 7
1 5 0 1 3 4 5 5 0 1 3 5 6 5 1 3 4 6 7 5 1 2 3 5 7
1 5 0 1 3 5 6 5 0 1 3 6 7 5 1 3 4 5 7 5 1 2 3 6 7
1 5 0 1 3 4 5 5 0 1 3 5 6 5 1 4 5 6 7 5 1 2 3 5 7
1 5 0 1 3 4 6 5 0 1 3 6 7 5 1 4 5 6 7 5 1 2 3 6 7
1 5 0 1 4 5 6 5 0 1 3 4 6 5 1 4 5 6 7 5 1 2 3 6 7
1 5 0 1 2 3 4 5 0 1 2 3 5 5 1 3 4 5 6 5 2 4 5 6 7
1 5 0 1 2 3 4 5 0 1 2 3 6 5 1 3 4 6 7 5 2 4 5 6 7
1 5 0 1 2 3 4 5 0 1 3 4 5 5 1 3 4 5 6 5 2 3 4 6 7
1 5 0 1 2 3 4 5 0 1 3 5 6 5 1 3 4 6 7 5 2 3 4 5 7
1 5 0 1 2 3 5 5 0 1 3 5 6 5 1 3 4 5 6 5 2 3 5 6 7
1 5 0 1 2 3 5 5 0 1 3 6 7 5 1 3 4 5 7 5 2 3 5 6 7
1 5 0 1 2 4 5 5 0 1 3 4 6 5 1 4 5 6 7 5 2 3 5 6 7
1 5 0 1 2 4 5 5 0 1 4 5 6 5 1 4 5 6 7 5 2 3 4 5 7
1 5 0 1 2 4 6 5 0 1 4 6 7 5 1 4 5 6 7 5 2 3 4 6 7
1 5 0 2 3 4 5 5 0 1 3 5 6 5 1 2 3 4 6 5 2 3 5 6 7
1 5 0 2 3 4 5 5 0 1 3 6 7 5 1 2 3 4 7 5 2 3 5 6 7
1 5 0 2 3 4 5 5 0 1 3 5 6 5 1 2 4 5 6 5 2 3 5 6 7
1 5 0 2 3 4 5 5 0 1 3 6 7 5 1 2 4 5 7 5 2 3 5 6 7
1 5 0 2 4 5 6 5 0 1 4 6 7 5 1 2 4 5 7 5 2 3 4 6 7
1 5 0 2 4 5 6 5 0 1 4 6 7 5 1 2 5 6 7 5 2 3 4 6 7
1 5 0 2 3 4 5 5 0 1 4 5 6 5 1 2 4 5 6 5 3 4 5 6 7
1 5 0 2 3 4 5 5 0 1 4 6 7 5 1 2 4 5 7 5 3 4 5 6 7
1 5 0 2 3 5 6 5 0 1 5 6 7 5 1 2 5 6 7 5 3 4 5 6 7
1 5 0 2 3 4 5 5 0 1 2 3 5 5 2 3 4 5 6 5 2 3 5 6 7
1 5 0 2 3 4 5 5 0 1 2 3 6 5 2 3 4 6 7 5 2 3 5 6 7
1 5 0 2 3 4 5 5 0 1 2 3 6 5 2 4 5 6 7 5 2 3 5 6 7
1 5 0 2 4 5 6 5 0 1 2 4 6 5 2 4 5 6 7 5 2 3 4 6 7
1 5 0 2 3 4 5 5 0 1 2 4 6 5 2 4 5 6 7 5 3 4 5 6 7
1 5 0 1 2 3 4 5 1 2 3 4 5 5 1 2 3 4 5 5 2 4 5 6 7
1 5 0 1 2 3 4 5 1 2 3 5 6 5 1 2 3 4 6 5 2 4 5 6 7
1 5 0 1 2 3 4 5 1 2 3 6 7 5 1 2 3 4 7 5 2 4 5 6 7
1 5 0 1 2 3 4 5 1 3 4 5 6 5 1 2 3 4 6 5 2 3 4 6 7
1 5 0 1 2 3 4 5 1 3 5 6 7 5 1 2 3 4 7 5 2 3 4 5 7
1 5 0 1 2 4 5 5 1 3 4 5 6 5 1 2 4 5 6 5 2 3 5 6 7
1 5 0 1 2 4 5 5 1 3 4 6 7 5 1 2 4 5 7 5 2 3 5 6 7
1 5 0 1 2 4 5 5 1 4 5 6 7 5 1 2 4 5 7 5 2 3 4 5 7
1 5 0 1 2 5 6 5 1 4 5 6 7 5 1 2 5 6 7 5 2 3 4 6 7
1 5 0 1 2 3 4 5 1 2 3 4 5 5 2 3 4 5 6 5 2 3 4 6 7
1 5 0 1 2 3 4 5 1 2 3 5 6 5 2 3 4 6 7 5 2 3 4 5 7
1 5 0 1 2 3 5 5 1 2 3 5 6 5 2 3 4 5 6 5 2 3 5 6 7
1 5 0 1 2 3 5 5 1 2 3 6 7 5 2 3 4 5 7 5 2 3 5 6 7
1 5 0 1 2 4 5 5 1 2 3 4 6 5 2 4 5 6 7 5 2 3 5 6 7
1 5 0 1 2 4 5 5 1 2 4 5 6 5 2 4 5 6 7 5 2 3 4 5 7
1 5 0 1 2 4 6 5 1 2 4 6 7 5 2 4 5 6 7 5 2 3 4 6 7
1 5 0 1 3 4 5 5 1 2 4 5 6 5 2 3 4 5 6 5 3 4 5 6 7
1 5 0 1 3 4 5 5 1 2 4 6 7 5 2 3 4 5 7 5 3 4 5 6 7
1 5 0 1 3 5 6 5 1 2 5 6 7 5 2 3 5 6 7 5 3 4 5 6 7
1 5 0 1 3 4 5 5 1 2 3 4 6 5 3 4 5 6 7 5 3 4 5 6 7
4 12
1 5 0 1 2 3 4 5 0 2 4 5 6 5 0 1 4 6 7 5 1 2 4 5 6
1 5 0 1 2 3 4 5 0 2 5 6 7 5 0 1 4 5 7 5 1 2 5 6 7
1 5 0 1 2 3 4 5 0 3 4 5 6 5 0 1 4 6 7 5 2 3 4 5 6
1 5 0 1 2 3 4 5 0 3 5 6 7 5 0 1 4 5 7 5 2 3 5 6 7
1 5 0 1 2 3 4 5 0 4 5 6 7 5 0 1 4 5 7 5 3 4 5 6 7
1 5 0 2 3 4 5 5 0 3 5 6 7 5 0 1 2 5 7 5 2 3 5 6 7
1 5 0 2 3 4 5 5 0 4 5 6 7 5 0 1 2 5 7 5 3 4 5 6 7
1 5 0 1 2 3 4 5 1 3 4 5 6 5 1 2 4 6 7 5 2 3 4 5 6
1 5 0 1 2 3 4 5 1 3 5 6 7 5 1 2 4 5 7 5 2 3 5 6 7
1 5 0 1 2 3 4 5 1 4 5 6 7 5 1 2 4 5 7 5 3 4 5 6 7
1 5 0 1 3 4 5 5 1 4 5 6 7 5 1 2 3 5 7 5 3 4 5 6 7
1 5 0 1 2 3 4 5 2 4 5 6 7 5 2 3 4 5 7 5 3 4 5 6 7
4 30
1 5 0 1 2 4 7 5 0 1 2 4 5 5 0 1 2 3 4 5 1 4 5 6 7
1 5 0 1 2 5 7 5 0 1 2 5 6 5 0 1 2 3 4 5 1 4 5 6 7
1 5 0 1 2 6 7 5 0 1 2 6 7 5 0 1 2 3 4 5 1 4 5 6 7
1 5 0 1 2 4 7 5 0 2 4 5 6 5 0 1 2 3 4 5 1 2 4 6 7
1 5 0 1 2 5 7 5 0 2 5 6 7 5 0 1 2 3 4 5 1 2 4 5 7
1 5 0 1 3 5 7 5 0 2 3 5 6 5 0 1 3 4 5 5 1 2 5 6 7
1 5 0 1 3 6 7 5 0 2 3 6 7 5 0 1 3 4 5 5 1 2 5 6 7
1 5 0 1 3 5 7 5 0 3 5 6 7 5 0 1 3 4 5 5 1 2 3 5 7
1 5 0 1 4 6 7 5 0 3 4 6 7 5 0 1 4 5 6 5 1 2 3 6 7
1 5 0 2 3 4 7 5 0 2 3 4 5 5 0 1 2 3 4 5 2 4 5 6 7
1 5 0 2 3 5 7 5 0 2 3 5 6 5 0 1 2 3 4 5 2 4 5 6 7
1 5 0 2 3 6 7 5 0 2 3 6 7 5 0 1 2 3 4 5 2 4 5 6 7
1 5 0 2 3 4 7 5 0 3 4 5 6 5 0 1 2 3 4 5 2 3 4 6 7
1 5 0 2 3 5 7 5 0 3 5 6 7 5 0 1 2 3 4 5 2 3 4 5 7
1 5 0 2 4 5 7 5 0 3 4 5 6 5 0 1 2 4 5 5 2 3 5 6 7
1 5 0 2 4 6 7 5 0 3 4 6 7 5 0 1 2 4 5 5 2 3 5 6 7
1 5 0 2 4 5 7 5 0 4 5 6 7 5 0 1 2 4 5 5 2 3 4 5 7
1 5 0 2 5 6 7 5 0 4 5 6 7 5 0 1 2 5 6 5 2 3 4 6 7
1 5 0 3 4 5 7 5 0 3 4 5 6 5 0 1 2 3 4 5 3 4 5 6 7
1 5 0 3 4 6 7 5 0 3 4 6 7 5 0 1 2 3 4 5 3 4 5 6 7
1 5 0 3 5 6 7 5 0 4 5 6 7 5 0 1 2 3 5 5 3 4 5 6 7
1 5 0 1 2 5 7 5 0 1 2 5 6 5 1 2 3 4 5 5 1 2 5 6 7
1 5 0 1 2 6 7 5 0 1 2 6 7 5 1 2 3 4 5 5 1 2 5 6 7
1 5 0 1 3 6 7 5 0 1 3 6 7 5 1 3 4 5 6 5 1 2 3 6 7
1 5 0 2 3 5 7 5 0 1 3 5 6 5 1 2 3 4 5 5 2 3 5 6 7
1 5 0 2 3 6 7 5 0 1 3 6 7 5 1 2 3 4 5 5 2 3 5 6 7
1 5 0 2 4 6 7 5 0 1 4 6 7 5 1 2 4 5 6 5 2 3 4 6 7
1 5 0 3 4 5 7 5 0 1 4 5 6 5 1 2 3 4 5 5 3 4 5 6 7
1 5 0 3 4 6 7 5 0 1 4 6 7 5 1 2 3 4 5 5 3 4 5 6 7
1 5 0 3 5 6 7 5 0 1 5 6 7 5 1 2 3 5 6 5 3 4 5 6 7
4 18
1 5 0 1 4 5 6 5 0 1 2 3 4 5 0 1 4 5 7 5 1 4 5 6 7
1 5 0 1 4 6 7 5 0 1 2 3 4 5 0 1 4 6 7 5 1 4 5 6 7
1 5 0 1 5 6 7 5 0 2 3 4 5 5 0 1 5 6 7 5 1 2 5 6 7
1 5 0 1 4 5 6 5 0 1 2 3 4 5 1 4 5 6 7 5 1 2 4 5 6
1 5 0 1 4 6 7 5 0 1 2 3 4 5 1 4 5 6 7 5 1 2 4 5 7
1 5 0 1 4 6 7 5 0 1 2 3 4 5 1 4 5 6 7 5 1 2 5 6 7
1 5 0 1 2 4 6 5 0 1 2 3 4 5 1 4 5 6 7 5 2 4 5 6 7
1 5 0 2 4 5 6 5 0 1 2 3 4 5 1 2 4 5 7 5 2 4 5 6 7
1 5 0 2 4 6 7 5 0 1 2 3 4 5 1 2 4 6 7 5 2 4 5 6 7
1 5 0 2 5 6 7 5 0 1 3 4 5 5 1 2 5 6 7 5 2 3 5 6 7
1 5 0 2 4 5 6 5 0 1 2 3 4 5 2 4 5 6 7 5 2 3 4 5 6
1 5 0 2 4 6 7 5 0 1 2 3 4 5 2 4 5 6 7 5 2 3 4 5 7
1 5 0 2 4 6 7 5 0 1 2 3 4 5 2 4 5 6 7 5 2 3 5 6 7
1 5 0 2 3 4 6 5 0 1 2 3 4 5 2 4 5 6 7 5 3 4 5 6 7
1 5 0 3 4 5 6 5 0 1 2 3 4 5 2 3 4 5 7 5 3 4 5 6 7
1 5 0 3 4 6 7 5 0 1 2 3 4 5 2 3 4 6 7 5 3 4 5 6 7
1 5 0 3 5 6 7 5 0 1 2 4 5 5 2 3 5 6 7 5 3 4 5 6 7
1 5 0 3 4 6 7 5 0 1 2 3 4 5 3 4 5 6 7 5 3 4 5 6 7
4 36
1 5 0 1 2 3 4 5 0 1 2 5 6 5 0 1 4 5 6 5 1 4 5 6 7
1 5 0 1 2 3 4 5 0 1 2 6 7 5 0 1 4 6 7 5 1 4 5 6 7
1 5 0 1 2 3 4 5 0 2 5 6 7 5 0 1 4 5 7 5 1 2 4 5 7
1 5 0 1 3 4 5 5 0 2 3 6 7 5 0 1 5 6 7 5 1 2 5 6 7
1 5 0 1 2 3 4 5 0 2 3 5 6 5 0 1 4 5 6 5 2 4 5 6 7
1 5 0 1 2 3 4 5 0 2 3 6 7 5 0 1 4 6 7 5 2 4 5 6 7
1 5 0 1 2 3 4 5 0 3 5 6 7 5 0 1 4 5 7 5 2 3 4 5 7
1 5 0 1 2 4 5 5 0 3 4 6 7 5 0 1 5 6 7 5 2 3 5 6 7
1 5 0 1 2 3 4 5 0 3 4 5 6 5 0 1 4 5 6 5 3 4 5 6 7
1 5 0 1 2 3 4 5 0 3 4 6 7 5 0 1 4 6 7 5 3 4 5 6 7
1 5 0 1 2 3 5 5 0 4 5 6 7 5 0 1 5 6 7 5 3 4 5 6 7
1 5 0 1 2 3 4 5 0 1 2 5 6 5 1 4 5 6 7 5 1 2 4 5 7
1 5 0 1 2 3 4 5 0 1 2 6 7 5 1 4 5 6 7 5 1 2 4 5 7
1 5 0 1 2 3 4 5 0 1 2 6 7 5 1 4 5 6 7 5 1 2 5 6 7
1 5 0 1 2 3 4 5 0 1 3 5 6 5 1 4 5 6 7 5 2 3 4 5 7
1 5 0 1 2 3 4 5 0 1 3 6 7 5 1 4 5 6 7 5 2 3 4 5 7
1 5 0 1 2 3 4 5 0 1 3 6 7 5 1 4 5 6 7 5 2 3 5 6 7
1 5 0 1 2 3 4 5 0 1 4 6 7 5 1 4 5 6 7 5 3 4 5 6 7
1 5 0 2 3 4 5 5 0 1 3 6 7 5 1 2 5 6 7 5 2 3 5 6 7
1 5 0 2 3 4 5 5 0 1 4 6 7 5 1 2 5 6 7 5 3 4 5 6 7
1 5 0 1 2 3 4 5 1 2 3 5 6 5 1 2 4 5 6 5 2 4 5 6 7
1 5 0 1 2 3 4 5 1 2 3 6 7 5 1 2 4 6 7 5 2 4 5 6 7
1 5 0 1 2 3 4 5 1 3 5 6 7 5 1 2 4 5 7 5 2 3 4 5 7
1 5 0 1 2 4 5 5 1 3 4 6 7 5 1 2 5 6 7 5 2 3 5 6 7
1 5 0 1 2 3 4 5 1 3 4 5 6 5 1 2 4 5 6 5 3 4 5 6 7
1 5 0 1 2 3 4 5 1 3 4 6 7 5 1 2 4 6 7 5 3 4 5 6 7
1 5 0 1 2 3 5 5 1 4 5 6 7 5 1 2 5 6 7 5 3 4 5 6 7
1 5 0 1 2 3 4 5 1 2 3 5 6 5 2 4 5 6 7 5 2 3 4 5 7
1 5 0 1 2 3 4 5 1 2 3 6 7 5 2 4 5 6 7 5 2 3 4 5 7
1 5 0 1 2 3 4 5 1 2 3 6 7 5 2 4 5 6 7 5 2 3 5 6 7
1 5 0 1 2 3 4 5 1 2 4 6 7 5 2 4 5 6 7 5 3 4 5 6 7
1 5 0 1 3 4 5 5 1 2 4 6 7 5 2 3 5 6 7 5 3 4 5 6 7
1 5 0 1 2 3 4 5 2 3 4 5 6 5 2 3 4 5 6 5 3 4 5 6 7
1 5 0 1 2 3 4 5 2 3 4 6 7 5 2 3 4 6 7 5 3 4 5 6 7
1 5 0 1 2 3 5 5 2 4 5 6 7 5 2 3 5 6 7 5 3 4 5 6 7
1 5 0 1 2 3 4 5 2 3 4 6 7 5 3 4 5 6 7 5 3 4 5 6 7
4 19
1 5 0 1 2 3 5 5 0 1 2 5 6 5 0 1 3 4 5 5 1 2 3 6 7
1 5 0 1 2 4 6 5 0 1 2 6 7 5 0 1 4 5 6 5 1 2 3 4 7
1 5 0 1 3 4 6 5 0 1 2 3 6 5 0 1 4 5 6 5 1 3 4 6 7
1 5 0 1 3 5 7 5 0 1 2 3 7 5 0 1 5 6 7 5 1 3 4 5 7
1 5 0 1 3 4 6 5 0 2 3 6 7 5 0 1 4 5 6 5 1 2 3 4 7
1 5 0 1 4 5 7 5 0 2 3 4 7 5 0 1 5 6 7 5 1 2 4 5 7
1 5 0 2 3 4 5 5 0 2 3 5 6 5 0 1 2 4 5 5 2 3 4 6 7
1 5 0 2 3 5 6 5 0 2 3 6 7 5 0 1 2 5 6 5 2 3 4 5 7
1 5 0 2 4 5 6 5 0 2 3 4 6 5 0 1 2 5 6 5 2 4 5 6 7
1 5 0 2 4 6 7 5 0 2 3 4 7 5 0 1 2 6 7 5 2 4 5 6 7
1 5 0 2 4 5 6 5 0 3 4 6 7 5 0 1 2 5 6 5 2 3 4 5 7
1 5 0 2 5 6 7 5 0 3 4 5 7 5 0 1 2 6 7 5 2 3 5 6 7
1 5 0 1 3 4 7 5 0 1 2 3 7 5 1 4 5 6 7 5 1 2 3 4 7
1 5 0 2 3 4 6 5 0 1 2 3 6 5 1 2 4 5 6 5 2 3 4 6 7
1 5 0 2 3 5 7 5 0 1 2 3 7 5 1 2 5 6 7 5 2 3 4 5 7
1 5 0 2 4 5 7 5 0 1 3 4 7 5 1 2 5 6 7 5 2 3 4 5 7
1 5 0 3 4 5 6 5 0 1 3 4 6 5 1 2 3 5 6 5 3 4 5 6 7
1 5 0 3 4 6 7 5 0 1 3 4 7 5 1 2 3 6 7 5 3 4 5 6 7
1 5 0 3 5 6 7 5 0 1 4 5 7 5 1 2 3 6 7 5 3 4 5 6 7
4 15
1 5 0 1 2 4 5 5 0 1 2 4 5 5 0 1 2 3 4 5 1 2 5 6 7
1 5 0 1 2 5 6 5 0 1 2 5 6 5 0 1 3 4 5 5 1 2 3 6 7
1 5 0 1 2 6 7 5 0 1 2 6 7 5 0 1 4 5 6 5 1 2 3 4 7
1 5 0 1 3 5 6 5 0 2 3 5 6 5 0 1 3 4 5 5 1 2 3 6 7
1 5 0 1 3 6 7 5 0 2 3 6 7 5 0 1 4 5 6 5 1 2 3 4 7
1 5 0 1 4 6 7 5 0 3 4 6 7 5 0 1 4 5 6 5 1 2 3 4 7
1 5 0 2 3 4 5 5 0 2 3 4 5 5 0 1 2 3 4 5 2 3 5 6 7
1 5 0 2 3 5 6 5 0 2 3 5 6 5 0 1 2 4 5 5 2 3 4 6 7
1 5 0 2 3 6 7 5 0 2 3 6 7 5 0 1 2 5 6 5 2 3 4 5 7
1 5 0 2 4 5 6 5 0 3 4 5 6 5 0 1 2 4 5 5 2 3 4 6 7
1 5 0 2 4 6 7 5 0 3 4 6 7 5 0 1 2 5 6 5 2 3 4 5 7
1 5 0 2 5 6 7 5 0 4 5 6 7 5 0 1 2 5 6 5 2 3 4 5 7
1 5 0 3 4 5 6 5 0 3 4 5 6 5 0 1 2 3 5 5 3 4 5 6 7
1 5 0 3 4 6 7 5 0 3 4 6 7 5 0 1 2 3 6 5 3 4 5 6 7
1 5 0 3 5 6 7 5 0 4 5 6 7 5 0 1 2 3 6 5 3 4 5 6 7
4 10
1 5 0 1 2 5 7 5 0 1 2 5 6 5 0 1 5 6 7 5 1 2 3 4 5
1 5 0 1 2 6 7 5 0 1 2 6 7 5 0 1 5 6 7 5 1 2 3 4 5
1 5 0 1 3 5 7 5 0 2 3 5 6 5 0 1 5 6 7 5 1 2 3 4 5
1 5 0 1 3 6 7 5 0 2 3 6 7 5 0 1 5 6 7 5 1 2 3 4 5
1 5 0 1 4 5 7 5 0 3 4 5 6 5 0 1 5 6 7 5 1 2 3 4 5
1 5 0 1 4 6 7 5 0 3 4 6 7 5 0 1 5 6 7 5 1 2 3 4 5
1 5 0 1 5 6 7 5 0 4 5 6 7 5 0 1 5 6 7 5 1 2 3 4 5
1 5 0 2 3 6 7 5 0 2 3 6 7 5 0 1 2 6 7 5 2 3 4 5 6
1 5 0 2 4 6 7 5 0 3 4 6 7 5 0 1 2 6 7 5 2 3 4 5 6
1 5 0 2 5 6 7 5 0 4 5 6 7 5 0 1 2 6 7 5 2 3 4 5 6
4 96
1 5 0 1 2 3 4 5 0 1 2 4 5 5 0 1 2 3 5 5 1 2 5 6 7
1 5 0 1 2 3 4 5 0 1 2 4 5 5 0 1 3 5 6 5 1 2 3 6 7
1 5 0 1 2 4 5 5 0 1 2 5 6 5 0 1 3 4 6 5 1 2 3 6 7
1 5 0 1 2 4 5 5 0 1 2 5 6 5 0 1 4 6 7 5 1 2 3 4 7
1 5 0 1 2 5 6 5 0 1 2 6 7 5 0 1 4 5 7 5 1 2 3 4 7
1 5 0 1 2 3 4 5 0 1 2 4 5 5 0 1 3 4 5 5 1 3 5 6 7
1 5 0 1 2 3 4 5 0 1 2 4 5 5 0 1 4 5 6 5 1 3 4 6 7
1 5 0 1 2 3 5 5 0 1 2 5 6 5 0 1 4 5 6 5 1 3 4 6 7
1 5 0 1 2 3 5 5 0 1 2 5 6 5 0 1 5 6 7 5 1 3 4 5 7
1 5 0 1 2 3 6 5 0 1 2 6 7 5 0 1 5 6 7 5 1 3 4 5 7
1 5 0 1 3 4 5 5 0 1 2 3 5 5 0 1 3 4 5 5 1 3 5 6 7
1 5 0 1 3 4 5 5 0 1 2 3 5 5 0 1 4 5 6 5 1 3 4 6 7
1 5 0 1 3 5 6 5 0 1 2 3 6 5 0 1 4 5 6 5 1 3 4 6 7
1 5 0 1 3 5 6 5 0 1 2 3 6 5 0 1 5 6 7 5 1 3 4 5 7
1 5 0 1 3 6 7 5 0 1 2 3 7 5 0 1 5 6 7 5 1 3 4 5 7
1 5 0 1 2 3 4 5 0 2 4 5 6 5 0 1 3 4 6 5 1 2 3 6 7
1 5 0 1 2 3 4 5 0 2 4 5 6 5 0 1 4 6 7 5 1 2 3 4 7
1 5 0 1 2 3 5 5 0 2 5 6 7 5 0 1 4 5 7 5 1 2 3 4 7
1 5 0 1 3 4 5 5 0 2 3 5 6 5 0 1 3 4 6 5 1 2 3 6 7
1 5 0 1 3 4 5 5 0 2 3 5 6 5 0 1 4 6 7 5 1 2 3 4 7
1 5 0 1 3 5 6 5 0 2 3 6 7 5 0 1 4 5 7 5 1 2 3 4 7
1 5 0 1 3 4 5 5 0 2 3 5 6 5 0 1 4 5 6 5 1 2 4 6 7
1 5 0 1 3 4 5 5 0 2 3 5 6 5 0 1 5 6 7 5 1 2 4 5 7
1 5 0 1 3 4 6 5 0 2 3 6 7 5 0 1 5 6 7 5 1 2 4 5 7
1 5 0 1 4 5 6 5 0 2 3 4 6 5 0 1 4 5 6 5 1 2 4 6 7
1 5 0 1 4 5 6 5 0 2 3 4 6 5 0 1 5 6 7 5 1 2 4 5 7
1 5 0 1 4 6 7 5 0 2 3 4 7 5 0 1 5 6 7 5 1 2 4 5 7
1 5 0 1 3 4 5 5 0 3 5 6 7 5 0 1 4 5 7 5 1 2 3 4 7
1 5 0 1 4 5 6 5 0 3 4 6 7 5 0 1 4 5 7 5 1 2 3 4 7
1 5 0 1 4 5 6 5 0 3 4 6 7 5 0 1 5 6 7 5 1 2 3 5 7
1 5 0 1 5 6 7 5 0 3 4 5 7 5 0 1 5 6 7 5 1 2 3 5 7
1 5 0 1 2 3 4 5 0 2 3 4 5 5 0 1 3 4 5 5 2 3 5 6 7
1 5 0 1 2 3 4 5 0 2 3 4 5 5 0 1 4 5 6 5 2 3 4 6 7
1 5 0 1 2 3 5 5 0 2 3 5 6 5 0 1 4 5 6 5 2 3 4 6 7
1 5 0 1 2 3 5 5 0 2 3 5 6 5 0 1 5 6 7 5 2 3 4 5 7
1 5 0 1 2 3 6 5 0 2 3 6 7 5 0 1 5 6 7 5 2 3 4 5 7
1 5 0 1 2 4 5 5 0 3 4 5 6 5 0 1 4 5 6 5 2 3 4 6 7
1 5 0 1 2 4 5 5 0 3 4 5 6 5 0 1 5 6 7 5 2 3 4 5 7
1 5 0 1 2 4 6 5 0 3 4 6 7 5 0 1 5 6 7 5 2 3 4 5 7
1 5 0 1 2 5 6 5 0 4 5 6 7 5 0 1 5 6 7 5 2 3 4 5 7
1 5 0 2 3 4 5 5 0 2 3 5 6 5 0 1 2 4 6 5 2 3 4 6 7
1 5 0 2 3 5 6 5 0 2 3 6 7 5 0 1 2 5 7 5 2 3 4 5 7
1 5 0 2 3 4 5 5 0 2 3 5 6 5 0 1 2 5 6 5 2 4 5 6 7
1 5 0 2 3 4 6 5 0 2 3 6 7 5 0 1 2 6 7 5 2 4 5 6 7
1 5 0 2 4 5 6 5 0 2 3 4 6 5 0 1 2 5 6 5 2 4 5 6 7
1 5 0 2 4 6 7 5 0 2 3 4 7 5 0 1 2 6 7 5 2 4 5 6 7
1 5 0 2 3 4 5 5 0 3 5 6 7 5 0 1 2 5 7 5 2 3 4 5 7
1 5 0 2 4 5 6 5 0 3 4 6 7 5 0 1 2 5 7 5 2 3 4 5 7
1 5 0 2 4 5 6 5 0 3 4 6 7 5 0 1 2 6 7 5 2 3 5 6 7
1 5 0 2 5 6 7 5 0 3 4 5 7 5 0 1 2 6 7 5 2 3 5 6 7
1 5 0 2 3 4 5 5 0 3 4 5 6 5 0 1 2 5 6 5 3 4 5 6 7
1 5 0 2 3 4 6 5 0 3 4 6 7 5 0 1 2 6 7 5 3 4 5 6 7
1 5 0 2 3 5 6 5 0 4 5 6 7 5 0 1 2 6 7 5 3 4 5 6 7
1 5 0 1 2 3 4 5 0 1 2 4 5 5 1 3 4 5 6 5 1 2 3 6 7
1 5 0 1 2 3 5 5 0 1 2 5 6 5 1 3 4 5 6 5 1 2 3 6 7
1 5 0 1 2 3 4 5 0 1 2 4 5 5 1 4 5 6 7 5 1 2 3 4 7
1 5 0 1 2 3 5 5 0 1 2 5 6 5 1 4 5 6 7 5 1 2 3 4 7
1 5 0 1 2 3 6 5 0 1 2 6 7 5 1 4 5 6 7 5 1 2 3 4 7
1 5 0 1 3 4 5 5 0 1 2 3 5 5 1 3 4 5 6 5 1 2 3 6 7
1 5 0 1 3 5 6 5 0 1 2 3 6 5 1 3 4 5 6 5 1 2 3 6 7
1 5 0 1 3 4 5 5 0 1 2 3 5 5 1 4 5 6 7 5 1 2 3 4 7
1 5 0 1 3 5 6 5 0 1 2 3 6 5 1 4 5 6 7 5 1 2 3 4 7
1 5 0 1 3 6 7 5 0 1 2 3 7 5 1 4 5 6 7 5 1 2 3 4 7
1 5 0 1 3 4 5 5 0 1 3 5 6 5 1 4 5 6 7 5 1 2 3 4 7
1 5 0 1 3 4 6 5 0 1 3 6 7 5 1 4 5 6 7 5 1 2 3 4 7
1 5 0 1 4 5 6 5 0 1 3 4 6 5 1 4 5 6 7 5 1 2 3 4 7
1 5 0 1 4 6 7 5 0 1 3 4 7 5 1 4 5 6 7 5 1 2 3 4 7
1 5 0 2 3 4 5 5 0 1 2 3 5 5 1 2 3 4 5 5 2 3 5 6 7
1 5 0 2 3 4 5 5 0 1 2 3 5 5 1 2 4 5 6 5 2 3 4 6 7
1 5 0 2 3 5 6 5 0 1 2 3 6 5 1 2 4 5 6 5 2 3 4 6 7
1 5 0 2 3 5 6 5 0 1 2 3 6 5 1 2 5 6 7 5 2 3 4 5 7
1 5 0 2 3 6 7 5 0 1 2 3 7 5 1 2 5 6 7 5 2 3 4 5 7
1 5 0 2 3 4 5 5 0 1 3 5 6 5 1 2 4 5 6 5 2 3 4 6 7
1 5 0 2 3 4 5 5 0 1 3 5 6 5 1 2 5 6 7 5 2 3 4 5 7
1 5 0 2 3 4 6 5 0 1 3 6 7 5 1 2 5 6 7 5 2 3 4 5 7
1 5 0 2 4 5 6 5 0 1 3 4 6 5 1 2 4 5 6 5 2 3 4 6 7
1 5 0 2 4 5 6 5 0 1 3 4 6 5 1 2 5 6 7 5 2 3 4 5 7
1 5 0 2 4 6 7 5 0 1 3 4 7 5 1 2 5 6 7 5 2 3 4 5 7
1 5 0 2 4 5 6 5 0 1 4 6 7 5 1 2 5 6 7 5 2 3 4 5 7
1 5 0 2 5 6 7 5 0 1 4 5 7 5 1 2 5 6 7 5 2 3 4 5 7
1 5 0 3 4 5 6 5 0 1 3 4 6 5 1 2 3 5 6 5 3 4 5 6 7
1 5 0 3 4 6 7 5 0 1 3 4 7 5 1 2 3 6 7 5 3 4 5 6 7
1 5 0 3 4 5 6 5 0 1 4 6 7 5 1 2 3 6 7 5 3 4 5 6 7
1 5 0 3 5 6 7 5 0 1 4 5 7 5 1 2 3 6 7 5 3 4 5 6 7
1 5 0 1 2 3 4 5 1 2 3 4 5 5 1 2 3 4 5 5 2 3 5 6 7
1 5 0 1 2 3 4 5 1 2 3 4 5 5 1 2 4 5 6 5 2 3 4 6 7
1 5 0 1 2 3 5 5 1 2 3 5 6 5 1 2 4 5 6 5 2 3 4 6 7
1 5 0 1 2 3 5 5 1 2 3 5 6 5 1 2 5 6 7 5 2 3 4 5 7
1 5 0 1 2 3 6 5 1 2 3 6 7 5 1 2 5 6 7 5 2 3 4 5 7
1 5 0 1 2 4 5 5 1 3 4 5 6 5 1 2 4 5 6 5 2 3 4 6 7
1 5 0 1 2 4 5 5 1 3 4 5 6 5 1 2 5 6 7 5 2 3 4 5 7
1 5 0 1 2 4 6 5 1 3 4 6 7 5 1 2 5 6 7 5 2 3 4 5 7
1 5 0 1 2 5 6 5 1 4 5 6 7 5 1 2 5 6 7 5 2 3 4 5 7
1 5 0 1 3 4 5 5 1 3 4 5 6 5 1 2 3 5 6 5 3 4 5 6 7
1 5 0 1 3 4 6 5 1 3 4 6 7 5 1 2 3 6 7 5 3 4 5 6 7
1 5 0 1 3 5 6 5 1 4 5 6 7 5 1 2 3 6 7 5 3 4 5 6 7
4 32
1 5 0 1 2 4 5 5 0 1 2 5 7 5 0 1 2 3 4 5 1 2 5 6 7
1 5 0 1 2 5 6 5 0 1 2 6 7 5 0 1 3 4 5 5 1 2 3 6 7
1 5 0 1 2 3 5 5 0 1 2 5 7 5 0 1 3 4 5 5 1 3 5 6 7
1 5 0 1 2 3 6 5 0 1 2 6 7 5 0 1 4 5 6 5 1 3 4 6 7
1 5 0 1 2 3 5 5 0 2 5 6 7 5 0 1 3 4 5 5 1 2 3 5 6
1 5 0 1 2 3 5 5 0 2 5 6 7 5 0 1 3 4 5 5 1 2 3 6 7
1 5 0 1 3 5 6 5 0 2 3 6 7 5 0 1 3 4 5 5 1 2 3 6 7
1 5 0 1 3 4 6 5 0 2 3 6 7 5 0 1 4 5 6 5 1 2 4 6 7
1 5 0 1 2 3 5 5 0 2 3 5 7 5 0 1 3 4 5 5 2 3 5 6 7
1 5 0 1 2 3 6 5 0 2 3 6 7 5 0 1 4 5 6 5 2 3 4 6 7
1 5 0 1 2 4 6 5 0 3 4 6 7 5 0 1 4 5 6 5 2 3 4 6 7
1 5 0 2 3 4 5 5 0 2 3 5 7 5 0 1 2 3 4 5 2 3 5 6 7
1 5 0 2 3 5 6 5 0 2 3 6 7 5 0 1 2 4 5 5 2 3 4 6 7
1 5 0 2 3 4 5 5 0 2 3 5 7 5 0 1 2 4 5 5 2 4 5 6 7
1 5 0 2 3 4 6 5 0 2 3 6 7 5 0 1 2 5 6 5 2 4 5 6 7
1 5 0 2 3 4 5 5 0 3 5 6 7 5 0 1 2 4 5 5 2 3 4 5 6
1 5 0 2 3 4 5 5 0 3 5 6 7 5 0 1 2 4 5 5 2 3 4 6 7
1 5 0 2 4 5 6 5 0 3 4 6 7 5 0 1 2 4 5 5 2 3 4 6 7
1 5 0 2 4 5 6 5 0 3 4 6 7 5 0 1 2 5 6 5 2 3 5 6 7
1 5 0 2 3 4 5 5 0 3 4 5 7 5 0 1 2 4 5 5 3 4 5 6 7
1 5 0 2 3 4 6 5 0 3 4 6 7 5 0 1 2 5 6 5 3 4 5 6 7
1 5 0 2 3 5 6 5 0 4 5 6 7 5 0 1 2 5 6 5 3 4 5 6 7
1 5 0 3 4 5 6 5 0 3 4 6 7 5 0 1 2 3 5 5 3 4 5 6 7
1 5 0 1 2 3 6 5 0 1 2 6 7 5 1 3 4 5 6 5 1 2 3 6 7
1 5 0 2 3 4 6 5 0 1 3 6 7 5 1 2 4 5 6 5 2 3 4 6 7
1 5 0 3 4 5 6 5 0 1 4 6 7 5 1 2 3 5 6 5 3 4 5 6 7
1 5 0 1 2 3 5 5 1 2 3 5 7 5 1 2 3 4 5 5 2 3 5 6 7
1 5 0 1 2 3 6 5 1 2 3 6 7 5 1 2 4 5 6 5 2 3 4 6 7
1 5 0 1 2 4 6 5 1 3 4 6 7 5 1 2 4 5 6 5 2 3 4 6 7
1 5 0 1 3 4 5 5 1 3 4 5 7 5 1 2 3 4 5 5 3 4 5 6 7
1 5 0 1 3 4 6 5 1 3 4 6 7 5 1 2 3 5 6 5 3 4 5 6 7
1 5 0 1 3 5 6 5 1 4 5 6 7 5 1 2 3 5 6 5 3 4 5 6 7
4 43
1 5 0 1 2 3 4 5 0 1 2 4 5 5 0 1 2 3 4 5 1 2 5 6 7
1 5 0 1 2 3 4 5 0 1 2 5 6 5 0 1 3 4 5 5 1 2 3 6 7
1 5 0 1 2 4 5 5 0 1 2 5 6 5 0 1 3 4 5 5 1 2 3 6 7
1 5 0 1 2 4 5 5 0 1 2 6 7 5 0 1 4 5 6 5 1 2 3 4 7
1 5 0 1 2 5 6 5 0 1 2 6 7 5 0 1 4 5 6 5 1 2 3 4 7
1 5 0 1 3 4 5 5 0 1 2 3 5 5 0 1 3 4 5 5 1 3 5 6 7
1 5 0 1 3 4 5 5 0 1 2 3 6 5 0 1 4 5 6 5 1 3 4 6 7
1 5 0 1 3 5 6 5 0 1 2 3 6 5 0 1 4 5 6 5 1 3 4 6 7
1 5 0 1 3 5 6 5 0 1 2 3 7 5 0 1 5 6 7 5 1 3 4 5 7
1 5 0 1 3 6 7 5 0 1 2 3 7 5 0 1 5 6 7 5 1 3 4 5 7
1 5 0 1 3 4 5 5 0 2 3 5 6 5 0 1 3 4 5 5 1 2 3 6 7
1 5 0 1 3 4 5 5 0 2 3 6 7 5 0 1 4 5 6 5 1 2 3 4 7
1 5 0 1 3 5 6 5 0 2 3 6 7 5 0 1 4 5 6 5 1 2 3 4 7
1 5 0 1 4 5 6 5 0 2 3 4 6 5 0 1 4 5 6 5 1 2 4 6 7
1 5 0 1 4 5 6 5 0 2 3 4 7 5 0 1 5 6 7 5 1 2 4 5 7
1 5 0 1 4 6 7 5 0 2 3 4 7 5 0 1 5 6 7 5 1 2 4 5 7
1 5 0 1 4 5 6 5 0 3 4 6 7 5 0 1 4 5 6 5 1 2 3 4 7
1 5 0 1 5 6 7 5 0 3 4 5 7 5 0 1 5 6 7 5 1 2 3 5 7
1 5 0 2 3 4 5 5 0 2 3 5 6 5 0 1 2 4 5 5 2 3 4 6 7
1 5 0 2 3 5 6 5 0 2 3 6 7 5 0 1 2 5 6 5 2 3 4 5 7
1 5 0 2 4 5 6 5 0 2 3 4 6 5 0 1 2 5 6 5 2 4 5 6 7
1 5 0 2 4 6 7 5 0 2 3 4 7 5 0 1 2 6 7 5 2 4 5 6 7
1 5 0 2 4 5 6 5 0 3 4 6 7 5 0 1 2 5 6 5 2 3 4 5 7
1 5 0 2 5 6 7 5 0 3 4 5 7 5 0 1 2 6 7 5 2 3 5 6 7
1 5 0 1 3 4 5 5 0 1 2 3 6 5 1 3 4 5 6 5 1 2 3 6 7
1 5 0 1 3 5 6 5 0 1 2 3 6 5 1 3 4 5 6 5 1 2 3 6 7
1 5 0 1 3 4 5 5 0 1 2 3 7 5 1 4 5 6 7 5 1 2 3 4 7
1 5 0 1 3 5 6 5 0 1 2 3 7 5 1 4 5 6 7 5 1 2 3 4 7
1 5 0 1 3 6 7 5 0 1 2 3 7 5 1 4 5 6 7 5 1 2 3 4 7
1 5 0 1 4 5 6 5 0 1 3 4 7 5 1 4 5 6 7 5 1 2 3 4 7
1 5 0 1 4 6 7 5 0 1 3 4 7 5 1 4 5 6 7 5 1 2 3 4 7
1 5 0 2 3 4 5 5 0 1 2 3 5 5 1 2 3 4 5 5 2 3 5 6 7
1 5 0 2 3 4 5 5 0 1 2 3 6 5 1 2 4 5 6 5 2 3 4 6 7
1 5 0 2 3 5 6 5 0 1 2 3 6 5 1 2 4 5 6 5 2 3 4 6 7
1 5 0 2 3 5 6 5 0 1 2 3 7 5 1 2 5 6 7 5 2 3 4 5 7
1 5 0 2 3 6 7 5 0 1 2 3 7 5 1 2 5 6 7 5 2 3 4 5 7
1 5 0 2 4 5 6 5 0 1 3 4 6 5 1 2 4 5 6 5 2 3 4 6 7
1 5 0 2 4 5 6 5 0 1 3 4 7 5 1 2 5 6 7 5 2 3 4 5 7
1 5 0 2 4 6 7 5 0 1 3 4 7 5 1 2 5 6 7 5 2 3 4 5 7
1 5 0 2 5 6 7 5 0 1 4 5 7 5 1 2 5 6 7 5 2 3 4 5 7
1 5 0 3 4 5 6 5 0 1 3 4 6 5 1 2 3 5 6 5 3 4 5 6 7
1 5 0 3 4 6 7 5 0 1 3 4 7 5 1 2 3 6 7 5 3 4 5 6 7
1 5 0 3 5 6 7 5 0 1 4 5 7 5 1 2 3 6 7 5 3 4 5 6 7
4 38
1 5 0 1 2 4 5 5 0 1 2 5 6 5 0 1 2 3 4 5 1 2 5 6 7
1 5 0 1 2 4 5 5 0 1 2 6 7 5 0 1 2 3 4 5 1 2 5 6 7
1 5 0 1 2 5 6 5 0 1 2 6 7 5 0 1 3 4 5 5 1 2 3 6 7
1 5 0 1 2 3 5 5 0 1 2 5 6 5 0 1 3 4 5 5 1 3 5 6 7
1 5 0 1 2 3 5 5 0 1 2 6 7 5 0 1 3 4 5 5 1 3 5 6 7
1 5 0 1 2 3 6 5 0 1 2 6 7 5 0 1 4 5 6 5 1 3 4 6 7
1 5 0 1 2 3 5 5 0 2 5 6 7 5 0 1 3 4 5 5 1 2 3 5 7
1 5 0 1 3 5 6 5 0 2 3 6 7 5 0 1 3 4 5 5 1 2 3 6 7
1 5 0 1 3 4 6 5 0 2 3 6 7 5 0 1 4 5 6 5 1 2 4 6 7
1 5 0 1 2 3 5 5 0 2 3 5 6 5 0 1 3 4 5 5 2 3 5 6 7
1 5 0 1 2 3 5 5 0 2 3 6 7 5 0 1 3 4 5 5 2 3 5 6 7
1 5 0 1 2 3 6 5 0 2 3 6 7 5 0 1 4 5 6 5 2 3 4 6 7
1 5 0 1 2 4 6 5 0 3 4 6 7 5 0 1 4 5 6 5 2 3 4 6 7
1 5 0 2 3 4 5 5 0 2 3 5 6 5 0 1 2 3 4 5 2 3 5 6 7
1 5 0 2 3 4 5 5 0 2 3 6 7 5 0 1 2 3 4 5 2 3 5 6 7
1 5 0 2 3 5 6 5 0 2 3 6 7 5 0 1 2 4 5 5 2 3 4 6 7
1 5 0 2 3 4 5 5 0 2 3 5 6 5 0 1 2 4 5 5 2 4 5 6 7
1 5 0 2 3 4 5 5 0 2 3 6 7 5 0 1 2 4 5 5 2 4 5 6 7
1 5 0 2 3 4 6 5 0 2 3 6 7 5 0 1 2 5 6 5 2 4 5 6 7
1 5 0 2 3 4 5 5 0 3 5 6 7 5 0 1 2 4 5 5 2 3 4 5 7
1 5 0 2 4 5 6 5 0 3 4 6 7 5 0 1 2 4 5 5 2 3 4 6 7
1 5 0 2 4 5 6 5 0 3 4 6 7 5 0 1 2 5 6 5 2 3 5 6 7
1 5 0 2 3 4 5 5 0 3 4 5 6 5 0 1 2 4 5 5 3 4 5 6 7
1 5 0 2 3 4 5 5 0 3 4 6 7 5 0 1 2 4 5 5 3 4 5 6 7
1 5 0 2 3 4 6 5 0 3 4 6 7 5 0 1 2 5 6 5 3 4 5 6 7
1 5 0 2 3 5 6 5 0 4 5 6 7 5 0 1 2 5 6 5 3 4 5 6 7
1 5 0 3 4 5 6 5 0 3 4 6 7 5 0 1 2 3 5 5 3 4 5 6 7
1 5 0 1 2 3 6 5 0 1 2 6 7 5 1 3 4 5 6 5 1 2 3 6 7
1 5 0 2 3 4 6 5 0 1 3 6 7 5 1 2 4 5 6 5 2 3 4 6 7
1 5 0 3 4 5 6 5 0 1 4 6 7 5 1 2 3 5 6 5 3 4 5 6 7
1 5 0 1 2 3 5 5 1 2 3 5 6 5 1 2 3 4 5 5 2 3 5 6 7
1 5 0 1 2 3 5 5 1 2 3 6 7 5 1 2 3 4 5 5 2 3 5 6 7
1 5 0 1 2 3 6 5 1 2 3 6 7 5 1 2 4 5 6 5 2 3 4 6 7
1 5 0 1 2 4 6 5 1 3 4 6 7 5 1 2 4 5 6 5 2 3 4 6 7
1 5 0 1 3 4 5 5 1 3 4 5 6 5 1 2 3 4 5 5 3 4 5 6 7
1 5 0 1 3 4 5 5 1 3 4 6 7 5 1 2 3 4 5 5 3 4 5 6 7
1 5 0 1 3 4 6 5 1 3 4 6 7 5 1 2 3 5 6 5 3 4 5 6 7
1 5 0 1 3 5 6 5 1 4 5 6 7 5 1 2 3 5 6 5 3 4 5 6 7
4 12
1 5 0 1 2 6 7 5 0 1 2 6 7 5 0 1 2 3 4 5 1 2 4 5 6
1 5 0 1 2 6 7 5 0 1 2 6 7 5 0 1 3 4 5 5 1 2 3 5 6
1 5 0 1 2 6 7 5 0 1 2 6 7 5 0 1 4 5 6 5 1 2 3 4 6
1 5 0 1 3 6 7 5 0 2 3 6 7 5 0 1 3 4 5 5 1 2 3 5 6
1 5 0 1 3 6 7 5 0 2 3 6 7 5 0 1 4 5 6 5 1 2 3 4 6
1 5 0 1 4 6 7 5 0 3 4 6 7 5 0 1 4 5 6 5 1 2 3 4 6
1 5 0 2 3 6 7 5 0 2 3 6 7 5 0 1 2 3 4 5 2 3 4 5 6
1 5 0 2 3 6 7 5 0 2 3 6 7 5 0 1 2 4 5 5 2 3 4 5 6
1 5 0 2 3 6 7 5 0 2 3 6 7 5 0 1 2 5 6 5 2 3 4 5 6
1 5 0 2 4 6 7 5 0 3 4 6 7 5 0 1 2 4 5 5 2 3 4 5 6
1 5 0 2 4 6 7 5 0 3 4 6 7 5 0 1 2 5 6 5 2 3 4 5 6
1 5 0 2 5 6 7 5 0 4 5 6 7 5 0 1 2 5 6 5 2 3 4 5 6
4 54
1 5 0 1 2 4 5 5 0 1 2 5 6 5 0 1 2 3 4 5 1 2 4 6 7
1 5 0 1 2 5 6 5 0 1 2 6 7 5 0 1 2 3 4 5 1 2 4 5 7
1 5 0 1 2 5 6 5 0 1 2 6 7 5 0 1 3 4 5 5 1 2 3 5 7
1 5 0 1 2 3 5 5 0 1 2 5 6 5 0 1 3 4 5 5 1 3 5 6 7
1 5 0 1 2 3 6 5 0 1 2 6 7 5 0 1 3 4 5 5 1 3 5 6 7
1 5 0 1 2 3 6 5 0 1 2 6 7 5 0 1 4 5 6 5 1 3 4 6 7
1 5 0 1 3 5 6 5 0 1 2 3 6 5 0 1 3 4 5 5 1 3 5 6 7
1 5 0 1 3 6 7 5 0 1 2 3 7 5 0 1 3 4 5 5 1 3 5 6 7
1 5 0 1 3 6 7 5 0 1 2 3 7 5 0 1 4 5 6 5 1 3 4 6 7
1 5 0 1 2 3 5 5 0 2 5 6 7 5 0 1 3 4 5 5 1 2 3 5 7
1 5 0 1 3 5 6 5 0 2 3 6 7 5 0 1 3 4 5 5 1 2 3 5 7
1 5 0 1 3 4 6 5 0 2 3 6 7 5 0 1 4 5 6 5 1 2 4 6 7
1 5 0 1 4 6 7 5 0 2 3 4 7 5 0 1 4 5 6 5 1 2 4 6 7
1 5 0 1 2 3 5 5 0 2 3 5 6 5 0 1 3 4 5 5 2 3 5 6 7
1 5 0 1 2 3 6 5 0 2 3 6 7 5 0 1 3 4 5 5 2 3 5 6 7
1 5 0 1 2 3 6 5 0 2 3 6 7 5 0 1 4 5 6 5 2 3 4 6 7
1 5 0 1 2 4 6 5 0 3 4 6 7 5 0 1 4 5 6 5 2 3 4 6 7
1 5 0 2 3 4 5 5 0 2 3 5 6 5 0 1 2 3 4 5 2 3 4 6 7
1 5 0 2 3 5 6 5 0 2 3 6 7 5 0 1 2 3 4 5 2 3 4 5 7
1 5 0 2 3 5 6 5 0 2 3 6 7 5 0 1 2 4 5 5 2 3 4 5 7
1 5 0 2 3 4 5 5 0 2 3 5 6 5 0 1 2 4 5 5 2 4 5 6 7
1 5 0 2 3 4 6 5 0 2 3 6 7 5 0 1 2 4 5 5 2 4 5 6 7
1 5 0 2 3 4 6 5 0 2 3 6 7 5 0 1 2 5 6 5 2 4 5 6 7
1 5 0 2 4 5 6 5 0 2 3 4 6 5 0 1 2 4 5 5 2 4 5 6 7
1 5 0 2 4 6 7 5 0 2 3 4 7 5 0 1 2 4 5 5 2 4 5 6 7
1 5 0 2 4 6 7 5 0 2 3 4 7 5 0 1 2 5 6 5 2 4 5 6 7
1 5 0 2 3 4 5 5 0 3 5 6 7 5 0 1 2 4 5 5 2 3 4 5 7
1 5 0 2 4 5 6 5 0 3 4 6 7 5 0 1 2 4 5 5 2 3 4 5 7
1 5 0 2 4 5 6 5 0 3 4 6 7 5 0 1 2 5 6 5 2 3 5 6 7
1 5 0 2 5 6 7 5 0 3 4 5 7 5 0 1 2 5 6 5 2 3 5 6 7
1 5 0 2 3 4 5 5 0 3 4 5 6 5 0 1 2 4 5 5 3 4 5 6 7
1 5 0 2 3 4 6 5 0 3 4 6 7 5 0 1 2 4 5 5 3 4 5 6 7
1 5 0 2 3 4 6 5 0 3 4 6 7 5 0 1 2 5 6 5 3 4 5 6 7
1 5 0 2 3 5 6 5 0 4 5 6 7 5 0 1 2 5 6 5 3 4 5 6 7
1 5 0 1 2 3 6 5 0 1 2 6 7 5 1 3 4 5 6 5 1 2 3 6 7
1 5 0 1 3 6 7 5 0 1 2 3 7 5 1 3 4 5 6 5 1 2 3 6 7
1 5 0 2 3 5 6 5 0 1 2 3 6 5 1 2 3 4 5 5 2 3 5 6 7
1 5 0 2 3 6 7 5 0 1 2 3 7 5 1 2 3 4 5 5 2 3 5 6 7
1 5 0 2 3 6 7 5 0 1 2 3 7 5 1 2 4 5 6 5 2 3 4 6 7
1 5 0 2 3 4 6 5 0 1 3 6 7 5 1 2 4 5 6 5 2 3 4 6 7
1 5 0 2 4 6 7 5 0 1 3 4 7 5 1 2 4 5 6 5 2 3 4 6 7
1 5 0 3 4 5 6 5 0 1 3 4 6 5 1 2 3 4 5 5 3 4 5 6 7
1 5 0 3 4 6 7 5 0 1 3 4 7 5 1 2 3 4 5 5 3 4 5 6 7
1 5 0 3 4 6 7 5 0 1 3 4 7 5 1 2 3 5 6 5 3 4 5 6 7
1 5 0 3 4 5 6 5 0 1 4 6 7 5 1 2 3 5 6 5 3 4 5 6 7
1 5 0 3 5 6 7 5 0 1 4 5 7 5 1 2 3 5 6 5 3 4 5 6 7
1 5 0 1 2 3 5 5 1 2 3 5 6 5 1 2 3 4 5 5 2 3 5 6 7
1 5 0 1 2 3 6 5 1 2 3 6 7 5 1 2 3 4 5 5 2 3 5 6 7
1 5 0 1 2 3 6 5 1 2 3 6 7 5 1 2 4 5 6 5 2 3 4 6 7
1 5 0 1 2 4 6 5 1 3 4 6 7 5 1 2 4 5 6 5 2 3 4 6 7
1 5 0 1 3 4 5 5 1 3 4 5 6 5 1 2 3 4 5 5 3 4 5 6 7
1 5 0 1 3 4 6 5 1 3 4 6 7 5 1 2 3 4 5 5 3 4 5 6 7
1 5 0 1 3 4 6 5 1 3 4 6 7 5 1 2 3 5 6 5 3 4 5 6 7
1 5 0 1 3 5 6 5 1 4 5 6 7 5 1 2 3 5 6 5 3 4 5 6 7
4 18
1 5 0 1 4 5 6 5 0 1 2 3 4 5 0 1 4 5 6 5 1 4 5 6 7
1 5 0 1 4 6 7 5 0 1 2 3 4 5 0 1 4 5 7 5 1 4 5 6 7
1 5 0 1 4 6 7 5 0 1 2 3 4 5 0 1 5 6 7 5 1 4 5 6 7
1 5 0 1 5 6 7 5 0 2 3 4 5 5 0 1 5 6 7 5 1 2 5 6 7
1 5 0 1 4 5 6 5 0 1 2 3 4 5 1 4 5 6 7 5 1 2 4 5 7
1 5 0 1 4 6 7 5 0 1 2 3 4 5 1 4 5 6 7 5 1 2 4 6 7
1 5 0 1 2 4 6 5 0 1 2 3 4 5 1 4 5 6 7 5 2 4 5 6 7
1 5 0 2 4 5 6 5 0 1 2 3 4 5 1 2 4 5 6 5 2 4 5 6 7
1 5 0 2 4 6 7 5 0 1 2 3 4 5 1 2 4 5 7 5 2 4 5 6 7
1 5 0 2 4 6 7 5 0 1 2 3 4 5 1 2 5 6 7 5 2 4 5 6 7
1 5 0 2 5 6 7 5 0 1 3 4 5 5 1 2 5 6 7 5 2 3 5 6 7
1 5 0 2 4 5 6 5 0 1 2 3 4 5 2 4 5 6 7 5 2 3 4 5 7
1 5 0 2 4 6 7 5 0 1 2 3 4 5 2 4 5 6 7 5 2 3 4 6 7
1 5 0 2 3 4 6 5 0 1 2 3 4 5 2 4 5 6 7 5 3 4 5 6 7
1 5 0 3 4 5 6 5 0 1 2 3 4 5 2 3 4 5 6 5 3 4 5 6 7
1 5 0 3 4 6 7 5 0 1 2 3 4 5 2 3 4 5 7 5 3 4 5 6 7
1 5 0 3 4 6 7 5 0 1 2 3 4 5 2 3 5 6 7 5 3 4 5 6 7
1 5 0 3 5 6 7 5 0 1 2 4 5 5 2 3 5 6 7 5 3 4 5 6 7
4 54
1 5 0 1 2 5 6 5 0 1 2 4 5 5 0 1 2 3 4 5 1 2 4 6 7
1 5 0 1 2 6 7 5 0 1 2 5 6 5 0 1 2 3 4 5 1 2 4 5 7
1 5 0 1 2 6 7 5 0 1 2 5 6 5 0 1 3 4 5 5 1 2 3 5 7
1 5 0 1 2 3 6 5 0 1 2 5 6 5 0 1 3 4 5 5 1 3 5 6 7
1 5 0 1 2 3 7 5 0 1 2 6 7 5 0 1 3 4 5 5 1 3 5 6 7
1 5 0 1 2 3 7 5 0 1 2 6 7 5 0 1 4 5 6 5 1 3 4 6 7
1 5 0 1 3 5 6 5 0 1 2 3 5 5 0 1 3 4 5 5 1 3 5 6 7
1 5 0 1 3 6 7 5 0 1 2 3 6 5 0 1 3 4 5 5 1 3 5 6 7
1 5 0 1 3 6 7 5 0 1 2 3 6 5 0 1 4 5 6 5 1 3 4 6 7
1 5 0 1 2 3 7 5 0 2 5 6 7 5 0 1 3 4 5 5 1 2 3 5 7
1 5 0 1 3 6 7 5 0 2 3 5 6 5 0 1 3 4 5 5 1 2 3 5 7
1 5 0 1 3 4 7 5 0 2 3 6 7 5 0 1 4 5 6 5 1 2 4 6 7
1 5 0 1 4 6 7 5 0 2 3 4 6 5 0 1 4 5 6 5 1 2 4 6 7
1 5 0 1 2 3 6 5 0 2 3 5 6 5 0 1 3 4 5 5 2 3 5 6 7
1 5 0 1 2 3 7 5 0 2 3 6 7 5 0 1 3 4 5 5 2 3 5 6 7
1 5 0 1 2 3 7 5 0 2 3 6 7 5 0 1 4 5 6 5 2 3 4 6 7
1 5 0 1 2 4 7 5 0 3 4 6 7 5 0 1 4 5 6 5 2 3 4 6 7
1 5 0 2 3 5 6 5 0 2 3 4 5 5 0 1 2 3 4 5 2 3 4 6 7
1 5 0 2 3 6 7 5 0 2 3 5 6 5 0 1 2 3 4 5 2 3 4 5 7
1 5 0 2 3 6 7 5 0 2 3 5 6 5 0 1 2 4 5 5 2 3 4 5 7
1 5 0 2 3 4 6 5 0 2 3 5 6 5 0 1 2 4 5 5 2 4 5 6 7
1 5 0 2 3 4 7 5 0 2 3 6 7 5 0 1 2 4 5 5 2 4 5 6 7
1 5 0 2 3 4 7 5 0 2 3 6 7 5 0 1 2 5 6 5 2 4 5 6 7
1 5 0 2 4 5 6 5 0 2 3 4 5 5 0 1 2 4 5 5 2 4 5 6 7
1 5 0 2 4 6 7 5 0 2 3 4 6 5 0 1 2 4 5 5 2 4 5 6 7
1 5 0 2 4 6 7 5 0 2 3 4 6 5 0 1 2 5 6 5 2 4 5 6 7
1 5 0 2 3 4 7 5 0 3 5 6 7 5 0 1 2 4 5 5 2 3 4 5 7
1 5 0 2 4 6 7 5 0 3 4 5 6 5 0 1 2 4 5 5 2 3 4 5 7
1 5 0 2 4 5 7 5 0 3 4 6 7 5 0 1 2 5 6 5 2 3 5 6 7
1 5 0 2 5 6 7 5 0 3 4 5 6 5 0 1 2 5 6 5 2 3 5 6 7
1 5 0 2 3 4 6 5 0 3 4 5 6 5 0 1 2 4 5 5 3 4 5 6 7
1 5 0 2 3 4 7 5 0 3 4 6 7 5 0 1 2 4 5 5 3 4 5 6 7
1 5 0 2 3 4 7 5 0 3 4 6 7 5 0 1 2 5 6 5 3 4 5 6 7
1 5 0 2 3 5 7 5 0 4 5 6 7 5 0 1 2 5 6 5 3 4 5 6 7
1 5 0 1 2 3 7 5 0 1 2 6 7 5 1 3 4 5 6 5 1 2 3 6 7
1 5 0 1 3 6 7 5 0 1 2 3 6 5 1 3 4 5 6 5 1 2 3 6 7
1 5 0 2 3 5 6 5 0 1 2 3 5 5 1 2 3 4 5 5 2 3 5 6 7
1 5 0 2 3 6 7 5 0 1 2 3 6 5 1 2 3 4 5 5 2 3 5 6 7
1 5 0 2 3 6 7 5 0 1 2 3 6 5 1 2 4 5 6 5 2 3 4 6 7
1 5 0 2 3 4 7 5 0 1 3 6 7 5 1 2 4 5 6 5 2 3 4 6 7
1 5 0 2 4 6 7 5 0 1 3 4 6 5 1 2 4 5 6 5 2 3 4 6 7
1 5 0 3 4 5 6 5 0 1 3 4 5 5 1 2 3 4 5 5 3 4 5 6 7
1 5 0 3 4 6 7 5 0 1 3 4 6 5 1 2 3 4 5 5 3 4 5 6 7
1 5 0 3 4 6 7 5 0 1 3 4 6 5 1 2 3 5 6 5 3 4 5 6 7
1 5 0 3 4 5 7 5 0 1 4 6 7 5 1 2 3 5 6 5 3 4 5 6 7
1 5 0 3 5 6 7 5 0 1 4 5 6 5 1 2 3 5 6 5 3 4 5 6 7
1 5 0 1 2 3 6 5 1 2 3 5 6 5 1 2 3 4 5 5 2 3 5 6 7
1 5 0 1 2 3 7 5 1 2 3 6 7 5 1 2 3 4 5 5 2 3 5 6 7
1 5 0 1 2 3 7 5 1 2 3 6 7 5 1 2 4 5 6 5 2 3 4 6 7
1 5 0 1 2 4 7 5 1 3 4 6 7 5 1 2 4 5 6 5 2 3 4 6 7
1 5 0 1 3 4 6 5 1 3 4 5 6 5 1 2 3 4 5 5 3 4 5 6 7
1 5 0 1 3 4 7 5 1 3 4 6 7 5 1 2 3 4 5 5 3 4 5 6 7
1 5 0 1 3 4 7 5 1 3 4 6 7 5 1 2 3 5 6 5 3 4 5 6 7
1 5 0 1 3 5 7 5 1 4 5 6 7 5 1 2 3 5 6 5 3 4 5 6 7
4 6
1 5 0 1 2 3 4 5 0 2 4 6 7 5 0 1 2 6 7 5 1 2 4 5 6
1 5 0 1 3 4 5 5 0 3 5 6 7 5 0 1 3 6 7 5 1 2 3 5 6
1 5 0 1 2 3 4 5 0 3 4 6 7 5 0 1 3 6 7 5 2 3 4 5 6
1 5 0 1 2 4 5 5 0 4 5 6 7 5 0 1 4 6 7 5 2 3 4 5 6
1 5 0 1 2 3 4 5 1 3 4 6 7 5 1 2 3 6 7 5 2 3 4 5 6
1 5 0 1 2 4 5 5 1 4 5 6 7 5 1 2 4 6 7 5 2 3 4 5 6
4 124
1 5 0 1 2 3 4 5 0 1 2 4 5 5 0 1 2 5 6 5 1 2 3 6 7
1 5 0 1 2 4 5 5 0 1 2 5 6 5 0 1 2 6 7 5 1 2 3 4 7
1 5 0 1 2 3 4 5 0 1 2 4 5 5 0 1 2 5 6 5 1 3 4 6 7
1 5 0 1 2 3 5 5 0 1 2 5 6 5 0 1 2 6 7 5 1 3 4 5 7
1 5 0 1 3 4 5 5 0 1 2 5 6 5 0 1 2 3 6 5 1 3 4 6 7
1 5 0 1 3 5 6 5 0 1 2 6 7 5 0 1 2 3 7 5 1 3 4 5 7
1 5 0 1 3 4 5 5 0 1 2 5 6 5 0 1 2 3 6 5 1 4 5 6 7
1 5 0 1 3 4 6 5 0 1 2 6 7 5 0 1 2 3 7 5 1 4 5 6 7
1 5 0 1 3 4 5 5 0 1 2 3 5 5 0 1 3 5 6 5 1 3 4 6 7
1 5 0 1 3 5 6 5 0 1 2 3 6 5 0 1 3 6 7 5 1 3 4 5 7
1 5 0 1 3 4 5 5 0 1 2 3 5 5 0 1 3 5 6 5 1 4 5 6 7
1 5 0 1 3 4 6 5 0 1 2 3 6 5 0 1 3 6 7 5 1 4 5 6 7
1 5 0 1 4 5 6 5 0 1 2 3 6 5 0 1 3 4 6 5 1 4 5 6 7
1 5 0 1 4 6 7 5 0 1 2 3 7 5 0 1 3 4 7 5 1 4 5 6 7
1 5 0 1 2 3 4 5 0 2 4 5 6 5 0 1 2 6 7 5 1 2 3 4 7
1 5 0 1 3 4 5 5 0 2 5 6 7 5 0 1 2 3 7 5 1 2 3 4 7
1 5 0 1 3 4 5 5 0 2 5 6 7 5 0 1 2 3 7 5 1 2 4 5 7
1 5 0 1 3 4 5 5 0 2 3 5 6 5 0 1 3 6 7 5 1 2 3 4 7
1 5 0 1 3 4 5 5 0 2 3 5 6 5 0 1 3 6 7 5 1 2 4 5 7
1 5 0 1 4 5 6 5 0 2 3 6 7 5 0 1 3 4 7 5 1 2 4 5 7
1 5 0 1 4 5 6 5 0 2 3 6 7 5 0 1 3 4 7 5 1 2 5 6 7
1 5 0 1 4 5 6 5 0 2 3 4 6 5 0 1 4 6 7 5 1 2 4 5 7
1 5 0 1 4 5 6 5 0 2 3 4 6 5 0 1 4 6 7 5 1 2 5 6 7
1 5 0 1 5 6 7 5 0 2 3 4 7 5 0 1 4 5 7 5 1 2 5 6 7
1 5 0 1 2 3 4 5 0 2 4 5 6 5 0 1 2 3 6 5 2 3 4 6 7
1 5 0 1 2 3 5 5 0 2 5 6 7 5 0 1 2 3 7 5 2 3 4 5 7
1 5 0 1 2 3 4 5 0 2 3 4 5 5 0 1 3 5 6 5 2 3 4 6 7
1 5 0 1 2 3 5 5 0 2 3 5 6 5 0 1 3 6 7 5 2 3 4 5 7
1 5 0 1 2 4 5 5 0 2 3 5 6 5 0 1 3 4 6 5 2 4 5 6 7
1 5 0 1 2 4 6 5 0 2 3 6 7 5 0 1 3 4 7 5 2 4 5 6 7
1 5 0 1 2 4 5 5 0 2 3 4 5 5 0 1 4 5 6 5 2 4 5 6 7
1 5 0 1 2 4 6 5 0 2 3 4 6 5 0 1 4 6 7 5 2 4 5 6 7
1 5 0 1 2 4 5 5 0 3 5 6 7 5 0 1 3 4 7 5 2 3 4 5 7
1 5 0 1 2 4 5 5 0 3 4 5 6 5 0 1 4 6 7 5 2 3 4 5 7
1 5 0 1 2 5 6 5 0 3 4 6 7 5 0 1 4 5 7 5 2 3 5 6 7
1 5 0 1 2 5 6 5 0 3 4 5 6 5 0 1 5 6 7 5 2 3 5 6 7
1 5 0 2 3 4 5 5 0 2 3 5 6 5 0 1 2 3 6 5 2 3 4 6 7
1 5 0 2 3 5 6 5 0 2 3 6 7 5 0 1 2 3 7 5 2 3 4 5 7
1 5 0 2 3 4 5 5 0 2 3 5 6 5 0 1 2 3 6 5 2 4 5 6 7
1 5 0 2 3 4 6 5 0 2 3 6 7 5 0 1 2 3 7 5 2 4 5 6 7
1 5 0 2 4 5 6 5 0 2 3 4 6 5 0 1 2 4 6 5 2 4 5 6 7
1 5 0 2 4 6 7 5 0 2 3 4 7 5 0 1 2 4 7 5 2 4 5 6 7
1 5 0 2 3 4 5 5 0 3 5 6 7 5 0 1 2 3 7 5 2 3 4 5 7
1 5 0 2 4 5 6 5 0 3 4 6 7 5 0 1 2 4 7 5 2 3 4 5 7
1 5 0 2 4 5 6 5 0 3 4 6 7 5 0 1 2 4 7 5 2 3 5 6 7
1 5 0 2 5 6 7 5 0 3 4 5 7 5 0 1 2 5 7 5 2 3 5 6 7
1 5 0 2 3 4 5 5 0 3 4 5 6 5 0 1 2 4 6 5 3 4 5 6 7
1 5 0 2 3 4 6 5 0 3 4 6 7 5 0 1 2 4 7 5 3 4 5 6 7
1 5 0 2 3 5 6 5 0 4 5 6 7 5 0 1 2 5 7 5 3 4 5 6 7
1 5 0 1 2 3 4 5 0 1 2 4 5 5 1 2 5 6 7 5 1 2 3 4 7
1 5 0 1 3 4 5 5 0 1 2 5 6 5 1 2 3 6 7 5 1 2 3 4 7
1 5 0 1 3 4 5 5 0 1 2 5 6 5 1 2 3 6 7 5 1 2 4 5 7
1 5 0 1 4 5 6 5 0 1 2 6 7 5 1 2 3 4 7 5 1 2 4 5 7
1 5 0 1 4 5 6 5 0 1 2 6 7 5 1 2 3 4 7 5 1 2 5 6 7
1 5 0 1 3 4 5 5 0 1 2 3 5 5 1 3 5 6 7 5 1 2 3 4 7
1 5 0 1 3 4 5 5 0 1 2 3 5 5 1 3 5 6 7 5 1 2 4 5 7
1 5 0 1 4 5 6 5 0 1 2 3 6 5 1 3 4 6 7 5 1 2 4 5 7
1 5 0 1 4 5 6 5 0 1 2 3 6 5 1 3 4 6 7 5 1 2 5 6 7
1 5 0 1 5 6 7 5 0 1 2 3 7 5 1 3 4 5 7 5 1 2 5 6 7
1 5 0 1 2 3 4 5 0 1 2 4 5 5 1 2 3 5 6 5 2 3 4 6 7
1 5 0 1 2 3 5 5 0 1 2 5 6 5 1 2 3 6 7 5 2 3 4 5 7
1 5 0 1 2 4 5 5 0 1 2 5 6 5 1 2 3 4 6 5 2 4 5 6 7
1 5 0 1 2 4 6 5 0 1 2 6 7 5 1 2 3 4 7 5 2 4 5 6 7
1 5 0 1 2 3 4 5 0 1 2 3 4 5 1 3 4 5 6 5 2 3 4 6 7
1 5 0 1 2 3 5 5 0 1 2 3 5 5 1 3 5 6 7 5 2 3 4 5 7
1 5 0 1 2 4 5 5 0 1 2 3 5 5 1 3 4 5 6 5 2 4 5 6 7
1 5 0 1 2 4 6 5 0 1 2 3 6 5 1 3 4 6 7 5 2 4 5 6 7
1 5 0 1 2 4 5 5 0 1 3 5 6 5 1 3 4 6 7 5 2 3 4 5 7
1 5 0 1 2 5 6 5 0 1 3 6 7 5 1 3 4 5 7 5 2 3 5 6 7
1 5 0 1 2 4 5 5 0 1 3 4 5 5 1 4 5 6 7 5 2 3 4 5 7
1 5 0 1 2 5 6 5 0 1 3 4 6 5 1 4 5 6 7 5 2 3 5 6 7
1 5 0 2 3 4 5 5 0 1 2 3 5 5 1 2 3 5 6 5 2 3 4 6 7
1 5 0 2 3 5 6 5 0 1 2 3 6 5 1 2 3 6 7 5 2 3 4 5 7
1 5 0 2 3 4 5 5 0 1 2 3 5 5 1 2 3 5 6 5 2 4 5 6 7
1 5 0 2 3 4 6 5 0 1 2 3 6 5 1 2 3 6 7 5 2 4 5 6 7
1 5 0 2 4 5 6 5 0 1 2 3 6 5 1 2 3 4 6 5 2 4 5 6 7
1 5 0 2 4 6 7 5 0 1 2 3 7 5 1 2 3 4 7 5 2 4 5 6 7
1 5 0 2 3 4 5 5 0 1 3 5 6 5 1 2 3 6 7 5 2 3 4 5 7
1 5 0 2 4 5 6 5 0 1 3 6 7 5 1 2 3 4 7 5 2 3 4 5 7
1 5 0 2 4 5 6 5 0 1 3 6 7 5 1 2 3 4 7 5 2 3 5 6 7
1 5 0 2 4 5 6 5 0 1 3 4 6 5 1 2 4 6 7 5 2 3 4 5 7
1 5 0 2 4 5 6 5 0 1 3 4 6 5 1 2 4 6 7 5 2 3 5 6 7
1 5 0 2 5 6 7 5 0 1 3 4 7 5 1 2 4 5 7 5 2 3 5 6 7
1 5 0 2 3 4 5 5 0 1 3 5 6 5 1 2 3 4 6 5 3 4 5 6 7
1 5 0 2 3 4 6 5 0 1 3 6 7 5 1 2 3 4 7 5 3 4 5 6 7
1 5 0 2 3 4 5 5 0 1 3 4 5 5 1 2 4 5 6 5 3 4 5 6 7
1 5 0 2 3 4 6 5 0 1 3 4 6 5 1 2 4 6 7 5 3 4 5 6 7
1 5 0 2 3 5 6 5 0 1 4 6 7 5 1 2 4 5 7 5 3 4 5 6 7
1 5 0 2 3 5 6 5 0 1 4 5 6 5 1 2 5 6 7 5 3 4 5 6 7
1 5 0 3 4 5 6 5 0 1 3 4 6 5 1 2 3 4 6 5 3 4 5 6 7
1 5 0 3 4 6 7 5 0 1 3 4 7 5 1 2 3 4 7 5 3 4 5 6 7
1 5 0 3 4 5 6 5 0 1 4 6 7 5 1 2 3 4 7 5 3 4 5 6 7
1 5 0 3 5 6 7 5 0 1 4 5 7 5 1 2 3 5 7 5 3 4 5 6 7
1 5 0 2 3 4 5 5 0 1 2 3 5 5 2 3 5 6 7 5 2 3 4 5 7
1 5 0 2 4 5 6 5 0 1 2 3 6 5 2 3 4 6 7 5 2 3 4 5 7
1 5 0 2 4 5 6 5 0 1 2 3 6 5 2 3 4 6 7 5 2 3 5 6 7
1 5 0 2 5 6 7 5 0 1 2 3 7 5 2 3 4 5 7 5 2 3 5 6 7
1 5 0 2 3 4 5 5 0 1 2 3 5 5 2 3 4 5 6 5 3 4 5 6 7
1 5 0 2 3 4 6 5 0 1 2 3 6 5 2 3 4 6 7 5 3 4 5 6 7
1 5 0 2 3 5 6 5 0 1 2 4 6 5 2 4 5 6 7 5 3 4 5 6 7
1 5 0 3 4 5 6 5 0 1 2 4 6 5 2 3 4 6 7 5 3 4 5 6 7
1 5 0 3 5 6 7 5 0 1 2 4 7 5 2 3 4 5 7 5 3 4 5 6 7
1 5 0 1 2 3 4 5 1 2 3 4 5 5 1 2 3 5 6 5 2 3 4 6 7
1 5 0 1 2 3 5 5 1 2 3 5 6 5 1 2 3 6 7 5 2 3 4 5 7
1 5 0 1 2 4 5 5 1 2 3 5 6 5 1 2 3 4 6 5 2 4 5 6 7
1 5 0 1 2 4 6 5 1 2 3 6 7 5 1 2 3 4 7 5 2 4 5 6 7
1 5 0 1 2 4 5 5 1 2 3 4 5 5 1 2 4 5 6 5 2 4 5 6 7
1 5 0 1 2 4 6 5 1 2 3 4 6 5 1 2 4 6 7 5 2 4 5 6 7
1 5 0 1 2 4 5 5 1 3 5 6 7 5 1 2 3 4 7 5 2 3 4 5 7
1 5 0 1 2 4 5 5 1 3 4 5 6 5 1 2 4 6 7 5 2 3 4 5 7
1 5 0 1 2 5 6 5 1 3 4 6 7 5 1 2 4 5 7 5 2 3 5 6 7
1 5 0 1 2 5 6 5 1 3 4 5 6 5 1 2 5 6 7 5 2 3 5 6 7
1 5 0 1 3 4 5 5 1 3 4 5 6 5 1 2 3 4 6 5 3 4 5 6 7
1 5 0 1 3 4 6 5 1 3 4 6 7 5 1 2 3 4 7 5 3 4 5 6 7
1 5 0 1 3 5 6 5 1 4 5 6 7 5 1 2 3 5 7 5 3 4 5 6 7
1 5 0 1 2 4 5 5 1 2 3 5 6 5 2 3 4 6 7 5 2 3 4 5 7
1 5 0 1 2 5 6 5 1 2 3 6 7 5 2 3 4 5 7 5 2 3 5 6 7
1 5 0 1 2 4 5 5 1 2 3 4 5 5 2 4 5 6 7 5 2 3 4 5 7
1 5 0 1 2 5 6 5 1 2 3 4 6 5 2 4 5 6 7 5 2 3 5 6 7
1 5 0 1 3 4 5 5 1 2 3 4 5 5 2 3 4 5 6 5 3 4 5 6 7
1 5 0 1 3 4 6 5 1 2 3 4 6 5 2 3 4 6 7 5 3 4 5 6 7
1 5 0 1 3 5 6 5 1 2 4 6 7 5 2 3 4 5 7 5 3 4 5 6 7
1 5 0 1 3 5 6 5 1 2 4 5 6 5 2 3 5 6 7 5 3 4 5 6 7
1 5 0 1 3 5 6 5 1 2 3 4 6 5 3 4 5 6 7 5 3 4 5 6 7
4 44
1 5 0 1 2 5 6 5 0 1 2 6 7 5 0 1 2 5 7 5 1 2 3 4 5
1 5 0 1 2 3 6 5 0 1 2 6 7 5 0 1 2 6 7 5 1 3 4 5 6
1 5 0 1 3 6 7 5 0 1 2 3 7 5 0 1 3 6 7 5 1 3 4 5 6
1 5 0 1 2 3 5 5 0 2 5 6 7 5 0 1 2 5 7 5 1 2 3 4 5
1 5 0 1 3 5 6 5 0 2 3 6 7 5 0 1 3 5 7 5 1 2 3 4 5
1 5 0 1 3 4 6 5 0 2 3 6 7 5 0 1 3 6 7 5 1 2 4 5 6
1 5 0 1 4 6 7 5 0 2 3 4 7 5 0 1 4 6 7 5 1 2 4 5 6
1 5 0 1 3 4 5 5 0 3 5 6 7 5 0 1 3 5 7 5 1 2 3 4 5
1 5 0 1 4 5 6 5 0 3 4 6 7 5 0 1 4 5 7 5 1 2 3 4 5
1 5 0 1 4 5 6 5 0 3 4 6 7 5 0 1 4 6 7 5 1 2 3 5 6
1 5 0 1 5 6 7 5 0 3 4 5 7 5 0 1 5 6 7 5 1 2 3 5 6
1 5 0 1 2 3 6 5 0 2 3 6 7 5 0 1 3 6 7 5 2 3 4 5 6
1 5 0 1 2 4 6 5 0 3 4 6 7 5 0 1 4 6 7 5 2 3 4 5 6
1 5 0 1 2 5 6 5 0 4 5 6 7 5 0 1 5 6 7 5 2 3 4 5 6
1 5 0 1 2 3 5 5 0 1 2 5 6 5 1 2 5 6 7 5 1 2 3 4 5
1 5 0 1 2 3 6 5 0 1 2 6 7 5 1 2 5 6 7 5 1 2 3 4 5
1 5 0 1 3 5 6 5 0 1 2 6 7 5 1 2 3 5 7 5 1 2 3 4 5
1 5 0 1 3 4 6 5 0 1 2 6 7 5 1 2 3 6 7 5 1 2 4 5 6
1 5 0 1 3 5 6 5 0 1 2 3 6 5 1 3 5 6 7 5 1 2 3 4 5
1 5 0 1 3 6 7 5 0 1 2 3 7 5 1 3 5 6 7 5 1 2 3 4 5
1 5 0 1 4 6 7 5 0 1 2 3 7 5 1 3 4 6 7 5 1 2 4 5 6
1 5 0 1 3 4 5 5 0 1 3 5 6 5 1 3 5 6 7 5 1 2 3 4 5
1 5 0 1 3 4 6 5 0 1 3 6 7 5 1 3 5 6 7 5 1 2 3 4 5
1 5 0 1 4 5 6 5 0 1 3 6 7 5 1 3 4 5 7 5 1 2 3 4 5
1 5 0 1 4 5 6 5 0 1 3 6 7 5 1 3 4 6 7 5 1 2 3 5 6
1 5 0 1 4 5 6 5 0 1 3 4 6 5 1 4 5 6 7 5 1 2 3 4 5
1 5 0 1 4 6 7 5 0 1 3 4 7 5 1 4 5 6 7 5 1 2 3 4 5
1 5 0 1 5 6 7 5 0 1 3 4 7 5 1 4 5 6 7 5 1 2 3 5 6
1 5 0 1 4 5 6 5 0 1 4 6 7 5 1 4 5 6 7 5 1 2 3 4 5
1 5 0 1 2 3 6 5 0 1 2 6 7 5 1 2 3 6 7 5 2 3 4 5 6
1 5 0 1 2 4 6 5 0 1 3 6 7 5 1 3 4 6 7 5 2 3 4 5 6
1 5 0 1 2 5 6 5 0 1 4 6 7 5 1 4 5 6 7 5 2 3 4 5 6
1 5 0 2 3 6 7 5 0 1 2 3 7 5 1 2 3 6 7 5 2 3 4 5 6
1 5 0 2 3 4 6 5 0 1 3 6 7 5 1 2 3 6 7 5 2 3 4 5 6
1 5 0 2 4 6 7 5 0 1 3 4 7 5 1 2 4 6 7 5 2 3 4 5 6
1 5 0 2 4 5 6 5 0 1 4 6 7 5 1 2 4 6 7 5 2 3 4 5 6
1 5 0 2 5 6 7 5 0 1 4 5 7 5 1 2 5 6 7 5 2 3 4 5 6
1 5 0 2 4 6 7 5 0 1 2 3 7 5 2 3 4 6 7 5 2 3 4 5 6
1 5 0 2 5 6 7 5 0 1 2 4 7 5 2 4 5 6 7 5 2 3 4 5 6
1 5 0 1 2 3 6 5 1 2 3 6 7 5 1 2 3 6 7 5 2 3 4 5 6
1 5 0 1 2 4 6 5 1 3 4 6 7 5 1 2 4 6 7 5 2 3 4 5 6
1 5 0 1 2 5 6 5 1 4 5 6 7 5 1 2 5 6 7 5 2 3 4 5 6
1 5 0 1 2 4 6 5 1 2 3 6 7 5 2 3 4 6 7 5 2 3 4 5 6
1 5 0 1 2 5 6 5 1 2 4 6 7 5 2 4 5 6 7 5 2 3 4 5 6
4 151
1 5 0 1 2 4 5 5 0 1 2 5 6 5 0 1 2 3 4 5 1 2 3 6 7
1 5 0 1 2 5 6 5 0 1 2 6 7 5 0 1 2 4 5 5 1 2 3 4 7
1 5 0 1 2 3 4 5 0 1 2 4 5 5 0 1 2 3 4 5 1 3 5 6 7
1 5 0 1 2 3 5 5 0 1 2 5 6 5 0 1 2 4 5 5 1 3 4 6 7
1 5 0 1 2 3 6 5 0 1 2 6 7 5 0 1 2 5 6 5 1 3 4 5 7
1 5 0 1 3 4 5 5 0 1 2 5 6 5 0 1 2 3 4 5 1 3 4 6 7
1 5 0 1 3 5 6 5 0 1 2 6 7 5 0 1 2 3 5 5 1 3 4 5 7
1 5 0 1 3 4 5 5 0 1 2 5 6 5 0 1 2 3 5 5 1 4 5 6 7
1 5 0 1 3 4 6 5 0 1 2 6 7 5 0 1 2 3 6 5 1 4 5 6 7
1 5 0 1 3 5 6 5 0 1 2 3 6 5 0 1 3 4 5 5 1 3 4 6 7
1 5 0 1 3 6 7 5 0 1 2 3 7 5 0 1 3 5 6 5 1 3 4 5 7
1 5 0 1 3 4 5 5 0 1 2 3 5 5 0 1 3 4 5 5 1 4 5 6 7
1 5 0 1 3 4 6 5 0 1 2 3 6 5 0 1 3 5 6 5 1 4 5 6 7
1 5 0 1 3 4 7 5 0 1 2 3 7 5 0 1 3 6 7 5 1 4 5 6 7
1 5 0 1 4 5 6 5 0 1 2 3 6 5 0 1 3 4 5 5 1 4 5 6 7
1 5 0 1 4 6 7 5 0 1 2 3 7 5 0 1 3 4 6 5 1 4 5 6 7
1 5 0 1 2 3 4 5 0 2 4 5 6 5 0 1 2 3 4 5 1 2 3 6 7
1 5 0 1 2 3 5 5 0 2 5 6 7 5 0 1 2 4 5 5 1 2 3 4 7
1 5 0 1 3 4 5 5 0 2 5 6 7 5 0 1 2 3 4 5 1 2 3 4 7
1 5 0 1 3 4 5 5 0 2 5 6 7 5 0 1 2 3 5 5 1 2 4 5 7
1 5 0 1 3 5 6 5 0 2 3 6 7 5 0 1 3 4 5 5 1 2 3 4 7
1 5 0 1 3 4 5 5 0 2 3 5 6 5 0 1 3 4 5 5 1 2 4 6 7
1 5 0 1 3 4 6 5 0 2 3 6 7 5 0 1 3 5 6 5 1 2 4 5 7
1 5 0 1 4 5 6 5 0 2 3 6 7 5 0 1 3 4 5 5 1 2 4 5 7
1 5 0 1 4 5 6 5 0 2 3 6 7 5 0 1 3 4 6 5 1 2 5 6 7
1 5 0 1 4 6 7 5 0 2 3 4 7 5 0 1 4 5 6 5 1 2 4 5 7
1 5 0 1 4 5 6 5 0 2 3 4 6 5 0 1 4 5 6 5 1 2 5 6 7
1 5 0 1 4 5 7 5 0 2 3 4 7 5 0 1 4 6 7 5 1 2 5 6 7
1 5 0 1 5 6 7 5 0 2 3 4 7 5 0 1 4 5 6 5 1 2 5 6 7
1 5 0 1 3 4 5 5 0 3 5 6 7 5 0 1 3 4 5 5 1 2 3 4 7
1 5 0 1 4 5 6 5 0 3 4 6 7 5 0 1 4 5 6 5 1 2 3 5 7
1 5 0 1 5 6 7 5 0 3 4 5 7 5 0 1 5 6 7 5 1 2 3 6 7
1 5 0 1 2 3 4 5 0 2 4 5 6 5 0 1 2 3 4 5 2 3 4 6 7
1 5 0 1 2 3 5 5 0 2 5 6 7 5 0 1 2 3 5 5 2 3 4 5 7
1 5 0 1 2 3 5 5 0 2 3 5 6 5 0 1 3 4 5 5 2 3 4 6 7
1 5 0 1 2 3 6 5 0 2 3 6 7 5 0 1 3 5 6 5 2 3 4 5 7
1 5 0 1 2 4 5 5 0 2 3 5 6 5 0 1 3 4 5 5 2 4 5 6 7
1 5 0 1 2 4 6 5 0 2 3 6 7 5 0 1 3 4 6 5 2 4 5 6 7
1 5 0 1 2 4 6 5 0 2 3 4 6 5 0 1 4 5 6 5 2 4 5 6 7
1 5 0 1 2 4 7 5 0 2 3 4 7 5 0 1 4 6 7 5 2 4 5 6 7
1 5 0 1 2 4 5 5 0 3 5 6 7 5 0 1 3 4 5 5 2 3 4 5 7
1 5 0 1 2 4 6 5 0 3 4 6 7 5 0 1 4 5 6 5 2 3 4 5 7
1 5 0 1 2 5 6 5 0 3 4 6 7 5 0 1 4 5 6 5 2 3 5 6 7
1 5 0 1 2 5 7 5 0 3 4 5 7 5 0 1 5 6 7 5 2 3 5 6 7
1 5 0 2 3 4 5 5 0 2 3 5 6 5 0 1 2 3 4 5 2 3 4 6 7
1 5 0 2 3 5 6 5 0 2 3 6 7 5 0 1 2 3 5 5 2 3 4 5 7
1 5 0 2 3 4 5 5 0 2 3 5 6 5 0 1 2 3 5 5 2 4 5 6 7
1 5 0 2 3 4 6 5 0 2 3 6 7 5 0 1 2 3 6 5 2 4 5 6 7
1 5 0 2 4 5 6 5 0 2 3 4 6 5 0 1 2 4 5 5 2 4 5 6 7
1 5 0 2 4 6 7 5 0 2 3 4 7 5 0 1 2 4 6 5 2 4 5 6 7
1 5 0 2 3 4 5 5 0 3 5 6 7 5 0 1 2 3 5 5 2 3 4 5 7
1 5 0 2 4 5 6 5 0 3 4 6 7 5 0 1 2 4 5 5 2 3 4 5 7
1 5 0 2 4 5 6 5 0 3 4 6 7 5 0 1 2 4 6 5 2 3 5 6 7
1 5 0 2 5 6 7 5 0 3 4 5 7 5 0 1 2 5 6 5 2 3 5 6 7
1 5 0 2 3 4 5 5 0 3 4 5 6 5 0 1 2 4 5 5 3 4 5 6 7
1 5 0 2 3 4 6 5 0 3 4 6 7 5 0 1 2 4 6 5 3 4 5 6 7
1 5 0 2 3 5 6 5 0 4 5 6 7 5 0 1 2 5 6 5 3 4 5 6 7
1 5 0 1 2 3 5 5 0 1 2 5 6 5 1 2 3 4 5 5 1 2 3 6 7
1 5 0 1 2 3 6 5 0 1 2 6 7 5 1 2 4 5 6 5 1 2 3 4 7
1 5 0 1 3 5 6 5 0 1 2 6 7 5 1 2 3 4 5 5 1 2 3 4 7
1 5 0 1 3 4 5 5 0 1 2 5 6 5 1 2 3 4 5 5 1 2 4 6 7
1 5 0 1 3 4 6 5 0 1 2 6 7 5 1 2 3 5 6 5 1 2 4 5 7
1 5 0 1 4 5 6 5 0 1 2 6 7 5 1 2 3 4 5 5 1 2 4 5 7
1 5 0 1 4 5 6 5 0 1 2 6 7 5 1 2 3 4 6 5 1 2 5 6 7
1 5 0 1 3 6 7 5 0 1 2 3 7 5 1 3 4 5 6 5 1 2 3 4 7
1 5 0 1 3 4 6 5 0 1 2 3 6 5 1 3 4 5 6 5 1 2 4 6 7
1 5 0 1 3 4 7 5 0 1 2 3 7 5 1 3 5 6 7 5 1 2 4 5 7
1 5 0 1 4 6 7 5 0 1 2 3 7 5 1 3 4 5 6 5 1 2 4 5 7
1 5 0 1 4 5 6 5 0 1 2 3 6 5 1 3 4 5 6 5 1 2 5 6 7
1 5 0 1 4 5 7 5 0 1 2 3 7 5 1 3 4 6 7 5 1 2 5 6 7
1 5 0 1 5 6 7 5 0 1 2 3 7 5 1 3 4 5 6 5 1 2 5 6 7
1 5 0 1 3 4 6 5 0 1 3 6 7 5 1 3 4 5 6 5 1 2 3 4 7
1 5 0 1 4 5 6 5 0 1 3 6 7 5 1 3 4 5 6 5 1 2 3 5 7
1 5 0 1 4 5 7 5 0 1 3 4 7 5 1 4 5 6 7 5 1 2 3 5 7
1 5 0 1 5 6 7 5 0 1 3 4 7 5 1 4 5 6 7 5 1 2 3 6 7
1 5 0 1 2 3 5 5 0 1 2 5 6 5 1 2 3 4 5 5 2 3 4 6 7
1 5 0 1 2 3 6 5 0 1 2 6 7 5 1 2 3 5 6 5 2 3 4 5 7
1 5 0 1 2 4 5 5 0 1 2 5 6 5 1 2 3 4 5 5 2 4 5 6 7
1 5 0 1 2 4 6 5 0 1 2 6 7 5 1 2 3 4 6 5 2 4 5 6 7
1 5 0 1 2 3 6 5 0 1 2 3 6 5 1 3 4 5 6 5 2 3 4 6 7
1 5 0 1 2 3 7 5 0 1 2 3 7 5 1 3 5 6 7 5 2 3 4 5 7
1 5 0 1 2 4 6 5 0 1 2 3 6 5 1 3 4 5 6 5 2 4 5 6 7
1 5 0 1 2 4 7 5 0 1 2 3 7 5 1 3 4 6 7 5 2 4 5 6 7
1 5 0 1 2 4 6 5 0 1 3 6 7 5 1 3 4 5 6 5 2 3 4 5 7
1 5 0 1 2 5 6 5 0 1 3 6 7 5 1 3 4 5 6 5 2 3 5 6 7
1 5 0 1 2 4 7 5 0 1 3 4 7 5 1 4 5 6 7 5 2 3 4 5 7
1 5 0 1 2 5 7 5 0 1 3 4 7 5 1 4 5 6 7 5 2 3 5 6 7
1 5 0 2 3 5 6 5 0 1 2 3 6 5 1 2 3 4 5 5 2 3 4 6 7
1 5 0 2 3 6 7 5 0 1 2 3 7 5 1 2 3 5 6 5 2 3 4 5 7
1 5 0 2 3 4 5 5 0 1 2 3 5 5 1 2 3 4 5 5 2 4 5 6 7
1 5 0 2 3 4 6 5 0 1 2 3 6 5 1 2 3 5 6 5 2 4 5 6 7
1 5 0 2 3 4 7 5 0 1 2 3 7 5 1 2 3 6 7 5 2 4 5 6 7
1 5 0 2 4 5 6 5 0 1 2 3 6 5 1 2 3 4 5 5 2 4 5 6 7
1 5 0 2 4 6 7 5 0 1 2 3 7 5 1 2 3 4 6 5 2 4 5 6 7
1 5 0 2 3 4 5 5 0 1 3 5 6 5 1 2 3 4 5 5 2 3 4 6 7
1 5 0 2 3 4 6 5 0 1 3 6 7 5 1 2 3 5 6 5 2 3 4 5 7
1 5 0 2 4 5 6 5 0 1 3 6 7 5 1 2 3 4 5 5 2 3 4 5 7
1 5 0 2 4 5 6 5 0 1 3 6 7 5 1 2 3 4 6 5 2 3 5 6 7
1 5 0 2 4 6 7 5 0 1 3 4 7 5 1 2 4 5 6 5 2 3 4 5 7
1 5 0 2 4 5 6 5 0 1 3 4 6 5 1 2 4 5 6 5 2 3 5 6 7
1 5 0 2 4 5 7 5 0 1 3 4 7 5 1 2 4 6 7 5 2 3 5 6 7
1 5 0 2 5 6 7 5 0 1 3 4 7 5 1 2 4 5 6 5 2 3 5 6 7
1 5 0 2 4 5 6 5 0 1 4 6 7 5 1 2 4 5 6 5 2 3 4 5 7
1 5 0 2 5 6 7 5 0 1 4 5 7 5 1 2 5 6 7 5 2 3 4 6 7
1 5 0 2 3 4 5 5 0 1 3 5 6 5 1 2 3 4 5 5 3 4 5 6 7
1 5 0 2 3 4 6 5 0 1 3 6 7 5 1 2 3 4 6 5 3 4 5 6 7
1 5 0 2 3 4 6 5 0 1 3 4 6 5 1 2 4 5 6 5 3 4 5 6 7
1 5 0 2 3 4 7 5 0 1 3 4 7 5 1 2 4 6 7 5 3 4 5 6 7
1 5 0 2 3 5 6 5 0 1 4 6 7 5 1 2 4 5 6 5 3 4 5 6 7
1 5 0 2 3 5 7 5 0 1 4 5 7 5 1 2 5 6 7 5 3 4 5 6 7
1 5 0 3 4 5 6 5 0 1 3 4 6 5 1 2 3 4 5 5 3 4 5 6 7
1 5 0 3 4 6 7 5 0 1 3 4 7 5 1 2 3 4 6 5 3 4 5 6 7
1 5 0 3 4 5 6 5 0 1 4 6 7 5 1 2 3 4 6 5 3 4 5 6 7
1 5 0 3 5 6 7 5 0 1 4 5 7 5 1 2 3 5 6 5 3 4 5 6 7
1 5 0 2 3 4 6 5 0 1 2 3 6 5 2 3 4 5 6 5 2 3 4 6 7
1 5 0 2 3 4 7 5 0 1 2 3 7 5 2 3 5 6 7 5 2 3 4 5 7
1 5 0 2 4 6 7 5 0 1 2 3 7 5 2 3 4 5 6 5 2 3 4 5 7
1 5 0 2 4 5 6 5 0 1 2 3 6 5 2 3 4 5 6 5 2 3 5 6 7
1 5 0 2 4 5 7 5 0 1 2 3 7 5 2 3 4 6 7 5 2 3 5 6 7
1 5 0 2 5 6 7 5 0 1 2 3 7 5 2 3 4 5 6 5 2 3 5 6 7
1 5 0 2 4 5 7 5 0 1 2 4 7 5 2 4 5 6 7 5 2 3 4 5 7
1 5 0 2 5 6 7 5 0 1 2 4 7 5 2 4 5 6 7 5 2 3 4 6 7
1 5 0 2 3 4 6 5 0 1 2 3 6 5 2 3 4 5 6 5 3 4 5 6 7
1 5 0 2 3 4 7 5 0 1 2 3 7 5 2 3 4 6 7 5 3 4 5 6 7
1 5 0 2 3 5 7 5 0 1 2 4 7 5 2 4 5 6 7 5 3 4 5 6 7
1 5 0 3 4 5 6 5 0 1 2 4 6 5 2 3 4 5 6 5 3 4 5 6 7
1 5 0 3 4 5 7 5 0 1 2 4 7 5 2 3 4 6 7 5 3 4 5 6 7
1 5 0 3 5 6 7 5 0 1 2 4 7 5 2 3 4 5 6 5 3 4 5 6 7
1 5 0 3 5 6 7 5 0 1 2 5 7 5 2 3 5 6 7 5 3 4 5 6 7
1 5 0 1 2 3 5 5 1 2 3 5 6 5 1 2 3 4 5 5 2 3 4 6 7
1 5 0 1 2 3 6 5 1 2 3 6 7 5 1 2 3 5 6 5 2 3 4 5 7
1 5 0 1 2 4 5 5 1 2 3 5 6 5 1 2 3 4 5 5 2 4 5 6 7
1 5 0 1 2 4 6 5 1 2 3 6 7 5 1 2 3 4 6 5 2 4 5 6 7
1 5 0 1 2 4 6 5 1 2 3 4 6 5 1 2 4 5 6 5 2 4 5 6 7
1 5 0 1 2 4 7 5 1 2 3 4 7 5 1 2 4 6 7 5 2 4 5 6 7
1 5 0 1 2 4 5 5 1 3 5 6 7 5 1 2 3 4 5 5 2 3 4 5 7
1 5 0 1 2 4 6 5 1 3 4 6 7 5 1 2 4 5 6 5 2 3 4 5 7
1 5 0 1 2 5 6 5 1 3 4 6 7 5 1 2 4 5 6 5 2 3 5 6 7
1 5 0 1 2 5 7 5 1 3 4 5 7 5 1 2 5 6 7 5 2 3 5 6 7
1 5 0 1 3 4 5 5 1 3 4 5 6 5 1 2 3 4 5 5 3 4 5 6 7
1 5 0 1 3 4 6 5 1 3 4 6 7 5 1 2 3 4 6 5 3 4 5 6 7
1 5 0 1 3 5 6 5 1 4 5 6 7 5 1 2 3 5 6 5 3 4 5 6 7
1 5 0 1 2 4 6 5 1 2 3 6 7 5 2 3 4 5 6 5 2 3 4 5 7
1 5 0 1 2 5 6 5 1 2 3 6 7 5 2 3 4 5 6 5 2 3 5 6 7
1 5 0 1 2 4 7 5 1 2 3 4 7 5 2 4 5 6 7 5 2 3 4 5 7
1 5 0 1 2 5 7 5 1 2 3 4 7 5 2 4 5 6 7 5 2 3 5 6 7
1 5 0 1 3 4 6 5 1 2 3 4 6 5 2 3 4 5 6 5 3 4 5 6 7
1 5 0 1 3 4 7 5 1 2 3 4 7 5 2 3 4 6 7 5 3 4 5 6 7
1 5 0 1 3 5 6 5 1 2 4 6 7 5 2 3 4 5 6 5 3 4 5 6 7
1 5 0 1 3 5 7 5 1 2 4 5 7 5 2 3 5 6 7 5 3 4 5 6 7
1 5 0 1 3 5 7 5 1 2 3 4 7 5 3 4 5 6 7 5 3 4 5 6 7
4 92
1 5 0 1 3 4 5 5 0 1 2 3 5 5 0 1 2 3 5 5 1 3 5 6 7
1 5 0 1 4 5 6 5 0 1 2 3 6 5 0 1 2 3 6 5 1 3 4 6 7
1 5 0 1 5 6 7 5 0 1 2 3 7 5 0 1 2 3 7 5 1 3 4 5 7
1 5 0 1 3 4 5 5 0 2 3 5 6 5 0 1 2 3 6 5 1 2 3 6 7
1 5 0 1 4 5 6 5 0 2 3 6 7 5 0 1 2 3 7 5 1 2 3 4 7
1 5 0 1 4 5 6 5 0 2 3 4 6 5 0 1 2 3 6 5 1 2 4 6 7
1 5 0 1 5 6 7 5 0 2 3 4 7 5 0 1 2 3 7 5 1 2 4 5 7
1 5 0 1 4 5 6 5 0 2 3 4 6 5 0 1 3 4 6 5 1 2 4 6 7
1 5 0 1 5 6 7 5 0 2 3 4 7 5 0 1 3 4 7 5 1 2 4 5 7
1 5 0 1 4 5 6 5 0 3 4 6 7 5 0 1 3 4 7 5 1 2 3 4 7
1 5 0 1 5 6 7 5 0 3 4 5 7 5 0 1 3 4 7 5 1 2 3 5 7
1 5 0 1 5 6 7 5 0 3 4 5 7 5 0 1 4 5 7 5 1 2 3 5 7
1 5 0 1 2 3 4 5 0 2 3 4 5 5 0 1 2 3 5 5 2 3 5 6 7
1 5 0 1 2 4 5 5 0 2 3 5 6 5 0 1 2 3 6 5 2 3 4 6 7
1 5 0 1 2 5 6 5 0 2 3 6 7 5 0 1 2 3 7 5 2 3 4 5 7
1 5 0 1 2 4 5 5 0 2 3 4 5 5 0 1 2 3 5 5 2 4 5 6 7
1 5 0 1 2 5 6 5 0 2 3 4 6 5 0 1 2 3 6 5 2 4 5 6 7
1 5 0 1 2 6 7 5 0 2 3 4 7 5 0 1 2 3 7 5 2 4 5 6 7
1 5 0 1 2 4 5 5 0 2 3 4 5 5 0 1 3 4 5 5 2 4 5 6 7
1 5 0 1 2 5 6 5 0 2 3 4 6 5 0 1 3 4 6 5 2 4 5 6 7
1 5 0 1 2 6 7 5 0 2 3 4 7 5 0 1 3 4 7 5 2 4 5 6 7
1 5 0 1 2 4 5 5 0 3 4 5 6 5 0 1 3 4 6 5 2 3 4 6 7
1 5 0 1 2 5 6 5 0 3 4 6 7 5 0 1 3 4 7 5 2 3 4 5 7
1 5 0 1 2 5 6 5 0 3 4 5 6 5 0 1 3 4 6 5 2 3 5 6 7
1 5 0 1 2 6 7 5 0 3 4 5 7 5 0 1 3 4 7 5 2 3 5 6 7
1 5 0 1 2 5 6 5 0 3 4 5 6 5 0 1 4 5 6 5 2 3 5 6 7
1 5 0 1 2 6 7 5 0 3 4 5 7 5 0 1 4 5 7 5 2 3 5 6 7
1 5 0 1 2 5 6 5 0 4 5 6 7 5 0 1 4 5 7 5 2 3 4 5 7
1 5 0 1 2 6 7 5 0 4 5 6 7 5 0 1 4 5 7 5 2 3 4 6 7
1 5 0 1 2 6 7 5 0 4 5 6 7 5 0 1 5 6 7 5 2 3 4 6 7
1 5 0 1 2 3 5 5 0 3 4 5 6 5 0 1 3 4 6 5 3 4 5 6 7
1 5 0 1 2 3 6 5 0 3 4 6 7 5 0 1 3 4 7 5 3 4 5 6 7
1 5 0 1 2 3 6 5 0 4 5 6 7 5 0 1 4 5 7 5 3 4 5 6 7
1 5 0 1 3 4 5 5 0 1 2 3 5 5 1 2 3 5 6 5 1 2 3 6 7
1 5 0 1 4 5 6 5 0 1 2 3 6 5 1 2 3 6 7 5 1 2 3 4 7
1 5 0 1 4 5 6 5 0 1 2 4 6 5 1 2 3 4 6 5 1 2 4 6 7
1 5 0 1 5 6 7 5 0 1 2 4 7 5 1 2 3 4 7 5 1 2 4 5 7
1 5 0 1 4 5 6 5 0 1 3 4 6 5 1 3 4 6 7 5 1 2 3 4 7
1 5 0 1 5 6 7 5 0 1 3 5 7 5 1 3 4 5 7 5 1 2 3 5 7
1 5 0 1 2 3 4 5 0 1 2 3 4 5 1 2 3 4 5 5 2 3 5 6 7
1 5 0 1 2 4 5 5 0 1 2 3 5 5 1 2 3 5 6 5 2 3 4 6 7
1 5 0 1 2 5 6 5 0 1 2 3 6 5 1 2 3 6 7 5 2 3 4 5 7
1 5 0 1 2 4 5 5 0 1 2 4 5 5 1 2 3 4 5 5 2 4 5 6 7
1 5 0 1 2 5 6 5 0 1 2 4 6 5 1 2 3 4 6 5 2 4 5 6 7
1 5 0 1 2 6 7 5 0 1 2 4 7 5 1 2 3 4 7 5 2 4 5 6 7
1 5 0 1 2 4 5 5 0 1 3 4 5 5 1 3 4 5 6 5 2 3 4 6 7
1 5 0 1 2 5 6 5 0 1 3 4 6 5 1 3 4 6 7 5 2 3 4 5 7
1 5 0 1 2 5 6 5 0 1 3 5 6 5 1 3 4 5 6 5 2 3 5 6 7
1 5 0 1 2 6 7 5 0 1 3 5 7 5 1 3 4 5 7 5 2 3 5 6 7
1 5 0 1 2 5 6 5 0 1 4 5 6 5 1 4 5 6 7 5 2 3 4 5 7
1 5 0 1 2 6 7 5 0 1 4 6 7 5 1 4 5 6 7 5 2 3 4 6 7
1 5 0 1 2 3 5 5 0 1 3 4 5 5 1 3 4 5 6 5 3 4 5 6 7
1 5 0 1 2 3 6 5 0 1 3 4 6 5 1 3 4 6 7 5 3 4 5 6 7
1 5 0 1 2 3 6 5 0 1 4 5 6 5 1 4 5 6 7 5 3 4 5 6 7
1 5 0 2 4 5 6 5 0 1 3 4 6 5 1 2 3 4 6 5 2 3 4 6 7
1 5 0 2 5 6 7 5 0 1 3 4 7 5 1 2 3 4 7 5 2 3 4 5 7
1 5 0 2 5 6 7 5 0 1 4 5 7 5 1 2 4 5 7 5 2 3 4 5 7
1 5 0 2 3 4 5 5 0 1 3 4 5 5 1 2 3 4 5 5 3 4 5 6 7
1 5 0 2 3 5 6 5 0 1 3 4 6 5 1 2 3 4 6 5 3 4 5 6 7
1 5 0 2 3 6 7 5 0 1 3 4 7 5 1 2 3 4 7 5 3 4 5 6 7
1 5 0 2 3 5 6 5 0 1 4 5 6 5 1 2 4 5 6 5 3 4 5 6 7
1 5 0 2 3 6 7 5 0 1 4 5 7 5 1 2 4 5 7 5 3 4 5 6 7
1 5 0 2 3 6 7 5 0 1 5 6 7 5 1 2 5 6 7 5 3 4 5 6 7
1 5 0 1 2 4 5 5 1 2 3 4 5 5 1 2 3 4 5 5 2 4 5 6 7
1 5 0 1 2 5 6 5 1 2 3 4 6 5 1 2 3 4 6 5 2 4 5 6 7
1 5 0 1 2 6 7 5 1 2 3 4 7 5 1 2 3 4 7 5 2 4 5 6 7
1 5 0 1 2 4 5 5 1 3 4 5 6 5 1 2 3 4 6 5 2 3 4 6 7
1 5 0 1 2 5 6 5 1 3 4 6 7 5 1 2 3 4 7 5 2 3 4 5 7
1 5 0 1 2 5 6 5 1 3 4 5 6 5 1 2 3 4 6 5 2 3 5 6 7
1 5 0 1 2 6 7 5 1 3 4 5 7 5 1 2 3 4 7 5 2 3 5 6 7
1 5 0 1 2 5 6 5 1 3 4 5 6 5 1 2 4 5 6 5 2 3 5 6 7
1 5 0 1 2 6 7 5 1 3 4 5 7 5 1 2 4 5 7 5 2 3 5 6 7
1 5 0 1 2 5 6 5 1 4 5 6 7 5 1 2 4 5 7 5 2 3 4 5 7
1 5 0 1 2 6 7 5 1 4 5 6 7 5 1 2 4 5 7 5 2 3 4 6 7
1 5 0 1 2 6 7 5 1 4 5 6 7 5 1 2 5 6 7 5 2 3 4 6 7
1 5 0 1 2 3 5 5 1 3 4 5 6 5 1 2 3 4 6 5 3 4 5 6 7
1 5 0 1 2 3 6 5 1 3 4 6 7 5 1 2 3 4 7 5 3 4 5 6 7
1 5 0 1 2 3 6 5 1 4 5 6 7 5 1 2 4 5 7 5 3 4 5 6 7
1 5 0 1 2 4 5 5 1 2 3 4 5 5 2 3 4 5 6 5 2 3 4 6 7
1 5 0 1 2 5 6 5 1 2 3 4 6 5 2 3 4 6 7 5 2 3 4 5 7
1 5 0 1 2 5 6 5 1 2 3 5 6 5 2 3 4 5 6 5 2 3 5 6 7
1 5 0 1 2 6 7 5 1 2 3 5 7 5 2 3 4 5 7 5 2 3 5 6 7
1 5 0 1 2 5 6 5 1 2 4 5 6 5 2 4 5 6 7 5 2 3 4 5 7
1 5 0 1 2 6 7 5 1 2 4 6 7 5 2 4 5 6 7 5 2 3 4 6 7
1 5 0 1 2 3 5 5 1 2 3 4 5 5 2 3 4 5 6 5 3 4 5 6 7
1 5 0 1 2 3 6 5 1 2 3 4 6 5 2 3 4 6 7 5 3 4 5 6 7
1 5 0 1 2 3 6 5 1 2 4 5 6 5 2 4 5 6 7 5 3 4 5 6 7
1 5 0 1 3 5 6 5 1 2 4 5 6 5 2 3 4 5 6 5 3 4 5 6 7
1 5 0 1 3 6 7 5 1 2 4 5 7 5 2 3 4 5 7 5 3 4 5 6 7
1 5 0 1 3 6 7 5 1 2 5 6 7 5 2 3 5 6 7 5 3 4 5 6 7
1 5 0 1 2 3 6 5 2 4 5 6 7 5 2 3 4 5 7 5 3 4 5 6 7
1 5 0 1 2 3 6 5 2 3 4 5 6 5 3 4 5 6 7 5 3 4 5 6 7
4 65
1 5 0 1 2 3 4 5 0 1 2 5 6 5 0 1 2 4 5 5 1 2 5 6 7
1 5 0 1 2 3 4 5 0 1 2 6 7 5 0 1 2 4 5 5 1 2 5 6 7
1 5 0 1 3 4 5 5 0 1 2 6 7 5 0 1 2 5 6 5 1 2 3 6 7
1 5 0 1 3 4 5 5 0 1 2 5 6 5 0 1 2 3 5 5 1 3 5 6 7
1 5 0 1 3 4 5 5 0 1 2 6 7 5 0 1 2 3 5 5 1 3 5 6 7
1 5 0 1 4 5 6 5 0 1 2 6 7 5 0 1 2 3 6 5 1 3 4 6 7
1 5 0 1 3 4 5 5 0 2 5 6 7 5 0 1 2 3 5 5 1 2 3 5 7
1 5 0 1 3 4 5 5 0 2 3 6 7 5 0 1 3 5 6 5 1 2 3 6 7
1 5 0 1 4 5 6 5 0 2 3 6 7 5 0 1 3 4 6 5 1 2 4 6 7
1 5 0 1 2 3 4 5 0 2 4 5 6 5 0 1 2 3 4 5 2 3 4 6 7
1 5 0 1 2 3 4 5 0 2 5 6 7 5 0 1 2 3 4 5 2 3 4 5 7
1 5 0 1 2 4 5 5 0 2 5 6 7 5 0 1 2 3 5 5 2 3 4 5 7
1 5 0 1 2 3 4 5 0 2 3 5 6 5 0 1 3 4 5 5 2 3 5 6 7
1 5 0 1 2 3 4 5 0 2 3 6 7 5 0 1 3 4 5 5 2 3 5 6 7
1 5 0 1 2 4 5 5 0 2 3 6 7 5 0 1 3 5 6 5 2 3 4 6 7
1 5 0 1 2 4 5 5 0 2 3 5 6 5 0 1 3 4 5 5 2 4 5 6 7
1 5 0 1 2 4 5 5 0 2 3 6 7 5 0 1 3 4 5 5 2 4 5 6 7
1 5 0 1 2 5 6 5 0 2 3 6 7 5 0 1 3 4 6 5 2 4 5 6 7
1 5 0 1 2 4 5 5 0 3 5 6 7 5 0 1 3 4 5 5 2 3 4 5 7
1 5 0 1 2 4 5 5 0 3 4 6 7 5 0 1 4 5 6 5 2 3 4 6 7
1 5 0 1 2 5 6 5 0 3 4 6 7 5 0 1 4 5 6 5 2 3 5 6 7
1 5 0 1 2 3 5 5 0 3 4 6 7 5 0 1 4 5 6 5 3 4 5 6 7
1 5 0 2 3 4 5 5 0 2 3 5 6 5 0 1 2 3 5 5 2 3 5 6 7
1 5 0 2 3 4 5 5 0 2 3 6 7 5 0 1 2 3 5 5 2 3 5 6 7
1 5 0 2 4 5 6 5 0 2 3 6 7 5 0 1 2 3 6 5 2 3 4 6 7
1 5 0 2 4 5 6 5 0 3 4 6 7 5 0 1 2 4 6 5 2 3 4 6 7
1 5 0 2 3 4 5 5 0 3 4 5 6 5 0 1 2 4 5 5 3 4 5 6 7
1 5 0 2 3 4 5 5 0 3 4 6 7 5 0 1 2 4 5 5 3 4 5 6 7
1 5 0 2 3 5 6 5 0 3 4 6 7 5 0 1 2 4 6 5 3 4 5 6 7
1 5 0 2 3 5 6 5 0 4 5 6 7 5 0 1 2 5 6 5 3 4 5 6 7
1 5 0 1 3 4 5 5 0 1 2 6 7 5 1 2 3 5 6 5 1 2 3 6 7
1 5 0 1 4 5 6 5 0 1 2 6 7 5 1 2 3 4 6 5 1 2 4 6 7
1 5 0 1 2 3 4 5 0 1 2 5 6 5 1 2 3 4 5 5 2 3 5 6 7
1 5 0 1 2 3 4 5 0 1 2 6 7 5 1 2 3 4 5 5 2 3 5 6 7
1 5 0 1 2 4 5 5 0 1 2 6 7 5 1 2 3 5 6 5 2 3 4 6 7
1 5 0 1 2 4 5 5 0 1 2 5 6 5 1 2 3 4 5 5 2 4 5 6 7
1 5 0 1 2 4 5 5 0 1 2 6 7 5 1 2 3 4 5 5 2 4 5 6 7
1 5 0 1 2 5 6 5 0 1 2 6 7 5 1 2 3 4 6 5 2 4 5 6 7
1 5 0 1 2 4 5 5 0 1 3 6 7 5 1 3 4 5 6 5 2 3 4 6 7
1 5 0 1 2 5 6 5 0 1 3 6 7 5 1 3 4 5 6 5 2 3 5 6 7
1 5 0 1 2 3 5 5 0 1 3 6 7 5 1 3 4 5 6 5 3 4 5 6 7
1 5 0 2 4 5 6 5 0 1 3 6 7 5 1 2 3 4 6 5 2 3 4 6 7
1 5 0 2 3 4 5 5 0 1 3 5 6 5 1 2 3 4 5 5 3 4 5 6 7
1 5 0 2 3 4 5 5 0 1 3 6 7 5 1 2 3 4 5 5 3 4 5 6 7
1 5 0 2 3 5 6 5 0 1 3 6 7 5 1 2 3 4 6 5 3 4 5 6 7
1 5 0 2 3 5 6 5 0 1 4 6 7 5 1 2 4 5 6 5 3 4 5 6 7
1 5 0 1 2 3 4 5 1 2 3 5 6 5 1 2 3 4 5 5 2 3 5 6 7
1 5 0 1 2 3 4 5 1 2 3 6 7 5 1 2 3 4 5 5 2 3 5 6 7
1 5 0 1 2 4 5 5 1 2 3 6 7 5 1 2 3 5 6 5 2 3 4 6 7
1 5 0 1 2 4 5 5 1 2 3 5 6 5 1 2 3 4 5 5 2 4 5 6 7
1 5 0 1 2 4 5 5 1 2 3 6 7 5 1 2 3 4 5 5 2 4 5 6 7
1 5 0 1 2 5 6 5 1 2 3 6 7 5 1 2 3 4 6 5 2 4 5 6 7
1 5 0 1 2 4 5 5 1 3 5 6 7 5 1 2 3 4 5 5 2 3 4 5 7
1 5 0 1 2 4 5 5 1 3 4 6 7 5 1 2 4 5 6 5 2 3 4 6 7
1 5 0 1 2 5 6 5 1 3 4 6 7 5 1 2 4 5 6 5 2 3 5 6 7
1 5 0 1 2 3 5 5 1 3 4 6 7 5 1 2 4 5 6 5 3 4 5 6 7
1 5 0 1 3 4 5 5 1 3 4 5 6 5 1 2 3 4 5 5 3 4 5 6 7
1 5 0 1 3 4 5 5 1 3 4 6 7 5 1 2 3 4 5 5 3 4 5 6 7
1 5 0 1 3 5 6 5 1 3 4 6 7 5 1 2 3 4 6 5 3 4 5 6 7
1 5 0 1 3 5 6 5 1 4 5 6 7 5 1 2 3 5 6 5 3 4 5 6 7
1 5 0 1 2 4 5 5 1 2 3 6 7 5 2 3 4 5 6 5 2 3 4 6 7
1 5 0 1 2 5 6 5 1 2 3 6 7 5 2 3 4 5 6 5 2 3 5 6 7
1 5 0 1 2 3 5 5 1 2 3 6 7 5 2 3 4 5 6 5 3 4 5 6 7
1 5 0 1 3 5 6 5 1 2 4 6 7 5 2 3 4 5 6 5 3 4 5 6 7
1 5 0 1 2 3 5 5 2 3 4 6 7 5 2 3 4 5 6 5 3 4 5 6 7
4 18
1 5 0 1 4 5 6 5 0 1 2 6 7 5 0 1 2 3 4 5 1 2 3 6 7
1 5 0 1 4 5 6 5 0 1 2 6 7 5 0 1 2 3 4 5 1 3 4 6 7
1 5 0 1 2 4 5 5 0 2 5 6 7 5 0 1 2 3 4 5 2 3 4 5 7
1 5 0 1 2 5 6 5 0 2 3 6 7 5 0 1 3 4 5 5 2 3 4 6 7
1 5 0 1 2 5 6 5 0 2 3 6 7 5 0 1 3 4 5 5 2 4 5 6 7
1 5 0 1 2 3 6 5 0 3 4 6 7 5 0 1 4 5 6 5 3 4 5 6 7
1 5 0 2 4 5 6 5 0 2 3 6 7 5 0 1 2 3 4 5 2 3 4 6 7
1 5 0 2 3 5 6 5 0 3 4 6 7 5 0 1 2 4 5 5 3 4 5 6 7
1 5 0 1 2 5 6 5 0 1 2 6 7 5 1 2 3 4 5 5 2 3 4 6 7
1 5 0 1 2 5 6 5 0 1 2 6 7 5 1 2 3 4 5 5 2 4 5 6 7
1 5 0 1 2 3 6 5 0 1 3 6 7 5 1 3 4 5 6 5 3 4 5 6 7
1 5 0 2 3 5 6 5 0 1 3 6 7 5 1 2 3 4 5 5 3 4 5 6 7
1 5 0 1 2 5 6 5 1 2 3 6 7 5 1 2 3 4 5 5 2 3 4 6 7
1 5 0 1 2 5 6 5 1 2 3 6 7 5 1 2 3 4 5 5 2 4 5 6 7
1 5 0 1 2 3 6 5 1 3 4 6 7 5 1 2 4 5 6 5 3 4 5 6 7
1 5 0 1 3 5 6 5 1 3 4 6 7 5 1 2 3 4 5 5 3 4 5 6 7
1 5 0 1 2 3 6 5 1 2 3 6 7 5 2 3 4 5 6 5 3 4 5 6 7
1 5 0 1 2 3 6 5 2 3 4 6 7 5 2 3 4 5 6 5 3 4 5 6 7
4 4
1 5 0 1 5 6 7 5 0 1 2 6 7 5 0 1 5 6 7 5 1 2 3 4 5
1 5 0 1 5 6 7 5 0 2 3 6 7 5 0 1 5 6 7 5 1 2 3 4 5
1 5 0 1 5 6 7 5 0 3 4 6 7 5 0 1 5 6 7 5 1 2 3 4 5
1 5 0 1 5 6 7 5 0 4 5 6 7 5 0 1 5 6 7 5 1 2 3 4 5
4 12
1 5 0 1 2 4 5 5 0 1 2 4 5 5 0 1 2 3 4 5 1 2 5 6 7
1 5 0 1 3 5 6 5 0 1 2 5 6 5 0 1 3 4 5 5 1 2 3 6 7
1 5 0 1 4 6 7 5 0 1 2 6 7 5 0 1 4 5 6 5 1 2 3 4 7
1 5 0 1 3 5 6 5 0 2 3 5 6 5 0 1 3 4 5 5 1 2 3 6 7
1 5 0 1 4 6 7 5 0 2 3 6 7 5 0 1 4 5 6 5 1 2 3 4 7
1 5 0 1 4 6 7 5 0 3 4 6 7 5 0 1 4 5 6 5 1 2 3 4 7
1 5 0 2 3 4 5 5 0 2 3 4 5 5 0 1 2 3 4 5 2 3 5 6 7
1 5 0 2 4 5 6 5 0 2 3 5 6 5 0 1 2 4 5 5 2 3 4 6 7
1 5 0 2 5 6 7 5 0 2 3 6 7 5 0 1 2 5 6 5 2 3 4 5 7
1 5 0 2 4 5 6 5 0 3 4 5 6 5 0 1 2 4 5 5 2 3 4 6 7
1 5 0 2 5 6 7 5 0 3 4 6 7 5 0 1 2 5 6 5 2 3 4 5 7
1 5 0 2 5 6 7 5 0 4 5 6 7 5 0 1 2 5 6 5 2 3 4 5 7
4 12
1 5 0 1 2 3 5 5 0 1 2 5 6 5 0 1 5 6 7 5 1 2 3 4 5
1 5 0 1 2 3 6 5 0 1 2 6 7 5 0 1 5 6 7 5 1 2 3 4 5
1 5 0 1 3 4 5 5 0 1 2 5 6 5 0 1 5 6 7 5 1 2 3 4 5
1 5 0 1 3 4 6 5 0 1 2 6 7 5 0 1 5 6 7 5 1 2 3 4 5
1 5 0 1 4 5 6 5 0 1 2 6 7 5 0 1 5 6 7 5 1 2 3 4 5
1 5 0 1 3 4 5 5 0 2 3 5 6 5 0 1 5 6 7 5 1 2 3 4 5
1 5 0 1 3 4 6 5 0 2 3 6 7 5 0 1 5 6 7 5 1 2 3 4 5
1 5 0 1 4 5 6 5 0 2 3 6 7 5 0 1 5 6 7 5 1 2 3 4 5
1 5 0 1 4 5 6 5 0 3 4 6 7 5 0 1 5 6 7 5 1 2 3 4 5
1 5 0 2 3 4 6 5 0 2 3 6 7 5 0 1 2 6 7 5 2 3 4 5 6
1 5 0 2 4 5 6 5 0 2 3 6 7 5 0 1 2 6 7 5 2 3 4 5 6
1 5 0 2 4 5 6 5 0 3 4 6 7 5 0 1 2 6 7 5 2 3 4 5 6
4 11
1 5 0 1 4 5 6 5 0 1 2 3 4 5 0 1 4 6 7 5 1 2 3 6 7
1 5 0 1 4 5 6 5 0 1 2 3 4 5 0 1 4 6 7 5 1 3 4 6 7
1 5 0 1 2 5 6 5 0 2 3 4 5 5 0 1 5 6 7 5 2 3 4 6 7
1 5 0 1 2 5 6 5 0 2 3 4 5 5 0 1 5 6 7 5 2 4 5 6 7
1 5 0 1 2 4 5 5 0 1 2 3 4 5 1 4 5 6 7 5 2 3 4 5 7
1 5 0 1 2 5 6 5 0 1 2 3 4 5 1 4 5 6 7 5 2 3 4 6 7
1 5 0 2 4 5 6 5 0 1 2 3 4 5 1 2 4 6 7 5 2 3 4 6 7
1 5 0 2 3 5 6 5 0 1 3 4 5 5 1 2 5 6 7 5 3 4 5 6 7
1 5 0 1 2 5 6 5 1 2 3 4 5 5 1 2 5 6 7 5 2 3 4 6 7
1 5 0 1 2 5 6 5 1 2 3 4 5 5 1 2 5 6 7 5 2 4 5 6 7
1 5 0 1 3 5 6 5 1 2 3 4 5 5 2 3 5 6 7 5 3 4 5 6 7
4 18
1 5 0 1 2 3 4 5 0 1 2 4 5 5 0 1 2 4 5 5 1 2 5 6 7
1 5 0 1 3 4 5 5 0 1 2 5 6 5 0 1 3 5 6 5 1 2 3 6 7
1 5 0 1 4 5 6 5 0 1 2 6 7 5 0 1 4 6 7 5 1 2 3 4 7
1 5 0 1 3 4 5 5 0 2 3 5 6 5 0 1 3 5 6 5 1 2 3 6 7
1 5 0 1 4 5 6 5 0 2 3 6 7 5 0 1 4 6 7 5 1 2 3 4 7
1 5 0 1 4 5 6 5 0 3 4 6 7 5 0 1 4 6 7 5 1 2 3 4 7
1 5 0 1 2 3 4 5 0 2 3 4 5 5 0 1 3 4 5 5 2 3 5 6 7
1 5 0 1 2 4 5 5 0 2 3 5 6 5 0 1 4 5 6 5 2 3 4 6 7
1 5 0 1 2 5 6 5 0 2 3 6 7 5 0 1 5 6 7 5 2 3 4 5 7
1 5 0 1 2 4 5 5 0 3 4 5 6 5 0 1 4 5 6 5 2 3 4 6 7
1 5 0 1 2 5 6 5 0 3 4 6 7 5 0 1 5 6 7 5 2 3 4 5 7
1 5 0 1 2 5 6 5 0 4 5 6 7 5 0 1 5 6 7 5 2 3 4 5 7
1 5 0 1 2 3 4 5 1 2 3 4 5 5 1 2 3 4 5 5 2 3 5 6 7
1 5 0 1 2 4 5 5 1 2 3 5 6 5 1 2 4 5 6 5 2 3 4 6 7
1 5 0 1 2 5 6 5 1 2 3 6 7 5 1 2 5 6 7 5 2 3 4 5 7
1 5 0 1 2 4 5 5 1 3 4 5 6 5 1 2 4 5 6 5 2 3 4 6 7
1 5 0 1 2 5 6 5 1 3 4 6 7 5 1 2 5 6 7 5 2 3 4 5 7
1 5 0 1 2 5 6 5 1 4 5 6 7 5 1 2 5 6 7 5 2 3 4 5 7
4 86
1 5 0 1 2 3 4 5 0 1 2 4 5 5 0 1 2 5 6 5 1 2 4 6 7
1 5 0 1 2 3 4 5 0 1 2 5 6 5 0 1 2 6 7 5 1 2 4 5 7
1 5 0 1 3 4 5 5 0 1 2 5 6 5 0 1 2 3 6 5 1 2 5 6 7
1 5 0 1 3 4 5 5 0 1 2 6 7 5 0 1 2 3 7 5 1 2 5 6 7
1 5 0 1 3 4 5 5 0 1 2 5 6 5 0 1 3 6 7 5 1 2 3 5 7
1 5 0 1 4 5 6 5 0 1 2 6 7 5 0 1 3 4 7 5 1 2 3 6 7
1 5 0 1 3 4 5 5 0 1 2 3 5 5 0 1 3 5 6 5 1 3 5 6 7
1 5 0 1 3 4 5 5 0 1 2 3 6 5 0 1 3 6 7 5 1 3 5 6 7
1 5 0 1 4 5 6 5 0 1 2 3 6 5 0 1 4 6 7 5 1 3 4 6 7
1 5 0 1 3 4 5 5 0 2 3 5 6 5 0 1 3 6 7 5 1 2 3 5 7
1 5 0 1 4 5 6 5 0 2 3 6 7 5 0 1 3 4 7 5 1 2 3 6 7
1 5 0 1 4 5 6 5 0 2 3 4 6 5 0 1 4 6 7 5 1 2 4 6 7
1 5 0 1 2 3 4 5 0 2 3 4 5 5 0 1 3 5 6 5 2 3 4 6 7
1 5 0 1 2 3 4 5 0 2 3 5 6 5 0 1 3 6 7 5 2 3 4 5 7
1 5 0 1 2 4 5 5 0 2 3 5 6 5 0 1 3 4 6 5 2 3 5 6 7
1 5 0 1 2 4 5 5 0 2 3 6 7 5 0 1 3 4 7 5 2 3 5 6 7
1 5 0 1 2 4 5 5 0 2 3 5 6 5 0 1 4 6 7 5 2 3 4 5 7
1 5 0 1 2 5 6 5 0 2 3 6 7 5 0 1 4 5 7 5 2 3 4 6 7
1 5 0 1 2 4 5 5 0 2 3 4 5 5 0 1 4 5 6 5 2 4 5 6 7
1 5 0 1 2 4 5 5 0 2 3 4 6 5 0 1 4 6 7 5 2 4 5 6 7
1 5 0 1 2 5 6 5 0 2 3 4 6 5 0 1 5 6 7 5 2 4 5 6 7
1 5 0 1 2 4 5 5 0 3 4 5 6 5 0 1 4 6 7 5 2 3 4 5 7
1 5 0 1 2 5 6 5 0 3 4 6 7 5 0 1 4 5 7 5 2 3 4 6 7
1 5 0 1 2 5 6 5 0 3 4 5 6 5 0 1 5 6 7 5 2 3 5 6 7
1 5 0 1 2 3 5 5 0 3 4 5 6 5 0 1 4 5 6 5 3 4 5 6 7
1 5 0 1 2 3 5 5 0 3 4 6 7 5 0 1 4 5 7 5 3 4 5 6 7
1 5 0 1 2 3 6 5 0 3 4 6 7 5 0 1 5 6 7 5 3 4 5 6 7
1 5 0 1 2 3 6 5 0 4 5 6 7 5 0 1 5 6 7 5 3 4 5 6 7
1 5 0 2 3 4 5 5 0 2 3 5 6 5 0 1 2 3 6 5 2 3 5 6 7
1 5 0 2 3 4 5 5 0 2 3 6 7 5 0 1 2 3 7 5 2 3 5 6 7
1 5 0 2 4 5 6 5 0 2 3 6 7 5 0 1 2 4 7 5 2 3 4 6 7
1 5 0 2 4 5 6 5 0 3 4 6 7 5 0 1 2 4 7 5 2 3 4 6 7
1 5 0 2 3 4 5 5 0 3 4 5 6 5 0 1 2 4 6 5 3 4 5 6 7
1 5 0 2 3 4 5 5 0 3 4 6 7 5 0 1 2 4 7 5 3 4 5 6 7
1 5 0 2 3 5 6 5 0 3 4 6 7 5 0 1 2 5 7 5 3 4 5 6 7
1 5 0 2 3 5 6 5 0 4 5 6 7 5 0 1 2 5 7 5 3 4 5 6 7
1 5 0 1 3 4 5 5 0 1 2 3 5 5 1 3 5 6 7 5 1 2 3 5 7
1 5 0 1 4 5 6 5 0 1 2 3 6 5 1 3 4 6 7 5 1 2 3 6 7
1 5 0 1 2 3 4 5 0 1 2 3 4 5 1 3 4 5 6 5 2 3 4 6 7
1 5 0 1 2 3 4 5 0 1 2 3 5 5 1 3 5 6 7 5 2 3 4 5 7
1 5 0 1 2 4 5 5 0 1 2 3 5 5 1 3 4 5 6 5 2 3 5 6 7
1 5 0 1 2 4 5 5 0 1 2 3 6 5 1 3 4 6 7 5 2 3 5 6 7
1 5 0 1 2 4 5 5 0 1 2 3 5 5 1 4 5 6 7 5 2 3 4 5 7
1 5 0 1 2 5 6 5 0 1 2 3 6 5 1 4 5 6 7 5 2 3 4 6 7
1 5 0 1 2 4 5 5 0 1 3 4 5 5 1 4 5 6 7 5 2 3 4 5 7
1 5 0 1 2 5 6 5 0 1 3 4 6 5 1 4 5 6 7 5 2 3 4 6 7
1 5 0 1 2 3 5 5 0 1 3 4 6 5 1 4 5 6 7 5 3 4 5 6 7
1 5 0 2 3 4 5 5 0 1 2 3 5 5 1 2 3 5 6 5 2 3 5 6 7
1 5 0 2 3 4 5 5 0 1 2 3 6 5 1 2 3 6 7 5 2 3 5 6 7
1 5 0 2 4 5 6 5 0 1 2 3 6 5 1 2 4 6 7 5 2 3 4 6 7
1 5 0 2 4 5 6 5 0 1 3 4 6 5 1 2 4 6 7 5 2 3 4 6 7
1 5 0 2 3 4 5 5 0 1 3 4 5 5 1 2 4 5 6 5 3 4 5 6 7
1 5 0 2 3 4 5 5 0 1 3 4 6 5 1 2 4 6 7 5 3 4 5 6 7
1 5 0 2 3 5 6 5 0 1 3 4 6 5 1 2 5 6 7 5 3 4 5 6 7
1 5 0 2 3 5 6 5 0 1 4 5 6 5 1 2 5 6 7 5 3 4 5 6 7
1 5 0 1 2 3 4 5 1 2 3 4 5 5 1 2 3 5 6 5 2 3 4 6 7
1 5 0 1 2 3 4 5 1 2 3 5 6 5 1 2 3 6 7 5 2 3 4 5 7
1 5 0 1 2 4 5 5 1 2 3 5 6 5 1 2 3 4 6 5 2 3 5 6 7
1 5 0 1 2 4 5 5 1 2 3 6 7 5 1 2 3 4 7 5 2 3 5 6 7
1 5 0 1 2 4 5 5 1 2 3 5 6 5 1 2 4 6 7 5 2 3 4 5 7
1 5 0 1 2 5 6 5 1 2 3 6 7 5 1 2 4 5 7 5 2 3 4 6 7
1 5 0 1 2 4 5 5 1 2 3 4 5 5 1 2 4 5 6 5 2 4 5 6 7
1 5 0 1 2 4 5 5 1 2 3 4 6 5 1 2 4 6 7 5 2 4 5 6 7
1 5 0 1 2 5 6 5 1 2 3 4 6 5 1 2 5 6 7 5 2 4 5 6 7
1 5 0 1 2 4 5 5 1 3 4 5 6 5 1 2 4 6 7 5 2 3 4 5 7
1 5 0 1 2 5 6 5 1 3 4 6 7 5 1 2 4 5 7 5 2 3 4 6 7
1 5 0 1 2 5 6 5 1 3 4 5 6 5 1 2 5 6 7 5 2 3 5 6 7
1 5 0 1 2 3 5 5 1 3 4 5 6 5 1 2 4 5 6 5 3 4 5 6 7
1 5 0 1 2 3 5 5 1 3 4 6 7 5 1 2 4 5 7 5 3 4 5 6 7
1 5 0 1 2 3 6 5 1 3 4 6 7 5 1 2 5 6 7 5 3 4 5 6 7
1 5 0 1 2 3 6 5 1 4 5 6 7 5 1 2 5 6 7 5 3 4 5 6 7
1 5 0 1 3 4 5 5 1 3 4 5 6 5 1 2 3 4 6 5 3 4 5 6 7
1 5 0 1 3 4 5 5 1 3 4 6 7 5 1 2 3 4 7 5 3 4 5 6 7
1 5 0 1 3 5 6 5 1 3 4 6 7 5 1 2 3 5 7 5 3 4 5 6 7
1 5 0 1 3 5 6 5 1 4 5 6 7 5 1 2 3 5 7 5 3 4 5 6 7
1 5 0 1 2 4 5 5 1 2 3 4 5 5 2 4 5 6 7 5 2 3 4 5 7
1 5 0 1 2 5 6 5 1 2 3 4 6 5 2 4 5 6 7 5 2 3 4 6 7
1 5 0 1 2 3 5 5 1 2 3 4 6 5 2 4 5 6 7 5 3 4 5 6 7
1 5 0 1 3 4 5 5 1 2 3 4 5 5 2 3 4 5 6 5 3 4 5 6 7
1 5 0 1 3 4 5 5 1 2 3 4 6 5 2 3 4 6 7 5 3 4 5 6 7
1 5 0 1 3 5 6 5 1 2 3 4 6 5 2 3 5 6 7 5 3 4 5 6 7
1 5 0 1 3 5 6 5 1 2 4 5 6 5 2 3 5 6 7 5 3 4 5 6 7
1 5 0 1 2 3 5 5 2 3 4 5 6 5 2 3 4 5 6 5 3 4 5 6 7
1 5 0 1 2 3 5 5 2 3 4 6 7 5 2 3 4 5 7 5 3 4 5 6 7
1 5 0 1 2 3 6 5 2 3 4 6 7 5 2 3 5 6 7 5 3 4 5 6 7
1 5 0 1 2 3 6 5 2 4 5 6 7 5 2 3 5 6 7 5 3 4 5 6 7
4 27
1 5 0 1 5 6 7 5 0 1 2 3 7 5 0 1 2 3 7 5 1 2 3 4 5
1 5 0 1 5 6 7 5 0 1 2 4 7 5 0 1 3 4 7 5 1 2 3 4 5
1 5 0 1 5 6 7 5 0 1 2 5 7 5 0 1 4 5 7 5 1 2 3 4 5
1 5 0 1 5 6 7 5 0 2 3 4 7 5 0 1 3 4 7 5 1 2 3 4 5
1 5 0 1 5 6 7 5 0 2 3 5 7 5 0 1 4 5 7 5 1 2 3 4 5
1 5 0 1 5 6 7 5 0 3 4 5 7 5 0 1 4 5 7 5 1 2 3 4 5
1 5 0 1 2 6 7 5 0 2 3 4 7 5 0 1 3 4 7 5 2 3 4 5 6
1 5 0 1 2 6 7 5 0 2 3 5 7 5 0 1 4 5 7 5 2 3 4 5 6
1 5 0 1 2 6 7 5 0 2 3 6 7 5 0 1 5 6 7 5 2 3 4 5 6
1 5 0 1 2 6 7 5 0 3 4 5 7 5 0 1 4 5 7 5 2 3 4 5 6
1 5 0 1 2 6 7 5 0 3 4 6 7 5 0 1 5 6 7 5 2 3 4 5 6
1 5 0 1 2 6 7 5 0 4 5 6 7 5 0 1 5 6 7 5 2 3 4 5 6
1 5 0 1 2 3 7 5 0 3 4 5 7 5 0 1 4 5 7 5 3 4 5 6 7
1 5 0 1 2 3 7 5 0 3 4 6 7 5 0 1 5 6 7 5 3 4 5 6 7
1 5 0 1 2 3 7 5 0 4 5 6 7 5 0 1 5 6 7 5 3 4 5 6 7
1 5 0 1 2 6 7 5 1 2 3 4 7 5 1 2 3 4 7 5 2 3 4 5 6
1 5 0 1 2 6 7 5 1 2 3 5 7 5 1 2 4 5 7 5 2 3 4 5 6
1 5 0 1 2 6 7 5 1 2 3 6 7 5 1 2 5 6 7 5 2 3 4 5 6
1 5 0 1 2 6 7 5 1 3 4 5 7 5 1 2 4 5 7 5 2 3 4 5 6
1 5 0 1 2 6 7 5 1 3 4 6 7 5 1 2 5 6 7 5 2 3 4 5 6
1 5 0 1 2 6 7 5 1 4 5 6 7 5 1 2 5 6 7 5 2 3 4 5 6
1 5 0 1 2 3 7 5 1 3 4 5 7 5 1 2 4 5 7 5 3 4 5 6 7
1 5 0 1 2 3 7 5 1 3 4 6 7 5 1 2 5 6 7 5 3 4 5 6 7
1 5 0 1 2 3 7 5 1 4 5 6 7 5 1 2 5 6 7 5 3 4 5 6 7
1 5 0 1 2 3 7 5 2 3 4 5 7 5 2 3 4 5 7 5 3 4 5 6 7
1 5 0 1 2 3 7 5 2 3 4 6 7 5 2 3 5 6 7 5 3 4 5 6 7
1 5 0 1 2 3 7 5 2 4 5 6 7 5 2 3 5 6 7 5 3 4 5 6 7
4 59
1 5 0 1 4 5 6 5 0 1 2 3 4 5 0 1 2 3 6 5 1 2 4 6 7
1 5 0 1 5 6 7 5 0 1 2 3 4 5 0 1 2 3 7 5 1 2 4 5 7
1 5 0 1 4 5 6 5 0 1 2 3 4 5 0 1 3 6 7 5 1 2 3 4 7
1 5 0 1 5 6 7 5 0 1 2 4 5 5 0 1 3 4 7 5 1 2 3 5 7
1 5 0 1 4 5 6 5 0 1 2 3 4 5 0 1 3 4 6 5 1 3 4 6 7
1 5 0 1 5 6 7 5 0 1 2 3 4 5 0 1 3 4 7 5 1 3 4 5 7
1 5 0 1 5 6 7 5 0 1 2 3 5 5 0 1 4 5 7 5 1 3 4 5 7
1 5 0 1 5 6 7 5 0 2 3 4 5 5 0 1 3 4 7 5 1 2 3 5 7
1 5 0 1 5 6 7 5 0 2 3 4 5 5 0 1 4 5 7 5 1 2 4 5 7
1 5 0 1 2 5 6 5 0 2 3 4 5 5 0 1 3 4 6 5 2 3 5 6 7
1 5 0 1 2 6 7 5 0 2 3 4 5 5 0 1 3 4 7 5 2 3 5 6 7
1 5 0 1 2 5 6 5 0 2 3 4 5 5 0 1 4 6 7 5 2 3 4 5 7
1 5 0 1 2 6 7 5 0 2 3 5 6 5 0 1 4 5 7 5 2 3 4 6 7
1 5 0 1 2 5 6 5 0 2 3 4 5 5 0 1 4 5 6 5 2 4 5 6 7
1 5 0 1 2 6 7 5 0 2 3 4 5 5 0 1 4 5 7 5 2 4 5 6 7
1 5 0 1 2 6 7 5 0 2 3 4 6 5 0 1 5 6 7 5 2 4 5 6 7
1 5 0 1 2 6 7 5 0 3 4 5 6 5 0 1 4 5 7 5 2 3 4 6 7
1 5 0 1 2 6 7 5 0 3 4 5 6 5 0 1 5 6 7 5 2 3 5 6 7
1 5 0 1 2 3 6 5 0 3 4 5 6 5 0 1 5 6 7 5 3 4 5 6 7
1 5 0 2 5 6 7 5 0 2 3 4 5 5 0 1 2 4 7 5 2 3 4 5 7
1 5 0 2 3 6 7 5 0 3 4 5 6 5 0 1 2 5 7 5 3 4 5 6 7
1 5 0 1 4 5 6 5 0 1 2 3 4 5 1 3 4 6 7 5 1 2 3 4 7
1 5 0 1 5 6 7 5 0 1 2 3 5 5 1 3 4 5 7 5 1 2 3 5 7
1 5 0 1 2 4 5 5 0 1 2 3 4 5 1 3 4 5 6 5 2 3 4 6 7
1 5 0 1 2 5 6 5 0 1 2 3 4 5 1 3 4 6 7 5 2 3 4 5 7
1 5 0 1 2 5 6 5 0 1 2 3 5 5 1 3 4 5 6 5 2 3 5 6 7
1 5 0 1 2 6 7 5 0 1 2 3 5 5 1 3 4 5 7 5 2 3 5 6 7
1 5 0 1 2 5 6 5 0 1 2 3 5 5 1 4 5 6 7 5 2 3 4 5 7
1 5 0 1 2 6 7 5 0 1 2 3 6 5 1 4 5 6 7 5 2 3 4 6 7
1 5 0 1 2 5 6 5 0 1 3 4 5 5 1 4 5 6 7 5 2 3 4 5 7
1 5 0 1 2 6 7 5 0 1 3 4 6 5 1 4 5 6 7 5 2 3 4 6 7
1 5 0 1 2 3 6 5 0 1 3 4 5 5 1 4 5 6 7 5 3 4 5 6 7
1 5 0 2 4 5 6 5 0 1 2 3 4 5 1 2 3 4 6 5 2 3 4 6 7
1 5 0 2 5 6 7 5 0 1 2 3 4 5 1 2 3 4 7 5 2 3 4 5 7
1 5 0 2 5 6 7 5 0 1 2 3 5 5 1 2 4 5 7 5 2 3 4 5 7
1 5 0 2 5 6 7 5 0 1 3 4 5 5 1 2 4 5 7 5 2 3 4 5 7
1 5 0 2 3 5 6 5 0 1 3 4 5 5 1 2 4 5 6 5 3 4 5 6 7
1 5 0 2 3 6 7 5 0 1 3 4 5 5 1 2 4 5 7 5 3 4 5 6 7
1 5 0 2 3 6 7 5 0 1 3 4 6 5 1 2 5 6 7 5 3 4 5 6 7
1 5 0 2 3 6 7 5 0 1 4 5 6 5 1 2 5 6 7 5 3 4 5 6 7
1 5 0 1 2 5 6 5 1 2 3 4 5 5 1 2 3 4 6 5 2 3 5 6 7
1 5 0 1 2 6 7 5 1 2 3 4 5 5 1 2 3 4 7 5 2 3 5 6 7
1 5 0 1 2 5 6 5 1 2 3 4 5 5 1 2 4 6 7 5 2 3 4 5 7
1 5 0 1 2 6 7 5 1 2 3 5 6 5 1 2 4 5 7 5 2 3 4 6 7
1 5 0 1 2 5 6 5 1 2 3 4 5 5 1 2 4 5 6 5 2 4 5 6 7
1 5 0 1 2 6 7 5 1 2 3 4 5 5 1 2 4 5 7 5 2 4 5 6 7
1 5 0 1 2 6 7 5 1 2 3 4 6 5 1 2 5 6 7 5 2 4 5 6 7
1 5 0 1 2 6 7 5 1 3 4 5 6 5 1 2 4 5 7 5 2 3 4 6 7
1 5 0 1 2 6 7 5 1 3 4 5 6 5 1 2 5 6 7 5 2 3 5 6 7
1 5 0 1 2 3 6 5 1 3 4 5 6 5 1 2 5 6 7 5 3 4 5 6 7
1 5 0 1 3 6 7 5 1 3 4 5 6 5 1 2 3 5 7 5 3 4 5 6 7
1 5 0 1 2 5 6 5 1 2 3 4 5 5 2 4 5 6 7 5 2 3 4 5 7
1 5 0 1 2 6 7 5 1 2 3 4 6 5 2 4 5 6 7 5 2 3 4 6 7
1 5 0 1 2 3 6 5 1 2 3 4 5 5 2 4 5 6 7 5 3 4 5 6 7
1 5 0 1 3 5 6 5 1 2 3 4 5 5 2 3 4 5 6 5 3 4 5 6 7
1 5 0 1 3 6 7 5 1 2 3 4 5 5 2 3 4 5 7 5 3 4 5 6 7
1 5 0 1 3 6 7 5 1 2 3 4 6 5 2 3 5 6 7 5 3 4 5 6 7
1 5 0 1 3 6 7 5 1 2 4 5 6 5 2 3 5 6 7 5 3 4 5 6 7
1 5 0 1 2 3 6 5 2 3 4 5 6 5 2 3 5 6 7 5 3 4 5 6 7
4 18
1 5 0 1 5 6 7 5 0 1 2 5 7 5 0 1 2 3 7 5 1 2 3 4 5
1 5 0 1 5 6 7 5 0 1 2 5 7 5 0 1 3 4 7 5 1 2 3 4 5
1 5 0 1 5 6 7 5 0 1 2 5 7 5 0 1 4 5 7 5 1 2 3 4 5
1 5 0 1 5 6 7 5 0 2 3 5 7 5 0 1 3 4 7 5 1 2 3 4 5
1 5 0 1 5 6 7 5 0 2 3 5 7 5 0 1 4 5 7 5 1 2 3 4 5
1 5 0 1 5 6 7 5 0 3 4 5 7 5 0 1 4 5 7 5 1 2 3 4 5
1 5 0 1 2 6 7 5 0 2 3 6 7 5 0 1 3 4 7 5 2 3 4 5 6
1 5 0 1 2 6 7 5 0 2 3 6 7 5 0 1 4 5 7 5 2 3 4 5 6
1 5 0 1 2 6 7 5 0 2 3 6 7 5 0 1 5 6 7 5 2 3 4 5 6
1 5 0 1 2 6 7 5 0 3 4 6 7 5 0 1 4 5 7 5 2 3 4 5 6
1 5 0 1 2 6 7 5 0 3 4 6 7 5 0 1 5 6 7 5 2 3 4 5 6
1 5 0 1 2 6 7 5 0 4 5 6 7 5 0 1 5 6 7 5 2 3 4 5 6
1 5 0 1 2 6 7 5 1 2 3 6 7 5 1 2 3 4 7 5 2 3 4 5 6
1 5 0 1 2 6 7 5 1 2 3 6 7 5 1 2 4 5 7 5 2 3 4 5 6
1 5 0 1 2 6 7 5 1 2 3 6 7 5 1 2 5 6 7 5 2 3 4 5 6
1 5 0 1 2 6 7 5 1 3 4 6 7 5 1 2 4 5 7 5 2 3 4 5 6
1 5 0 1 2 6 7 5 1 3 4 6 7 5 1 2 5 6 7 5 2 3 4 5 6
1 5 0 1 2 6 7 5 1 4 5 6 7 5 1 2 5 6 7 5 2 3 4 5 6
4 62
1 5 0 1 4 5 6 5 0 1 2 3 4 5 0 1 2 3 6 5 1 2 3 6 7
1 5 0 1 5 6 7 5 0 1 2 4 5 5 0 1 2 3 7 5 1 2 3 4 7
1 5 0 1 5 6 7 5 0 1 2 4 5 5 0 1 3 4 7 5 1 2 3 4 7
1 5 0 1 4 5 6 5 0 1 2 3 4 5 0 1 3 4 6 5 1 3 4 6 7
1 5 0 1 5 6 7 5 0 1 2 3 5 5 0 1 3 4 7 5 1 3 4 5 7
1 5 0 1 5 6 7 5 0 1 2 3 5 5 0 1 4 5 7 5 1 3 4 5 7
1 5 0 1 5 6 7 5 0 2 3 4 5 5 0 1 3 4 7 5 1 2 3 4 7
1 5 0 1 5 6 7 5 0 2 3 4 5 5 0 1 4 5 7 5 1 2 4 5 7
1 5 0 1 2 5 6 5 0 2 3 4 5 5 0 1 3 4 6 5 2 3 4 6 7
1 5 0 1 2 6 7 5 0 2 3 5 6 5 0 1 3 4 7 5 2 3 4 5 7
1 5 0 1 2 6 7 5 0 2 3 5 6 5 0 1 4 5 7 5 2 3 4 5 7
1 5 0 1 2 5 6 5 0 2 3 4 5 5 0 1 4 5 6 5 2 4 5 6 7
1 5 0 1 2 6 7 5 0 2 3 4 6 5 0 1 4 5 7 5 2 4 5 6 7
1 5 0 1 2 6 7 5 0 2 3 4 6 5 0 1 5 6 7 5 2 4 5 6 7
1 5 0 1 2 6 7 5 0 3 4 5 6 5 0 1 4 5 7 5 2 3 4 5 7
1 5 0 1 2 6 7 5 0 3 4 5 6 5 0 1 5 6 7 5 2 3 5 6 7
1 5 0 1 2 3 6 5 0 3 4 5 6 5 0 1 4 5 6 5 3 4 5 6 7
1 5 0 1 2 3 7 5 0 3 4 6 7 5 0 1 4 5 7 5 3 4 5 6 7
1 5 0 1 2 3 7 5 0 3 4 6 7 5 0 1 5 6 7 5 3 4 5 6 7
1 5 0 1 2 3 7 5 0 4 5 6 7 5 0 1 5 6 7 5 3 4 5 6 7
1 5 0 1 4 5 6 5 0 1 2 3 4 5 1 3 4 6 7 5 1 2 3 4 7
1 5 0 1 5 6 7 5 0 1 2 3 5 5 1 3 4 5 7 5 1 2 3 5 7
1 5 0 1 2 4 5 5 0 1 2 3 4 5 1 3 4 5 6 5 2 3 4 6 7
1 5 0 1 2 5 6 5 0 1 2 3 5 5 1 3 4 6 7 5 2 3 4 5 7
1 5 0 1 2 5 6 5 0 1 2 3 5 5 1 3 4 5 6 5 2 3 5 6 7
1 5 0 1 2 6 7 5 0 1 2 3 6 5 1 3 4 5 7 5 2 3 5 6 7
1 5 0 1 2 5 6 5 0 1 2 3 5 5 1 4 5 6 7 5 2 3 4 5 7
1 5 0 1 2 6 7 5 0 1 2 3 6 5 1 4 5 6 7 5 2 3 4 6 7
1 5 0 1 2 5 6 5 0 1 3 4 5 5 1 4 5 6 7 5 2 3 4 5 7
1 5 0 1 2 6 7 5 0 1 3 4 6 5 1 4 5 6 7 5 2 3 4 6 7
1 5 0 1 2 3 6 5 0 1 3 4 6 5 1 4 5 6 7 5 3 4 5 6 7
1 5 0 2 4 5 6 5 0 1 2 3 4 5 1 2 3 4 6 5 2 3 4 6 7
1 5 0 2 5 6 7 5 0 1 2 3 5 5 1 2 3 4 7 5 2 3 4 5 7
1 5 0 2 5 6 7 5 0 1 2 3 5 5 1 2 4 5 7 5 2 3 4 5 7
1 5 0 2 5 6 7 5 0 1 3 4 5 5 1 2 4 5 7 5 2 3 4 5 7
1 5 0 2 3 5 6 5 0 1 3 4 5 5 1 2 4 5 6 5 3 4 5 6 7
1 5 0 2 3 6 7 5 0 1 3 4 6 5 1 2 4 5 7 5 3 4 5 6 7
1 5 0 2 3 6 7 5 0 1 3 4 6 5 1 2 5 6 7 5 3 4 5 6 7
1 5 0 2 3 6 7 5 0 1 4 5 6 5 1 2 5 6 7 5 3 4 5 6 7
1 5 0 1 2 5 6 5 1 2 3 4 5 5 1 2 3 4 6 5 2 3 4 6 7
1 5 0 1 2 6 7 5 1 2 3 5 6 5 1 2 3 4 7 5 2 3 4 5 7
1 5 0 1 2 6 7 5 1 2 3 5 6 5 1 2 4 5 7 5 2 3 4 5 7
1 5 0 1 2 5 6 5 1 2 3 4 5 5 1 2 4 5 6 5 2 4 5 6 7
1 5 0 1 2 6 7 5 1 2 3 4 6 5 1 2 4 5 7 5 2 4 5 6 7
1 5 0 1 2 6 7 5 1 2 3 4 6 5 1 2 5 6 7 5 2 4 5 6 7
1 5 0 1 2 6 7 5 1 3 4 5 6 5 1 2 4 5 7 5 2 3 4 5 7
1 5 0 1 2 6 7 5 1 3 4 5 6 5 1 2 5 6 7 5 2 3 5 6 7
1 5 0 1 2 3 6 5 1 3 4 5 6 5 1 2 4 5 6 5 3 4 5 6 7
1 5 0 1 2 3 7 5 1 3 4 6 7 5 1 2 4 5 7 5 3 4 5 6 7
1 5 0 1 2 3 7 5 1 3 4 6 7 5 1 2 5 6 7 5 3 4 5 6 7
1 5 0 1 2 3 7 5 1 4 5 6 7 5 1 2 5 6 7 5 3 4 5 6 7
1 5 0 1 2 5 6 5 1 2 3 4 5 5 2 4 5 6 7 5 2 3 4 5 7
1 5 0 1 2 6 7 5 1 2 3 4 6 5 2 4 5 6 7 5 2 3 4 6 7
1 5 0 1 2 3 6 5 1 2 3 4 6 5 2 4 5 6 7 5 3 4 5 6 7
1 5 0 1 3 5 6 5 1 2 3 4 5 5 2 3 4 5 6 5 3 4 5 6 7
1 5 0 1 3 6 7 5 1 2 3 4 6 5 2 3 4 5 7 5 3 4 5 6 7
1 5 0 1 3 6 7 5 1 2 3 4 6 5 2 3 5 6 7 5 3 4 5 6 7
1 5 0 1 3 6 7 5 1 2 4 5 6 5 2 3 5 6 7 5 3 4 5 6 7
1 5 0 1 2 3 6 5 2 3 4 5 6 5 2 3 4 5 6 5 3 4 5 6 7
1 5 0 1 2 3 7 5 2 3 4 6 7 5 2 3 4 5 7 5 3 4 5 6 7
1 5 0 1 2 3 7 5 2 3 4 6 7 5 2 3 5 6 7 5 3 4 5 6 7
1 5 0 1 2 3 7 5 2 4 5 6 7 5 2 3 5 6 7 5 3 4 5 6 7
4 56
1 5 0 1 2 5 6 5 0 2 3 4 5 5 0 1 2 3 4 5 1 2 4 6 7
1 5 0 1 2 6 7 5 0 2 3 5 6 5 0 1 2 3 4 5 1 2 4 5 7
1 5 0 1 2 5 6 5 0 2 3 4 5 5 0 1 2 4 5 5 1 2 5 6 7
1 5 0 1 2 6 7 5 0 2 3 4 6 5 0 1 2 4 5 5 1 2 5 6 7
1 5 0 1 2 3 6 5 0 3 4 5 6 5 0 1 2 3 4 5 1 2 4 6 7
1 5 0 1 2 3 7 5 0 3 5 6 7 5 0 1 2 3 4 5 1 2 4 5 7
1 5 0 1 2 3 6 5 0 3 4 5 6 5 0 1 2 4 5 5 1 2 5 6 7
1 5 0 1 2 3 7 5 0 3 4 6 7 5 0 1 2 4 5 5 1 2 5 6 7
1 5 0 1 3 6 7 5 0 3 4 5 6 5 0 1 2 3 4 5 1 2 4 5 7
1 5 0 1 3 6 7 5 0 3 4 5 6 5 0 1 2 3 5 5 1 2 5 6 7
1 5 0 1 3 4 7 5 0 4 5 6 7 5 0 1 2 3 4 5 1 2 4 5 7
1 5 0 1 3 4 7 5 0 4 5 6 7 5 0 1 2 3 5 5 1 2 5 6 7
1 5 0 1 3 6 7 5 0 3 4 5 6 5 0 1 3 4 5 5 1 2 3 5 7
1 5 0 1 3 6 7 5 0 3 4 5 6 5 0 1 3 5 6 5 1 2 3 6 7
1 5 0 1 3 4 7 5 0 4 5 6 7 5 0 1 3 4 5 5 1 2 3 5 7
1 5 0 1 3 4 7 5 0 4 5 6 7 5 0 1 3 5 6 5 1 2 3 6 7
1 5 0 1 2 3 6 5 0 3 4 5 6 5 0 1 2 3 4 5 2 4 5 6 7
1 5 0 1 2 3 7 5 0 3 4 6 7 5 0 1 2 3 4 5 2 4 5 6 7
1 5 0 1 2 3 6 5 0 3 4 5 6 5 0 1 3 4 5 5 2 3 5 6 7
1 5 0 1 2 3 7 5 0 3 4 6 7 5 0 1 3 4 5 5 2 3 5 6 7
1 5 0 1 2 4 7 5 0 4 5 6 7 5 0 1 3 4 5 5 2 3 5 6 7
1 5 0 1 2 4 7 5 0 4 5 6 7 5 0 1 4 5 6 5 2 3 4 6 7
1 5 0 2 3 6 7 5 0 3 4 5 6 5 0 1 2 3 4 5 2 3 4 5 7
1 5 0 2 3 6 7 5 0 3 4 5 6 5 0 1 2 3 5 5 2 3 5 6 7
1 5 0 2 3 4 7 5 0 4 5 6 7 5 0 1 2 3 4 5 2 3 4 5 7
1 5 0 2 3 4 7 5 0 4 5 6 7 5 0 1 2 3 5 5 2 3 5 6 7
1 5 0 2 3 4 7 5 0 4 5 6 7 5 0 1 2 4 5 5 3 4 5 6 7
1 5 0 1 2 5 6 5 0 1 2 3 5 5 1 2 3 4 5 5 1 2 5 6 7
1 5 0 1 2 6 7 5 0 1 2 3 6 5 1 2 3 4 5 5 1 2 5 6 7
1 5 0 1 2 3 6 5 0 1 3 5 6 5 1 2 3 4 5 5 1 2 5 6 7
1 5 0 1 2 3 7 5 0 1 3 6 7 5 1 2 3 4 5 5 1 2 5 6 7
1 5 0 1 3 5 6 5 0 1 3 4 5 5 1 2 3 4 5 5 1 2 5 6 7
1 5 0 1 3 6 7 5 0 1 3 4 6 5 1 2 3 4 5 5 1 2 5 6 7
1 5 0 1 3 4 6 5 0 1 4 5 6 5 1 2 3 4 5 5 1 2 5 6 7
1 5 0 1 3 4 7 5 0 1 4 6 7 5 1 2 3 4 5 5 1 2 5 6 7
1 5 0 1 4 6 7 5 0 1 4 5 6 5 1 2 3 4 5 5 1 2 5 6 7
1 5 0 1 4 5 7 5 0 1 5 6 7 5 1 2 3 4 5 5 1 2 5 6 7
1 5 0 1 3 6 7 5 0 1 3 4 6 5 1 3 4 5 6 5 1 2 3 6 7
1 5 0 1 3 4 7 5 0 1 4 6 7 5 1 3 4 5 6 5 1 2 3 6 7
1 5 0 1 4 6 7 5 0 1 4 5 6 5 1 3 4 5 6 5 1 2 3 6 7
1 5 0 1 4 5 7 5 0 1 5 6 7 5 1 3 4 5 6 5 1 2 3 6 7
1 5 0 2 3 5 6 5 0 1 3 4 5 5 1 2 3 4 5 5 2 3 5 6 7
1 5 0 2 3 6 7 5 0 1 3 4 6 5 1 2 3 4 5 5 2 3 5 6 7
1 5 0 2 3 4 6 5 0 1 4 5 6 5 1 2 3 4 5 5 2 3 5 6 7
1 5 0 2 3 4 7 5 0 1 4 6 7 5 1 2 3 4 5 5 2 3 5 6 7
1 5 0 2 4 6 7 5 0 1 4 5 6 5 1 2 3 4 5 5 2 3 5 6 7
1 5 0 2 4 5 7 5 0 1 5 6 7 5 1 2 3 4 5 5 2 3 5 6 7
1 5 0 2 4 6 7 5 0 1 4 5 6 5 1 2 4 5 6 5 2 3 4 6 7
1 5 0 2 4 5 7 5 0 1 5 6 7 5 1 2 4 5 6 5 2 3 4 6 7
1 5 0 3 4 6 7 5 0 1 4 5 6 5 1 2 3 4 5 5 3 4 5 6 7
1 5 0 3 4 5 7 5 0 1 5 6 7 5 1 2 3 4 5 5 3 4 5 6 7
1 5 0 1 2 3 6 5 1 3 4 5 6 5 1 2 3 4 5 5 2 3 5 6 7
1 5 0 1 2 3 7 5 1 3 4 6 7 5 1 2 3 4 5 5 2 3 5 6 7
1 5 0 1 2 4 7 5 1 4 5 6 7 5 1 2 3 4 5 5 2 3 5 6 7
1 5 0 1 2 4 7 5 1 4 5 6 7 5 1 2 4 5 6 5 2 3 4 6 7
1 5 0 1 3 4 7 5 1 4 5 6 7 5 1 2 3 4 5 5 3 4 5 6 7
4 15
1 5 0 1 2 5 6 5 0 2 3 4 5 5 0 1 2 6 7 5 1 2 5 6 7
1 5 0 1 2 4 5 5 0 1 2 3 4 5 1 2 5 6 7 5 1 2 4 5 6
1 5 0 1 2 4 5 5 0 1 2 3 4 5 1 2 5 6 7 5 1 2 4 6 7
1 5 0 1 2 3 5 5 0 1 3 4 5 5 1 2 5 6 7 5 1 2 5 6 7
1 5 0 1 3 5 6 5 0 1 3 4 5 5 1 2 3 6 7 5 1 2 5 6 7
1 5 0 1 2 3 5 5 0 1 3 4 5 5 1 3 5 6 7 5 2 3 5 6 7
1 5 0 2 3 5 6 5 0 1 3 4 5 5 1 2 3 6 7 5 2 3 5 6 7
1 5 0 2 3 4 5 5 0 1 2 3 4 5 2 3 5 6 7 5 2 3 4 5 6
1 5 0 2 3 4 5 5 0 1 2 3 4 5 2 3 5 6 7 5 2 3 4 6 7
1 5 0 2 3 4 5 5 0 1 2 4 5 5 2 3 5 6 7 5 2 3 5 6 7
1 5 0 2 4 5 6 5 0 1 2 4 5 5 2 3 4 6 7 5 2 3 5 6 7
1 5 0 2 3 4 5 5 0 1 2 4 5 5 2 4 5 6 7 5 3 4 5 6 7
1 5 0 3 4 5 6 5 0 1 2 4 5 5 2 3 4 6 7 5 3 4 5 6 7
1 5 0 1 2 3 5 5 1 2 3 4 5 5 2 3 5 6 7 5 2 3 5 6 7
1 5 0 1 3 4 5 5 1 2 3 4 5 5 3 4 5 6 7 5 3 4 5 6 7
4 14
1 5 0 1 2 3 4 5 0 4 5 6 7 5 0 1 2 3 7 5 1 2 3 4 7
1 5 0 1 2 3 4 5 0 1 4 5 6 5 1 2 3 6 7 5 1 2 3 4 7
1 5 0 1 2 3 4 5 0 1 4 5 6 5 1 2 3 4 6 5 1 2 4 6 7
1 5 0 1 2 3 5 5 0 1 5 6 7 5 1 2 3 4 7 5 1 2 4 5 7
1 5 0 1 3 4 5 5 0 1 5 6 7 5 1 2 3 4 7 5 1 2 4 5 7
1 5 0 1 3 4 5 5 0 1 5 6 7 5 1 3 4 5 7 5 1 2 3 5 7
1 5 0 2 3 4 5 5 0 1 5 6 7 5 1 2 3 4 7 5 2 3 4 5 7
1 5 0 2 3 4 5 5 0 1 2 5 6 5 2 3 4 6 7 5 2 3 4 5 7
1 5 0 2 3 4 5 5 0 1 2 5 6 5 2 3 4 5 6 5 2 3 5 6 7
1 5 0 2 3 4 6 5 0 1 2 6 7 5 2 3 4 5 7 5 2 3 5 6 7
1 5 0 2 4 5 6 5 0 1 2 6 7 5 2 3 4 5 7 5 2 3 5 6 7
1 5 0 2 4 5 6 5 0 1 2 6 7 5 2 4 5 6 7 5 2 3 4 6 7
1 5 0 3 4 5 6 5 0 1 2 6 7 5 2 3 4 5 7 5 3 4 5 6 7
1 5 0 3 4 5 6 5 0 1 2 3 6 5 3 4 5 6 7 5 3 4 5 6 7
4 22
1 5 0 1 3 4 5 5 0 3 4 5 6 5 0 1 2 3 6 5 1 2 3 6 7
1 5 0 1 3 5 6 5 0 3 4 5 6 5 0 1 2 3 6 5 1 2 3 6 7
1 5 0 1 3 4 5 5 0 4 5 6 7 5 0 1 2 3 7 5 1 2 3 4 7
1 5 0 1 3 5 6 5 0 4 5 6 7 5 0 1 2 3 7 5 1 2 3 4 7
1 5 0 1 3 6 7 5 0 4 5 6 7 5 0 1 2 3 7 5 1 2 3 4 7
1 5 0 1 4 5 6 5 0 4 5 6 7 5 0 1 3 4 7 5 1 2 3 4 7
1 5 0 1 4 6 7 5 0 4 5 6 7 5 0 1 3 4 7 5 1 2 3 4 7
1 5 0 1 3 4 5 5 0 1 3 4 5 5 1 2 3 5 6 5 1 2 3 6 7
1 5 0 1 3 4 5 5 0 1 4 5 6 5 1 2 3 6 7 5 1 2 3 4 7
1 5 0 1 3 5 6 5 0 1 4 5 6 5 1 2 3 6 7 5 1 2 3 4 7
1 5 0 1 4 5 6 5 0 1 4 5 6 5 1 2 3 4 6 5 1 2 4 6 7
1 5 0 1 4 5 6 5 0 1 5 6 7 5 1 2 3 4 7 5 1 2 4 5 7
1 5 0 1 4 6 7 5 0 1 5 6 7 5 1 2 3 4 7 5 1 2 4 5 7
1 5 0 1 4 5 6 5 0 1 4 5 6 5 1 3 4 6 7 5 1 2 3 4 7
1 5 0 1 5 6 7 5 0 1 5 6 7 5 1 3 4 5 7 5 1 2 3 5 7
1 5 0 2 4 5 6 5 0 1 4 5 6 5 1 2 3 4 6 5 2 3 4 6 7
1 5 0 2 4 5 6 5 0 1 5 6 7 5 1 2 3 4 7 5 2 3 4 5 7
1 5 0 2 4 6 7 5 0 1 5 6 7 5 1 2 3 4 7 5 2 3 4 5 7
1 5 0 2 5 6 7 5 0 1 5 6 7 5 1 2 4 5 7 5 2 3 4 5 7
1 5 0 2 4 5 6 5 0 1 2 5 6 5 2 3 4 6 7 5 2 3 4 5 7
1 5 0 2 5 6 7 5 0 1 2 6 7 5 2 3 4 5 7 5 2 3 5 6 7
1 5 0 3 5 6 7 5 0 1 2 6 7 5 2 3 4 5 7 5 3 4 5 6 7
4 19
1 5 0 1 2 3 6 5 0 3 4 5 6 5 0 1 2 6 7 5 1 2 3 6 7
1 5 0 1 2 3 5 5 0 1 3 4 5 5 1 2 5 6 7 5 1 2 3 5 6
1 5 0 1 2 3 5 5 0 1 3 4 5 5 1 2 5 6 7 5 1 2 3 6 7
1 5 0 1 3 5 6 5 0 1 3 4 5 5 1 2 3 6 7 5 1 2 3 6 7
1 5 0 1 3 4 6 5 0 1 4 5 6 5 1 2 3 6 7 5 1 2 4 6 7
1 5 0 1 2 3 5 5 0 1 3 4 5 5 1 2 3 5 7 5 2 3 5 6 7
1 5 0 1 2 3 6 5 0 1 4 5 6 5 1 2 3 6 7 5 2 3 4 6 7
1 5 0 1 2 4 6 5 0 1 4 5 6 5 1 3 4 6 7 5 2 3 4 6 7
1 5 0 2 3 4 6 5 0 1 4 5 6 5 1 2 3 6 7 5 2 3 4 6 7
1 5 0 2 3 4 5 5 0 1 2 4 5 5 2 3 5 6 7 5 2 3 4 5 6
1 5 0 2 3 4 5 5 0 1 2 4 5 5 2 3 5 6 7 5 2 3 4 6 7
1 5 0 2 4 5 6 5 0 1 2 4 5 5 2 3 4 6 7 5 2 3 4 6 7
1 5 0 2 4 5 6 5 0 1 2 5 6 5 2 3 4 6 7 5 2 3 5 6 7
1 5 0 2 3 4 5 5 0 1 2 4 5 5 2 3 4 5 7 5 3 4 5 6 7
1 5 0 2 3 4 6 5 0 1 2 5 6 5 2 3 4 6 7 5 3 4 5 6 7
1 5 0 2 3 5 6 5 0 1 2 5 6 5 2 4 5 6 7 5 3 4 5 6 7
1 5 0 3 4 5 6 5 0 1 2 5 6 5 2 3 4 6 7 5 3 4 5 6 7
1 5 0 1 2 4 6 5 1 2 4 5 6 5 2 3 4 6 7 5 2 3 4 6 7
1 5 0 1 3 5 6 5 1 2 3 5 6 5 3 4 5 6 7 5 3 4 5 6 7
4 7
1 5 0 1 4 5 6 5 0 4 5 6 7 5 0 1 2 3 4 5 1 2 4 5 6
1 5 0 1 4 6 7 5 0 4 5 6 7 5 0 1 2 3 4 5 1 2 4 6 7
1 5 0 2 4 5 6 5 0 4 5 6 7 5 0 1 2 3 4 5 2 3 4 5 6
1 5 0 2 4 6 7 5 0 4 5 6 7 5 0 1 2 3 4 5 2 3 4 6 7
1 5 0 1 5 6 7 5 0 1 5 6 7 5 1 2 3 4 5 5 1 2 5 6 7
1 5 0 2 5 6 7 5 0 1 5 6 7 5 1 2 3 4 5 5 2 3 5 6 7
1 5 0 3 5 6 7 5 0 1 5 6 7 5 1 2 3 4 5 5 3 4 5 6 7
4 24
1 5 0 1 2 3 4 5 0 4 5 6 7 5 0 1 2 4 7 5 1 2 3 4 7
1 5 0 1 2 3 4 5 0 1 4 5 6 5 1 2 3 4 6 5 1 2 3 6 7
1 5 0 1 2 3 4 5 0 1 4 5 6 5 1 2 4 6 7 5 1 2 3 4 7
1 5 0 1 2 3 5 5 0 1 5 6 7 5 1 2 4 5 7 5 1 2 3 4 7
1 5 0 1 3 4 5 5 0 1 5 6 7 5 1 2 3 4 7 5 1 2 3 4 7
1 5 0 1 3 4 5 5 0 1 5 6 7 5 1 2 3 5 7 5 1 2 4 5 7
1 5 0 1 3 4 5 5 0 1 5 6 7 5 1 3 4 5 7 5 1 2 3 4 7
1 5 0 1 2 3 4 5 0 1 4 5 6 5 1 2 3 4 6 5 2 3 4 6 7
1 5 0 1 2 3 5 5 0 1 5 6 7 5 1 2 3 5 7 5 2 3 4 5 7
1 5 0 1 2 4 5 5 0 1 5 6 7 5 1 3 4 5 7 5 2 3 4 5 7
1 5 0 2 3 4 5 5 0 1 5 6 7 5 1 2 3 5 7 5 2 3 4 5 7
1 5 0 2 3 4 5 5 0 1 2 5 6 5 2 3 4 5 6 5 2 3 4 6 7
1 5 0 2 3 4 5 5 0 1 2 5 6 5 2 3 5 6 7 5 2 3 4 5 7
1 5 0 2 3 4 6 5 0 1 2 6 7 5 2 3 5 6 7 5 2 3 4 5 7
1 5 0 2 4 5 6 5 0 1 2 6 7 5 2 3 4 5 7 5 2 3 4 5 7
1 5 0 2 4 5 6 5 0 1 2 6 7 5 2 3 4 6 7 5 2 3 5 6 7
1 5 0 2 4 5 6 5 0 1 2 6 7 5 2 4 5 6 7 5 2 3 4 5 7
1 5 0 2 3 4 5 5 0 1 2 5 6 5 2 3 4 5 6 5 3 4 5 6 7
1 5 0 2 3 4 6 5 0 1 2 6 7 5 2 3 4 6 7 5 3 4 5 6 7
1 5 0 2 3 5 6 5 0 1 2 6 7 5 2 4 5 6 7 5 3 4 5 6 7
1 5 0 3 4 5 6 5 0 1 2 6 7 5 2 3 4 6 7 5 3 4 5 6 7
1 5 0 3 5 6 7 5 0 1 2 3 7 5 3 4 5 6 7 5 3 4 5 6 7
1 5 0 1 2 4 5 5 1 2 5 6 7 5 2 3 4 5 7 5 2 3 4 5 7
1 5 0 1 3 5 6 5 1 2 3 6 7 5 3 4 5 6 7 5 3 4 5 6 7
4 6
1 5 0 1 2 3 4 5 0 2 3 4 6 5 0 1 2 6 7 5 1 2 4 5 6
1 5 0 1 3 4 5 5 0 3 4 5 7 5 0 1 2 3 7 5 1 2 5 6 7
1 5 0 1 3 4 5 5 0 3 4 5 6 5 0 1 3 6 7 5 1 2 3 5 6
1 5 0 1 4 5 6 5 0 4 5 6 7 5 0 1 3 4 7 5 1 2 3 6 7
1 5 0 2 3 4 5 5 0 3 4 5 7 5 0 1 2 3 7 5 2 3 5 6 7
1 5 0 2 4 5 6 5 0 4 5 6 7 5 0 1 2 4 7 5 2 3 4 6 7
4 11
1 5 0 1 2 3 4 5 0 1 2 4 5 5 1 2 5 6 7 5 1 2 5 6 7
1 5 0 1 3 4 5 5 0 1 2 3 5 5 1 2 5 6 7 5 1 2 5 6 7
1 5 0 1 2 3 4 5 0 1 2 3 4 5 1 2 4 5 6 5 2 4 5 6 7
1 5 0 1 2 3 4 5 0 1 2 3 4 5 1 2 4 6 7 5 2 4 5 6 7
1 5 0 1 2 3 4 5 0 1 3 4 5 5 1 3 5 6 7 5 2 3 5 6 7
1 5 0 1 2 4 5 5 0 1 3 4 5 5 1 3 5 6 7 5 2 3 5 6 7
1 5 0 2 3 4 5 5 0 1 2 3 5 5 2 3 5 6 7 5 2 3 5 6 7
1 5 0 2 3 4 5 5 0 1 2 4 5 5 2 4 5 6 7 5 3 4 5 6 7
1 5 0 1 2 3 4 5 1 2 3 4 5 5 2 3 5 6 7 5 2 3 5 6 7
1 5 0 1 2 4 5 5 1 2 3 4 5 5 2 3 5 6 7 5 2 3 5 6 7
1 5 0 1 3 4 5 5 1 2 3 4 5 5 3 4 5 6 7 5 3 4 5 6 7
4 22
1 5 0 1 2 3 5 5 0 2 3 4 5 5 0 1 2 5 6 5 1 2 5 6 7
1 5 0 1 2 3 6 5 0 2 3 4 5 5 0 1 2 6 7 5 1 2 5 6 7
1 5 0 1 3 4 5 5 0 2 3 4 5 5 0 1 2 5 6 5 1 2 5 6 7
1 5 0 1 3 4 6 5 0 2 3 4 5 5 0 1 2 6 7 5 1 2 5 6 7
1 5 0 1 4 5 6 5 0 2 3 4 5 5 0 1 2 6 7 5 1 2 5 6 7
1 5 0 1 3 4 6 5 0 3 4 5 6 5 0 1 3 6 7 5 1 2 3 6 7
1 5 0 1 4 5 6 5 0 3 4 5 6 5 0 1 3 6 7 5 1 2 3 6 7
1 5 0 1 2 3 4 5 0 1 2 3 4 5 1 2 4 5 6 5 1 2 4 6 7
1 5 0 1 2 3 5 5 0 1 2 3 4 5 1 2 5 6 7 5 1 2 4 5 7
1 5 0 1 3 4 5 5 0 1 2 3 4 5 1 2 5 6 7 5 1 2 4 5 7
1 5 0 1 3 4 5 5 0 1 3 4 5 5 1 2 3 5 6 5 1 2 5 6 7
1 5 0 1 3 4 6 5 0 1 3 4 5 5 1 2 3 6 7 5 1 2 5 6 7
1 5 0 1 4 5 6 5 0 1 3 4 5 5 1 2 3 6 7 5 1 2 5 6 7
1 5 0 1 3 4 5 5 0 1 3 4 5 5 1 3 5 6 7 5 1 2 3 5 7
1 5 0 1 4 5 6 5 0 1 4 5 6 5 1 3 4 6 7 5 1 2 3 6 7
1 5 0 2 3 4 5 5 0 1 3 4 5 5 1 2 3 5 6 5 2 3 5 6 7
1 5 0 2 3 4 6 5 0 1 3 4 5 5 1 2 3 6 7 5 2 3 5 6 7
1 5 0 2 4 5 6 5 0 1 3 4 5 5 1 2 3 6 7 5 2 3 5 6 7
1 5 0 2 4 5 6 5 0 1 4 5 6 5 1 2 4 6 7 5 2 3 4 6 7
1 5 0 2 3 4 5 5 0 1 2 3 4 5 2 3 5 6 7 5 2 3 4 5 7
1 5 0 2 4 5 6 5 0 1 2 4 5 5 2 3 4 6 7 5 2 3 5 6 7
1 5 0 3 4 5 6 5 0 1 2 4 5 5 2 3 4 6 7 5 3 4 5 6 7
4 86
1 5 0 1 2 3 4 5 0 2 4 5 6 5 0 1 2 6 7 5 1 2 3 4 7
1 5 0 1 3 4 5 5 0 2 3 5 6 5 0 1 2 6 7 5 1 2 3 4 7
1 5 0 1 3 4 5 5 0 2 3 5 6 5 0 1 2 6 7 5 1 2 4 5 7
1 5 0 1 4 5 6 5 0 2 3 4 6 5 0 1 2 6 7 5 1 2 4 5 7
1 5 0 1 4 5 6 5 0 2 3 4 6 5 0 1 2 6 7 5 1 2 5 6 7
1 5 0 1 3 4 5 5 0 3 5 6 7 5 0 1 2 3 7 5 1 2 3 4 7
1 5 0 1 3 4 5 5 0 3 5 6 7 5 0 1 2 3 7 5 1 2 4 5 7
1 5 0 1 4 5 6 5 0 3 4 6 7 5 0 1 2 3 7 5 1 2 4 5 7
1 5 0 1 4 5 6 5 0 3 4 6 7 5 0 1 2 3 7 5 1 2 5 6 7
1 5 0 1 5 6 7 5 0 3 4 5 7 5 0 1 2 3 7 5 1 2 5 6 7
1 5 0 1 2 3 4 5 0 2 3 4 5 5 0 1 2 5 6 5 2 3 4 6 7
1 5 0 1 2 3 5 5 0 2 3 5 6 5 0 1 2 6 7 5 2 3 4 5 7
1 5 0 1 2 4 5 5 0 2 3 4 5 5 0 1 2 5 6 5 2 4 5 6 7
1 5 0 1 2 4 6 5 0 2 3 4 6 5 0 1 2 6 7 5 2 4 5 6 7
1 5 0 1 2 3 4 5 0 3 4 5 6 5 0 1 2 3 6 5 2 3 4 6 7
1 5 0 1 2 3 5 5 0 3 5 6 7 5 0 1 2 3 7 5 2 3 4 5 7
1 5 0 1 2 4 5 5 0 3 4 5 6 5 0 1 2 3 6 5 2 4 5 6 7
1 5 0 1 2 4 6 5 0 3 4 6 7 5 0 1 2 3 7 5 2 4 5 6 7
1 5 0 1 2 4 5 5 0 3 4 5 6 5 0 1 3 6 7 5 2 3 4 5 7
1 5 0 1 2 5 6 5 0 3 4 5 6 5 0 1 3 6 7 5 2 3 5 6 7
1 5 0 1 2 4 5 5 0 4 5 6 7 5 0 1 3 4 7 5 2 3 4 5 7
1 5 0 1 2 5 6 5 0 4 5 6 7 5 0 1 3 4 7 5 2 3 5 6 7
1 5 0 2 3 4 5 5 0 3 5 6 7 5 0 1 2 3 7 5 2 3 4 5 7
1 5 0 2 4 5 6 5 0 3 4 6 7 5 0 1 2 3 7 5 2 3 4 5 7
1 5 0 2 4 5 6 5 0 3 4 6 7 5 0 1 2 3 7 5 2 3 5 6 7
1 5 0 2 5 6 7 5 0 3 4 5 7 5 0 1 2 3 7 5 2 3 5 6 7
1 5 0 2 3 4 5 5 0 3 4 5 6 5 0 1 2 3 6 5 3 4 5 6 7
1 5 0 2 3 4 6 5 0 3 4 6 7 5 0 1 2 3 7 5 3 4 5 6 7
1 5 0 2 3 5 6 5 0 4 5 6 7 5 0 1 2 4 7 5 3 4 5 6 7
1 5 0 1 2 3 4 5 0 1 2 4 5 5 1 2 5 6 7 5 1 2 3 4 7
1 5 0 1 3 4 5 5 0 1 2 3 5 5 1 2 5 6 7 5 1 2 3 4 7
1 5 0 1 3 4 5 5 0 1 2 3 5 5 1 2 5 6 7 5 1 2 4 5 7
1 5 0 1 3 4 5 5 0 1 3 5 6 5 1 2 3 6 7 5 1 2 3 4 7
1 5 0 1 3 4 5 5 0 1 3 5 6 5 1 2 3 6 7 5 1 2 4 5 7
1 5 0 1 4 5 6 5 0 1 3 4 6 5 1 2 3 6 7 5 1 2 4 5 7
1 5 0 1 4 5 6 5 0 1 3 4 6 5 1 2 3 6 7 5 1 2 5 6 7
1 5 0 1 4 5 6 5 0 1 4 6 7 5 1 2 3 4 7 5 1 2 4 5 7
1 5 0 1 4 5 6 5 0 1 4 6 7 5 1 2 3 4 7 5 1 2 5 6 7
1 5 0 1 5 6 7 5 0 1 4 5 7 5 1 2 3 4 7 5 1 2 5 6 7
1 5 0 1 2 3 4 5 0 1 2 3 4 5 1 2 4 5 6 5 2 3 4 6 7
1 5 0 1 2 3 5 5 0 1 2 3 5 5 1 2 5 6 7 5 2 3 4 5 7
1 5 0 1 2 3 4 5 0 1 3 4 5 5 1 2 3 5 6 5 2 3 4 6 7
1 5 0 1 2 3 5 5 0 1 3 5 6 5 1 2 3 6 7 5 2 3 4 5 7
1 5 0 1 2 4 5 5 0 1 3 4 5 5 1 2 3 5 6 5 2 4 5 6 7
1 5 0 1 2 4 6 5 0 1 3 4 6 5 1 2 3 6 7 5 2 4 5 6 7
1 5 0 1 2 4 5 5 0 1 4 5 6 5 1 2 3 4 6 5 2 4 5 6 7
1 5 0 1 2 4 6 5 0 1 4 6 7 5 1 2 3 4 7 5 2 4 5 6 7
1 5 0 1 2 4 5 5 0 1 3 4 5 5 1 3 5 6 7 5 2 3 4 5 7
1 5 0 1 2 4 5 5 0 1 4 5 6 5 1 3 4 6 7 5 2 3 4 5 7
1 5 0 1 2 5 6 5 0 1 4 5 6 5 1 3 4 6 7 5 2 3 5 6 7
1 5 0 1 2 5 6 5 0 1 5 6 7 5 1 3 4 5 7 5 2 3 5 6 7
1 5 0 2 3 4 5 5 0 1 3 5 6 5 1 2 3 6 7 5 2 3 4 5 7
1 5 0 2 4 5 6 5 0 1 3 4 6 5 1 2 3 6 7 5 2 3 4 5 7
1 5 0 2 4 5 6 5 0 1 3 4 6 5 1 2 3 6 7 5 2 3 5 6 7
1 5 0 2 4 5 6 5 0 1 4 6 7 5 1 2 3 4 7 5 2 3 4 5 7
1 5 0 2 4 5 6 5 0 1 4 6 7 5 1 2 3 4 7 5 2 3 5 6 7
1 5 0 2 5 6 7 5 0 1 4 5 7 5 1 2 3 4 7 5 2 3 5 6 7
1 5 0 2 3 4 5 5 0 1 3 4 5 5 1 2 3 5 6 5 3 4 5 6 7
1 5 0 2 3 4 6 5 0 1 3 4 6 5 1 2 3 6 7 5 3 4 5 6 7
1 5 0 2 3 4 5 5 0 1 4 5 6 5 1 2 3 4 6 5 3 4 5 6 7
1 5 0 2 3 4 6 5 0 1 4 6 7 5 1 2 3 4 7 5 3 4 5 6 7
1 5 0 2 3 5 6 5 0 1 4 5 6 5 1 2 4 6 7 5 3 4 5 6 7
1 5 0 2 3 5 6 5 0 1 5 6 7 5 1 2 4 5 7 5 3 4 5 6 7
1 5 0 3 4 5 6 5 0 1 4 6 7 5 1 2 3 4 7 5 3 4 5 6 7
1 5 0 3 5 6 7 5 0 1 4 5 7 5 1 2 3 4 7 5 3 4 5 6 7
1 5 0 2 3 4 5 5 0 1 2 3 5 5 2 3 5 6 7 5 2 3 4 5 7
1 5 0 2 4 5 6 5 0 1 2 4 6 5 2 3 4 6 7 5 2 3 4 5 7
1 5 0 2 4 5 6 5 0 1 2 4 6 5 2 3 4 6 7 5 2 3 5 6 7
1 5 0 2 5 6 7 5 0 1 2 5 7 5 2 3 4 5 7 5 2 3 5 6 7
1 5 0 2 3 4 5 5 0 1 2 4 5 5 2 3 4 5 6 5 3 4 5 6 7
1 5 0 2 3 4 6 5 0 1 2 4 6 5 2 3 4 6 7 5 3 4 5 6 7
1 5 0 2 3 5 6 5 0 1 2 5 6 5 2 4 5 6 7 5 3 4 5 6 7
1 5 0 3 4 5 6 5 0 1 2 4 6 5 2 3 4 6 7 5 3 4 5 6 7
1 5 0 3 5 6 7 5 0 1 2 5 7 5 2 3 4 5 7 5 3 4 5 6 7
1 5 0 1 2 4 5 5 1 3 4 5 6 5 1 2 3 6 7 5 2 3 4 5 7
1 5 0 1 2 5 6 5 1 3 4 5 6 5 1 2 3 6 7 5 2 3 5 6 7
1 5 0 1 2 4 5 5 1 4 5 6 7 5 1 2 3 4 7 5 2 3 4 5 7
1 5 0 1 2 5 6 5 1 4 5 6 7 5 1 2 3 4 7 5 2 3 5 6 7
1 5 0 1 3 5 6 5 1 4 5 6 7 5 1 2 3 4 7 5 3 4 5 6 7
1 5 0 1 2 4 5 5 1 2 3 4 5 5 2 3 5 6 7 5 2 3 4 5 7
1 5 0 1 2 4 5 5 1 2 4 5 6 5 2 3 4 6 7 5 2 3 4 5 7
1 5 0 1 2 5 6 5 1 2 4 5 6 5 2 3 4 6 7 5 2 3 5 6 7
1 5 0 1 2 5 6 5 1 2 5 6 7 5 2 3 4 5 7 5 2 3 5 6 7
1 5 0 1 3 5 6 5 1 2 4 5 6 5 2 3 4 6 7 5 3 4 5 6 7
1 5 0 1 3 5 6 5 1 2 5 6 7 5 2 3 4 5 7 5 3 4 5 6 7
1 5 0 1 3 5 6 5 1 2 3 5 6 5 3 4 5 6 7 5 3 4 5 6 7
4 59
1 5 0 1 2 3 4 5 0 2 4 5 6 5 0 1 2 6 7 5 1 2 3 4 6
1 5 0 1 3 4 5 5 0 2 3 5 6 5 0 1 2 6 7 5 1 2 3 4 6
1 5 0 1 3 4 5 5 0 2 3 5 6 5 0 1 2 6 7 5 1 2 4 5 6
1 5 0 1 4 5 6 5 0 2 3 4 6 5 0 1 2 6 7 5 1 2 4 5 6
1 5 0 1 3 4 5 5 0 3 5 6 7 5 0 1 2 3 7 5 1 2 3 4 7
1 5 0 1 3 4 5 5 0 3 5 6 7 5 0 1 2 3 7 5 1 2 4 5 7
1 5 0 1 4 5 6 5 0 3 4 6 7 5 0 1 2 3 7 5 1 2 4 5 7
1 5 0 1 4 5 6 5 0 3 4 6 7 5 0 1 2 3 7 5 1 2 5 6 7
1 5 0 1 5 6 7 5 0 3 4 5 7 5 0 1 2 3 7 5 1 2 5 6 7
1 5 0 1 2 3 4 5 0 2 3 4 5 5 0 1 2 6 7 5 2 3 4 5 6
1 5 0 1 2 3 5 5 0 2 3 5 6 5 0 1 2 6 7 5 2 3 4 5 6
1 5 0 1 2 3 4 5 0 3 4 5 6 5 0 1 2 3 7 5 2 3 4 6 7
1 5 0 1 2 3 5 5 0 3 5 6 7 5 0 1 2 3 7 5 2 3 4 5 7
1 5 0 1 2 4 5 5 0 3 4 5 6 5 0 1 2 3 7 5 2 4 5 6 7
1 5 0 1 2 4 6 5 0 3 4 6 7 5 0 1 2 3 7 5 2 4 5 6 7
1 5 0 1 2 4 5 5 0 3 4 5 6 5 0 1 3 6 7 5 2 3 4 5 6
1 5 0 1 2 4 5 5 0 4 5 6 7 5 0 1 3 4 7 5 2 3 4 5 7
1 5 0 1 2 5 6 5 0 4 5 6 7 5 0 1 3 4 7 5 2 3 5 6 7
1 5 0 2 3 4 5 5 0 3 5 6 7 5 0 1 2 3 7 5 2 3 4 5 7
1 5 0 2 4 5 6 5 0 3 4 6 7 5 0 1 2 3 7 5 2 3 4 5 7
1 5 0 2 4 5 6 5 0 3 4 6 7 5 0 1 2 3 7 5 2 3 5 6 7
1 5 0 2 5 6 7 5 0 3 4 5 7 5 0 1 2 3 7 5 2 3 5 6 7
1 5 0 2 3 4 5 5 0 3 4 5 6 5 0 1 2 3 7 5 3 4 5 6 7
1 5 0 2 3 4 6 5 0 3 4 6 7 5 0 1 2 3 7 5 3 4 5 6 7
1 5 0 2 3 5 6 5 0 4 5 6 7 5 0 1 2 4 7 5 3 4 5 6 7
1 5 0 1 2 3 4 5 0 1 2 4 5 5 1 2 5 6 7 5 1 2 3 4 5
1 5 0 1 3 4 5 5 0 1 2 3 5 5 1 2 5 6 7 5 1 2 3 4 5
1 5 0 1 3 4 5 5 0 1 3 5 6 5 1 2 3 6 7 5 1 2 3 4 6
1 5 0 1 3 4 5 5 0 1 3 5 6 5 1 2 3 6 7 5 1 2 4 5 6
1 5 0 1 4 5 6 5 0 1 3 4 6 5 1 2 3 6 7 5 1 2 4 5 6
1 5 0 1 4 5 6 5 0 1 4 6 7 5 1 2 3 4 7 5 1 2 4 5 7
1 5 0 1 4 5 6 5 0 1 4 6 7 5 1 2 3 4 7 5 1 2 5 6 7
1 5 0 1 5 6 7 5 0 1 4 5 7 5 1 2 3 4 7 5 1 2 5 6 7
1 5 0 1 2 3 4 5 0 1 3 4 5 5 1 2 3 6 7 5 2 3 4 5 6
1 5 0 1 2 3 5 5 0 1 3 5 6 5 1 2 3 6 7 5 2 3 4 5 6
1 5 0 1 2 4 5 5 0 1 4 5 6 5 1 2 3 4 7 5 2 4 5 6 7
1 5 0 1 2 4 6 5 0 1 4 6 7 5 1 2 3 4 7 5 2 4 5 6 7
1 5 0 1 2 4 5 5 0 1 4 5 6 5 1 3 4 6 7 5 2 3 4 5 6
1 5 0 1 2 5 6 5 0 1 5 6 7 5 1 3 4 5 7 5 2 3 5 6 7
1 5 0 2 3 4 5 5 0 1 3 5 6 5 1 2 3 6 7 5 2 3 4 5 6
1 5 0 2 4 5 6 5 0 1 3 4 6 5 1 2 3 6 7 5 2 3 4 5 6
1 5 0 2 4 5 6 5 0 1 4 6 7 5 1 2 3 4 7 5 2 3 4 5 7
1 5 0 2 4 5 6 5 0 1 4 6 7 5 1 2 3 4 7 5 2 3 5 6 7
1 5 0 2 5 6 7 5 0 1 4 5 7 5 1 2 3 4 7 5 2 3 5 6 7
1 5 0 2 3 4 5 5 0 1 4 5 6 5 1 2 3 4 7 5 3 4 5 6 7
1 5 0 2 3 4 6 5 0 1 4 6 7 5 1 2 3 4 7 5 3 4 5 6 7
1 5 0 2 3 5 6 5 0 1 5 6 7 5 1 2 4 5 7 5 3 4 5 6 7
1 5 0 3 4 5 6 5 0 1 4 6 7 5 1 2 3 4 7 5 3 4 5 6 7
1 5 0 3 5 6 7 5 0 1 4 5 7 5 1 2 3 4 7 5 3 4 5 6 7
1 5 0 2 4 5 6 5 0 1 2 4 6 5 2 3 4 6 7 5 2 3 4 5 6
1 5 0 2 5 6 7 5 0 1 2 5 7 5 2 3 4 5 7 5 2 3 5 6 7
1 5 0 3 5 6 7 5 0 1 2 5 7 5 2 3 4 5 7 5 3 4 5 6 7
1 5 0 1 2 4 5 5 1 3 4 5 6 5 1 2 3 6 7 5 2 3 4 5 6
1 5 0 1 2 4 5 5 1 4 5 6 7 5 1 2 3 4 7 5 2 3 4 5 7
1 5 0 1 2 5 6 5 1 4 5 6 7 5 1 2 3 4 7 5 2 3 5 6 7
1 5 0 1 3 5 6 5 1 4 5 6 7 5 1 2 3 4 7 5 3 4 5 6 7
1 5 0 1 2 4 5 5 1 2 4 5 6 5 2 3 4 6 7 5 2 3 4 5 6
1 5 0 1 2 5 6 5 1 2 5 6 7 5 2 3 4 5 7 5 2 3 5 6 7
1 5 0 1 3 5 6 5 1 2 5 6 7 5 2 3 4 5 7 5 3 4 5 6 7
4 51
1 5 0 1 5 6 7 5 0 2 3 4 5 5 0 1 2 3 7 5 1 2 3 4 7
1 5 0 1 5 6 7 5 0 2 3 4 5 5 0 1 2 4 7 5 1 2 4 5 7
1 5 0 1 2 5 6 5 0 2 3 4 5 5 0 1 2 3 6 5 2 3 4 6 7
1 5 0 1 2 6 7 5 0 2 3 5 6 5 0 1 2 3 7 5 2 3 4 5 7
1 5 0 1 2 5 6 5 0 2 3 4 5 5 0 1 2 4 6 5 2 4 5 6 7
1 5 0 1 2 6 7 5 0 2 3 4 6 5 0 1 2 4 7 5 2 4 5 6 7
1 5 0 1 2 6 7 5 0 3 4 5 6 5 0 1 3 4 7 5 2 3 4 5 7
1 5 0 1 2 6 7 5 0 3 4 5 6 5 0 1 3 5 7 5 2 3 5 6 7
1 5 0 1 2 3 6 5 0 3 4 5 6 5 0 1 3 4 6 5 3 4 5 6 7
1 5 0 1 2 3 7 5 0 3 4 6 7 5 0 1 3 4 7 5 3 4 5 6 7
1 5 0 1 2 3 7 5 0 4 5 6 7 5 0 1 4 5 7 5 3 4 5 6 7
1 5 0 1 4 5 6 5 0 1 2 3 4 5 1 2 3 6 7 5 1 2 3 4 7
1 5 0 1 4 5 6 5 0 1 2 3 4 5 1 2 3 4 6 5 1 2 4 6 7
1 5 0 1 5 6 7 5 0 1 2 3 5 5 1 2 3 4 7 5 1 2 4 5 7
1 5 0 1 5 6 7 5 0 1 3 4 5 5 1 2 3 4 7 5 1 2 4 5 7
1 5 0 1 5 6 7 5 0 1 3 4 5 5 1 3 4 5 7 5 1 2 3 5 7
1 5 0 1 2 4 5 5 0 1 2 3 4 5 1 2 3 5 6 5 2 3 4 6 7
1 5 0 1 2 5 6 5 0 1 2 3 5 5 1 2 3 6 7 5 2 3 4 5 7
1 5 0 1 2 4 5 5 0 1 2 3 4 5 1 2 3 4 5 5 2 4 5 6 7
1 5 0 1 2 5 6 5 0 1 2 3 5 5 1 2 3 4 6 5 2 4 5 6 7
1 5 0 1 2 6 7 5 0 1 2 3 6 5 1 2 3 4 7 5 2 4 5 6 7
1 5 0 1 2 5 6 5 0 1 3 4 5 5 1 2 3 4 6 5 2 4 5 6 7
1 5 0 1 2 6 7 5 0 1 3 4 6 5 1 2 3 4 7 5 2 4 5 6 7
1 5 0 1 2 5 6 5 0 1 3 4 5 5 1 3 4 6 7 5 2 3 4 5 7
1 5 0 1 2 5 6 5 0 1 3 4 5 5 1 3 4 5 6 5 2 3 5 6 7
1 5 0 1 2 6 7 5 0 1 3 4 6 5 1 3 4 5 7 5 2 3 5 6 7
1 5 0 1 2 6 7 5 0 1 4 5 6 5 1 3 4 5 7 5 2 3 5 6 7
1 5 0 1 2 6 7 5 0 1 4 5 6 5 1 4 5 6 7 5 2 3 4 6 7
1 5 0 1 2 3 5 5 0 1 3 4 5 5 1 3 4 5 6 5 3 4 5 6 7
1 5 0 1 2 3 6 5 0 1 3 4 6 5 1 3 4 6 7 5 3 4 5 6 7
1 5 0 1 2 3 6 5 0 1 4 5 6 5 1 4 5 6 7 5 3 4 5 6 7
1 5 0 2 5 6 7 5 0 1 3 4 5 5 1 2 3 4 7 5 2 3 4 5 7
1 5 0 2 3 5 6 5 0 1 3 4 5 5 1 2 3 4 6 5 3 4 5 6 7
1 5 0 2 3 6 7 5 0 1 3 4 6 5 1 2 3 4 7 5 3 4 5 6 7
1 5 0 2 3 6 7 5 0 1 4 5 6 5 1 2 4 5 7 5 3 4 5 6 7
1 5 0 1 2 6 7 5 1 3 4 5 6 5 1 2 3 4 7 5 2 3 4 5 7
1 5 0 1 2 6 7 5 1 3 4 5 6 5 1 2 3 5 7 5 2 3 5 6 7
1 5 0 1 2 3 6 5 1 3 4 5 6 5 1 2 3 4 6 5 3 4 5 6 7
1 5 0 1 2 3 7 5 1 3 4 6 7 5 1 2 3 4 7 5 3 4 5 6 7
1 5 0 1 2 3 7 5 1 4 5 6 7 5 1 2 4 5 7 5 3 4 5 6 7
1 5 0 1 2 5 6 5 1 2 3 4 5 5 2 3 4 6 7 5 2 3 4 5 7
1 5 0 1 2 5 6 5 1 2 3 4 5 5 2 3 4 5 6 5 2 3 5 6 7
1 5 0 1 2 6 7 5 1 2 3 4 6 5 2 3 4 5 7 5 2 3 5 6 7
1 5 0 1 2 6 7 5 1 2 4 5 6 5 2 3 4 5 7 5 2 3 5 6 7
1 5 0 1 2 6 7 5 1 2 4 5 6 5 2 4 5 6 7 5 2 3 4 6 7
1 5 0 1 2 3 5 5 1 2 3 4 5 5 2 3 4 5 6 5 3 4 5 6 7
1 5 0 1 2 3 6 5 1 2 3 4 6 5 2 3 4 6 7 5 3 4 5 6 7
1 5 0 1 2 3 6 5 1 2 4 5 6 5 2 4 5 6 7 5 3 4 5 6 7
1 5 0 1 3 6 7 5 1 2 4 5 6 5 2 3 4 5 7 5 3 4 5 6 7
1 5 0 1 2 3 7 5 2 4 5 6 7 5 2 3 4 5 7 5 3 4 5 6 7
1 5 0 1 2 3 6 5 2 3 4 5 6 5 3 4 5 6 7 5 3 4 5 6 7
4 15
1 5 0 1 3 4 6 5 0 3 4 5 6 5 0 1 2 3 7 5 1 2 3 6 7
1 5 0 1 4 5 6 5 0 3 4 5 6 5 0 1 2 3 7 5 1 2 3 6 7
1 5 0 1 4 5 7 5 0 4 5 6 7 5 0 1 2 3 7 5 1 2 3 4 7
1 5 0 1 5 6 7 5 0 4 5 6 7 5 0 1 2 3 7 5 1 2 3 4 7
1 5 0 1 4 5 7 5 0 4 5 6 7 5 0 1 3 4 7 5 1 2 3 4 7
1 5 0 1 5 6 7 5 0 4 5 6 7 5 0 1 3 4 7 5 1 2 3 4 7
1 5 0 1 3 4 5 5 0 1 3 4 5 5 1 2 3 6 7 5 1 2 3 5 6
1 5 0 1 4 5 6 5 0 1 4 5 6 5 1 2 3 6 7 5 1 2 3 4 6
1 5 0 1 4 5 6 5 0 1 4 5 6 5 1 2 3 4 7 5 1 2 4 6 7
1 5 0 1 5 6 7 5 0 1 5 6 7 5 1 2 3 4 7 5 1 2 4 5 7
1 5 0 1 4 5 6 5 0 1 4 5 6 5 1 3 4 6 7 5 1 2 3 4 6
1 5 0 1 5 6 7 5 0 1 5 6 7 5 1 3 4 5 7 5 1 2 3 5 7
1 5 0 2 4 5 6 5 0 1 4 5 6 5 1 2 3 4 7 5 2 3 4 6 7
1 5 0 2 5 6 7 5 0 1 5 6 7 5 1 2 3 4 7 5 2 3 4 5 7
1 5 0 2 5 6 7 5 0 1 5 6 7 5 1 2 4 5 7 5 2 3 4 5 7
4 12
1 5 0 1 3 4 5 5 0 1 3 5 6 5 1 2 3 5 6 5 1 2 3 6 7
1 5 0 1 4 5 6 5 0 1 4 6 7 5 1 2 3 6 7 5 1 2 3 4 7
1 5 0 1 4 5 6 5 0 1 4 6 7 5 1 3 4 6 7 5 1 2 3 4 7
1 5 0 1 2 3 4 5 0 1 3 4 5 5 1 2 3 4 5 5 2 3 5 6 7
1 5 0 1 2 4 5 5 0 1 4 5 6 5 1 2 3 5 6 5 2 3 4 6 7
1 5 0 1 2 5 6 5 0 1 5 6 7 5 1 2 3 6 7 5 2 3 4 5 7
1 5 0 1 2 4 5 5 0 1 4 5 6 5 1 3 4 5 6 5 2 3 4 6 7
1 5 0 1 2 5 6 5 0 1 5 6 7 5 1 3 4 6 7 5 2 3 4 5 7
1 5 0 1 2 5 6 5 0 1 5 6 7 5 1 4 5 6 7 5 2 3 4 5 7
1 5 0 1 2 4 5 5 1 2 4 5 6 5 2 3 4 5 6 5 2 3 4 6 7
1 5 0 1 2 5 6 5 1 2 5 6 7 5 2 3 4 6 7 5 2 3 4 5 7
1 5 0 1 2 5 6 5 1 2 5 6 7 5 2 4 5 6 7 5 2 3 4 5 7
4 37
1 5 0 1 3 4 5 5 0 3 5 6 7 5 0 1 2 3 6 5 1 2 3 5 6
1 5 0 1 3 4 5 5 0 3 5 6 7 5 0 1 2 3 7 5 1 2 3 6 7
1 5 0 1 4 5 6 5 0 3 4 6 7 5 0 1 2 3 7 5 1 2 3 6 7
1 5 0 1 2 3 4 5 0 3 4 6 7 5 0 1 2 3 6 5 2 3 4 5 6
1 5 0 1 2 3 4 5 0 3 4 5 7 5 0 1 2 3 7 5 2 3 5 6 7
1 5 0 1 2 4 5 5 0 3 4 5 7 5 0 1 2 3 7 5 2 3 5 6 7
1 5 0 1 2 4 5 5 0 4 5 6 7 5 0 1 2 3 6 5 2 3 4 5 6
1 5 0 1 2 4 5 5 0 4 5 6 7 5 0 1 2 3 7 5 2 3 4 6 7
1 5 0 1 2 5 6 5 0 4 5 6 7 5 0 1 2 3 7 5 2 3 4 6 7
1 5 0 1 2 4 5 5 0 4 5 6 7 5 0 1 3 4 6 5 2 3 4 5 6
1 5 0 1 2 4 5 5 0 4 5 6 7 5 0 1 3 4 7 5 2 3 4 6 7
1 5 0 1 2 5 6 5 0 4 5 6 7 5 0 1 3 4 7 5 2 3 4 6 7
1 5 0 1 3 4 5 5 0 1 3 5 7 5 1 2 3 6 7 5 1 2 3 5 6
1 5 0 1 4 5 6 5 0 1 4 6 7 5 1 2 3 6 7 5 1 2 3 4 6
1 5 0 1 4 5 6 5 0 1 4 6 7 5 1 2 3 4 7 5 1 2 4 6 7
1 5 0 1 4 5 6 5 0 1 4 6 7 5 1 3 4 6 7 5 1 2 3 4 6
1 5 0 1 2 3 4 5 0 1 3 4 7 5 1 2 3 6 7 5 2 3 4 5 6
1 5 0 1 2 4 5 5 0 1 4 5 7 5 1 2 3 6 7 5 2 3 4 5 6
1 5 0 1 2 5 6 5 0 1 5 6 7 5 1 2 3 6 7 5 2 3 4 5 6
1 5 0 1 2 4 5 5 0 1 4 5 7 5 1 2 3 4 7 5 2 4 5 6 7
1 5 0 1 2 5 6 5 0 1 5 6 7 5 1 2 3 4 7 5 2 4 5 6 7
1 5 0 1 2 4 5 5 0 1 4 5 7 5 1 3 4 6 7 5 2 3 4 5 6
1 5 0 1 2 5 6 5 0 1 5 6 7 5 1 3 4 6 7 5 2 3 4 5 6
1 5 0 1 2 5 6 5 0 1 5 6 7 5 1 3 4 5 7 5 2 3 5 6 7
1 5 0 1 2 5 6 5 0 1 5 6 7 5 1 4 5 6 7 5 2 3 4 5 6
1 5 0 2 4 5 6 5 0 1 4 6 7 5 1 2 3 4 7 5 2 3 4 6 7
1 5 0 2 3 4 5 5 0 1 4 5 7 5 1 2 3 4 7 5 3 4 5 6 7
1 5 0 2 3 5 6 5 0 1 5 6 7 5 1 2 3 4 7 5 3 4 5 6 7
1 5 0 2 3 5 6 5 0 1 5 6 7 5 1 2 4 5 7 5 3 4 5 6 7
1 5 0 1 2 4 5 5 1 4 5 6 7 5 1 2 3 4 6 5 2 3 4 5 6
1 5 0 1 2 4 5 5 1 4 5 6 7 5 1 2 3 4 7 5 2 3 4 6 7
1 5 0 1 2 5 6 5 1 4 5 6 7 5 1 2 3 4 7 5 2 3 4 6 7
1 5 0 1 2 4 5 5 1 2 4 5 7 5 2 3 4 6 7 5 2 3 4 5 6
1 5 0 1 2 5 6 5 1 2 5 6 7 5 2 3 4 6 7 5 2 3 4 5 6
1 5 0 1 2 5 6 5 1 2 5 6 7 5 2 3 4 5 7 5 2 3 5 6 7
1 5 0 1 2 5 6 5 1 2 5 6 7 5 2 4 5 6 7 5 2 3 4 5 6
1 5 0 1 3 5 6 5 1 2 5 6 7 5 2 3 4 5 7 5 3 4 5 6 7
4 13
1 5 0 1 2 3 5 5 0 1 3 4 5 5 0 1 2 5 7 5 2 3 5 6 7
1 5 0 1 2 4 6 5 0 1 4 5 6 5 0 1 2 6 7 5 2 3 4 6 7
1 5 0 2 3 4 5 5 0 1 2 3 4 5 0 1 2 4 7 5 2 3 5 6 7
1 5 0 2 3 4 5 5 0 1 2 4 5 5 0 1 2 5 7 5 2 3 5 6 7
1 5 0 2 4 5 6 5 0 1 2 4 5 5 0 1 2 5 7 5 2 3 4 6 7
1 5 0 2 4 5 6 5 0 1 2 5 6 5 0 1 2 6 7 5 2 3 4 6 7
1 5 0 2 5 6 7 5 0 1 2 5 6 5 0 1 2 6 7 5 2 3 4 5 7
1 5 0 2 3 4 5 5 0 1 2 4 5 5 0 1 3 5 7 5 3 4 5 6 7
1 5 0 2 3 5 6 5 0 1 2 5 6 5 0 1 3 6 7 5 3 4 5 6 7
1 5 0 2 3 4 5 5 0 1 2 4 5 5 1 2 3 5 7 5 3 4 5 6 7
1 5 0 2 3 5 6 5 0 1 2 5 6 5 1 2 3 6 7 5 3 4 5 6 7
1 5 0 1 3 4 5 5 1 2 3 4 5 5 1 2 3 5 7 5 3 4 5 6 7
1 5 0 1 3 5 6 5 1 2 3 5 6 5 1 2 3 6 7 5 3 4 5 6 7
4 5
1 5 0 1 2 3 4 5 0 1 4 5 6 5 0 1 2 6 7 5 2 3 4 5 6
1 5 0 1 2 3 4 5 0 1 4 5 6 5 0 1 2 3 7 5 3 4 5 6 7
1 5 0 1 2 3 4 5 0 1 4 6 7 5 0 1 2 3 7 5 3 4 5 6 7
1 5 0 1 2 4 5 5 0 1 5 6 7 5 0 1 2 3 7 5 3 4 5 6 7
1 5 0 2 3 4 5 5 0 2 5 6 7 5 0 1 2 3 7 5 3 4 5 6 7
4 33
1 5 0 1 2 4 7 5 0 1 2 3 4 5 0 1 2 4 5 5 2 4 5 6 7
1 5 0 1 2 4 7 5 0 1 2 3 4 5 0 1 2 5 6 5 2 4 5 6 7
1 5 0 1 2 4 7 5 0 1 2 3 4 5 0 1 2 6 7 5 2 4 5 6 7
1 5 0 1 2 5 7 5 0 1 3 4 5 5 0 1 2 5 6 5 2 3 5 6 7
1 5 0 1 2 5 7 5 0 1 3 4 5 5 0 1 2 6 7 5 2 3 5 6 7
1 5 0 1 2 6 7 5 0 1 4 5 6 5 0 1 2 6 7 5 2 3 4 6 7
1 5 0 2 4 6 7 5 0 1 2 3 4 5 0 1 2 4 5 5 2 3 4 5 6
1 5 0 2 4 6 7 5 0 1 2 3 4 5 0 1 2 5 6 5 2 3 4 5 6
1 5 0 2 4 5 7 5 0 1 2 3 4 5 0 1 2 5 6 5 2 3 5 6 7
1 5 0 2 4 5 7 5 0 1 2 3 4 5 0 1 2 6 7 5 2 3 5 6 7
1 5 0 2 5 6 7 5 0 1 2 4 5 5 0 1 2 5 6 5 2 3 4 5 6
1 5 0 2 5 6 7 5 0 1 2 4 5 5 0 1 2 6 7 5 2 3 4 6 7
1 5 0 2 3 4 7 5 0 1 2 3 4 5 0 1 3 4 5 5 3 4 5 6 7
1 5 0 2 3 4 7 5 0 1 2 3 4 5 0 1 3 5 6 5 3 4 5 6 7
1 5 0 2 3 4 7 5 0 1 2 3 4 5 0 1 3 6 7 5 3 4 5 6 7
1 5 0 2 3 5 7 5 0 1 2 4 5 5 0 1 3 5 6 5 3 4 5 6 7
1 5 0 2 3 5 7 5 0 1 2 4 5 5 0 1 3 6 7 5 3 4 5 6 7
1 5 0 2 3 6 7 5 0 1 2 5 6 5 0 1 3 6 7 5 3 4 5 6 7
1 5 0 3 4 5 7 5 0 1 2 3 4 5 0 1 3 5 6 5 3 4 5 6 7
1 5 0 3 4 5 7 5 0 1 2 3 4 5 0 1 3 6 7 5 3 4 5 6 7
1 5 0 3 5 6 7 5 0 1 2 3 5 5 0 1 3 6 7 5 3 4 5 6 7
1 5 0 2 3 4 7 5 0 1 2 3 4 5 1 2 3 4 5 5 3 4 5 6 7
1 5 0 2 3 4 7 5 0 1 2 3 4 5 1 2 3 5 6 5 3 4 5 6 7
1 5 0 2 3 4 7 5 0 1 2 3 4 5 1 2 3 6 7 5 3 4 5 6 7
1 5 0 2 3 5 7 5 0 1 2 4 5 5 1 2 3 5 6 5 3 4 5 6 7
1 5 0 2 3 5 7 5 0 1 2 4 5 5 1 2 3 6 7 5 3 4 5 6 7
1 5 0 2 3 6 7 5 0 1 2 5 6 5 1 2 3 6 7 5 3 4 5 6 7
1 5 0 3 4 5 7 5 0 1 2 3 4 5 1 2 3 5 6 5 3 4 5 6 7
1 5 0 3 4 5 7 5 0 1 2 3 4 5 1 2 3 6 7 5 3 4 5 6 7
1 5 0 3 5 6 7 5 0 1 2 3 5 5 1 2 3 6 7 5 3 4 5 6 7
1 5 0 1 3 5 7 5 1 2 3 4 5 5 1 2 3 5 6 5 3 4 5 6 7
1 5 0 1 3 5 7 5 1 2 3 4 5 5 1 2 3 6 7 5 3 4 5 6 7
1 5 0 1 3 6 7 5 1 2 3 5 6 5 1 2 3 6 7 5 3 4 5 6 7
4 12
1 5 0 1 2 3 4 5 0 1 4 6 7 5 0 1 2 3 4 5 2 3 4 5 6
1 5 0 1 2 3 4 5 0 1 4 5 7 5 0 1 2 3 4 5 2 3 5 6 7
1 5 0 1 2 4 5 5 0 1 5 6 7 5 0 1 2 4 5 5 2 3 4 5 6
1 5 0 1 2 4 5 5 0 1 5 6 7 5 0 1 2 4 5 5 2 3 4 6 7
1 5 0 2 3 4 5 5 0 1 2 5 7 5 0 1 2 3 5 5 2 3 5 6 7
1 5 0 2 4 5 6 5 0 1 2 6 7 5 0 1 2 4 6 5 2 3 4 6 7
1 5 0 2 3 4 5 5 0 1 2 5 7 5 0 1 3 4 5 5 3 4 5 6 7
1 5 0 2 3 5 6 5 0 1 2 6 7 5 0 1 3 5 6 5 3 4 5 6 7
1 5 0 2 3 4 5 5 0 1 2 5 7 5 1 2 3 4 5 5 3 4 5 6 7
1 5 0 2 3 5 6 5 0 1 2 6 7 5 1 2 3 5 6 5 3 4 5 6 7
1 5 0 1 3 4 5 5 1 2 3 5 7 5 1 2 3 4 5 5 3 4 5 6 7
1 5 0 1 3 5 6 5 1 2 3 6 7 5 1 2 3 5 6 5 3 4 5 6 7
4 24
1 5 0 1 2 3 4 5 0 1 2 3 6 5 0 1 4 5 6 5 1 2 4 6 7
1 5 0 1 2 3 4 5 0 1 2 3 7 5 0 1 5 6 7 5 1 2 4 5 7
1 5 0 1 2 3 4 5 0 1 3 4 6 5 0 1 4 5 6 5 1 2 4 6 7
1 5 0 1 2 3 4 5 0 1 3 4 7 5 0 1 5 6 7 5 1 2 4 5 7
1 5 0 1 3 4 5 5 0 1 3 4 7 5 0 1 5 6 7 5 1 2 3 5 7
1 5 0 1 3 4 5 5 0 1 4 5 7 5 0 1 5 6 7 5 1 2 3 5 7
1 5 0 1 2 3 4 5 0 1 3 4 6 5 0 1 4 5 6 5 2 3 4 6 7
1 5 0 1 2 3 4 5 0 1 3 4 7 5 0 1 5 6 7 5 2 3 4 5 7
1 5 0 1 2 4 5 5 0 1 4 5 7 5 0 1 5 6 7 5 2 3 4 5 7
1 5 0 2 3 4 5 5 0 2 3 4 6 5 0 1 2 5 6 5 2 3 5 6 7
1 5 0 2 3 4 5 5 0 2 3 4 7 5 0 1 2 6 7 5 2 3 5 6 7
1 5 0 2 3 4 5 5 0 2 4 5 6 5 0 1 2 5 6 5 2 3 5 6 7
1 5 0 2 3 4 5 5 0 2 4 5 7 5 0 1 2 6 7 5 2 3 5 6 7
1 5 0 2 4 5 6 5 0 2 4 5 7 5 0 1 2 6 7 5 2 3 4 6 7
1 5 0 2 4 5 6 5 0 2 5 6 7 5 0 1 2 6 7 5 2 3 4 6 7
1 5 0 2 3 4 5 5 0 2 4 5 6 5 0 1 2 5 6 5 3 4 5 6 7
1 5 0 2 3 4 5 5 0 2 4 5 7 5 0 1 2 6 7 5 3 4 5 6 7
1 5 0 2 3 5 6 5 0 2 5 6 7 5 0 1 2 6 7 5 3 4 5 6 7
1 5 0 1 2 3 4 5 1 2 3 4 6 5 1 2 4 5 6 5 2 3 4 6 7
1 5 0 1 2 3 4 5 1 2 3 4 7 5 1 2 5 6 7 5 2 3 4 5 7
1 5 0 1 2 4 5 5 1 2 4 5 7 5 1 2 5 6 7 5 2 3 4 5 7
1 5 0 1 3 4 5 5 1 3 4 5 6 5 1 2 3 5 6 5 3 4 5 6 7
1 5 0 1 3 4 5 5 1 3 4 5 7 5 1 2 3 6 7 5 3 4 5 6 7
1 5 0 1 3 5 6 5 1 3 5 6 7 5 1 2 3 6 7 5 3 4 5 6 7
4 12
1 5 0 1 2 3 4 5 0 1 2 3 4 5 0 1 4 5 6 5 1 2 4 6 7
1 5 0 1 2 3 5 5 0 1 2 3 4 5 0 1 5 6 7 5 1 2 4 5 7
1 5 0 1 3 4 5 5 0 1 2 3 4 5 0 1 5 6 7 5 1 2 4 5 7
1 5 0 1 3 4 5 5 0 1 3 4 5 5 0 1 5 6 7 5 1 2 3 5 7
1 5 0 2 3 4 5 5 0 1 2 3 4 5 0 1 5 6 7 5 2 3 4 5 7
1 5 0 2 3 4 5 5 0 2 3 4 5 5 0 1 2 5 6 5 2 3 5 6 7
1 5 0 2 3 4 6 5 0 2 3 4 5 5 0 1 2 6 7 5 2 3 5 6 7
1 5 0 2 4 5 6 5 0 2 3 4 5 5 0 1 2 6 7 5 2 3 5 6 7
1 5 0 2 4 5 6 5 0 2 4 5 6 5 0 1 2 6 7 5 2 3 4 6 7
1 5 0 3 4 5 6 5 0 2 3 4 5 5 0 1 2 6 7 5 3 4 5 6 7
1 5 0 2 3 4 5 5 0 1 2 3 4 5 1 2 5 6 7 5 2 3 4 5 7
1 5 0 3 4 5 6 5 0 1 3 4 5 5 1 2 3 6 7 5 3 4 5 6 7
4 7
1 5 0 1 5 6 7 5 0 1 4 5 7 5 0 1 2 3 4 5 1 2 3 4 5
1 5 0 1 2 6 7 5 0 1 4 5 7 5 0 1 2 3 4 5 2 3 4 5 6
1 5 0 1 2 6 7 5 0 1 5 6 7 5 0 1 2 3 5 5 2 3 4 5 6
1 5 0 1 2 6 7 5 0 1 5 6 7 5 0 1 3 4 5 5 2 3 4 5 6
1 5 0 1 2 3 7 5 0 1 5 6 7 5 0 1 3 4 5 5 3 4 5 6 7
1 5 0 1 2 6 7 5 1 2 5 6 7 5 1 2 3 4 5 5 2 3 4 5 6
1 5 0 1 2 3 7 5 1 2 5 6 7 5 1 2 3 4 5 5 3 4 5 6 7
4 15
1 5 0 2 3 4 5 5 0 1 2 5 6 5 0 1 2 3 7 5 2 3 4 6 7
1 5 0 2 3 5 6 5 0 1 2 6 7 5 0 1 2 3 7 5 2 3 4 5 7
1 5 0 2 3 4 5 5 0 1 2 5 6 5 0 1 2 4 7 5 2 4 5 6 7
1 5 0 2 3 4 6 5 0 1 2 6 7 5 0 1 2 4 7 5 2 4 5 6 7
1 5 0 3 4 5 6 5 0 1 2 6 7 5 0 1 2 4 7 5 2 3 4 5 7
1 5 0 3 4 5 6 5 0 1 2 6 7 5 0 1 2 5 7 5 2 3 5 6 7
1 5 0 3 4 5 6 5 0 1 2 3 6 5 0 1 3 4 7 5 3 4 5 6 7
1 5 0 3 4 6 7 5 0 1 2 3 7 5 0 1 3 4 7 5 3 4 5 6 7
1 5 0 4 5 6 7 5 0 1 2 3 7 5 0 1 3 5 7 5 3 4 5 6 7
1 5 0 3 4 5 6 5 0 1 2 3 6 5 1 2 3 4 7 5 3 4 5 6 7
1 5 0 3 4 6 7 5 0 1 2 3 7 5 1 2 3 4 7 5 3 4 5 6 7
1 5 0 4 5 6 7 5 0 1 2 3 7 5 1 2 3 5 7 5 3 4 5 6 7
1 5 0 1 3 4 5 5 1 2 3 5 6 5 1 2 3 4 7 5 3 4 5 6 7
1 5 0 1 3 4 6 5 1 2 3 6 7 5 1 2 3 4 7 5 3 4 5 6 7
1 5 0 1 4 5 6 5 1 2 3 6 7 5 1 2 3 5 7 5 3 4 5 6 7
4 3
1 5 0 4 5 6 7 5 0 1 2 4 7 5 0 1 2 3 4 5 2 3 4 5 6
1 5 0 4 5 6 7 5 0 1 2 4 7 5 0 1 2 3 4 5 2 3 4 6 7
1 5 0 1 5 6 7 5 1 2 3 5 7 5 1 2 3 4 5 5 3 4 5 6 7
4 38
1 5 0 1 2 3 7 5 0 1 2 3 7 5 0 1 2 3 4 5 1 4 5 6 7
1 5 0 1 2 4 7 5 0 1 3 4 7 5 0 1 2 3 4 5 1 4 5 6 7
1 5 0 2 3 6 7 5 0 1 2 3 7 5 0 1 2 3 4 5 1 2 4 5 6
1 5 0 2 3 4 7 5 0 1 2 3 7 5 0 1 2 4 5 5 1 2 5 6 7
1 5 0 2 3 4 6 5 0 1 3 6 7 5 0 1 2 3 4 5 1 2 4 5 6
1 5 0 2 4 6 7 5 0 1 3 4 7 5 0 1 2 3 4 5 1 2 4 5 6
1 5 0 2 4 5 7 5 0 1 3 4 7 5 0 1 2 3 5 5 1 2 5 6 7
1 5 0 2 3 4 7 5 0 1 3 4 7 5 0 1 3 4 5 5 1 2 5 6 7
1 5 0 2 3 5 7 5 0 1 4 5 7 5 0 1 3 4 5 5 1 2 5 6 7
1 5 0 3 4 6 7 5 0 1 3 4 7 5 0 1 3 4 5 5 1 2 3 5 6
1 5 0 3 4 5 7 5 0 1 3 4 7 5 0 1 3 5 6 5 1 2 3 6 7
1 5 0 3 4 5 6 5 0 1 4 6 7 5 0 1 3 4 5 5 1 2 3 5 6
1 5 0 3 5 6 7 5 0 1 4 5 7 5 0 1 3 4 5 5 1 2 3 5 6
1 5 0 3 5 6 7 5 0 1 4 5 7 5 0 1 3 4 6 5 1 2 3 6 7
1 5 0 3 4 5 7 5 0 1 4 5 7 5 0 1 4 5 6 5 1 2 3 6 7
1 5 0 3 4 6 7 5 0 1 5 6 7 5 0 1 4 5 6 5 1 2 3 6 7
1 5 0 4 5 6 7 5 0 1 4 5 7 5 0 1 4 5 6 5 1 2 3 4 6
1 5 0 4 5 6 7 5 0 1 4 5 7 5 0 1 4 6 7 5 1 2 3 4 7
1 5 0 4 5 6 7 5 0 1 5 6 7 5 0 1 5 6 7 5 1 2 3 4 7
1 5 0 2 3 4 7 5 0 1 2 3 7 5 0 1 2 3 4 5 2 4 5 6 7
1 5 0 3 4 5 7 5 0 1 2 4 7 5 0 1 3 4 5 5 2 3 5 6 7
1 5 0 4 5 6 7 5 0 1 2 5 7 5 0 1 4 5 6 5 2 3 4 6 7
1 5 0 2 3 4 7 5 0 2 3 4 7 5 0 1 2 3 4 5 2 4 5 6 7
1 5 0 3 4 6 7 5 0 2 3 4 7 5 0 1 2 3 4 5 2 3 4 5 6
1 5 0 3 4 5 7 5 0 2 3 4 7 5 0 1 2 3 5 5 2 3 5 6 7
1 5 0 3 4 5 7 5 0 2 4 5 7 5 0 1 2 4 5 5 2 3 5 6 7
1 5 0 4 5 6 7 5 0 2 4 5 7 5 0 1 2 4 5 5 2 3 4 5 6
1 5 0 4 5 6 7 5 0 2 4 5 7 5 0 1 2 4 6 5 2 3 4 6 7
1 5 0 4 5 6 7 5 0 2 5 6 7 5 0 1 2 5 6 5 2 3 4 6 7
1 5 0 3 4 5 7 5 0 1 2 4 7 5 1 2 3 4 5 5 2 3 5 6 7
1 5 0 4 5 6 7 5 0 1 2 5 7 5 1 2 4 5 6 5 2 3 4 6 7
1 5 0 1 3 4 7 5 1 2 3 4 7 5 1 2 3 4 5 5 2 3 5 6 7
1 5 0 1 3 5 7 5 1 2 4 5 7 5 1 2 3 4 5 5 2 3 5 6 7
1 5 0 1 4 5 7 5 1 2 4 5 7 5 1 2 4 5 6 5 2 3 4 6 7
1 5 0 1 4 6 7 5 1 2 5 6 7 5 1 2 4 5 6 5 2 3 4 6 7
1 5 0 1 5 6 7 5 1 2 5 6 7 5 1 2 5 6 7 5 2 3 4 5 7
1 5 0 1 4 5 7 5 1 3 4 5 7 5 1 2 3 4 5 5 3 4 5 6 7
1 5 0 1 5 6 7 5 1 3 5 6 7 5 1 2 3 5 6 5 3 4 5 6 7
4 23
1 5 0 1 2 4 5 5 0 1 4 5 6 5 0 1 2 3 4 5 1 4 5 6 7
1 5 0 1 2 4 6 5 0 1 4 6 7 5 0 1 2 3 4 5 1 4 5 6 7
1 5 0 2 4 5 6 5 0 1 4 6 7 5 0 1 2 3 4 5 1 2 4 5 7
1 5 0 2 4 5 6 5 0 1 4 6 7 5 0 1 2 3 4 5 1 2 5 6 7
1 5 0 2 5 6 7 5 0 1 4 5 7 5 0 1 2 3 4 5 1 2 5 6 7
1 5 0 2 3 5 6 5 0 1 5 6 7 5 0 1 3 4 5 5 1 2 5 6 7
1 5 0 2 4 5 6 5 0 1 2 4 6 5 0 1 2 3 4 5 2 4 5 6 7
1 5 0 2 4 6 7 5 0 1 2 4 7 5 0 1 2 3 4 5 2 4 5 6 7
1 5 0 3 5 6 7 5 0 1 2 5 7 5 0 1 3 4 5 5 2 3 5 6 7
1 5 0 2 3 4 5 5 0 2 4 5 6 5 0 1 2 3 4 5 2 4 5 6 7
1 5 0 2 3 4 6 5 0 2 4 6 7 5 0 1 2 3 4 5 2 4 5 6 7
1 5 0 3 4 5 6 5 0 2 4 6 7 5 0 1 2 3 4 5 2 3 4 5 7
1 5 0 3 4 5 6 5 0 2 4 6 7 5 0 1 2 3 4 5 2 3 5 6 7
1 5 0 3 5 6 7 5 0 2 4 5 7 5 0 1 2 3 4 5 2 3 5 6 7
1 5 0 3 4 5 6 5 0 2 5 6 7 5 0 1 2 4 5 5 2 3 5 6 7
1 5 0 3 4 5 6 5 0 2 3 4 6 5 0 1 2 3 4 5 3 4 5 6 7
1 5 0 3 4 6 7 5 0 2 3 4 7 5 0 1 2 3 4 5 3 4 5 6 7
1 5 0 4 5 6 7 5 0 2 3 5 7 5 0 1 2 4 5 5 3 4 5 6 7
1 5 0 4 5 6 7 5 0 3 4 5 7 5 0 1 2 3 4 5 3 4 5 6 7
1 5 0 3 5 6 7 5 0 1 2 5 7 5 1 2 3 4 5 5 2 3 5 6 7
1 5 0 4 5 6 7 5 0 1 3 5 7 5 1 2 3 4 5 5 3 4 5 6 7
1 5 0 1 3 5 6 5 1 2 5 6 7 5 1 2 3 4 5 5 2 3 5 6 7
1 5 0 1 4 5 6 5 1 3 5 6 7 5 1 2 3 4 5 5 3 4 5 6 7
4 15
1 5 0 1 2 5 6 5 0 1 2 3 4 5 0 1 2 4 5 5 1 4 5 6 7
1 5 0 1 2 6 7 5 0 1 2 3 4 5 0 1 2 4 6 5 1 4 5 6 7
1 5 0 2 5 6 7 5 0 1 2 3 4 5 0 1 2 4 5 5 1 2 4 5 7
1 5 0 2 3 6 7 5 0 1 3 4 5 5 0 1 3 5 6 5 1 2 5 6 7
1 5 0 2 3 5 6 5 0 1 2 3 4 5 0 1 3 4 5 5 2 4 5 6 7
1 5 0 2 3 6 7 5 0 1 2 3 4 5 0 1 3 4 6 5 2 4 5 6 7
1 5 0 3 5 6 7 5 0 1 2 3 4 5 0 1 3 4 5 5 2 3 4 5 7
1 5 0 3 4 6 7 5 0 1 2 4 5 5 0 1 4 5 6 5 2 3 5 6 7
1 5 0 2 3 5 6 5 0 1 2 3 4 5 1 2 3 4 5 5 2 4 5 6 7
1 5 0 2 3 6 7 5 0 1 2 3 4 5 1 2 3 4 6 5 2 4 5 6 7
1 5 0 3 5 6 7 5 0 1 2 3 4 5 1 2 3 4 5 5 2 3 4 5 7
1 5 0 3 4 6 7 5 0 1 2 4 5 5 1 2 4 5 6 5 2 3 5 6 7
1 5 0 1 3 6 7 5 1 2 3 4 5 5 1 2 3 5 6 5 2 3 5 6 7
1 5 0 1 4 6 7 5 1 2 3 4 5 5 1 2 4 5 6 5 3 4 5 6 7
1 5 0 1 4 6 7 5 1 2 3 4 5 5 2 3 4 5 6 5 3 4 5 6 7
4 32
1 5 0 1 2 5 6 5 0 1 4 6 7 5 0 1 2 3 4 5 1 2 3 4 5
1 5 0 1 2 6 7 5 0 1 4 5 7 5 0 1 2 3 4 5 1 2 3 5 6
1 5 0 1 2 5 6 5 0 1 5 6 7 5 0 1 2 4 5 5 1 2 3 4 5
1 5 0 1 2 6 7 5 0 1 5 6 7 5 0 1 2 4 5 5 1 2 3 4 6
1 5 0 1 2 6 7 5 0 1 4 5 7 5 0 1 2 3 4 5 1 3 4 5 6
1 5 0 1 2 6 7 5 0 1 5 6 7 5 0 1 2 3 5 5 1 3 4 5 6
1 5 0 1 2 3 6 5 0 1 5 6 7 5 0 1 3 4 5 5 1 3 4 5 6
1 5 0 1 2 3 7 5 0 1 5 6 7 5 0 1 3 4 5 5 1 3 4 6 7
1 5 0 1 2 3 7 5 0 1 5 6 7 5 0 1 3 4 5 5 1 4 5 6 7
1 5 0 2 5 6 7 5 0 1 4 5 7 5 0 1 2 3 4 5 1 2 3 4 5
1 5 0 2 3 5 6 5 0 1 5 6 7 5 0 1 3 4 5 5 1 2 3 4 5
1 5 0 2 3 6 7 5 0 1 5 6 7 5 0 1 3 4 5 5 1 2 3 4 6
1 5 0 2 3 6 7 5 0 1 5 6 7 5 0 1 3 4 5 5 1 2 4 5 6
1 5 0 2 3 6 7 5 0 1 2 5 7 5 0 1 3 4 5 5 2 3 4 5 6
1 5 0 2 3 6 7 5 0 1 2 6 7 5 0 1 3 5 6 5 2 3 4 5 6
1 5 0 2 3 4 7 5 0 1 2 6 7 5 0 1 4 5 6 5 2 4 5 6 7
1 5 0 3 4 6 7 5 0 1 2 6 7 5 0 1 4 5 6 5 2 3 4 5 6
1 5 0 2 3 6 7 5 0 2 4 5 7 5 0 1 2 3 4 5 2 3 4 5 6
1 5 0 2 3 6 7 5 0 2 5 6 7 5 0 1 2 3 5 5 2 3 4 5 6
1 5 0 2 3 4 7 5 0 2 5 6 7 5 0 1 2 4 5 5 2 4 5 6 7
1 5 0 3 4 6 7 5 0 2 5 6 7 5 0 1 2 4 5 5 2 3 4 5 6
1 5 0 2 3 6 7 5 0 1 2 5 7 5 1 2 3 4 5 5 2 3 4 5 6
1 5 0 2 3 6 7 5 0 1 2 6 7 5 1 2 3 5 6 5 2 3 4 5 6
1 5 0 2 3 4 7 5 0 1 2 6 7 5 1 2 4 5 6 5 2 4 5 6 7
1 5 0 3 4 6 7 5 0 1 2 6 7 5 1 2 4 5 6 5 2 3 4 5 6
1 5 0 1 2 3 6 5 1 2 5 6 7 5 1 2 3 4 5 5 2 3 4 5 6
1 5 0 1 2 3 7 5 1 2 5 6 7 5 1 2 3 4 5 5 2 3 4 6 7
1 5 0 1 2 3 7 5 1 2 5 6 7 5 1 2 3 4 5 5 2 4 5 6 7
1 5 0 1 3 6 7 5 1 2 5 6 7 5 1 2 3 4 5 5 2 3 4 5 6
1 5 0 1 3 4 7 5 1 2 3 6 7 5 1 2 4 5 6 5 3 4 5 6 7
1 5 0 1 3 4 7 5 1 3 5 6 7 5 1 2 3 4 5 5 3 4 5 6 7
1 5 0 1 3 4 7 5 1 2 3 6 7 5 2 3 4 5 6 5 3 4 5 6 7
4 40
1 5 0 1 2 4 5 5 0 1 4 5 6 5 0 1 2 3 4 5 1 2 4 6 7
1 5 0 1 2 5 6 5 0 1 4 6 7 5 0 1 2 3 4 5 1 2 4 5 7
1 5 0 1 2 5 6 5 0 1 4 5 6 5 0 1 2 3 4 5 1 2 5 6 7
1 5 0 1 2 6 7 5 0 1 4 5 7 5 0 1 2 3 4 5 1 2 5 6 7
1 5 0 1 2 5 6 5 0 1 5 6 7 5 0 1 3 4 5 5 1 2 3 5 7
1 5 0 1 2 6 7 5 0 1 5 6 7 5 0 1 3 4 5 5 1 2 3 6 7
1 5 0 1 2 3 6 5 0 1 5 6 7 5 0 1 3 4 5 5 1 3 5 6 7
1 5 0 2 3 5 6 5 0 1 5 6 7 5 0 1 3 4 5 5 1 2 3 5 7
1 5 0 2 3 6 7 5 0 1 5 6 7 5 0 1 3 4 5 5 1 2 3 6 7
1 5 0 2 3 5 6 5 0 1 2 5 6 5 0 1 3 4 5 5 2 3 5 6 7
1 5 0 2 3 6 7 5 0 1 2 5 7 5 0 1 3 4 5 5 2 3 5 6 7
1 5 0 2 3 6 7 5 0 1 2 6 7 5 0 1 4 5 6 5 2 3 4 6 7
1 5 0 3 4 6 7 5 0 1 2 6 7 5 0 1 4 5 6 5 2 3 4 6 7
1 5 0 2 3 4 5 5 0 2 4 5 6 5 0 1 2 3 4 5 2 3 4 6 7
1 5 0 2 3 5 6 5 0 2 4 6 7 5 0 1 2 3 4 5 2 3 4 5 7
1 5 0 2 3 5 6 5 0 2 4 5 6 5 0 1 2 3 4 5 2 3 5 6 7
1 5 0 2 3 6 7 5 0 2 4 5 7 5 0 1 2 3 4 5 2 3 5 6 7
1 5 0 2 3 5 6 5 0 2 5 6 7 5 0 1 2 4 5 5 2 3 4 5 7
1 5 0 2 3 6 7 5 0 2 5 6 7 5 0 1 2 4 5 5 2 3 4 6 7
1 5 0 2 3 4 6 5 0 2 5 6 7 5 0 1 2 4 5 5 2 4 5 6 7
1 5 0 3 4 5 6 5 0 2 5 6 7 5 0 1 2 4 5 5 2 3 4 5 7
1 5 0 3 4 6 7 5 0 2 5 6 7 5 0 1 2 4 5 5 2 3 4 6 7
1 5 0 3 4 5 6 5 0 2 3 5 6 5 0 1 2 4 5 5 3 4 5 6 7
1 5 0 3 4 6 7 5 0 2 3 5 7 5 0 1 2 4 5 5 3 4 5 6 7
1 5 0 3 4 6 7 5 0 2 3 6 7 5 0 1 2 5 6 5 3 4 5 6 7
1 5 0 4 5 6 7 5 0 2 3 6 7 5 0 1 2 5 6 5 3 4 5 6 7
1 5 0 3 4 5 6 5 0 3 4 5 6 5 0 1 2 3 4 5 3 4 5 6 7
1 5 0 3 4 6 7 5 0 3 4 5 7 5 0 1 2 3 4 5 3 4 5 6 7
1 5 0 3 4 6 7 5 0 3 5 6 7 5 0 1 2 3 5 5 3 4 5 6 7
1 5 0 4 5 6 7 5 0 3 5 6 7 5 0 1 2 3 5 5 3 4 5 6 7
1 5 0 2 3 5 6 5 0 1 2 5 6 5 1 2 3 4 5 5 2 3 5 6 7
1 5 0 2 3 6 7 5 0 1 2 5 7 5 1 2 3 4 5 5 2 3 5 6 7
1 5 0 2 3 6 7 5 0 1 2 6 7 5 1 2 4 5 6 5 2 3 4 6 7
1 5 0 3 4 6 7 5 0 1 2 6 7 5 1 2 4 5 6 5 2 3 4 6 7
1 5 0 3 4 5 6 5 0 1 3 5 6 5 1 2 3 4 5 5 3 4 5 6 7
1 5 0 3 4 6 7 5 0 1 3 5 7 5 1 2 3 4 5 5 3 4 5 6 7
1 5 0 3 4 6 7 5 0 1 3 6 7 5 1 2 3 5 6 5 3 4 5 6 7
1 5 0 4 5 6 7 5 0 1 3 6 7 5 1 2 3 5 6 5 3 4 5 6 7
1 5 0 1 2 3 6 5 1 2 5 6 7 5 1 2 3 4 5 5 2 3 5 6 7
1 5 0 1 3 4 6 5 1 3 5 6 7 5 1 2 3 4 5 5 3 4 5 6 7
4 7
1 5 0 2 3 4 5 5 0 1 2 3 5 5 0 1 5 6 7 5 1 2 3 4 7
1 5 0 2 3 4 5 5 0 1 2 4 5 5 0 1 5 6 7 5 1 2 4 5 7
1 5 0 3 4 5 6 5 0 2 3 4 6 5 0 1 2 6 7 5 2 3 4 5 7
1 5 0 3 4 5 6 5 0 2 3 5 6 5 0 1 2 6 7 5 2 3 5 6 7
1 5 0 4 5 6 7 5 0 3 4 5 7 5 0 1 2 3 7 5 3 4 5 6 7
1 5 0 1 3 4 5 5 1 2 3 4 5 5 1 2 5 6 7 5 2 3 4 5 7
1 5 0 1 4 5 6 5 1 3 4 5 6 5 1 2 3 6 7 5 3 4 5 6 7
4 9
1 5 0 2 3 4 5 5 0 1 2 5 6 5 0 1 5 6 7 5 1 2 3 4 7
1 5 0 2 3 4 5 5 0 1 2 6 7 5 0 1 5 6 7 5 1 2 3 4 7
1 5 0 2 3 4 5 5 0 1 2 5 6 5 0 1 5 6 7 5 1 2 4 5 7
1 5 0 2 3 4 5 5 0 1 2 6 7 5 0 1 5 6 7 5 1 2 4 5 7
1 5 0 3 4 5 6 5 0 2 3 6 7 5 0 1 2 6 7 5 2 3 4 5 7
1 5 0 3 4 5 6 5 0 2 3 6 7 5 0 1 2 6 7 5 2 3 5 6 7
1 5 0 1 3 4 5 5 1 2 3 5 6 5 1 2 5 6 7 5 2 3 4 5 7
1 5 0 1 3 4 5 5 1 2 3 6 7 5 1 2 5 6 7 5 2 3 4 5 7
1 5 0 1 4 5 6 5 1 3 4 6 7 5 1 2 3 6 7 5 3 4 5 6 7
4 30
1 5 0 2 3 4 5 5 0 1 2 5 6 5 0 1 2 3 4 5 1 2 4 6 7
1 5 0 2 3 5 6 5 0 1 2 6 7 5 0 1 2 3 4 5 1 2 4 5 7
1 5 0 2 3 4 5 5 0 1 2 5 6 5 0 1 2 4 5 5 1 2 5 6 7
1 5 0 2 3 4 6 5 0 1 2 6 7 5 0 1 2 4 5 5 1 2 5 6 7
1 5 0 3 4 5 6 5 0 1 2 6 7 5 0 1 2 3 4 5 1 2 4 5 7
1 5 0 3 4 5 6 5 0 1 2 6 7 5 0 1 2 3 5 5 1 2 5 6 7
1 5 0 3 4 5 6 5 0 1 2 3 6 5 0 1 3 4 5 5 1 2 5 6 7
1 5 0 3 4 6 7 5 0 1 2 3 7 5 0 1 3 4 5 5 1 2 5 6 7
1 5 0 4 5 6 7 5 0 1 2 3 7 5 0 1 3 4 5 5 1 2 5 6 7
1 5 0 3 4 5 6 5 0 1 3 6 7 5 0 1 3 4 5 5 1 2 3 5 7
1 5 0 3 4 5 6 5 0 1 3 6 7 5 0 1 3 5 6 5 1 2 3 6 7
1 5 0 4 5 6 7 5 0 1 3 4 7 5 0 1 4 5 6 5 1 2 3 6 7
1 5 0 3 4 5 6 5 0 1 2 3 6 5 0 1 3 4 5 5 2 3 5 6 7
1 5 0 3 4 6 7 5 0 1 2 3 7 5 0 1 3 4 5 5 2 3 5 6 7
1 5 0 4 5 6 7 5 0 1 2 3 7 5 0 1 3 4 5 5 2 3 5 6 7
1 5 0 4 5 6 7 5 0 1 2 4 7 5 0 1 4 5 6 5 2 3 4 6 7
1 5 0 3 4 5 6 5 0 2 3 6 7 5 0 1 2 3 4 5 2 3 4 5 7
1 5 0 3 4 5 6 5 0 2 3 6 7 5 0 1 2 3 5 5 2 3 5 6 7
1 5 0 4 5 6 7 5 0 2 3 4 7 5 0 1 2 4 5 5 2 3 5 6 7
1 5 0 4 5 6 7 5 0 2 3 4 7 5 0 1 2 4 5 5 3 4 5 6 7
1 5 0 3 4 5 6 5 0 1 2 3 6 5 1 2 3 4 5 5 2 3 5 6 7
1 5 0 3 4 6 7 5 0 1 2 3 7 5 1 2 3 4 5 5 2 3 5 6 7
1 5 0 4 5 6 7 5 0 1 2 3 7 5 1 2 3 4 5 5 2 3 5 6 7
1 5 0 4 5 6 7 5 0 1 2 4 7 5 1 2 4 5 6 5 2 3 4 6 7
1 5 0 4 5 6 7 5 0 1 3 4 7 5 1 2 3 4 5 5 3 4 5 6 7
1 5 0 1 3 4 5 5 1 2 3 5 6 5 1 2 3 4 5 5 2 3 5 6 7
1 5 0 1 3 4 6 5 1 2 3 6 7 5 1 2 3 4 5 5 2 3 5 6 7
1 5 0 1 4 5 6 5 1 2 3 6 7 5 1 2 3 4 5 5 2 3 5 6 7
1 5 0 1 4 5 6 5 1 2 4 6 7 5 1 2 4 5 6 5 2 3 4 6 7
1 5 0 1 4 5 6 5 1 3 4 6 7 5 1 2 3 4 5 5 3 4 5 6 7
4 6
1 5 0 3 5 6 7 5 0 1 2 3 5 5 0 1 3 4 5 5 1 2 3 5 7
1 5 0 3 4 6 7 5 0 1 2 3 6 5 0 1 4 5 6 5 1 2 3 6 7
1 5 0 4 5 6 7 5 0 2 3 4 5 5 0 1 2 4 5 5 2 3 4 5 7
1 5 0 4 5 6 7 5 0 2 3 4 6 5 0 1 2 5 6 5 2 3 4 6 7
1 5 0 1 4 6 7 5 1 2 3 4 6 5 1 2 4 5 6 5 2 3 4 6 7
1 5 0 1 5 6 7 5 1 3 4 5 6 5 1 2 3 5 6 5 3 4 5 6 7
4 7
1 5 0 2 3 4 5 5 0 1 2 3 4 5 0 1 2 4 7 5 1 2 5 6 7
1 5 0 2 3 4 5 5 0 1 2 4 5 5 0 1 2 5 7 5 1 2 5 6 7
1 5 0 3 4 5 6 5 0 1 3 4 5 5 0 1 3 5 7 5 1 2 3 6 7
1 5 0 3 4 5 6 5 0 1 3 5 6 5 0 1 3 6 7 5 1 2 3 6 7
1 5 0 4 5 6 7 5 0 1 4 5 6 5 0 1 4 6 7 5 1 2 3 4 7
1 5 0 1 3 4 5 5 1 2 3 4 5 5 1 2 3 5 7 5 2 3 5 6 7
1 5 0 1 4 5 6 5 1 2 4 5 6 5 1 2 4 6 7 5 2 3 4 6 7
4 9
1 5 0 4 5 6 7 5 0 1 3 4 7 5 0 1 2 3 4 5 1 2 3 4 5
1 5 0 4 5 6 7 5 0 1 3 4 7 5 0 1 2 3 4 5 1 2 3 5 6
1 5 0 4 5 6 7 5 0 1 3 4 7 5 0 1 2 3 4 5 1 2 3 6 7
1 5 0 4 5 6 7 5 0 1 2 4 7 5 0 1 2 3 4 5 2 3 4 5 6
1 5 0 4 5 6 7 5 0 1 2 4 7 5 0 1 2 3 4 5 2 3 4 6 7
1 5 0 1 5 6 7 5 1 2 4 5 7 5 1 2 3 4 5 5 2 3 4 5 6
1 5 0 1 5 6 7 5 1 2 4 5 7 5 1 2 3 4 5 5 2 3 4 6 7
1 5 0 1 5 6 7 5 1 2 3 5 7 5 1 2 3 4 5 5 3 4 5 6 7
1 5 0 1 2 6 7 5 2 3 5 6 7 5 2 3 4 5 6 5 3 4 5 6 7
4 6
1 5 0 4 5 6 7 5 0 1 4 5 6 5 0 1 2 3 4 5 1 2 3 4 6
1 5 0 4 5 6 7 5 0 1 4 6 7 5 0 1 2 3 4 5 1 2 3 4 7
1 5 0 4 5 6 7 5 0 1 2 4 5 5 0 1 2 3 4 5 2 3 4 5 6
1 5 0 4 5 6 7 5 0 1 2 4 6 5 0 1 2 3 4 5 2 3 4 6 7
1 5 0 1 5 6 7 5 1 2 5 6 7 5 1 2 3 4 5 5 2 3 4 5 7
1 5 0 1 5 6 7 5 1 2 3 5 6 5 1 2 3 4 5 5 3 4 5 6 7
4 6
1 5 0 4 5 6 7 5 0 1 4 5 6 5 0 1 2 3 4 5 1 2 3 4 5
1 5 0 4 5 6 7 5 0 1 4 6 7 5 0 1 2 3 4 5 1 2 3 4 6
1 5 0 4 5 6 7 5 0 1 2 4 6 5 0 1 2 3 4 5 2 3 4 5 6
1 5 0 4 5 6 7 5 0 1 2 4 7 5 0 1 2 3 4 5 2 3 4 6 7
1 5 0 1 5 6 7 5 1 2 5 6 7 5 1 2 3 4 5 5 2 3 4 5 6
1 5 0 1 5 6 7 5 1 2 3 5 7 5 1 2 3 4 5 5 3 4 5 6 7
4 5
1 5 0 1 2 3 4 5 0 1 2 3 4 5 0 4 5 6 7 5 0 1 4 5 7
1 5 0 1 2 3 4 5 0 1 2 3 4 5 0 4 5 6 7 5 0 1 5 6 7
1 5 0 1 2 3 4 5 0 1 2 3 4 5 0 1 4 5 6 5 1 4 5 6 7
1 5 0 1 2 3 4 5 0 1 2 3 4 5 0 1 4 6 7 5 1 4 5 6 7
1 5 0 2 3 4 5 5 0 2 3 4 5 5 0 1 5 6 7 5 1 2 5 6 7
4 3
1 5 0 1 2 3 4 5 0 1 2 4 5 5 0 4 5 6 7 5 0 1 5 6 7
1 5 0 1 2 3 4 5 0 2 3 4 5 5 0 4 5 6 7 5 0 1 5 6 7
1 5 0 1 2 3 4 5 1 2 3 4 5 5 1 4 5 6 7 5 1 2 5 6 7
4 7
1 5 0 1 2 3 4 5 0 1 2 3 7 5 0 4 5 6 7 5 0 1 3 4 7
1 5 0 1 2 3 4 5 0 1 2 3 6 5 0 1 4 5 6 5 1 3 4 6 7
1 5 0 1 2 3 5 5 0 1 2 3 7 5 0 1 5 6 7 5 1 3 4 5 7
1 5 0 2 3 4 5 5 0 2 3 4 7 5 0 1 5 6 7 5 1 2 4 5 7
1 5 0 2 3 4 5 5 0 2 3 4 6 5 0 1 2 5 6 5 2 4 5 6 7
1 5 0 2 3 4 6 5 0 2 3 4 7 5 0 1 2 6 7 5 2 4 5 6 7
1 5 0 3 4 5 6 5 0 3 4 5 7 5 0 1 2 6 7 5 2 3 5 6 7
4 15
1 5 0 1 2 3 6 5 0 1 2 3 6 5 0 3 4 5 6 5 0 1 3 6 7
1 5 0 1 2 3 7 5 0 1 2 3 7 5 0 4 5 6 7 5 0 1 3 4 7
1 5 0 2 3 4 7 5 0 2 3 4 7 5 0 4 5 6 7 5 0 1 2 4 7
1 5 0 1 2 3 5 5 0 1 2 3 5 5 0 1 3 4 5 5 1 3 5 6 7
1 5 0 1 2 3 6 5 0 1 2 3 6 5 0 1 4 5 6 5 1 3 4 6 7
1 5 0 1 2 3 7 5 0 1 2 3 7 5 0 1 5 6 7 5 1 3 4 5 7
1 5 0 2 3 4 6 5 0 2 3 4 6 5 0 1 4 5 6 5 1 2 4 6 7
1 5 0 2 3 4 7 5 0 2 3 4 7 5 0 1 5 6 7 5 1 2 4 5 7
1 5 0 3 4 5 7 5 0 3 4 5 7 5 0 1 5 6 7 5 1 2 3 5 7
1 5 0 2 3 4 5 5 0 2 3 4 5 5 0 1 2 4 5 5 2 4 5 6 7
1 5 0 2 3 4 6 5 0 2 3 4 6 5 0 1 2 5 6 5 2 4 5 6 7
1 5 0 2 3 4 7 5 0 2 3 4 7 5 0 1 2 6 7 5 2 4 5 6 7
1 5 0 3 4 5 6 5 0 3 4 5 6 5 0 1 2 5 6 5 2 3 5 6 7
1 5 0 3 4 5 7 5 0 3 4 5 7 5 0 1 2 6 7 5 2 3 5 6 7
1 5 0 4 5 6 7 5 0 4 5 6 7 5 0 1 2 6 7 5 2 3 4 6 7
4 15
1 5 0 1 2 3 5 5 0 1 2 3 4 5 0 4 5 6 7 5 0 1 4 5 6
1 5 0 1 2 3 6 5 0 1 2 3 4 5 0 4 5 6 7 5 0 1 4 6 7
1 5 0 1 3 4 5 5 0 1 2 3 4 5 0 4 5 6 7 5 0 1 4 5 6
1 5 0 1 3 4 6 5 0 1 2 3 4 5 0 4 5 6 7 5 0 1 4 6 7
1 5 0 1 2 3 5 5 0 1 2 3 4 5 0 1 4 5 7 5 1 4 5 6 7
1 5 0 1 2 3 6 5 0 1 2 3 4 5 0 1 5 6 7 5 1 4 5 6 7
1 5 0 1 3 4 5 5 0 1 2 3 4 5 0 1 4 5 7 5 1 4 5 6 7
1 5 0 1 3 4 6 5 0 1 2 3 4 5 0 1 5 6 7 5 1 4 5 6 7
1 5 0 2 3 4 6 5 0 2 3 4 5 5 0 1 5 6 7 5 1 2 5 6 7
1 5 0 2 4 5 6 5 0 2 3 4 5 5 0 1 5 6 7 5 1 2 5 6 7
1 5 0 2 3 4 5 5 0 1 2 3 4 5 1 4 5 6 7 5 1 2 4 5 6
1 5 0 2 3 4 6 5 0 1 2 3 4 5 1 4 5 6 7 5 1 2 4 6 7
1 5 0 2 3 4 5 5 0 1 2 3 4 5 1 2 4 5 7 5 2 4 5 6 7
1 5 0 2 3 4 6 5 0 1 2 3 4 5 1 2 5 6 7 5 2 4 5 6 7
1 5 0 3 4 5 6 5 0 1 3 4 5 5 1 2 5 6 7 5 2 3 5 6 7
4 15
1 5 0 1 2 3 6 5 0 1 2 3 4 5 0 4 5 6 7 5 0 1 4 5 6
1 5 0 1 2 3 7 5 0 1 2 3 4 5 0 4 5 6 7 5 0 1 4 6 7
1 5 0 1 3 4 6 5 0 1 2 3 4 5 0 4 5 6 7 5 0 1 4 5 6
1 5 0 1 3 4 7 5 0 1 2 3 4 5 0 4 5 6 7 5 0 1 4 6 7
1 5 0 1 2 3 7 5 0 1 2 3 4 5 0 1 4 5 7 5 1 4 5 6 7
1 5 0 1 2 3 7 5 0 1 2 3 4 5 0 1 5 6 7 5 1 4 5 6 7
1 5 0 1 3 4 7 5 0 1 2 3 4 5 0 1 4 5 7 5 1 4 5 6 7
1 5 0 1 3 4 7 5 0 1 2 3 4 5 0 1 5 6 7 5 1 4 5 6 7
1 5 0 2 3 4 7 5 0 2 3 4 5 5 0 1 5 6 7 5 1 2 5 6 7
1 5 0 2 4 5 7 5 0 2 3 4 5 5 0 1 5 6 7 5 1 2 5 6 7
1 5 0 2 3 4 6 5 0 1 2 3 4 5 1 4 5 6 7 5 1 2 4 5 6
1 5 0 2 3 4 7 5 0 1 2 3 4 5 1 4 5 6 7 5 1 2 4 6 7
1 5 0 2 3 4 7 5 0 1 2 3 4 5 1 2 4 5 7 5 2 4 5 6 7
1 5 0 2 3 4 7 5 0 1 2 3 4 5 1 2 5 6 7 5 2 4 5 6 7
1 5 0 3 4 5 7 5 0 1 3 4 5 5 1 2 5 6 7 5 2 3 5 6 7
4 3
1 5 0 1 2 3 4 5 0 1 2 4 5 5 0 2 3 4 5 5 0 1 5 6 7
1 5 0 2 3 4 5 5 0 2 3 5 6 5 0 3 4 5 6 5 0 1 2 6 7
1 5 0 3 4 5 6 5 0 3 4 6 7 5 0 4 5 6 7 5 0 1 2 3 7
4 18
1 5 0 1 2 3 4 5 0 1 2 4 5 5 0 4 5 6 7 5 0 1 4 5 7
1 5 0 1 2 3 4 5 0 1 2 5 6 5 0 4 5 6 7 5 0 1 5 6 7
1 5 0 1 2 3 4 5 0 2 3 4 5 5 0 4 5 6 7 5 0 1 4 5 7
1 5 0 1 2 3 4 5 0 2 3 5 6 5 0 4 5 6 7 5 0 1 5 6 7
1 5 0 1 2 3 4 5 0 3 4 5 6 5 0 4 5 6 7 5 0 1 5 6 7
1 5 0 1 2 3 4 5 0 1 2 4 5 5 0 1 4 5 6 5 1 4 5 6 7
1 5 0 1 2 3 4 5 0 1 2 4 6 5 0 1 4 6 7 5 1 4 5 6 7
1 5 0 1 2 3 4 5 0 2 3 4 5 5 0 1 4 5 6 5 1 4 5 6 7
1 5 0 1 2 3 4 5 0 2 3 4 6 5 0 1 4 6 7 5 1 4 5 6 7
1 5 0 2 3 4 5 5 0 2 3 5 6 5 0 1 5 6 7 5 1 2 5 6 7
1 5 0 2 3 4 5 5 0 3 4 5 6 5 0 1 5 6 7 5 1 2 5 6 7
1 5 0 1 2 3 4 5 1 2 3 4 5 5 1 4 5 6 7 5 1 2 4 5 7
1 5 0 1 2 3 4 5 1 2 3 5 6 5 1 4 5 6 7 5 1 2 5 6 7
1 5 0 1 2 3 4 5 1 3 4 5 6 5 1 4 5 6 7 5 1 2 5 6 7
1 5 0 1 2 3 4 5 1 2 3 4 5 5 1 2 4 5 6 5 2 4 5 6 7
1 5 0 1 2 3 4 5 1 2 3 4 6 5 1 2 4 6 7 5 2 4 5 6 7
1 5 0 1 3 4 5 5 1 3 4 5 6 5 1 2 5 6 7 5 2 3 5 6 7
1 5 0 1 2 3 4 5 2 3 4 5 6 5 2 4 5 6 7 5 2 3 5 6 7
4 18
1 5 0 1 2 5 7 5 0 1 2 5 6 5 0 2 3 4 5 5 0 1 5 6 7
1 5 0 1 2 6 7 5 0 1 2 6 7 5 0 2 3 4 5 5 0 1 5 6 7
1 5 0 2 3 6 7 5 0 2 3 6 7 5 0 3 4 5 6 5 0 1 2 6 7
1 5 0 1 2 4 7 5 0 1 2 4 5 5 0 1 2 3 4 5 1 4 5 6 7
1 5 0 1 2 5 7 5 0 1 2 5 6 5 0 1 2 3 4 5 1 4 5 6 7
1 5 0 1 2 6 7 5 0 1 2 6 7 5 0 1 2 3 4 5 1 4 5 6 7
1 5 0 2 3 5 7 5 0 2 3 5 6 5 0 1 3 4 5 5 1 2 5 6 7
1 5 0 2 3 6 7 5 0 2 3 6 7 5 0 1 3 4 5 5 1 2 5 6 7
1 5 0 3 4 6 7 5 0 3 4 6 7 5 0 1 4 5 6 5 1 2 3 6 7
1 5 0 2 3 4 7 5 0 2 3 4 5 5 0 1 2 3 4 5 2 4 5 6 7
1 5 0 2 3 5 7 5 0 2 3 5 6 5 0 1 2 3 4 5 2 4 5 6 7
1 5 0 2 3 6 7 5 0 2 3 6 7 5 0 1 2 3 4 5 2 4 5 6 7
1 5 0 3 4 5 7 5 0 3 4 5 6 5 0 1 2 4 5 5 2 3 5 6 7
1 5 0 3 4 6 7 5 0 3 4 6 7 5 0 1 2 4 5 5 2 3 5 6 7
1 5 0 4 5 6 7 5 0 4 5 6 7 5 0 1 2 5 6 5 2 3 4 6 7
1 5 0 3 4 5 7 5 0 3 4 5 6 5 0 1 2 3 4 5 3 4 5 6 7
1 5 0 3 4 6 7 5 0 3 4 6 7 5 0 1 2 3 4 5 3 4 5 6 7
1 5 0 4 5 6 7 5 0 4 5 6 7 5 0 1 2 3 5 5 3 4 5 6 7
4 54
1 5 0 1 2 4 5 5 0 1 2 5 6 5 0 2 4 6 7 5 0 1 2 3 4
1 5 0 1 2 5 6 5 0 1 2 6 7 5 0 2 4 5 7 5 0 1 2 3 4
1 5 0 1 2 5 6 5 0 1 2 6 7 5 0 2 3 5 7 5 0 1 3 4 5
1 5 0 1 2 3 5 5 0 1 2 5 6 5 0 3 5 6 7 5 0 1 3 4 5
1 5 0 1 2 3 6 5 0 1 2 6 7 5 0 3 5 6 7 5 0 1 3 4 5
1 5 0 1 2 3 6 5 0 1 2 6 7 5 0 3 4 6 7 5 0 1 4 5 6
1 5 0 1 3 5 6 5 0 1 2 3 6 5 0 3 5 6 7 5 0 1 3 4 5
1 5 0 1 3 6 7 5 0 1 2 3 7 5 0 3 5 6 7 5 0 1 3 4 5
1 5 0 1 3 6 7 5 0 1 2 3 7 5 0 3 4 6 7 5 0 1 4 5 6
1 5 0 1 2 3 5 5 0 2 3 5 6 5 0 3 5 6 7 5 0 1 3 4 5
1 5 0 1 2 3 6 5 0 2 3 6 7 5 0 3 5 6 7 5 0 1 3 4 5
1 5 0 1 2 3 6 5 0 2 3 6 7 5 0 3 4 6 7 5 0 1 4 5 6
1 5 0 2 3 4 5 5 0 2 3 5 6 5 0 3 4 6 7 5 0 1 2 3 4
1 5 0 2 3 5 6 5 0 2 3 6 7 5 0 3 4 5 7 5 0 1 2 3 4
1 5 0 2 3 5 6 5 0 2 3 6 7 5 0 3 4 5 7 5 0 1 2 4 5
1 5 0 2 3 4 5 5 0 2 3 5 6 5 0 4 5 6 7 5 0 1 2 4 5
1 5 0 2 3 4 6 5 0 2 3 6 7 5 0 4 5 6 7 5 0 1 2 4 5
1 5 0 2 3 4 6 5 0 2 3 6 7 5 0 4 5 6 7 5 0 1 2 5 6
1 5 0 2 4 5 6 5 0 2 3 4 6 5 0 4 5 6 7 5 0 1 2 4 5
1 5 0 2 4 6 7 5 0 2 3 4 7 5 0 4 5 6 7 5 0 1 2 4 5
1 5 0 2 4 6 7 5 0 2 3 4 7 5 0 4 5 6 7 5 0 1 2 5 6
1 5 0 2 3 4 5 5 0 3 4 5 6 5 0 4 5 6 7 5 0 1 2 4 5
1 5 0 2 3 4 6 5 0 3 4 6 7 5 0 4 5 6 7 5 0 1 2 4 5
1 5 0 2 3 4 6 5 0 3 4 6 7 5 0 4 5 6 7 5 0 1 2 5 6
1 5 0 1 2 5 6 5 0 1 2 6 7 5 0 1 2 5 7 5 1 2 3 4 5
1 5 0 1 2 3 6 5 0 1 2 6 7 5 0 1 3 6 7 5 1 3 4 5 6
1 5 0 1 3 6 7 5 0 1 2 3 7 5 0 1 3 6 7 5 1 3 4 5 6
1 5 0 1 2 3 6 5 0 2 3 6 7 5 0 1 3 6 7 5 1 3 4 5 6
1 5 0 2 3 5 6 5 0 2 3 6 7 5 0 1 3 5 7 5 1 2 3 4 5
1 5 0 2 3 4 6 5 0 2 3 6 7 5 0 1 4 6 7 5 1 2 4 5 6
1 5 0 2 4 6 7 5 0 2 3 4 7 5 0 1 4 6 7 5 1 2 4 5 6
1 5 0 2 3 4 6 5 0 3 4 6 7 5 0 1 4 6 7 5 1 2 4 5 6
1 5 0 3 4 5 6 5 0 3 4 6 7 5 0 1 4 5 7 5 1 2 3 4 5
1 5 0 3 4 5 6 5 0 3 4 6 7 5 0 1 5 6 7 5 1 2 3 5 6
1 5 0 3 5 6 7 5 0 3 4 5 7 5 0 1 5 6 7 5 1 2 3 5 6
1 5 0 3 4 5 6 5 0 4 5 6 7 5 0 1 5 6 7 5 1 2 3 5 6
1 5 0 2 3 5 6 5 0 1 2 3 6 5 1 3 5 6 7 5 1 2 3 4 5
1 5 0 2 3 6 7 5 0 1 2 3 7 5 1 3 5 6 7 5 1 2 3 4 5
1 5 0 2 3 6 7 5 0 1 2 3 7 5 1 3 4 6 7 5 1 2 4 5 6
1 5 0 3 4 5 6 5 0 1 3 4 6 5 1 4 5 6 7 5 1 2 3 4 5
1 5 0 3 4 6 7 5 0 1 3 4 7 5 1 4 5 6 7 5 1 2 3 4 5
1 5 0 3 4 6 7 5 0 1 3 4 7 5 1 4 5 6 7 5 1 2 3 5 6
1 5 0 2 3 6 7 5 0 1 2 3 7 5 1 2 3 6 7 5 2 3 4 5 6
1 5 0 3 4 6 7 5 0 1 3 4 7 5 1 2 4 6 7 5 2 3 4 5 6
1 5 0 4 5 6 7 5 0 1 4 5 7 5 1 2 5 6 7 5 2 3 4 5 6
1 5 0 1 2 3 5 5 1 2 3 5 6 5 1 3 5 6 7 5 1 2 3 4 5
1 5 0 1 2 3 6 5 1 2 3 6 7 5 1 3 5 6 7 5 1 2 3 4 5
1 5 0 1 2 3 6 5 1 2 3 6 7 5 1 3 4 6 7 5 1 2 4 5 6
1 5 0 1 3 4 5 5 1 3 4 5 6 5 1 4 5 6 7 5 1 2 3 4 5
1 5 0 1 3 4 6 5 1 3 4 6 7 5 1 4 5 6 7 5 1 2 3 4 5
1 5 0 1 3 4 6 5 1 3 4 6 7 5 1 4 5 6 7 5 1 2 3 5 6
1 5 0 1 2 3 6 5 1 2 3 6 7 5 1 2 3 6 7 5 2 3 4 5 6
1 5 0 1 3 4 6 5 1 3 4 6 7 5 1 2 4 6 7 5 2 3 4 5 6
1 5 0 1 4 5 6 5 1 4 5 6 7 5 1 2 5 6 7 5 2 3 4 5 6
4 64
1 5 0 1 2 5 6 5 0 1 2 6 7 5 0 2 3 4 5 5 0 1 2 3 5
1 5 0 1 2 5 6 5 0 1 2 6 7 5 0 2 3 4 5 5 0 1 3 4 5
1 5 0 1 2 3 6 5 0 1 2 6 7 5 0 3 4 5 6 5 0 1 3 4 6
1 5 0 1 2 3 6 5 0 1 2 6 7 5 0 3 4 5 6 5 0 1 4 5 6
1 5 0 1 3 6 7 5 0 1 2 3 7 5 0 3 4 5 6 5 0 1 3 4 6
1 5 0 1 3 6 7 5 0 1 2 3 7 5 0 3 4 5 6 5 0 1 4 5 6
1 5 0 1 3 4 7 5 0 1 2 3 7 5 0 4 5 6 7 5 0 1 4 5 7
1 5 0 1 3 4 7 5 0 1 2 3 7 5 0 4 5 6 7 5 0 1 5 6 7
1 5 0 1 2 3 6 5 0 2 3 6 7 5 0 3 4 5 6 5 0 1 3 4 6
1 5 0 1 2 3 6 5 0 2 3 6 7 5 0 3 4 5 6 5 0 1 4 5 6
1 5 0 1 2 4 7 5 0 2 3 4 7 5 0 4 5 6 7 5 0 1 4 5 7
1 5 0 1 2 4 7 5 0 2 3 4 7 5 0 4 5 6 7 5 0 1 5 6 7
1 5 0 1 2 5 6 5 0 1 2 6 7 5 0 1 2 3 4 5 1 2 3 4 5
1 5 0 1 2 5 6 5 0 1 2 6 7 5 0 1 2 4 5 5 1 2 3 4 5
1 5 0 1 2 3 6 5 0 1 2 6 7 5 0 1 3 4 5 5 1 3 4 5 6
1 5 0 1 2 3 6 5 0 1 2 6 7 5 0 1 3 5 6 5 1 3 4 5 6
1 5 0 1 3 6 7 5 0 1 2 3 7 5 0 1 3 4 5 5 1 3 4 5 6
1 5 0 1 3 6 7 5 0 1 2 3 7 5 0 1 3 5 6 5 1 3 4 5 6
1 5 0 1 3 4 7 5 0 1 2 3 7 5 0 1 4 5 6 5 1 4 5 6 7
1 5 0 1 3 4 7 5 0 1 2 3 7 5 0 1 4 6 7 5 1 4 5 6 7
1 5 0 1 2 3 6 5 0 2 3 6 7 5 0 1 3 4 5 5 1 3 4 5 6
1 5 0 1 2 3 6 5 0 2 3 6 7 5 0 1 3 5 6 5 1 3 4 5 6
1 5 0 1 2 4 7 5 0 2 3 4 7 5 0 1 4 5 6 5 1 4 5 6 7
1 5 0 1 2 4 7 5 0 2 3 4 7 5 0 1 4 6 7 5 1 4 5 6 7
1 5 0 2 3 5 6 5 0 2 3 6 7 5 0 1 3 4 5 5 1 2 3 4 5
1 5 0 2 3 4 6 5 0 2 3 6 7 5 0 1 4 5 6 5 1 2 4 5 6
1 5 0 2 4 6 7 5 0 2 3 4 7 5 0 1 4 5 6 5 1 2 4 5 6
1 5 0 2 4 5 7 5 0 2 3 4 7 5 0 1 5 6 7 5 1 2 5 6 7
1 5 0 2 3 4 6 5 0 3 4 6 7 5 0 1 4 5 6 5 1 2 4 5 6
1 5 0 2 3 5 7 5 0 3 4 5 7 5 0 1 5 6 7 5 1 2 5 6 7
1 5 0 1 2 3 7 5 0 1 2 3 7 5 1 3 4 5 6 5 1 3 4 6 7
1 5 0 1 2 3 7 5 0 1 2 3 7 5 1 3 5 6 7 5 1 3 4 5 7
1 5 0 1 2 3 7 5 0 1 2 3 7 5 1 3 4 5 6 5 1 4 5 6 7
1 5 0 1 2 3 7 5 0 1 2 3 7 5 1 3 4 6 7 5 1 4 5 6 7
1 5 0 2 3 6 7 5 0 1 2 3 7 5 1 3 4 5 6 5 1 2 3 4 6
1 5 0 2 3 6 7 5 0 1 2 3 7 5 1 3 4 5 6 5 1 2 4 5 6
1 5 0 2 3 4 7 5 0 1 2 3 7 5 1 4 5 6 7 5 1 2 4 5 7
1 5 0 2 3 4 7 5 0 1 2 3 7 5 1 4 5 6 7 5 1 2 5 6 7
1 5 0 2 3 4 7 5 0 1 3 4 7 5 1 4 5 6 7 5 1 2 4 5 7
1 5 0 2 3 4 7 5 0 1 3 4 7 5 1 4 5 6 7 5 1 2 5 6 7
1 5 0 2 3 6 7 5 0 1 2 3 7 5 1 2 3 4 5 5 2 3 4 5 6
1 5 0 2 3 6 7 5 0 1 2 3 7 5 1 2 3 5 6 5 2 3 4 5 6
1 5 0 2 3 4 7 5 0 1 2 3 7 5 1 2 4 5 6 5 2 4 5 6 7
1 5 0 2 3 4 7 5 0 1 2 3 7 5 1 2 4 6 7 5 2 4 5 6 7
1 5 0 2 3 4 7 5 0 1 3 4 7 5 1 2 4 5 6 5 2 4 5 6 7
1 5 0 2 3 4 7 5 0 1 3 4 7 5 1 2 4 6 7 5 2 4 5 6 7
1 5 0 3 4 6 7 5 0 1 3 4 7 5 1 2 4 5 6 5 2 3 4 5 6
1 5 0 3 4 5 7 5 0 1 3 4 7 5 1 2 5 6 7 5 2 3 5 6 7
1 5 0 3 4 5 7 5 0 1 4 5 7 5 1 2 5 6 7 5 2 3 5 6 7
1 5 0 1 2 3 6 5 1 2 3 6 7 5 1 3 4 5 6 5 1 2 3 4 6
1 5 0 1 2 3 6 5 1 2 3 6 7 5 1 3 4 5 6 5 1 2 4 5 6
1 5 0 1 2 4 7 5 1 2 3 4 7 5 1 4 5 6 7 5 1 2 4 5 7
1 5 0 1 2 4 7 5 1 2 3 4 7 5 1 4 5 6 7 5 1 2 5 6 7
1 5 0 1 2 3 6 5 1 2 3 6 7 5 1 2 3 4 5 5 2 3 4 5 6
1 5 0 1 2 3 6 5 1 2 3 6 7 5 1 2 3 5 6 5 2 3 4 5 6
1 5 0 1 2 4 7 5 1 2 3 4 7 5 1 2 4 5 6 5 2 4 5 6 7
1 5 0 1 2 4 7 5 1 2 3 4 7 5 1 2 4 6 7 5 2 4 5 6 7
1 5 0 1 3 4 6 5 1 3 4 6 7 5 1 2 4 5 6 5 2 3 4 5 6
1 5 0 1 3 5 7 5 1 3 4 5 7 5 1 2 5 6 7 5 2 3 5 6 7
1 5 0 1 3 4 7 5 1 2 3 4 7 5 2 4 5 6 7 5 2 3 4 5 7
1 5 0 1 3 4 7 5 1 2 3 4 7 5 2 4 5 6 7 5 2 3 5 6 7
1 5 0 1 3 4 7 5 1 2 3 4 7 5 2 3 4 5 6 5 3 4 5 6 7
1 5 0 1 3 4 7 5 1 2 3 4 7 5 2 3 4 6 7 5 3 4 5 6 7
1 5 0 1 4 5 7 5 1 2 4 5 7 5 2 3 5 6 7 5 3 4 5 6 7
4 5
1 5 0 1 4 6 7 5 0 1 2 3 4 5 0 4 5 6 7 5 0 1 4 5 6
1 5 0 1 2 4 7 5 0 1 2 3 4 5 1 4 5 6 7 5 1 4 5 6 7
1 5 0 2 4 6 7 5 0 1 2 3 4 5 1 4 5 6 7 5 1 2 4 5 6
1 5 0 2 3 4 7 5 0 1 2 3 4 5 2 4 5 6 7 5 2 4 5 6 7
1 5 0 3 4 6 7 5 0 1 2 3 4 5 2 4 5 6 7 5 2 3 4 5 6
4 21
1 5 0 1 2 3 6 5 0 1 2 6 7 5 0 3 4 5 6 5 0 1 2 3 7
1 5 0 1 3 4 7 5 0 1 2 3 7 5 0 4 5 6 7 5 0 1 3 4 7
1 5 0 1 2 3 5 5 0 1 2 5 6 5 0 1 3 4 5 5 1 2 3 6 7
1 5 0 1 2 4 6 5 0 1 2 6 7 5 0 1 4 5 6 5 1 2 3 4 7
1 5 0 1 3 4 6 5 0 1 2 3 6 5 0 1 4 5 6 5 1 3 4 6 7
1 5 0 1 3 5 7 5 0 1 2 3 7 5 0 1 5 6 7 5 1 3 4 5 7
1 5 0 2 3 4 6 5 0 2 3 6 7 5 0 1 4 5 6 5 1 2 3 4 7
1 5 0 2 4 5 7 5 0 2 3 4 7 5 0 1 5 6 7 5 1 2 4 5 7
1 5 0 2 3 4 5 5 0 2 3 5 6 5 0 1 2 4 5 5 2 3 4 6 7
1 5 0 2 3 5 6 5 0 2 3 6 7 5 0 1 2 5 6 5 2 3 4 5 7
1 5 0 2 4 5 6 5 0 2 3 4 6 5 0 1 2 5 6 5 2 4 5 6 7
1 5 0 2 4 6 7 5 0 2 3 4 7 5 0 1 2 6 7 5 2 4 5 6 7
1 5 0 3 4 5 6 5 0 3 4 6 7 5 0 1 2 5 6 5 2 3 4 5 7
1 5 0 3 5 6 7 5 0 3 4 5 7 5 0 1 2 6 7 5 2 3 5 6 7
1 5 0 2 3 4 7 5 0 1 2 3 7 5 1 4 5 6 7 5 1 2 3 4 7
1 5 0 2 3 4 6 5 0 1 2 3 6 5 1 2 4 5 6 5 2 3 4 6 7
1 5 0 2 3 5 7 5 0 1 2 3 7 5 1 2 5 6 7 5 2 3 4 5 7
1 5 0 3 4 5 7 5 0 1 3 4 7 5 1 2 5 6 7 5 2 3 4 5 7
1 5 0 3 4 5 6 5 0 1 3 4 6 5 1 2 3 5 6 5 3 4 5 6 7
1 5 0 3 4 6 7 5 0 1 3 4 7 5 1 2 3 6 7 5 3 4 5 6 7
1 5 0 4 5 6 7 5 0 1 4 5 7 5 1 2 3 6 7 5 3 4 5 6 7
4 41
1 5 0 1 2 3 4 5 0 1 2 4 5 5 0 4 5 6 7 5 0 1 2 3 4
1 5 0 1 2 3 4 5 0 1 2 5 6 5 0 4 5 6 7 5 0 1 2 3 5
1 5 0 1 2 3 4 5 0 1 2 6 7 5 0 4 5 6 7 5 0 1 2 3 6
1 5 0 1 2 3 4 5 0 1 2 5 6 5 0 4 5 6 7 5 0 1 3 4 5
1 5 0 1 2 3 4 5 0 1 2 6 7 5 0 4 5 6 7 5 0 1 3 4 6
1 5 0 1 2 3 4 5 0 2 3 5 6 5 0 4 5 6 7 5 0 1 3 4 5
1 5 0 1 2 3 4 5 0 2 3 6 7 5 0 4 5 6 7 5 0 1 3 4 6
1 5 0 1 2 3 4 5 0 1 2 5 6 5 0 1 4 6 7 5 1 2 3 4 5
1 5 0 1 2 3 4 5 0 1 2 6 7 5 0 1 4 5 7 5 1 2 3 5 6
1 5 0 1 2 4 5 5 0 1 2 5 6 5 0 1 5 6 7 5 1 2 3 4 5
1 5 0 1 2 4 5 5 0 1 2 6 7 5 0 1 5 6 7 5 1 2 3 4 6
1 5 0 1 2 3 4 5 0 1 2 6 7 5 0 1 4 5 7 5 1 3 4 5 6
1 5 0 1 2 3 5 5 0 1 2 6 7 5 0 1 5 6 7 5 1 3 4 5 6
1 5 0 1 3 4 5 5 0 1 2 3 6 5 0 1 5 6 7 5 1 3 4 5 6
1 5 0 1 3 4 5 5 0 1 2 3 7 5 0 1 5 6 7 5 1 3 4 6 7
1 5 0 1 3 4 5 5 0 1 2 3 7 5 0 1 5 6 7 5 1 4 5 6 7
1 5 0 1 2 3 4 5 0 2 3 6 7 5 0 1 4 5 7 5 1 3 4 5 6
1 5 0 1 2 3 5 5 0 2 3 6 7 5 0 1 5 6 7 5 1 3 4 5 6
1 5 0 1 2 4 5 5 0 2 3 4 7 5 0 1 5 6 7 5 1 4 5 6 7
1 5 0 2 3 4 5 5 0 2 3 5 6 5 0 1 5 6 7 5 1 2 3 4 5
1 5 0 2 3 4 5 5 0 2 3 6 7 5 0 1 5 6 7 5 1 2 3 4 6
1 5 0 2 3 4 5 5 0 2 3 6 7 5 0 1 5 6 7 5 1 2 4 5 6
1 5 0 2 3 4 5 5 0 3 4 6 7 5 0 1 5 6 7 5 1 2 4 5 6
1 5 0 2 3 4 5 5 0 2 3 6 7 5 0 1 2 5 7 5 2 3 4 5 6
1 5 0 2 3 5 6 5 0 2 3 6 7 5 0 1 2 6 7 5 2 3 4 5 6
1 5 0 2 4 5 6 5 0 2 3 4 7 5 0 1 2 6 7 5 2 4 5 6 7
1 5 0 3 4 5 6 5 0 3 4 6 7 5 0 1 2 6 7 5 2 3 4 5 6
1 5 0 1 2 3 4 5 0 1 2 3 6 5 1 4 5 6 7 5 1 3 4 5 6
1 5 0 1 2 3 4 5 0 1 2 3 7 5 1 4 5 6 7 5 1 3 4 6 7
1 5 0 2 3 4 5 5 0 1 2 3 6 5 1 2 5 6 7 5 2 3 4 5 6
1 5 0 2 3 4 5 5 0 1 2 3 7 5 1 2 5 6 7 5 2 3 4 6 7
1 5 0 2 3 4 5 5 0 1 2 3 7 5 1 2 5 6 7 5 2 4 5 6 7
1 5 0 2 3 4 5 5 0 1 3 4 7 5 1 2 5 6 7 5 2 4 5 6 7
1 5 0 3 4 5 6 5 0 1 3 4 7 5 1 2 3 6 7 5 3 4 5 6 7
1 5 0 1 2 3 4 5 1 2 3 5 6 5 1 4 5 6 7 5 1 2 3 4 5
1 5 0 1 2 3 4 5 1 2 3 6 7 5 1 4 5 6 7 5 1 2 3 4 6
1 5 0 1 2 3 4 5 1 2 3 6 7 5 1 2 4 5 7 5 2 3 4 5 6
1 5 0 1 2 3 5 5 1 2 3 6 7 5 1 2 5 6 7 5 2 3 4 5 6
1 5 0 1 2 4 5 5 1 2 3 4 7 5 1 2 5 6 7 5 2 4 5 6 7
1 5 0 1 3 4 5 5 1 3 4 6 7 5 1 2 5 6 7 5 2 3 4 5 6
1 5 0 1 3 4 5 5 1 2 3 4 7 5 2 3 5 6 7 5 3 4 5 6 7
4 18
1 5 0 1 2 5 6 5 0 1 2 5 6 5 0 2 3 4 5 5 0 1 2 6 7
1 5 0 1 2 6 7 5 0 1 2 6 7 5 0 3 4 5 6 5 0 1 2 3 7
1 5 0 2 3 6 7 5 0 2 3 6 7 5 0 3 4 5 6 5 0 1 2 3 7
1 5 0 1 2 4 5 5 0 1 2 4 5 5 0 1 2 3 4 5 1 2 5 6 7
1 5 0 1 2 5 6 5 0 1 2 5 6 5 0 1 3 4 5 5 1 2 3 6 7
1 5 0 1 2 6 7 5 0 1 2 6 7 5 0 1 4 5 6 5 1 2 3 4 7
1 5 0 2 3 5 6 5 0 2 3 5 6 5 0 1 3 4 5 5 1 2 3 6 7
1 5 0 2 3 6 7 5 0 2 3 6 7 5 0 1 4 5 6 5 1 2 3 4 7
1 5 0 3 4 6 7 5 0 3 4 6 7 5 0 1 4 5 6 5 1 2 3 4 7
1 5 0 2 3 4 5 5 0 2 3 4 5 5 0 1 2 3 4 5 2 3 5 6 7
1 5 0 2 3 5 6 5 0 2 3 5 6 5 0 1 2 4 5 5 2 3 4 6 7
1 5 0 2 3 6 7 5 0 2 3 6 7 5 0 1 2 5 6 5 2 3 4 5 7
1 5 0 3 4 5 6 5 0 3 4 5 6 5 0 1 2 4 5 5 2 3 4 6 7
1 5 0 3 4 6 7 5 0 3 4 6 7 5 0 1 2 5 6 5 2 3 4 5 7
1 5 0 4 5 6 7 5 0 4 5 6 7 5 0 1 2 5 6 5 2 3 4 5 7
1 5 0 3 4 5 6 5 0 3 4 5 6 5 0 1 2 3 5 5 3 4 5 6 7
1 5 0 3 4 6 7 5 0 3 4 6 7 5 0 1 2 3 6 5 3 4 5 6 7
1 5 0 4 5 6 7 5 0 4 5 6 7 5 0 1 2 3 6 5 3 4 5 6 7
4 114
1 5 0 1 2 3 4 5 0 1 2 4 5 5 0 2 3 5 6 5 0 1 2 6 7
1 5 0 1 2 4 5 5 0 1 2 5 6 5 0 2 3 4 6 5 0 1 2 6 7
1 5 0 1 2 3 4 5 0 1 2 4 5 5 0 3 5 6 7 5 0 1 2 3 7
1 5 0 1 2 4 5 5 0 1 2 5 6 5 0 3 4 6 7 5 0 1 2 3 7
1 5 0 1 2 5 6 5 0 1 2 6 7 5 0 3 4 5 7 5 0 1 2 3 7
1 5 0 1 2 3 4 5 0 1 2 4 5 5 0 3 4 5 6 5 0 1 3 6 7
1 5 0 1 2 3 5 5 0 1 2 5 6 5 0 3 4 5 6 5 0 1 3 6 7
1 5 0 1 2 3 4 5 0 1 2 4 5 5 0 4 5 6 7 5 0 1 3 4 7
1 5 0 1 2 3 5 5 0 1 2 5 6 5 0 4 5 6 7 5 0 1 3 4 7
1 5 0 1 2 3 6 5 0 1 2 6 7 5 0 4 5 6 7 5 0 1 3 4 7
1 5 0 1 3 4 5 5 0 1 2 3 5 5 0 3 4 5 6 5 0 1 3 6 7
1 5 0 1 3 5 6 5 0 1 2 3 6 5 0 3 4 5 6 5 0 1 3 6 7
1 5 0 1 3 4 5 5 0 1 2 3 5 5 0 4 5 6 7 5 0 1 3 4 7
1 5 0 1 3 5 6 5 0 1 2 3 6 5 0 4 5 6 7 5 0 1 3 4 7
1 5 0 1 3 6 7 5 0 1 2 3 7 5 0 4 5 6 7 5 0 1 3 4 7
1 5 0 1 2 3 4 5 0 2 3 4 5 5 0 3 4 5 6 5 0 1 3 6 7
1 5 0 1 2 3 5 5 0 2 3 5 6 5 0 3 4 5 6 5 0 1 3 6 7
1 5 0 1 2 3 4 5 0 2 3 4 5 5 0 4 5 6 7 5 0 1 3 4 7
1 5 0 1 2 3 5 5 0 2 3 5 6 5 0 4 5 6 7 5 0 1 3 4 7
1 5 0 1 2 3 6 5 0 2 3 6 7 5 0 4 5 6 7 5 0 1 3 4 7
1 5 0 2 3 4 5 5 0 2 3 5 6 5 0 3 4 6 7 5 0 1 2 3 7
1 5 0 2 3 5 6 5 0 2 3 6 7 5 0 3 4 5 7 5 0 1 2 3 7
1 5 0 2 3 4 5 5 0 2 3 5 6 5 0 4 5 6 7 5 0 1 2 4 7
1 5 0 2 3 4 6 5 0 2 3 6 7 5 0 4 5 6 7 5 0 1 2 4 7
1 5 0 2 4 5 6 5 0 2 3 4 6 5 0 4 5 6 7 5 0 1 2 4 7
1 5 0 2 4 6 7 5 0 2 3 4 7 5 0 4 5 6 7 5 0 1 2 4 7
1 5 0 2 3 4 5 5 0 3 4 5 6 5 0 4 5 6 7 5 0 1 2 4 7
1 5 0 2 3 4 6 5 0 3 4 6 7 5 0 4 5 6 7 5 0 1 2 4 7
1 5 0 1 2 3 4 5 0 1 2 4 5 5 0 1 2 3 5 5 1 2 5 6 7
1 5 0 1 2 3 4 5 0 1 2 4 5 5 0 1 3 5 6 5 1 2 3 6 7
1 5 0 1 2 4 5 5 0 1 2 5 6 5 0 1 3 4 6 5 1 2 3 6 7
1 5 0 1 2 4 5 5 0 1 2 5 6 5 0 1 4 6 7 5 1 2 3 4 7
1 5 0 1 2 5 6 5 0 1 2 6 7 5 0 1 4 5 7 5 1 2 3 4 7
1 5 0 1 2 3 4 5 0 1 2 4 5 5 0 1 3 4 5 5 1 3 5 6 7
1 5 0 1 2 3 4 5 0 1 2 4 5 5 0 1 4 5 6 5 1 3 4 6 7
1 5 0 1 2 3 5 5 0 1 2 5 6 5 0 1 4 5 6 5 1 3 4 6 7
1 5 0 1 2 3 5 5 0 1 2 5 6 5 0 1 5 6 7 5 1 3 4 5 7
1 5 0 1 2 3 6 5 0 1 2 6 7 5 0 1 5 6 7 5 1 3 4 5 7
1 5 0 1 3 4 5 5 0 1 2 3 5 5 0 1 3 4 5 5 1 3 5 6 7
1 5 0 1 3 4 5 5 0 1 2 3 5 5 0 1 4 5 6 5 1 3 4 6 7
1 5 0 1 3 5 6 5 0 1 2 3 6 5 0 1 4 5 6 5 1 3 4 6 7
1 5 0 1 3 5 6 5 0 1 2 3 6 5 0 1 5 6 7 5 1 3 4 5 7
1 5 0 1 3 6 7 5 0 1 2 3 7 5 0 1 5 6 7 5 1 3 4 5 7
1 5 0 1 2 3 4 5 0 2 3 4 5 5 0 1 3 4 5 5 1 3 5 6 7
1 5 0 1 2 3 4 5 0 2 3 4 5 5 0 1 4 5 6 5 1 3 4 6 7
1 5 0 1 2 3 5 5 0 2 3 5 6 5 0 1 4 5 6 5 1 3 4 6 7
1 5 0 1 2 3 5 5 0 2 3 5 6 5 0 1 5 6 7 5 1 3 4 5 7
1 5 0 1 2 3 6 5 0 2 3 6 7 5 0 1 5 6 7 5 1 3 4 5 7
1 5 0 2 3 4 5 5 0 2 3 5 6 5 0 1 3 4 6 5 1 2 3 6 7
1 5 0 2 3 4 5 5 0 2 3 5 6 5 0 1 4 6 7 5 1 2 3 4 7
1 5 0 2 3 5 6 5 0 2 3 6 7 5 0 1 4 5 7 5 1 2 3 4 7
1 5 0 2 3 4 5 5 0 2 3 5 6 5 0 1 4 5 6 5 1 2 4 6 7
1 5 0 2 3 4 5 5 0 2 3 5 6 5 0 1 5 6 7 5 1 2 4 5 7
1 5 0 2 3 4 6 5 0 2 3 6 7 5 0 1 5 6 7 5 1 2 4 5 7
1 5 0 2 4 5 6 5 0 2 3 4 6 5 0 1 4 5 6 5 1 2 4 6 7
1 5 0 2 4 5 6 5 0 2 3 4 6 5 0 1 5 6 7 5 1 2 4 5 7
1 5 0 2 4 6 7 5 0 2 3 4 7 5 0 1 5 6 7 5 1 2 4 5 7
1 5 0 2 3 4 5 5 0 3 4 5 6 5 0 1 4 5 6 5 1 2 4 6 7
1 5 0 2 3 4 5 5 0 3 4 5 6 5 0 1 5 6 7 5 1 2 4 5 7
1 5 0 2 3 4 6 5 0 3 4 6 7 5 0 1 5 6 7 5 1 2 4 5 7
1 5 0 3 4 5 6 5 0 3 4 6 7 5 0 1 4 5 7 5 1 2 3 4 7
1 5 0 3 4 5 6 5 0 3 4 6 7 5 0 1 5 6 7 5 1 2 3 5 7
1 5 0 3 5 6 7 5 0 3 4 5 7 5 0 1 5 6 7 5 1 2 3 5 7
1 5 0 3 4 5 6 5 0 4 5 6 7 5 0 1 5 6 7 5 1 2 3 5 7
1 5 0 2 3 4 5 5 0 2 3 5 6 5 0 1 2 4 6 5 2 3 4 6 7
1 5 0 2 3 5 6 5 0 2 3 6 7 5 0 1 2 5 7 5 2 3 4 5 7
1 5 0 2 3 4 5 5 0 2 3 5 6 5 0 1 2 5 6 5 2 4 5 6 7
1 5 0 2 3 4 6 5 0 2 3 6 7 5 0 1 2 6 7 5 2 4 5 6 7
1 5 0 2 4 5 6 5 0 2 3 4 6 5 0 1 2 5 6 5 2 4 5 6 7
1 5 0 2 4 6 7 5 0 2 3 4 7 5 0 1 2 6 7 5 2 4 5 6 7
1 5 0 2 3 4 5 5 0 3 4 5 6 5 0 1 2 5 6 5 2 4 5 6 7
1 5 0 2 3 4 6 5 0 3 4 6 7 5 0 1 2 6 7 5 2 4 5 6 7
1 5 0 3 4 5 6 5 0 3 4 6 7 5 0 1 2 5 7 5 2 3 4 5 7
1 5 0 3 4 5 6 5 0 3 4 6 7 5 0 1 2 6 7 5 2 3 5 6 7
1 5 0 3 5 6 7 5 0 3 4 5 7 5 0 1 2 6 7 5 2 3 5 6 7
1 5 0 3 4 5 6 5 0 4 5 6 7 5 0 1 2 6 7 5 2 3 5 6 7
1 5 0 2 3 4 5 5 0 1 2 3 5 5 1 3 4 5 6 5 1 2 3 6 7
1 5 0 2 3 5 6 5 0 1 2 3 6 5 1 3 4 5 6 5 1 2 3 6 7
1 5 0 2 3 4 5 5 0 1 2 3 5 5 1 4 5 6 7 5 1 2 3 4 7
1 5 0 2 3 5 6 5 0 1 2 3 6 5 1 4 5 6 7 5 1 2 3 4 7
1 5 0 2 3 6 7 5 0 1 2 3 7 5 1 4 5 6 7 5 1 2 3 4 7
1 5 0 3 4 5 6 5 0 1 3 4 6 5 1 4 5 6 7 5 1 2 3 4 7
1 5 0 3 4 6 7 5 0 1 3 4 7 5 1 4 5 6 7 5 1 2 3 4 7
1 5 0 2 3 4 5 5 0 1 2 3 5 5 1 2 3 4 5 5 2 3 5 6 7
1 5 0 2 3 4 5 5 0 1 2 3 5 5 1 2 4 5 6 5 2 3 4 6 7
1 5 0 2 3 5 6 5 0 1 2 3 6 5 1 2 4 5 6 5 2 3 4 6 7
1 5 0 2 3 5 6 5 0 1 2 3 6 5 1 2 5 6 7 5 2 3 4 5 7
1 5 0 2 3 6 7 5 0 1 2 3 7 5 1 2 5 6 7 5 2 3 4 5 7
1 5 0 3 4 5 6 5 0 1 3 4 6 5 1 2 4 5 6 5 2 3 4 6 7
1 5 0 3 4 5 6 5 0 1 3 4 6 5 1 2 5 6 7 5 2 3 4 5 7
1 5 0 3 4 6 7 5 0 1 3 4 7 5 1 2 5 6 7 5 2 3 4 5 7
1 5 0 4 5 6 7 5 0 1 4 5 7 5 1 2 5 6 7 5 2 3 4 5 7
1 5 0 3 4 5 6 5 0 1 3 4 6 5 1 2 3 5 6 5 3 4 5 6 7
1 5 0 3 4 6 7 5 0 1 3 4 7 5 1 2 3 6 7 5 3 4 5 6 7
1 5 0 4 5 6 7 5 0 1 4 5 7 5 1 2 3 6 7 5 3 4 5 6 7
1 5 0 1 2 3 4 5 1 2 3 4 5 5 1 3 4 5 6 5 1 2 3 6 7
1 5 0 1 2 3 5 5 1 2 3 5 6 5 1 3 4 5 6 5 1 2 3 6 7
1 5 0 1 2 3 4 5 1 2 3 4 5 5 1 4 5 6 7 5 1 2 3 4 7
1 5 0 1 2 3 5 5 1 2 3 5 6 5 1 4 5 6 7 5 1 2 3 4 7
1 5 0 1 2 3 6 5 1 2 3 6 7 5 1 4 5 6 7 5 1 2 3 4 7
1 5 0 1 3 4 5 5 1 3 4 5 6 5 1 4 5 6 7 5 1 2 3 4 7
1 5 0 1 3 4 6 5 1 3 4 6 7 5 1 4 5 6 7 5 1 2 3 4 7
1 5 0 1 2 3 4 5 1 2 3 4 5 5 1 2 3 4 5 5 2 3 5 6 7
1 5 0 1 2 3 4 5 1 2 3 4 5 5 1 2 4 5 6 5 2 3 4 6 7
1 5 0 1 2 3 5 5 1 2 3 5 6 5 1 2 4 5 6 5 2 3 4 6 7
1 5 0 1 2 3 5 5 1 2 3 5 6 5 1 2 5 6 7 5 2 3 4 5 7
1 5 0 1 2 3 6 5 1 2 3 6 7 5 1 2 5 6 7 5 2 3 4 5 7
1 5 0 1 3 4 5 5 1 3 4 5 6 5 1 2 4 5 6 5 2 3 4 6 7
1 5 0 1 3 4 5 5 1 3 4 5 6 5 1 2 5 6 7 5 2 3 4 5 7
1 5 0 1 3 4 6 5 1 3 4 6 7 5 1 2 5 6 7 5 2 3 4 5 7
1 5 0 1 4 5 6 5 1 4 5 6 7 5 1 2 5 6 7 5 2 3 4 5 7
1 5 0 1 3 4 5 5 1 3 4 5 6 5 1 2 3 5 6 5 3 4 5 6 7
1 5 0 1 3 4 6 5 1 3 4 6 7 5 1 2 3 6 7 5 3 4 5 6 7
1 5 0 1 4 5 6 5 1 4 5 6 7 5 1 2 3 6 7 5 3 4 5 6 7
4 54
1 5 0 1 2 5 6 5 0 1 2 6 7 5 0 2 3 4 5 5 0 1 2 5 7
1 5 0 1 2 3 6 5 0 1 2 6 7 5 0 3 4 5 6 5 0 1 3 6 7
1 5 0 1 3 6 7 5 0 1 2 3 7 5 0 3 4 5 6 5 0 1 3 6 7
1 5 0 1 2 3 6 5 0 2 3 6 7 5 0 3 4 5 6 5 0 1 3 6 7
1 5 0 1 2 4 5 5 0 1 2 5 6 5 0 1 2 3 4 5 1 2 4 6 7
1 5 0 1 2 5 6 5 0 1 2 6 7 5 0 1 2 3 4 5 1 2 4 5 7
1 5 0 1 2 5 6 5 0 1 2 6 7 5 0 1 3 4 5 5 1 2 3 5 7
1 5 0 1 2 3 5 5 0 1 2 5 6 5 0 1 3 4 5 5 1 3 5 6 7
1 5 0 1 2 3 6 5 0 1 2 6 7 5 0 1 3 4 5 5 1 3 5 6 7
1 5 0 1 2 3 6 5 0 1 2 6 7 5 0 1 4 5 6 5 1 3 4 6 7
1 5 0 1 3 5 6 5 0 1 2 3 6 5 0 1 3 4 5 5 1 3 5 6 7
1 5 0 1 3 6 7 5 0 1 2 3 7 5 0 1 3 4 5 5 1 3 5 6 7
1 5 0 1 3 6 7 5 0 1 2 3 7 5 0 1 4 5 6 5 1 3 4 6 7
1 5 0 1 2 3 5 5 0 2 3 5 6 5 0 1 3 4 5 5 1 3 5 6 7
1 5 0 1 2 3 6 5 0 2 3 6 7 5 0 1 3 4 5 5 1 3 5 6 7
1 5 0 1 2 3 6 5 0 2 3 6 7 5 0 1 4 5 6 5 1 3 4 6 7
1 5 0 2 3 5 6 5 0 2 3 6 7 5 0 1 3 4 5 5 1 2 3 5 7
1 5 0 2 3 4 6 5 0 2 3 6 7 5 0 1 4 5 6 5 1 2 4 6 7
1 5 0 2 4 6 7 5 0 2 3 4 7 5 0 1 4 5 6 5 1 2 4 6 7
1 5 0 2 3 4 6 5 0 3 4 6 7 5 0 1 4 5 6 5 1 2 4 6 7
1 5 0 2 3 4 5 5 0 2 3 5 6 5 0 1 2 3 4 5 2 3 4 6 7
1 5 0 2 3 5 6 5 0 2 3 6 7 5 0 1 2 3 4 5 2 3 4 5 7
1 5 0 2 3 5 6 5 0 2 3 6 7 5 0 1 2 4 5 5 2 3 4 5 7
1 5 0 2 3 4 5 5 0 2 3 5 6 5 0 1 2 4 5 5 2 4 5 6 7
1 5 0 2 3 4 6 5 0 2 3 6 7 5 0 1 2 4 5 5 2 4 5 6 7
1 5 0 2 3 4 6 5 0 2 3 6 7 5 0 1 2 5 6 5 2 4 5 6 7
1 5 0 2 4 5 6 5 0 2 3 4 6 5 0 1 2 4 5 5 2 4 5 6 7
1 5 0 2 4 6 7 5 0 2 3 4 7 5 0 1 2 4 5 5 2 4 5 6 7
1 5 0 2 4 6 7 5 0 2 3 4 7 5 0 1 2 5 6 5 2 4 5 6 7
1 5 0 2 3 4 5 5 0 3 4 5 6 5 0 1 2 4 5 5 2 4 5 6 7
1 5 0 2 3 4 6 5 0 3 4 6 7 5 0 1 2 4 5 5 2 4 5 6 7
1 5 0 2 3 4 6 5 0 3 4 6 7 5 0 1 2 5 6 5 2 4 5 6 7
1 5 0 3 4 5 6 5 0 3 4 6 7 5 0 1 2 4 5 5 2 3 4 5 7
1 5 0 3 4 5 6 5 0 3 4 6 7 5 0 1 2 5 6 5 2 3 5 6 7
1 5 0 3 5 6 7 5 0 3 4 5 7 5 0 1 2 5 6 5 2 3 5 6 7
1 5 0 3 4 5 6 5 0 4 5 6 7 5 0 1 2 5 6 5 2 3 5 6 7
1 5 0 2 3 6 7 5 0 1 2 3 7 5 1 3 4 5 6 5 1 2 3 6 7
1 5 0 2 3 5 6 5 0 1 2 3 6 5 1 2 3 4 5 5 2 3 5 6 7
1 5 0 2 3 6 7 5 0 1 2 3 7 5 1 2 3 4 5 5 2 3 5 6 7
1 5 0 2 3 6 7 5 0 1 2 3 7 5 1 2 4 5 6 5 2 3 4 6 7
1 5 0 3 4 6 7 5 0 1 3 4 7 5 1 2 4 5 6 5 2 3 4 6 7
1 5 0 3 4 5 6 5 0 1 3 4 6 5 1 2 3 4 5 5 3 4 5 6 7
1 5 0 3 4 6 7 5 0 1 3 4 7 5 1 2 3 4 5 5 3 4 5 6 7
1 5 0 3 4 6 7 5 0 1 3 4 7 5 1 2 3 5 6 5 3 4 5 6 7
1 5 0 4 5 6 7 5 0 1 4 5 7 5 1 2 3 5 6 5 3 4 5 6 7
1 5 0 1 2 3 6 5 1 2 3 6 7 5 1 3 4 5 6 5 1 2 3 6 7
1 5 0 1 2 3 5 5 1 2 3 5 6 5 1 2 3 4 5 5 2 3 5 6 7
1 5 0 1 2 3 6 5 1 2 3 6 7 5 1 2 3 4 5 5 2 3 5 6 7
1 5 0 1 2 3 6 5 1 2 3 6 7 5 1 2 4 5 6 5 2 3 4 6 7
1 5 0 1 3 4 6 5 1 3 4 6 7 5 1 2 4 5 6 5 2 3 4 6 7
1 5 0 1 3 4 5 5 1 3 4 5 6 5 1 2 3 4 5 5 3 4 5 6 7
1 5 0 1 3 4 6 5 1 3 4 6 7 5 1 2 3 4 5 5 3 4 5 6 7
1 5 0 1 3 4 6 5 1 3 4 6 7 5 1 2 3 5 6 5 3 4 5 6 7
1 5 0 1 4 5 6 5 1 4 5 6 7 5 1 2 3 5 6 5 3 4 5 6 7
4 9
1 5 0 1 2 3 4 5 0 1 2 3 4 5 0 1 2 4 5 5 0 1 5 6 7
1 5 0 1 3 4 5 5 0 1 3 4 5 5 0 1 2 3 5 5 0 1 5 6 7
1 5 0 2 3 4 5 5 0 2 3 4 5 5 0 2 3 5 6 5 0 1 2 6 7
1 5 0 2 4 5 6 5 0 2 4 5 6 5 0 2 3 4 6 5 0 1 2 6 7
1 5 0 3 4 5 6 5 0 3 4 5 6 5 0 3 4 6 7 5 0 1 2 3 7
1 5 0 3 5 6 7 5 0 3 5 6 7 5 0 3 4 5 7 5 0 1 2 3 7
1 5 0 2 3 4 5 5 0 2 3 4 5 5 0 1 2 3 5 5 1 2 5 6 7
1 5 0 3 4 5 6 5 0 3 4 5 6 5 0 1 3 4 6 5 1 2 3 6 7
1 5 0 4 5 6 7 5 0 4 5 6 7 5 0 1 4 5 7 5 1 2 3 4 7
4 48
1 5 0 1 2 4 5 5 0 1 2 3 4 5 0 1 2 5 6 5 0 1 5 6 7
1 5 0 1 2 4 5 5 0 1 2 3 4 5 0 1 2 6 7 5 0 1 5 6 7
1 5 0 1 2 3 5 5 0 1 3 4 5 5 0 1 2 5 6 5 0 1 5 6 7
1 5 0 1 2 3 5 5 0 1 3 4 5 5 0 1 2 6 7 5 0 1 5 6 7
1 5 0 1 2 3 4 5 0 1 2 3 4 5 0 2 4 5 6 5 0 1 4 6 7
1 5 0 1 2 3 4 5 0 1 2 3 4 5 0 2 5 6 7 5 0 1 4 5 7
1 5 0 1 3 4 5 5 0 1 2 3 4 5 0 2 3 5 6 5 0 1 5 6 7
1 5 0 1 3 4 5 5 0 1 2 3 4 5 0 2 3 6 7 5 0 1 5 6 7
1 5 0 1 3 4 5 5 0 1 2 4 5 5 0 2 3 5 6 5 0 1 5 6 7
1 5 0 1 3 4 5 5 0 1 2 4 5 5 0 2 3 6 7 5 0 1 5 6 7
1 5 0 1 2 3 5 5 0 2 3 4 5 5 0 2 3 5 6 5 0 1 5 6 7
1 5 0 1 2 3 5 5 0 2 3 4 5 5 0 2 3 6 7 5 0 1 5 6 7
1 5 0 1 2 4 5 5 0 2 3 4 5 5 0 3 4 5 6 5 0 1 5 6 7
1 5 0 1 2 4 5 5 0 2 3 4 5 5 0 3 4 6 7 5 0 1 5 6 7
1 5 0 2 3 5 6 5 0 2 3 4 5 5 0 2 3 6 7 5 0 1 2 6 7
1 5 0 2 3 4 6 5 0 2 4 5 6 5 0 2 3 6 7 5 0 1 2 6 7
1 5 0 2 3 4 5 5 0 2 3 4 5 5 0 3 5 6 7 5 0 1 2 5 7
1 5 0 2 4 5 6 5 0 2 3 4 5 5 0 3 4 6 7 5 0 1 2 6 7
1 5 0 2 4 5 6 5 0 2 3 5 6 5 0 3 4 6 7 5 0 1 2 6 7
1 5 0 2 3 4 6 5 0 3 4 5 6 5 0 3 4 6 7 5 0 1 2 6 7
1 5 0 2 3 5 6 5 0 3 4 5 6 5 0 4 5 6 7 5 0 1 2 6 7
1 5 0 1 2 3 4 5 0 1 2 3 4 5 0 1 2 4 5 5 1 4 5 6 7
1 5 0 1 2 3 4 5 0 1 2 3 4 5 0 1 2 5 6 5 1 4 5 6 7
1 5 0 1 2 3 4 5 0 1 2 3 4 5 0 1 2 6 7 5 1 4 5 6 7
1 5 0 2 3 4 5 5 0 2 3 4 5 5 0 1 3 5 6 5 1 2 5 6 7
1 5 0 2 3 4 5 5 0 2 3 4 5 5 0 1 3 6 7 5 1 2 5 6 7
1 5 0 3 4 5 6 5 0 3 4 5 6 5 0 1 4 6 7 5 1 2 3 6 7
1 5 0 1 2 3 4 5 0 1 2 3 4 5 1 2 3 4 5 5 1 4 5 6 7
1 5 0 1 2 3 4 5 0 1 2 3 4 5 1 2 3 5 6 5 1 4 5 6 7
1 5 0 1 2 3 4 5 0 1 2 3 4 5 1 2 3 6 7 5 1 4 5 6 7
1 5 0 2 3 4 5 5 0 1 2 3 4 5 1 2 3 5 6 5 1 2 5 6 7
1 5 0 2 3 4 5 5 0 1 2 3 4 5 1 2 3 6 7 5 1 2 5 6 7
1 5 0 2 3 4 5 5 0 1 2 4 5 5 1 2 3 5 6 5 1 2 5 6 7
1 5 0 2 3 4 5 5 0 1 2 4 5 5 1 2 3 6 7 5 1 2 5 6 7
1 5 0 2 3 4 5 5 0 1 3 4 5 5 1 3 4 5 6 5 1 2 5 6 7
1 5 0 2 3 4 5 5 0 1 3 4 5 5 1 3 4 6 7 5 1 2 5 6 7
1 5 0 3 4 5 6 5 0 1 3 4 5 5 1 3 4 6 7 5 1 2 3 6 7
1 5 0 3 4 5 6 5 0 1 3 5 6 5 1 3 4 6 7 5 1 2 3 6 7
1 5 0 3 4 5 6 5 0 1 4 5 6 5 1 4 5 6 7 5 1 2 3 6 7
1 5 0 1 2 3 5 5 1 2 3 4 5 5 1 2 3 5 6 5 1 2 5 6 7
1 5 0 1 2 3 5 5 1 2 3 4 5 5 1 2 3 6 7 5 1 2 5 6 7
1 5 0 1 2 4 5 5 1 2 3 4 5 5 1 3 4 5 6 5 1 2 5 6 7
1 5 0 1 2 4 5 5 1 2 3 4 5 5 1 3 4 6 7 5 1 2 5 6 7
1 5 0 1 3 4 6 5 1 3 4 5 6 5 1 3 4 6 7 5 1 2 3 6 7
1 5 0 1 3 5 6 5 1 3 4 5 6 5 1 4 5 6 7 5 1 2 3 6 7
1 5 0 1 3 4 5 5 1 2 3 4 5 5 2 3 4 5 6 5 2 3 5 6 7
1 5 0 1 3 4 5 5 1 2 3 4 5 5 2 3 4 6 7 5 2 3 5 6 7
1 5 0 1 4 5 6 5 1 2 4 5 6 5 2 4 5 6 7 5 2 3 4 6 7
4 60
1 5 0 1 2 3 4 5 0 1 4 5 6 5 0 1 2 6 7 5 0 1 4 5 7
1 5 0 1 2 3 4 5 0 1 4 5 6 5 0 1 2 6 7 5 0 1 5 6 7
1 5 0 1 3 4 5 5 0 1 5 6 7 5 0 1 2 3 7 5 0 1 5 6 7
1 5 0 1 2 3 4 5 0 1 2 4 5 5 0 2 5 6 7 5 0 1 4 5 7
1 5 0 1 3 4 5 5 0 1 2 5 6 5 0 2 3 6 7 5 0 1 5 6 7
1 5 0 1 2 3 4 5 0 2 4 5 6 5 0 2 3 6 7 5 0 1 4 5 7
1 5 0 1 2 3 4 5 0 2 4 5 6 5 0 2 3 6 7 5 0 1 5 6 7
1 5 0 1 2 4 5 5 0 2 5 6 7 5 0 2 3 4 7 5 0 1 5 6 7
1 5 0 1 2 3 4 5 0 2 3 4 5 5 0 3 5 6 7 5 0 1 4 5 7
1 5 0 1 2 4 5 5 0 2 3 5 6 5 0 3 4 6 7 5 0 1 5 6 7
1 5 0 1 2 3 4 5 0 3 4 5 6 5 0 3 4 6 7 5 0 1 4 5 7
1 5 0 1 2 3 4 5 0 3 4 5 6 5 0 3 4 6 7 5 0 1 5 6 7
1 5 0 1 2 3 5 5 0 3 5 6 7 5 0 3 4 5 7 5 0 1 5 6 7
1 5 0 1 2 3 5 5 0 3 4 5 6 5 0 4 5 6 7 5 0 1 5 6 7
1 5 0 1 2 3 4 5 0 1 2 4 5 5 0 1 2 5 6 5 1 4 5 6 7
1 5 0 1 2 3 4 5 0 1 2 4 6 5 0 1 2 6 7 5 1 4 5 6 7
1 5 0 1 2 3 4 5 0 2 4 5 6 5 0 1 2 3 6 5 1 4 5 6 7
1 5 0 1 2 3 4 5 0 2 4 6 7 5 0 1 2 3 7 5 1 4 5 6 7
1 5 0 1 2 3 4 5 0 2 3 4 5 5 0 1 3 5 6 5 1 4 5 6 7
1 5 0 1 2 3 4 5 0 2 3 4 6 5 0 1 3 6 7 5 1 4 5 6 7
1 5 0 1 2 3 4 5 0 3 4 5 6 5 0 1 3 4 6 5 1 4 5 6 7
1 5 0 1 2 3 4 5 0 3 4 6 7 5 0 1 3 4 7 5 1 4 5 6 7
1 5 0 2 3 4 5 5 0 2 5 6 7 5 0 1 2 3 7 5 1 2 5 6 7
1 5 0 2 3 4 5 5 0 2 3 5 6 5 0 1 3 6 7 5 1 2 5 6 7
1 5 0 2 3 4 5 5 0 3 5 6 7 5 0 1 3 4 7 5 1 2 5 6 7
1 5 0 2 3 4 5 5 0 3 4 5 6 5 0 1 4 6 7 5 1 2 5 6 7
1 5 0 2 3 4 5 5 0 4 5 6 7 5 0 1 4 5 7 5 1 2 5 6 7
1 5 0 1 2 3 4 5 0 1 2 4 5 5 1 2 3 5 6 5 1 4 5 6 7
1 5 0 1 2 3 4 5 0 1 2 4 6 5 1 2 3 6 7 5 1 4 5 6 7
1 5 0 1 2 3 4 5 0 1 3 4 5 5 1 3 4 5 6 5 1 4 5 6 7
1 5 0 1 2 3 4 5 0 1 3 4 6 5 1 3 4 6 7 5 1 4 5 6 7
1 5 0 2 3 4 5 5 0 1 2 5 6 5 1 2 3 6 7 5 1 2 5 6 7
1 5 0 2 3 4 5 5 0 1 3 5 6 5 1 3 4 6 7 5 1 2 5 6 7
1 5 0 2 3 4 5 5 0 1 4 5 6 5 1 4 5 6 7 5 1 2 5 6 7
1 5 0 1 2 3 4 5 1 2 4 5 6 5 1 2 3 6 7 5 1 2 4 5 7
1 5 0 1 2 3 4 5 1 2 4 5 6 5 1 2 3 6 7 5 1 2 5 6 7
1 5 0 1 2 4 5 5 1 2 5 6 7 5 1 2 3 4 7 5 1 2 5 6 7
1 5 0 1 2 3 4 5 1 2 3 4 5 5 1 3 5 6 7 5 1 2 4 5 7
1 5 0 1 2 4 5 5 1 2 3 5 6 5 1 3 4 6 7 5 1 2 5 6 7
1 5 0 1 2 3 4 5 1 3 4 5 6 5 1 3 4 6 7 5 1 2 4 5 7
1 5 0 1 2 3 4 5 1 3 4 5 6 5 1 3 4 6 7 5 1 2 5 6 7
1 5 0 1 2 3 5 5 1 3 5 6 7 5 1 3 4 5 7 5 1 2 5 6 7
1 5 0 1 2 3 5 5 1 3 4 5 6 5 1 4 5 6 7 5 1 2 5 6 7
1 5 0 1 2 3 4 5 1 2 3 4 5 5 1 2 3 5 6 5 2 4 5 6 7
1 5 0 1 2 3 4 5 1 2 3 4 6 5 1 2 3 6 7 5 2 4 5 6 7
1 5 0 1 2 3 4 5 1 3 4 5 6 5 1 2 3 4 6 5 2 4 5 6 7
1 5 0 1 2 3 4 5 1 3 4 6 7 5 1 2 3 4 7 5 2 4 5 6 7
1 5 0 1 3 4 5 5 1 3 5 6 7 5 1 2 3 4 7 5 2 3 5 6 7
1 5 0 1 3 4 5 5 1 3 4 5 6 5 1 2 4 6 7 5 2 3 5 6 7
1 5 0 1 3 4 5 5 1 4 5 6 7 5 1 2 4 5 7 5 2 3 5 6 7
1 5 0 1 2 3 4 5 1 2 3 4 5 5 2 3 4 5 6 5 2 4 5 6 7
1 5 0 1 2 3 4 5 1 2 3 4 6 5 2 3 4 6 7 5 2 4 5 6 7
1 5 0 1 3 4 5 5 1 2 3 5 6 5 2 3 4 6 7 5 2 3 5 6 7
1 5 0 1 3 4 5 5 1 2 4 5 6 5 2 4 5 6 7 5 2 3 5 6 7
1 5 0 1 2 3 4 5 2 3 4 5 6 5 2 3 4 6 7 5 2 3 4 5 7
1 5 0 1 2 3 4 5 2 3 4 5 6 5 2 3 4 6 7 5 2 3 5 6 7
1 5 0 1 2 3 5 5 2 3 5 6 7 5 2 3 4 5 7 5 2 3 5 6 7
1 5 0 1 2 3 5 5 2 3 4 5 6 5 2 4 5 6 7 5 2 3 5 6 7
1 5 0 1 2 4 5 5 2 4 5 6 7 5 2 3 4 5 7 5 3 4 5 6 7
1 5 0 1 2 4 5 5 2 3 4 5 6 5 3 4 5 6 7 5 3 4 5 6 7
4 24
1 5 0 1 2 3 4 5 0 1 4 5 6 5 0 1 2 6 7 5 0 1 4 5 6
1 5 0 1 3 4 5 5 0 1 5 6 7 5 0 1 2 3 7 5 0 1 5 6 7
1 5 0 1 2 3 4 5 0 2 4 5 6 5 0 2 3 6 7 5 0 1 4 5 6
1 5 0 1 2 4 5 5 0 2 5 6 7 5 0 2 3 4 7 5 0 1 5 6 7
1 5 0 1 2 3 4 5 0 3 4 5 6 5 0 3 4 6 7 5 0 1 4 5 6
1 5 0 1 2 3 5 5 0 3 5 6 7 5 0 3 4 5 7 5 0 1 5 6 7
1 5 0 1 2 3 4 5 0 2 4 5 6 5 0 1 2 3 7 5 1 4 5 6 7
1 5 0 1 2 3 4 5 0 2 4 6 7 5 0 1 2 3 7 5 1 4 5 6 7
1 5 0 1 2 3 4 5 0 3 4 5 6 5 0 1 3 4 7 5 1 4 5 6 7
1 5 0 1 2 3 4 5 0 3 4 6 7 5 0 1 3 4 7 5 1 4 5 6 7
1 5 0 2 3 4 5 5 0 2 5 6 7 5 0 1 2 3 7 5 1 2 5 6 7
1 5 0 2 3 4 5 5 0 3 5 6 7 5 0 1 3 4 7 5 1 2 5 6 7
1 5 0 2 3 4 5 5 0 4 5 6 7 5 0 1 4 5 7 5 1 2 5 6 7
1 5 0 1 2 3 4 5 1 2 4 5 6 5 1 2 3 6 7 5 1 2 4 5 6
1 5 0 1 2 4 5 5 1 2 5 6 7 5 1 2 3 4 7 5 1 2 5 6 7
1 5 0 1 2 3 4 5 1 3 4 5 6 5 1 3 4 6 7 5 1 2 4 5 6
1 5 0 1 2 3 5 5 1 3 5 6 7 5 1 3 4 5 7 5 1 2 5 6 7
1 5 0 1 2 3 4 5 1 3 4 5 6 5 1 2 3 4 7 5 2 4 5 6 7
1 5 0 1 2 3 4 5 1 3 4 6 7 5 1 2 3 4 7 5 2 4 5 6 7
1 5 0 1 3 4 5 5 1 3 5 6 7 5 1 2 3 4 7 5 2 3 5 6 7
1 5 0 1 3 4 5 5 1 4 5 6 7 5 1 2 4 5 7 5 2 3 5 6 7
1 5 0 1 2 3 4 5 2 3 4 5 6 5 2 3 4 6 7 5 2 3 4 5 6
1 5 0 1 2 3 5 5 2 3 5 6 7 5 2 3 4 5 7 5 2 3 5 6 7
1 5 0 1 2 4 5 5 2 4 5 6 7 5 2 3 4 5 7 5 3 4 5 6 7
4 146
1 5 0 1 2 3 4 5 0 1 4 5 6 5 0 1 2 6 7 5 0 1 2 3 7
1 5 0 1 2 3 4 5 0 1 4 5 6 5 0 1 2 6 7 5 0 1 3 4 7
1 5 0 1 3 4 5 5 0 1 5 6 7 5 0 1 2 3 7 5 0 1 3 4 7
1 5 0 1 3 4 5 5 0 1 5 6 7 5 0 1 2 3 7 5 0 1 4 5 7
1 5 0 1 2 3 4 5 0 1 2 4 5 5 0 2 5 6 7 5 0 1 2 3 7
1 5 0 1 2 3 4 5 0 1 2 4 5 5 0 2 5 6 7 5 0 1 3 4 7
1 5 0 1 3 4 5 5 0 1 2 5 6 5 0 2 3 6 7 5 0 1 3 4 7
1 5 0 1 3 4 5 5 0 1 2 5 6 5 0 2 3 6 7 5 0 1 4 5 7
1 5 0 1 4 5 6 5 0 1 2 6 7 5 0 2 3 4 7 5 0 1 4 5 7
1 5 0 1 4 5 6 5 0 1 2 6 7 5 0 2 3 4 7 5 0 1 5 6 7
1 5 0 1 3 4 5 5 0 1 2 3 5 5 0 3 5 6 7 5 0 1 3 4 7
1 5 0 1 3 4 5 5 0 1 2 3 5 5 0 3 5 6 7 5 0 1 4 5 7
1 5 0 1 4 5 6 5 0 1 2 3 6 5 0 3 4 6 7 5 0 1 4 5 7
1 5 0 1 4 5 6 5 0 1 2 3 6 5 0 3 4 6 7 5 0 1 5 6 7
1 5 0 1 5 6 7 5 0 1 2 3 7 5 0 3 4 5 7 5 0 1 5 6 7
1 5 0 1 2 3 4 5 0 2 4 5 6 5 0 2 3 6 7 5 0 1 3 4 7
1 5 0 1 2 4 5 5 0 2 5 6 7 5 0 2 3 4 7 5 0 1 4 5 7
1 5 0 1 2 3 4 5 0 2 3 4 5 5 0 3 5 6 7 5 0 1 3 4 7
1 5 0 1 2 4 5 5 0 2 3 5 6 5 0 3 4 6 7 5 0 1 4 5 7
1 5 0 1 2 5 6 5 0 2 3 6 7 5 0 3 4 5 7 5 0 1 5 6 7
1 5 0 1 2 4 5 5 0 2 3 4 5 5 0 4 5 6 7 5 0 1 4 5 7
1 5 0 1 2 5 6 5 0 2 3 4 6 5 0 4 5 6 7 5 0 1 5 6 7
1 5 0 1 2 3 4 5 0 1 2 4 5 5 0 1 2 5 6 5 1 2 3 6 7
1 5 0 1 2 4 5 5 0 1 2 5 6 5 0 1 2 6 7 5 1 2 3 4 7
1 5 0 1 2 3 4 5 0 1 2 4 5 5 0 1 2 5 6 5 1 3 4 6 7
1 5 0 1 2 3 5 5 0 1 2 5 6 5 0 1 2 6 7 5 1 3 4 5 7
1 5 0 1 3 4 5 5 0 1 2 5 6 5 0 1 2 3 6 5 1 3 4 6 7
1 5 0 1 3 5 6 5 0 1 2 6 7 5 0 1 2 3 7 5 1 3 4 5 7
1 5 0 1 3 4 5 5 0 1 2 5 6 5 0 1 2 3 6 5 1 4 5 6 7
1 5 0 1 3 4 6 5 0 1 2 6 7 5 0 1 2 3 7 5 1 4 5 6 7
1 5 0 1 3 4 5 5 0 1 2 3 5 5 0 1 3 5 6 5 1 3 4 6 7
1 5 0 1 3 5 6 5 0 1 2 3 6 5 0 1 3 6 7 5 1 3 4 5 7
1 5 0 1 3 4 5 5 0 1 2 3 5 5 0 1 3 5 6 5 1 4 5 6 7
1 5 0 1 3 4 6 5 0 1 2 3 6 5 0 1 3 6 7 5 1 4 5 6 7
1 5 0 1 4 5 6 5 0 1 2 3 6 5 0 1 3 4 6 5 1 4 5 6 7
1 5 0 1 4 6 7 5 0 1 2 3 7 5 0 1 3 4 7 5 1 4 5 6 7
1 5 0 1 2 3 4 5 0 2 4 5 6 5 0 1 2 3 6 5 1 3 4 6 7
1 5 0 1 2 3 5 5 0 2 5 6 7 5 0 1 2 3 7 5 1 3 4 5 7
1 5 0 1 2 3 4 5 0 2 3 4 5 5 0 1 3 5 6 5 1 3 4 6 7
1 5 0 1 2 3 5 5 0 2 3 5 6 5 0 1 3 6 7 5 1 3 4 5 7
1 5 0 1 2 4 5 5 0 2 3 5 6 5 0 1 3 4 6 5 1 4 5 6 7
1 5 0 1 2 4 6 5 0 2 3 6 7 5 0 1 3 4 7 5 1 4 5 6 7
1 5 0 1 2 4 5 5 0 2 3 4 5 5 0 1 4 5 6 5 1 4 5 6 7
1 5 0 1 2 4 6 5 0 2 3 4 6 5 0 1 4 6 7 5 1 4 5 6 7
1 5 0 2 3 4 5 5 0 2 5 6 7 5 0 1 2 3 7 5 1 2 3 4 7
1 5 0 2 3 4 5 5 0 2 5 6 7 5 0 1 2 3 7 5 1 2 4 5 7
1 5 0 2 3 4 5 5 0 2 3 5 6 5 0 1 3 6 7 5 1 2 3 4 7
1 5 0 2 3 4 5 5 0 2 3 5 6 5 0 1 3 6 7 5 1 2 4 5 7
1 5 0 2 4 5 6 5 0 2 3 6 7 5 0 1 3 4 7 5 1 2 4 5 7
1 5 0 2 4 5 6 5 0 2 3 6 7 5 0 1 3 4 7 5 1 2 5 6 7
1 5 0 2 4 5 6 5 0 2 3 4 6 5 0 1 4 6 7 5 1 2 4 5 7
1 5 0 2 4 5 6 5 0 2 3 4 6 5 0 1 4 6 7 5 1 2 5 6 7
1 5 0 2 5 6 7 5 0 2 3 4 7 5 0 1 4 5 7 5 1 2 5 6 7
1 5 0 2 3 4 5 5 0 3 5 6 7 5 0 1 3 4 7 5 1 2 4 5 7
1 5 0 2 3 4 5 5 0 3 4 5 6 5 0 1 4 6 7 5 1 2 4 5 7
1 5 0 2 3 5 6 5 0 3 4 6 7 5 0 1 4 5 7 5 1 2 5 6 7
1 5 0 2 3 5 6 5 0 3 4 5 6 5 0 1 5 6 7 5 1 2 5 6 7
1 5 0 2 3 4 5 5 0 2 3 5 6 5 0 1 2 3 6 5 2 3 4 6 7
1 5 0 2 3 5 6 5 0 2 3 6 7 5 0 1 2 3 7 5 2 3 4 5 7
1 5 0 2 3 4 5 5 0 2 3 5 6 5 0 1 2 3 6 5 2 4 5 6 7
1 5 0 2 3 4 6 5 0 2 3 6 7 5 0 1 2 3 7 5 2 4 5 6 7
1 5 0 2 4 5 6 5 0 2 3 4 6 5 0 1 2 4 6 5 2 4 5 6 7
1 5 0 2 4 6 7 5 0 2 3 4 7 5 0 1 2 4 7 5 2 4 5 6 7
1 5 0 2 3 4 5 5 0 3 4 5 6 5 0 1 2 4 6 5 2 4 5 6 7
1 5 0 2 3 4 6 5 0 3 4 6 7 5 0 1 2 4 7 5 2 4 5 6 7
1 5 0 3 4 5 6 5 0 3 4 6 7 5 0 1 2 4 7 5 2 3 4 5 7
1 5 0 3 4 5 6 5 0 3 4 6 7 5 0 1 2 4 7 5 2 3 5 6 7
1 5 0 3 5 6 7 5 0 3 4 5 7 5 0 1 2 5 7 5 2 3 5 6 7
1 5 0 3 4 5 6 5 0 4 5 6 7 5 0 1 2 5 7 5 2 3 5 6 7
1 5 0 1 2 3 4 5 0 1 2 4 5 5 1 2 3 5 6 5 1 3 4 6 7
1 5 0 1 2 3 5 5 0 1 2 5 6 5 1 2 3 6 7 5 1 3 4 5 7
1 5 0 1 2 4 5 5 0 1 2 5 6 5 1 2 3 4 6 5 1 4 5 6 7
1 5 0 1 2 4 6 5 0 1 2 6 7 5 1 2 3 4 7 5 1 4 5 6 7
1 5 0 1 2 3 4 5 0 1 2 3 4 5 1 3 4 5 6 5 1 3 4 6 7
1 5 0 1 2 3 5 5 0 1 2 3 5 5 1 3 5 6 7 5 1 3 4 5 7
1 5 0 1 2 4 5 5 0 1 2 3 5 5 1 3 4 5 6 5 1 4 5 6 7
1 5 0 1 2 4 6 5 0 1 2 3 6 5 1 3 4 6 7 5 1 4 5 6 7
1 5 0 2 3 4 5 5 0 1 2 5 6 5 1 2 3 6 7 5 1 2 3 4 7
1 5 0 2 3 4 5 5 0 1 2 5 6 5 1 2 3 6 7 5 1 2 4 5 7
1 5 0 2 4 5 6 5 0 1 2 6 7 5 1 2 3 4 7 5 1 2 4 5 7
1 5 0 2 4 5 6 5 0 1 2 6 7 5 1 2 3 4 7 5 1 2 5 6 7
1 5 0 2 3 4 5 5 0 1 2 3 5 5 1 3 5 6 7 5 1 2 3 4 7
1 5 0 2 3 4 5 5 0 1 2 3 5 5 1 3 5 6 7 5 1 2 4 5 7
1 5 0 2 4 5 6 5 0 1 2 3 6 5 1 3 4 6 7 5 1 2 4 5 7
1 5 0 2 4 5 6 5 0 1 2 3 6 5 1 3 4 6 7 5 1 2 5 6 7
1 5 0 2 5 6 7 5 0 1 2 3 7 5 1 3 4 5 7 5 1 2 5 6 7
1 5 0 2 3 4 5 5 0 1 3 5 6 5 1 3 4 6 7 5 1 2 4 5 7
1 5 0 2 3 5 6 5 0 1 3 6 7 5 1 3 4 5 7 5 1 2 5 6 7
1 5 0 2 3 4 5 5 0 1 3 4 5 5 1 4 5 6 7 5 1 2 4 5 7
1 5 0 2 3 5 6 5 0 1 3 4 6 5 1 4 5 6 7 5 1 2 5 6 7
1 5 0 2 3 4 5 5 0 1 2 3 5 5 1 2 3 5 6 5 2 3 4 6 7
1 5 0 2 3 5 6 5 0 1 2 3 6 5 1 2 3 6 7 5 2 3 4 5 7
1 5 0 2 3 4 5 5 0 1 2 3 5 5 1 2 3 5 6 5 2 4 5 6 7
1 5 0 2 3 4 6 5 0 1 2 3 6 5 1 2 3 6 7 5 2 4 5 6 7
1 5 0 2 4 5 6 5 0 1 2 3 6 5 1 2 3 4 6 5 2 4 5 6 7
1 5 0 2 4 6 7 5 0 1 2 3 7 5 1 2 3 4 7 5 2 4 5 6 7
1 5 0 2 3 4 5 5 0 1 3 5 6 5 1 2 3 4 6 5 2 4 5 6 7
1 5 0 2 3 4 6 5 0 1 3 6 7 5 1 2 3 4 7 5 2 4 5 6 7
1 5 0 2 3 4 5 5 0 1 3 4 5 5 1 2 4 5 6 5 2 4 5 6 7
1 5 0 2 3 4 6 5 0 1 3 4 6 5 1 2 4 6 7 5 2 4 5 6 7
1 5 0 3 4 5 6 5 0 1 3 6 7 5 1 2 3 4 7 5 2 3 4 5 7
1 5 0 3 4 5 6 5 0 1 3 6 7 5 1 2 3 4 7 5 2 3 5 6 7
1 5 0 3 4 5 6 5 0 1 3 4 6 5 1 2 4 6 7 5 2 3 4 5 7
1 5 0 3 4 5 6 5 0 1 3 4 6 5 1 2 4 6 7 5 2 3 5 6 7
1 5 0 3 5 6 7 5 0 1 3 4 7 5 1 2 4 5 7 5 2 3 5 6 7
1 5 0 3 4 5 6 5 0 1 4 6 7 5 1 2 4 5 7 5 2 3 5 6 7
1 5 0 3 4 5 6 5 0 1 4 5 6 5 1 2 5 6 7 5 2 3 5 6 7
1 5 0 3 4 5 6 5 0 1 3 4 6 5 1 2 3 4 6 5 3 4 5 6 7
1 5 0 3 4 6 7 5 0 1 3 4 7 5 1 2 3 4 7 5 3 4 5 6 7
1 5 0 4 5 6 7 5 0 1 4 5 7 5 1 2 3 5 7 5 3 4 5 6 7
1 5 0 2 3 4 5 5 0 1 2 3 5 5 2 3 4 5 6 5 2 4 5 6 7
1 5 0 2 3 4 6 5 0 1 2 3 6 5 2 3 4 6 7 5 2 4 5 6 7
1 5 0 3 4 5 6 5 0 1 2 3 6 5 2 3 4 6 7 5 2 3 4 5 7
1 5 0 3 4 5 6 5 0 1 2 3 6 5 2 3 4 6 7 5 2 3 5 6 7
1 5 0 3 5 6 7 5 0 1 2 3 7 5 2 3 4 5 7 5 2 3 5 6 7
1 5 0 3 4 5 6 5 0 1 2 4 6 5 2 4 5 6 7 5 2 3 5 6 7
1 5 0 4 5 6 7 5 0 1 2 4 7 5 2 3 4 5 7 5 3 4 5 6 7
1 5 0 1 2 3 4 5 1 2 4 5 6 5 1 2 3 6 7 5 1 2 3 4 7
1 5 0 1 2 4 5 5 1 2 5 6 7 5 1 2 3 4 7 5 1 2 4 5 7
1 5 0 1 2 3 4 5 1 2 3 4 5 5 1 3 5 6 7 5 1 2 3 4 7
1 5 0 1 2 4 5 5 1 2 3 5 6 5 1 3 4 6 7 5 1 2 4 5 7
1 5 0 1 2 5 6 5 1 2 3 6 7 5 1 3 4 5 7 5 1 2 5 6 7
1 5 0 1 2 4 5 5 1 2 3 4 5 5 1 4 5 6 7 5 1 2 4 5 7
1 5 0 1 2 5 6 5 1 2 3 4 6 5 1 4 5 6 7 5 1 2 5 6 7
1 5 0 1 2 3 4 5 1 2 3 4 5 5 1 2 3 5 6 5 2 3 4 6 7
1 5 0 1 2 3 5 5 1 2 3 5 6 5 1 2 3 6 7 5 2 3 4 5 7
1 5 0 1 2 4 5 5 1 2 3 5 6 5 1 2 3 4 6 5 2 4 5 6 7
1 5 0 1 2 4 6 5 1 2 3 6 7 5 1 2 3 4 7 5 2 4 5 6 7
1 5 0 1 2 4 5 5 1 2 3 4 5 5 1 2 4 5 6 5 2 4 5 6 7
1 5 0 1 2 4 6 5 1 2 3 4 6 5 1 2 4 6 7 5 2 4 5 6 7
1 5 0 1 3 4 5 5 1 3 5 6 7 5 1 2 3 4 7 5 2 3 4 5 7
1 5 0 1 3 4 5 5 1 3 4 5 6 5 1 2 4 6 7 5 2 3 4 5 7
1 5 0 1 3 5 6 5 1 3 4 6 7 5 1 2 4 5 7 5 2 3 5 6 7
1 5 0 1 3 5 6 5 1 3 4 5 6 5 1 2 5 6 7 5 2 3 5 6 7
1 5 0 1 3 4 5 5 1 3 4 5 6 5 1 2 3 4 6 5 3 4 5 6 7
1 5 0 1 3 4 6 5 1 3 4 6 7 5 1 2 3 4 7 5 3 4 5 6 7
1 5 0 1 4 5 6 5 1 4 5 6 7 5 1 2 3 5 7 5 3 4 5 6 7
1 5 0 1 3 4 5 5 1 2 3 5 6 5 2 3 4 6 7 5 2 3 4 5 7
1 5 0 1 3 5 6 5 1 2 3 6 7 5 2 3 4 5 7 5 2 3 5 6 7
1 5 0 1 3 4 5 5 1 2 3 4 5 5 2 4 5 6 7 5 2 3 4 5 7
1 5 0 1 3 5 6 5 1 2 3 4 6 5 2 4 5 6 7 5 2 3 5 6 7
1 5 0 1 3 4 5 5 1 2 3 4 5 5 2 3 4 5 6 5 3 4 5 6 7
1 5 0 1 3 4 6 5 1 2 3 4 6 5 2 3 4 6 7 5 3 4 5 6 7
1 5 0 1 4 5 6 5 1 2 4 6 7 5 2 3 4 5 7 5 3 4 5 6 7
1 5 0 1 4 5 6 5 1 2 4 5 6 5 2 3 5 6 7 5 3 4 5 6 7
1 5 0 1 4 5 6 5 1 2 3 4 6 5 3 4 5 6 7 5 3 4 5 6 7
4 74
1 5 0 1 2 4 5 5 0 1 5 6 7 5 0 1 2 4 7 5 0 1 2 3 4
1 5 0 1 2 3 5 5 0 1 5 6 7 5 0 1 2 5 7 5 0 1 3 4 5
1 5 0 1 2 4 5 5 0 1 2 5 6 5 0 2 4 6 7 5 0 1 2 3 4
1 5 0 1 2 5 6 5 0 1 2 6 7 5 0 2 4 5 7 5 0 1 2 3 4
1 5 0 1 2 3 5 5 0 1 2 5 6 5 0 2 5 6 7 5 0 1 3 4 5
1 5 0 1 2 3 6 5 0 1 2 6 7 5 0 2 5 6 7 5 0 1 3 4 5
1 5 0 1 3 5 6 5 0 1 2 6 7 5 0 2 3 5 7 5 0 1 3 4 5
1 5 0 1 3 4 6 5 0 1 2 6 7 5 0 2 3 6 7 5 0 1 4 5 6
1 5 0 1 3 5 6 5 0 1 2 3 6 5 0 3 5 6 7 5 0 1 3 4 5
1 5 0 1 3 6 7 5 0 1 2 3 7 5 0 3 5 6 7 5 0 1 3 4 5
1 5 0 1 4 6 7 5 0 1 2 3 7 5 0 3 4 6 7 5 0 1 4 5 6
1 5 0 1 2 3 5 5 0 2 5 6 7 5 0 2 3 5 7 5 0 1 3 4 5
1 5 0 1 2 3 5 5 0 2 3 5 6 5 0 3 5 6 7 5 0 1 3 4 5
1 5 0 1 2 3 6 5 0 2 3 6 7 5 0 3 5 6 7 5 0 1 3 4 5
1 5 0 1 2 4 6 5 0 2 3 6 7 5 0 3 4 6 7 5 0 1 4 5 6
1 5 0 2 3 4 5 5 0 2 5 6 7 5 0 2 3 4 7 5 0 1 2 3 4
1 5 0 2 3 4 5 5 0 2 5 6 7 5 0 2 3 5 7 5 0 1 2 4 5
1 5 0 2 3 4 5 5 0 2 3 5 6 5 0 3 4 6 7 5 0 1 2 3 4
1 5 0 2 3 5 6 5 0 2 3 6 7 5 0 3 4 5 7 5 0 1 2 3 4
1 5 0 2 3 4 5 5 0 2 3 5 6 5 0 3 5 6 7 5 0 1 2 4 5
1 5 0 2 3 4 6 5 0 2 3 6 7 5 0 3 5 6 7 5 0 1 2 4 5
1 5 0 2 4 5 6 5 0 2 3 6 7 5 0 3 4 5 7 5 0 1 2 4 5
1 5 0 2 4 5 6 5 0 2 3 6 7 5 0 3 4 6 7 5 0 1 2 5 6
1 5 0 2 4 5 6 5 0 2 3 4 6 5 0 4 5 6 7 5 0 1 2 4 5
1 5 0 2 4 6 7 5 0 2 3 4 7 5 0 4 5 6 7 5 0 1 2 4 5
1 5 0 2 5 6 7 5 0 2 3 4 7 5 0 4 5 6 7 5 0 1 2 5 6
1 5 0 2 3 4 5 5 0 3 5 6 7 5 0 3 4 5 7 5 0 1 2 4 5
1 5 0 2 3 4 5 5 0 3 4 5 6 5 0 4 5 6 7 5 0 1 2 4 5
1 5 0 2 3 4 6 5 0 3 4 6 7 5 0 4 5 6 7 5 0 1 2 4 5
1 5 0 2 3 5 6 5 0 3 4 6 7 5 0 4 5 6 7 5 0 1 2 5 6
1 5 0 3 4 5 6 5 0 3 4 6 7 5 0 4 5 6 7 5 0 1 2 3 5
1 5 0 1 2 5 6 5 0 1 2 6 7 5 0 1 2 5 7 5 1 2 3 4 5
1 5 0 1 2 3 6 5 0 1 2 6 7 5 0 1 2 6 7 5 1 3 4 5 6
1 5 0 1 3 6 7 5 0 1 2 3 7 5 0 1 3 6 7 5 1 3 4 5 6
1 5 0 1 2 3 6 5 0 2 3 6 7 5 0 1 3 6 7 5 1 3 4 5 6
1 5 0 2 3 5 6 5 0 2 3 6 7 5 0 1 3 5 7 5 1 2 3 4 5
1 5 0 2 3 4 6 5 0 2 3 6 7 5 0 1 3 6 7 5 1 2 4 5 6
1 5 0 2 4 6 7 5 0 2 3 4 7 5 0 1 4 6 7 5 1 2 4 5 6
1 5 0 2 3 4 6 5 0 3 4 6 7 5 0 1 4 6 7 5 1 2 4 5 6
1 5 0 3 4 5 6 5 0 3 4 6 7 5 0 1 4 5 7 5 1 2 3 4 5
1 5 0 3 4 5 6 5 0 3 4 6 7 5 0 1 4 6 7 5 1 2 3 5 6
1 5 0 3 5 6 7 5 0 3 4 5 7 5 0 1 5 6 7 5 1 2 3 5 6
1 5 0 3 4 5 6 5 0 4 5 6 7 5 0 1 5 6 7 5 1 2 3 5 6
1 5 0 1 2 3 6 5 0 1 2 6 7 5 1 2 3 6 7 5 1 3 4 5 6
1 5 0 2 3 5 6 5 0 1 2 6 7 5 1 2 3 5 7 5 1 2 3 4 5
1 5 0 2 3 4 6 5 0 1 2 6 7 5 1 2 3 6 7 5 1 2 4 5 6
1 5 0 2 3 5 6 5 0 1 2 3 6 5 1 3 5 6 7 5 1 2 3 4 5
1 5 0 2 3 6 7 5 0 1 2 3 7 5 1 3 5 6 7 5 1 2 3 4 5
1 5 0 2 4 6 7 5 0 1 2 3 7 5 1 3 4 6 7 5 1 2 4 5 6
1 5 0 2 3 4 6 5 0 1 3 6 7 5 1 3 4 6 7 5 1 2 4 5 6
1 5 0 3 4 5 6 5 0 1 3 6 7 5 1 3 4 5 7 5 1 2 3 4 5
1 5 0 3 4 5 6 5 0 1 3 6 7 5 1 3 4 6 7 5 1 2 3 5 6
1 5 0 3 4 5 6 5 0 1 3 4 6 5 1 4 5 6 7 5 1 2 3 4 5
1 5 0 3 4 6 7 5 0 1 3 4 7 5 1 4 5 6 7 5 1 2 3 4 5
1 5 0 3 5 6 7 5 0 1 3 4 7 5 1 4 5 6 7 5 1 2 3 5 6
1 5 0 3 4 5 6 5 0 1 4 6 7 5 1 4 5 6 7 5 1 2 3 5 6
1 5 0 2 3 6 7 5 0 1 2 3 7 5 1 2 3 6 7 5 2 3 4 5 6
1 5 0 3 4 6 7 5 0 1 3 4 7 5 1 2 4 6 7 5 2 3 4 5 6
1 5 0 4 5 6 7 5 0 1 4 5 7 5 1 2 5 6 7 5 2 3 4 5 6
1 5 0 3 4 6 7 5 0 1 2 3 7 5 2 3 4 6 7 5 2 3 4 5 6
1 5 0 4 5 6 7 5 0 1 2 4 7 5 2 4 5 6 7 5 2 3 4 5 6
1 5 0 1 2 3 5 5 1 2 5 6 7 5 1 2 3 5 7 5 1 2 3 4 5
1 5 0 1 2 3 5 5 1 2 3 5 6 5 1 3 5 6 7 5 1 2 3 4 5
1 5 0 1 2 3 6 5 1 2 3 6 7 5 1 3 5 6 7 5 1 2 3 4 5
1 5 0 1 2 4 6 5 1 2 3 6 7 5 1 3 4 6 7 5 1 2 4 5 6
1 5 0 1 3 4 5 5 1 3 5 6 7 5 1 3 4 5 7 5 1 2 3 4 5
1 5 0 1 3 4 5 5 1 3 4 5 6 5 1 4 5 6 7 5 1 2 3 4 5
1 5 0 1 3 4 6 5 1 3 4 6 7 5 1 4 5 6 7 5 1 2 3 4 5
1 5 0 1 3 5 6 5 1 3 4 6 7 5 1 4 5 6 7 5 1 2 3 5 6
1 5 0 1 2 3 6 5 1 2 3 6 7 5 1 2 3 6 7 5 2 3 4 5 6
1 5 0 1 3 4 6 5 1 3 4 6 7 5 1 2 4 6 7 5 2 3 4 5 6
1 5 0 1 4 5 6 5 1 4 5 6 7 5 1 2 5 6 7 5 2 3 4 5 6
1 5 0 1 3 4 6 5 1 2 3 6 7 5 2 3 4 6 7 5 2 3 4 5 6
1 5 0 1 4 5 6 5 1 2 4 6 7 5 2 4 5 6 7 5 2 3 4 5 6
4 173
1 5 0 1 2 4 5 5 0 1 5 6 7 5 0 1 2 3 4 5 0 1 2 3 7
1 5 0 1 2 3 4 5 0 1 4 5 6 5 0 1 2 3 4 5 0 1 3 6 7
1 5 0 1 2 3 5 5 0 1 5 6 7 5 0 1 2 4 5 5 0 1 3 4 7
1 5 0 1 3 4 5 5 0 1 5 6 7 5 0 1 2 3 4 5 0 1 3 4 7
1 5 0 1 3 4 5 5 0 1 5 6 7 5 0 1 2 3 5 5 0 1 4 5 7
1 5 0 1 2 5 6 5 0 1 2 6 7 5 0 2 3 4 5 5 0 1 2 3 7
1 5 0 1 2 3 5 5 0 1 2 5 6 5 0 2 3 4 5 5 0 1 3 6 7
1 5 0 1 2 3 6 5 0 1 2 6 7 5 0 2 4 5 6 5 0 1 3 4 7
1 5 0 1 3 5 6 5 0 1 2 6 7 5 0 2 3 4 5 5 0 1 3 4 7
1 5 0 1 3 4 5 5 0 1 2 5 6 5 0 2 3 4 5 5 0 1 4 6 7
1 5 0 1 3 4 6 5 0 1 2 6 7 5 0 2 3 5 6 5 0 1 4 5 7
1 5 0 1 4 5 6 5 0 1 2 6 7 5 0 2 3 4 5 5 0 1 4 5 7
1 5 0 1 4 5 6 5 0 1 2 6 7 5 0 2 3 4 6 5 0 1 5 6 7
1 5 0 1 3 6 7 5 0 1 2 3 7 5 0 3 4 5 6 5 0 1 3 4 7
1 5 0 1 3 4 6 5 0 1 2 3 6 5 0 3 4 5 6 5 0 1 4 6 7
1 5 0 1 3 4 7 5 0 1 2 3 7 5 0 3 5 6 7 5 0 1 4 5 7
1 5 0 1 4 6 7 5 0 1 2 3 7 5 0 3 4 5 6 5 0 1 4 5 7
1 5 0 1 4 5 6 5 0 1 2 3 6 5 0 3 4 5 6 5 0 1 5 6 7
1 5 0 1 4 5 7 5 0 1 2 3 7 5 0 3 4 6 7 5 0 1 5 6 7
1 5 0 1 5 6 7 5 0 1 2 3 7 5 0 3 4 5 6 5 0 1 5 6 7
1 5 0 1 2 3 5 5 0 2 5 6 7 5 0 2 3 4 5 5 0 1 3 4 7
1 5 0 1 2 4 5 5 0 2 5 6 7 5 0 2 3 4 5 5 0 1 4 5 7
1 5 0 1 2 3 6 5 0 2 3 6 7 5 0 3 4 5 6 5 0 1 3 4 7
1 5 0 1 2 4 6 5 0 2 3 6 7 5 0 3 4 5 6 5 0 1 4 5 7
1 5 0 1 2 5 6 5 0 2 3 6 7 5 0 3 4 5 6 5 0 1 5 6 7
1 5 0 1 2 4 7 5 0 2 3 4 7 5 0 4 5 6 7 5 0 1 4 5 7
1 5 0 1 2 5 7 5 0 2 3 4 7 5 0 4 5 6 7 5 0 1 5 6 7
1 5 0 2 3 4 5 5 0 2 5 6 7 5 0 2 3 4 5 5 0 1 2 4 7
1 5 0 2 3 4 6 5 0 2 3 6 7 5 0 3 4 5 6 5 0 1 2 4 7
1 5 0 2 4 5 6 5 0 2 3 6 7 5 0 3 4 5 6 5 0 1 2 5 7
1 5 0 2 4 5 7 5 0 2 3 4 7 5 0 4 5 6 7 5 0 1 2 5 7
1 5 0 2 5 6 7 5 0 2 3 4 7 5 0 4 5 6 7 5 0 1 2 6 7
1 5 0 1 2 4 5 5 0 1 2 5 6 5 0 1 2 3 4 5 1 2 3 6 7
1 5 0 1 2 5 6 5 0 1 2 6 7 5 0 1 2 4 5 5 1 2 3 4 7
1 5 0 1 2 3 4 5 0 1 2 4 5 5 0 1 2 3 4 5 1 3 5 6 7
1 5 0 1 2 3 5 5 0 1 2 5 6 5 0 1 2 4 5 5 1 3 4 6 7
1 5 0 1 2 3 6 5 0 1 2 6 7 5 0 1 2 5 6 5 1 3 4 5 7
1 5 0 1 3 4 5 5 0 1 2 5 6 5 0 1 2 3 4 5 1 3 4 6 7
1 5 0 1 3 5 6 5 0 1 2 6 7 5 0 1 2 3 5 5 1 3 4 5 7
1 5 0 1 3 4 5 5 0 1 2 5 6 5 0 1 2 3 5 5 1 4 5 6 7
1 5 0 1 3 4 6 5 0 1 2 6 7 5 0 1 2 3 6 5 1 4 5 6 7
1 5 0 1 3 5 6 5 0 1 2 3 6 5 0 1 3 4 5 5 1 3 4 6 7
1 5 0 1 3 6 7 5 0 1 2 3 7 5 0 1 3 5 6 5 1 3 4 5 7
1 5 0 1 3 4 5 5 0 1 2 3 5 5 0 1 3 4 5 5 1 4 5 6 7
1 5 0 1 3 4 6 5 0 1 2 3 6 5 0 1 3 5 6 5 1 4 5 6 7
1 5 0 1 3 4 7 5 0 1 2 3 7 5 0 1 3 6 7 5 1 4 5 6 7
1 5 0 1 4 5 6 5 0 1 2 3 6 5 0 1 3 4 5 5 1 4 5 6 7
1 5 0 1 4 6 7 5 0 1 2 3 7 5 0 1 3 4 6 5 1 4 5 6 7
1 5 0 1 2 3 4 5 0 2 4 5 6 5 0 1 2 3 4 5 1 3 4 6 7
1 5 0 1 2 3 5 5 0 2 5 6 7 5 0 1 2 3 5 5 1 3 4 5 7
1 5 0 1 2 3 5 5 0 2 3 5 6 5 0 1 3 4 5 5 1 3 4 6 7
1 5 0 1 2 3 6 5 0 2 3 6 7 5 0 1 3 5 6 5 1 3 4 5 7
1 5 0 1 2 4 5 5 0 2 3 5 6 5 0 1 3 4 5 5 1 4 5 6 7
1 5 0 1 2 4 6 5 0 2 3 6 7 5 0 1 3 4 6 5 1 4 5 6 7
1 5 0 1 2 4 6 5 0 2 3 4 6 5 0 1 4 5 6 5 1 4 5 6 7
1 5 0 1 2 4 7 5 0 2 3 4 7 5 0 1 4 6 7 5 1 4 5 6 7
1 5 0 2 3 4 5 5 0 2 5 6 7 5 0 1 2 3 4 5 1 2 3 4 7
1 5 0 2 3 4 5 5 0 2 5 6 7 5 0 1 2 3 5 5 1 2 4 5 7
1 5 0 2 3 5 6 5 0 2 3 6 7 5 0 1 3 4 5 5 1 2 3 4 7
1 5 0 2 3 4 5 5 0 2 3 5 6 5 0 1 3 4 5 5 1 2 4 6 7
1 5 0 2 3 4 6 5 0 2 3 6 7 5 0 1 3 5 6 5 1 2 4 5 7
1 5 0 2 4 5 6 5 0 2 3 6 7 5 0 1 3 4 5 5 1 2 4 5 7
1 5 0 2 4 5 6 5 0 2 3 6 7 5 0 1 3 4 6 5 1 2 5 6 7
1 5 0 2 4 6 7 5 0 2 3 4 7 5 0 1 4 5 6 5 1 2 4 5 7
1 5 0 2 4 5 6 5 0 2 3 4 6 5 0 1 4 5 6 5 1 2 5 6 7
1 5 0 2 4 5 7 5 0 2 3 4 7 5 0 1 4 6 7 5 1 2 5 6 7
1 5 0 2 5 6 7 5 0 2 3 4 7 5 0 1 4 5 6 5 1 2 5 6 7
1 5 0 2 3 4 5 5 0 3 5 6 7 5 0 1 3 4 5 5 1 2 4 5 7
1 5 0 2 3 4 6 5 0 3 4 6 7 5 0 1 4 5 6 5 1 2 4 5 7
1 5 0 2 3 5 6 5 0 3 4 6 7 5 0 1 4 5 6 5 1 2 5 6 7
1 5 0 2 3 5 7 5 0 3 4 5 7 5 0 1 5 6 7 5 1 2 5 6 7
1 5 0 3 4 5 6 5 0 3 4 6 7 5 0 1 4 5 6 5 1 2 3 5 7
1 5 0 3 5 6 7 5 0 3 4 5 7 5 0 1 5 6 7 5 1 2 3 6 7
1 5 0 2 3 4 5 5 0 2 3 5 6 5 0 1 2 3 4 5 2 3 4 6 7
1 5 0 2 3 5 6 5 0 2 3 6 7 5 0 1 2 3 5 5 2 3 4 5 7
1 5 0 2 3 4 5 5 0 2 3 5 6 5 0 1 2 3 5 5 2 4 5 6 7
1 5 0 2 3 4 6 5 0 2 3 6 7 5 0 1 2 3 6 5 2 4 5 6 7
1 5 0 2 4 5 6 5 0 2 3 4 6 5 0 1 2 4 5 5 2 4 5 6 7
1 5 0 2 4 6 7 5 0 2 3 4 7 5 0 1 2 4 6 5 2 4 5 6 7
1 5 0 2 3 4 5 5 0 3 4 5 6 5 0 1 2 4 5 5 2 4 5 6 7
1 5 0 2 3 4 6 5 0 3 4 6 7 5 0 1 2 4 6 5 2 4 5 6 7
1 5 0 3 4 5 6 5 0 3 4 6 7 5 0 1 2 4 5 5 2 3 4 5 7
1 5 0 3 4 5 6 5 0 3 4 6 7 5 0 1 2 4 6 5 2 3 5 6 7
1 5 0 3 5 6 7 5 0 3 4 5 7 5 0 1 2 5 6 5 2 3 5 6 7
1 5 0 3 4 5 6 5 0 4 5 6 7 5 0 1 2 5 6 5 2 3 5 6 7
1 5 0 1 2 3 5 5 0 1 2 5 6 5 1 2 3 4 5 5 1 3 4 6 7
1 5 0 1 2 3 6 5 0 1 2 6 7 5 1 2 3 5 6 5 1 3 4 5 7
1 5 0 1 2 4 5 5 0 1 2 5 6 5 1 2 3 4 5 5 1 4 5 6 7
1 5 0 1 2 4 6 5 0 1 2 6 7 5 1 2 3 4 6 5 1 4 5 6 7
1 5 0 1 2 3 6 5 0 1 2 3 6 5 1 3 4 5 6 5 1 3 4 6 7
1 5 0 1 2 3 7 5 0 1 2 3 7 5 1 3 5 6 7 5 1 3 4 5 7
1 5 0 1 2 4 6 5 0 1 2 3 6 5 1 3 4 5 6 5 1 4 5 6 7
1 5 0 1 2 4 7 5 0 1 2 3 7 5 1 3 4 6 7 5 1 4 5 6 7
1 5 0 2 3 5 6 5 0 1 2 6 7 5 1 2 3 4 5 5 1 2 3 4 7
1 5 0 2 3 4 5 5 0 1 2 5 6 5 1 2 3 4 5 5 1 2 4 6 7
1 5 0 2 3 4 6 5 0 1 2 6 7 5 1 2 3 5 6 5 1 2 4 5 7
1 5 0 2 4 5 6 5 0 1 2 6 7 5 1 2 3 4 5 5 1 2 4 5 7
1 5 0 2 4 5 6 5 0 1 2 6 7 5 1 2 3 4 6 5 1 2 5 6 7
1 5 0 2 3 6 7 5 0 1 2 3 7 5 1 3 4 5 6 5 1 2 3 4 7
1 5 0 2 3 4 6 5 0 1 2 3 6 5 1 3 4 5 6 5 1 2 4 6 7
1 5 0 2 3 4 7 5 0 1 2 3 7 5 1 3 5 6 7 5 1 2 4 5 7
1 5 0 2 4 6 7 5 0 1 2 3 7 5 1 3 4 5 6 5 1 2 4 5 7
1 5 0 2 4 5 6 5 0 1 2 3 6 5 1 3 4 5 6 5 1 2 5 6 7
1 5 0 2 4 5 7 5 0 1 2 3 7 5 1 3 4 6 7 5 1 2 5 6 7
1 5 0 2 5 6 7 5 0 1 2 3 7 5 1 3 4 5 6 5 1 2 5 6 7
1 5 0 2 3 4 6 5 0 1 3 6 7 5 1 3 4 5 6 5 1 2 4 5 7
1 5 0 2 3 5 6 5 0 1 3 6 7 5 1 3 4 5 6 5 1 2 5 6 7
1 5 0 2 3 4 7 5 0 1 3 4 7 5 1 4 5 6 7 5 1 2 4 5 7
1 5 0 2 3 5 7 5 0 1 3 4 7 5 1 4 5 6 7 5 1 2 5 6 7
1 5 0 3 4 5 6 5 0 1 3 6 7 5 1 3 4 5 6 5 1 2 3 5 7
1 5 0 3 4 5 7 5 0 1 3 4 7 5 1 4 5 6 7 5 1 2 3 5 7
1 5 0 3 5 6 7 5 0 1 3 4 7 5 1 4 5 6 7 5 1 2 3 6 7
1 5 0 2 3 5 6 5 0 1 2 3 6 5 1 2 3 4 5 5 2 3 4 6 7
1 5 0 2 3 6 7 5 0 1 2 3 7 5 1 2 3 5 6 5 2 3 4 5 7
1 5 0 2 3 4 5 5 0 1 2 3 5 5 1 2 3 4 5 5 2 4 5 6 7
1 5 0 2 3 4 6 5 0 1 2 3 6 5 1 2 3 5 6 5 2 4 5 6 7
1 5 0 2 3 4 7 5 0 1 2 3 7 5 1 2 3 6 7 5 2 4 5 6 7
1 5 0 2 4 5 6 5 0 1 2 3 6 5 1 2 3 4 5 5 2 4 5 6 7
1 5 0 2 4 6 7 5 0 1 2 3 7 5 1 2 3 4 6 5 2 4 5 6 7
1 5 0 2 3 4 5 5 0 1 3 5 6 5 1 2 3 4 5 5 2 4 5 6 7
1 5 0 2 3 4 6 5 0 1 3 6 7 5 1 2 3 4 6 5 2 4 5 6 7
1 5 0 2 3 4 6 5 0 1 3 4 6 5 1 2 4 5 6 5 2 4 5 6 7
1 5 0 2 3 4 7 5 0 1 3 4 7 5 1 2 4 6 7 5 2 4 5 6 7
1 5 0 3 4 5 6 5 0 1 3 6 7 5 1 2 3 4 5 5 2 3 4 5 7
1 5 0 3 4 5 6 5 0 1 3 6 7 5 1 2 3 4 6 5 2 3 5 6 7
1 5 0 3 4 6 7 5 0 1 3 4 7 5 1 2 4 5 6 5 2 3 4 5 7
1 5 0 3 4 5 6 5 0 1 3 4 6 5 1 2 4 5 6 5 2 3 5 6 7
1 5 0 3 4 5 7 5 0 1 3 4 7 5 1 2 4 6 7 5 2 3 5 6 7
1 5 0 3 5 6 7 5 0 1 3 4 7 5 1 2 4 5 6 5 2 3 5 6 7
1 5 0 3 4 5 6 5 0 1 4 6 7 5 1 2 4 5 6 5 2 3 5 6 7
1 5 0 3 4 5 7 5 0 1 4 5 7 5 1 2 5 6 7 5 2 3 5 6 7
1 5 0 4 5 6 7 5 0 1 4 5 7 5 1 2 5 6 7 5 2 3 4 6 7
1 5 0 3 4 5 6 5 0 1 3 4 6 5 1 2 3 4 5 5 3 4 5 6 7
1 5 0 3 4 6 7 5 0 1 3 4 7 5 1 2 3 4 6 5 3 4 5 6 7
1 5 0 4 5 6 7 5 0 1 4 5 7 5 1 2 3 5 6 5 3 4 5 6 7
1 5 0 2 3 4 6 5 0 1 2 3 6 5 2 3 4 5 6 5 2 4 5 6 7
1 5 0 2 3 4 7 5 0 1 2 3 7 5 2 3 4 6 7 5 2 4 5 6 7
1 5 0 3 4 6 7 5 0 1 2 3 7 5 2 3 4 5 6 5 2 3 4 5 7
1 5 0 3 4 5 6 5 0 1 2 3 6 5 2 3 4 5 6 5 2 3 5 6 7
1 5 0 3 4 5 7 5 0 1 2 3 7 5 2 3 4 6 7 5 2 3 5 6 7
1 5 0 3 5 6 7 5 0 1 2 3 7 5 2 3 4 5 6 5 2 3 5 6 7
1 5 0 3 4 5 7 5 0 1 2 4 7 5 2 4 5 6 7 5 2 3 5 6 7
1 5 0 4 5 6 7 5 0 1 2 4 7 5 2 4 5 6 7 5 2 3 4 6 7
1 5 0 4 5 6 7 5 0 1 2 4 7 5 2 3 4 5 6 5 3 4 5 6 7
1 5 0 1 2 3 5 5 1 2 5 6 7 5 1 2 3 4 5 5 1 2 3 4 7
1 5 0 1 2 4 5 5 1 2 5 6 7 5 1 2 3 4 5 5 1 2 4 5 7
1 5 0 1 2 3 6 5 1 2 3 6 7 5 1 3 4 5 6 5 1 2 3 4 7
1 5 0 1 2 4 6 5 1 2 3 6 7 5 1 3 4 5 6 5 1 2 4 5 7
1 5 0 1 2 5 6 5 1 2 3 6 7 5 1 3 4 5 6 5 1 2 5 6 7
1 5 0 1 2 4 7 5 1 2 3 4 7 5 1 4 5 6 7 5 1 2 4 5 7
1 5 0 1 2 5 7 5 1 2 3 4 7 5 1 4 5 6 7 5 1 2 5 6 7
1 5 0 1 2 3 5 5 1 2 3 5 6 5 1 2 3 4 5 5 2 3 4 6 7
1 5 0 1 2 3 6 5 1 2 3 6 7 5 1 2 3 5 6 5 2 3 4 5 7
1 5 0 1 2 4 5 5 1 2 3 5 6 5 1 2 3 4 5 5 2 4 5 6 7
1 5 0 1 2 4 6 5 1 2 3 6 7 5 1 2 3 4 6 5 2 4 5 6 7
1 5 0 1 2 4 6 5 1 2 3 4 6 5 1 2 4 5 6 5 2 4 5 6 7
1 5 0 1 2 4 7 5 1 2 3 4 7 5 1 2 4 6 7 5 2 4 5 6 7
1 5 0 1 3 4 5 5 1 3 5 6 7 5 1 2 3 4 5 5 2 3 4 5 7
1 5 0 1 3 4 6 5 1 3 4 6 7 5 1 2 4 5 6 5 2 3 4 5 7
1 5 0 1 3 5 6 5 1 3 4 6 7 5 1 2 4 5 6 5 2 3 5 6 7
1 5 0 1 3 5 7 5 1 3 4 5 7 5 1 2 5 6 7 5 2 3 5 6 7
1 5 0 1 3 4 5 5 1 3 4 5 6 5 1 2 3 4 5 5 3 4 5 6 7
1 5 0 1 3 4 6 5 1 3 4 6 7 5 1 2 3 4 6 5 3 4 5 6 7
1 5 0 1 4 5 6 5 1 4 5 6 7 5 1 2 3 5 6 5 3 4 5 6 7
1 5 0 1 3 4 6 5 1 2 3 6 7 5 2 3 4 5 6 5 2 3 4 5 7
1 5 0 1 3 5 6 5 1 2 3 6 7 5 2 3 4 5 6 5 2 3 5 6 7
1 5 0 1 3 4 7 5 1 2 3 4 7 5 2 4 5 6 7 5 2 3 4 5 7
1 5 0 1 3 5 7 5 1 2 3 4 7 5 2 4 5 6 7 5 2 3 5 6 7
1 5 0 1 3 4 6 5 1 2 3 4 6 5 2 3 4 5 6 5 3 4 5 6 7
1 5 0 1 3 4 7 5 1 2 3 4 7 5 2 3 4 6 7 5 3 4 5 6 7
1 5 0 1 4 5 6 5 1 2 4 6 7 5 2 3 4 5 6 5 3 4 5 6 7
1 5 0 1 4 5 7 5 1 2 4 5 7 5 2 3 5 6 7 5 3 4 5 6 7
1 5 0 1 4 5 7 5 1 2 3 4 7 5 3 4 5 6 7 5 3 4 5 6 7
4 19
1 5 0 1 4 5 6 5 0 1 2 3 4 5 0 4 5 6 7 5 0 1 4 5 7
1 5 0 1 4 6 7 5 0 1 2 3 4 5 0 4 5 6 7 5 0 1 4 5 7
1 5 0 1 5 6 7 5 0 1 2 3 4 5 0 4 5 6 7 5 0 1 5 6 7
1 5 0 1 4 5 6 5 0 1 2 3 4 5 0 1 4 5 6 5 1 4 5 6 7
1 5 0 1 4 6 7 5 0 1 2 3 4 5 0 1 4 6 7 5 1 4 5 6 7
1 5 0 2 5 6 7 5 0 2 3 4 5 5 0 1 5 6 7 5 1 2 5 6 7
1 5 0 2 4 5 6 5 0 1 2 3 4 5 1 4 5 6 7 5 1 2 4 5 7
1 5 0 2 4 6 7 5 0 1 2 3 4 5 1 4 5 6 7 5 1 2 4 5 7
1 5 0 2 5 6 7 5 0 1 2 3 4 5 1 4 5 6 7 5 1 2 5 6 7
1 5 0 2 4 5 6 5 0 1 2 3 4 5 1 2 4 5 6 5 2 4 5 6 7
1 5 0 2 4 6 7 5 0 1 2 3 4 5 1 2 4 6 7 5 2 4 5 6 7
1 5 0 3 5 6 7 5 0 1 3 4 5 5 1 2 5 6 7 5 2 3 5 6 7
1 5 0 3 4 5 6 5 0 1 2 3 4 5 2 4 5 6 7 5 2 3 4 5 7
1 5 0 3 4 6 7 5 0 1 2 3 4 5 2 4 5 6 7 5 2 3 4 5 7
1 5 0 3 5 6 7 5 0 1 2 3 4 5 2 4 5 6 7 5 2 3 5 6 7
1 5 0 3 4 5 6 5 0 1 2 3 4 5 2 3 4 5 6 5 3 4 5 6 7
1 5 0 3 4 6 7 5 0 1 2 3 4 5 2 3 4 6 7 5 3 4 5 6 7
1 5 0 4 5 6 7 5 0 1 2 4 5 5 2 3 5 6 7 5 3 4 5 6 7
1 5 0 4 5 6 7 5 0 1 2 3 4 5 3 4 5 6 7 5 3 4 5 6 7
4 104
1 5 0 1 2 3 4 5 0 1 4 5 6 5 0 1 2 4 7 5 0 1 4 6 7
1 5 0 1 2 3 4 5 0 1 5 6 7 5 0 1 2 5 7 5 0 1 4 5 7
1 5 0 1 2 3 4 5 0 1 2 4 5 5 0 2 4 6 7 5 0 1 4 5 6
1 5 0 1 2 3 4 5 0 1 2 5 6 5 0 2 4 5 7 5 0 1 4 6 7
1 5 0 1 2 3 4 5 0 1 2 5 6 5 0 2 5 6 7 5 0 1 4 5 6
1 5 0 1 2 3 4 5 0 1 2 6 7 5 0 2 5 6 7 5 0 1 4 5 7
1 5 0 1 3 4 5 5 0 1 2 5 6 5 0 2 3 5 7 5 0 1 5 6 7
1 5 0 1 3 4 5 5 0 1 2 6 7 5 0 2 3 6 7 5 0 1 5 6 7
1 5 0 1 3 4 5 5 0 1 2 3 6 5 0 3 5 6 7 5 0 1 5 6 7
1 5 0 1 2 3 4 5 0 2 4 5 6 5 0 2 3 4 7 5 0 1 4 6 7
1 5 0 1 2 3 4 5 0 2 5 6 7 5 0 2 3 5 7 5 0 1 4 5 7
1 5 0 1 2 3 4 5 0 2 3 4 5 5 0 3 4 6 7 5 0 1 4 5 6
1 5 0 1 2 3 4 5 0 2 3 5 6 5 0 3 4 5 7 5 0 1 4 6 7
1 5 0 1 2 3 4 5 0 2 3 5 6 5 0 3 5 6 7 5 0 1 4 5 6
1 5 0 1 2 3 4 5 0 2 3 6 7 5 0 3 5 6 7 5 0 1 4 5 7
1 5 0 1 2 4 5 5 0 2 3 5 6 5 0 3 4 5 7 5 0 1 5 6 7
1 5 0 1 2 4 5 5 0 2 3 6 7 5 0 3 4 6 7 5 0 1 5 6 7
1 5 0 1 2 4 5 5 0 2 3 4 6 5 0 4 5 6 7 5 0 1 5 6 7
1 5 0 1 2 3 4 5 0 3 5 6 7 5 0 3 4 5 7 5 0 1 4 5 7
1 5 0 1 2 3 4 5 0 3 4 5 6 5 0 4 5 6 7 5 0 1 4 5 6
1 5 0 1 2 3 4 5 0 3 4 6 7 5 0 4 5 6 7 5 0 1 4 5 7
1 5 0 1 2 3 5 5 0 3 4 6 7 5 0 4 5 6 7 5 0 1 5 6 7
1 5 0 2 3 4 5 5 0 2 5 6 7 5 0 2 3 5 7 5 0 1 2 5 7
1 5 0 2 3 4 5 5 0 2 3 5 6 5 0 3 5 6 7 5 0 1 2 5 6
1 5 0 2 3 4 5 5 0 2 3 6 7 5 0 3 5 6 7 5 0 1 2 5 7
1 5 0 2 4 5 6 5 0 2 3 6 7 5 0 3 4 6 7 5 0 1 2 6 7
1 5 0 2 3 4 5 5 0 3 5 6 7 5 0 3 4 5 7 5 0 1 2 5 7
1 5 0 2 3 4 5 5 0 3 4 5 6 5 0 4 5 6 7 5 0 1 2 5 6
1 5 0 2 3 4 5 5 0 3 4 6 7 5 0 4 5 6 7 5 0 1 2 5 7
1 5 0 2 3 5 6 5 0 3 4 6 7 5 0 4 5 6 7 5 0 1 2 6 7
1 5 0 1 2 3 4 5 0 1 2 4 5 5 0 1 2 4 7 5 1 4 5 6 7
1 5 0 1 2 3 4 5 0 1 2 5 6 5 0 1 2 5 7 5 1 4 5 6 7
1 5 0 1 2 3 4 5 0 1 2 6 7 5 0 1 2 6 7 5 1 4 5 6 7
1 5 0 1 2 3 4 5 0 2 3 4 5 5 0 1 3 4 7 5 1 4 5 6 7
1 5 0 1 2 3 4 5 0 2 3 5 6 5 0 1 3 5 7 5 1 4 5 6 7
1 5 0 1 2 3 4 5 0 2 3 6 7 5 0 1 3 6 7 5 1 4 5 6 7
1 5 0 1 2 3 4 5 0 3 4 5 6 5 0 1 4 5 7 5 1 4 5 6 7
1 5 0 1 2 3 4 5 0 3 4 6 7 5 0 1 4 6 7 5 1 4 5 6 7
1 5 0 2 3 4 5 5 0 2 3 5 6 5 0 1 3 5 7 5 1 2 5 6 7
1 5 0 2 3 4 5 5 0 2 3 6 7 5 0 1 3 6 7 5 1 2 5 6 7
1 5 0 2 3 4 5 5 0 3 4 5 6 5 0 1 4 5 7 5 1 2 5 6 7
1 5 0 2 3 4 5 5 0 3 4 6 7 5 0 1 4 6 7 5 1 2 5 6 7
1 5 0 2 3 4 5 5 0 4 5 6 7 5 0 1 5 6 7 5 1 2 5 6 7
1 5 0 3 4 5 6 5 0 3 4 6 7 5 0 1 4 6 7 5 1 2 3 6 7
1 5 0 3 4 5 6 5 0 4 5 6 7 5 0 1 5 6 7 5 1 2 3 6 7
1 5 0 1 2 3 4 5 0 1 2 4 5 5 1 2 3 4 7 5 1 4 5 6 7
1 5 0 1 2 3 4 5 0 1 2 5 6 5 1 2 3 5 7 5 1 4 5 6 7
1 5 0 1 2 3 4 5 0 1 2 6 7 5 1 2 3 6 7 5 1 4 5 6 7
1 5 0 1 2 3 4 5 0 1 2 3 5 5 1 3 4 5 7 5 1 4 5 6 7
1 5 0 1 2 3 4 5 0 1 2 3 6 5 1 3 5 6 7 5 1 4 5 6 7
1 5 0 1 2 3 4 5 0 1 3 5 6 5 1 3 4 5 7 5 1 4 5 6 7
1 5 0 1 2 3 4 5 0 1 3 6 7 5 1 3 4 6 7 5 1 4 5 6 7
1 5 0 1 2 3 4 5 0 1 3 4 6 5 1 4 5 6 7 5 1 4 5 6 7
1 5 0 2 3 4 5 5 0 1 2 5 6 5 1 2 3 5 7 5 1 2 5 6 7
1 5 0 2 3 4 5 5 0 1 2 6 7 5 1 2 3 6 7 5 1 2 5 6 7
1 5 0 2 3 4 5 5 0 1 2 3 6 5 1 3 5 6 7 5 1 2 5 6 7
1 5 0 2 3 4 5 5 0 1 3 5 6 5 1 3 4 5 7 5 1 2 5 6 7
1 5 0 2 3 4 5 5 0 1 3 6 7 5 1 3 4 6 7 5 1 2 5 6 7
1 5 0 2 3 4 5 5 0 1 3 4 6 5 1 4 5 6 7 5 1 2 5 6 7
1 5 0 2 3 4 5 5 0 1 4 6 7 5 1 4 5 6 7 5 1 2 5 6 7
1 5 0 3 4 5 6 5 0 1 3 6 7 5 1 3 4 6 7 5 1 2 3 6 7
1 5 0 3 4 5 6 5 0 1 4 6 7 5 1 4 5 6 7 5 1 2 3 6 7
1 5 0 1 2 3 4 5 1 2 4 5 6 5 1 2 3 4 7 5 1 2 4 6 7
1 5 0 1 2 3 4 5 1 2 5 6 7 5 1 2 3 5 7 5 1 2 4 5 7
1 5 0 1 2 3 4 5 1 2 3 4 5 5 1 3 4 6 7 5 1 2 4 5 6
1 5 0 1 2 3 4 5 1 2 3 5 6 5 1 3 4 5 7 5 1 2 4 6 7
1 5 0 1 2 3 4 5 1 2 3 5 6 5 1 3 5 6 7 5 1 2 4 5 6
1 5 0 1 2 3 4 5 1 2 3 6 7 5 1 3 5 6 7 5 1 2 4 5 7
1 5 0 1 2 4 5 5 1 2 3 5 6 5 1 3 4 5 7 5 1 2 5 6 7
1 5 0 1 2 4 5 5 1 2 3 6 7 5 1 3 4 6 7 5 1 2 5 6 7
1 5 0 1 2 4 5 5 1 2 3 4 6 5 1 4 5 6 7 5 1 2 5 6 7
1 5 0 1 2 3 4 5 1 3 5 6 7 5 1 3 4 5 7 5 1 2 4 5 7
1 5 0 1 2 3 4 5 1 3 4 5 6 5 1 4 5 6 7 5 1 2 4 5 6
1 5 0 1 2 3 4 5 1 3 4 6 7 5 1 4 5 6 7 5 1 2 4 5 7
1 5 0 1 2 3 5 5 1 3 4 6 7 5 1 4 5 6 7 5 1 2 5 6 7
1 5 0 1 3 4 5 5 1 3 5 6 7 5 1 3 4 5 7 5 1 2 3 5 7
1 5 0 1 3 4 5 5 1 3 4 5 6 5 1 4 5 6 7 5 1 2 3 5 6
1 5 0 1 3 4 5 5 1 3 4 6 7 5 1 4 5 6 7 5 1 2 3 5 7
1 5 0 1 3 5 6 5 1 3 4 6 7 5 1 4 5 6 7 5 1 2 3 6 7
1 5 0 1 2 3 4 5 1 2 3 4 5 5 1 2 3 4 7 5 2 4 5 6 7
1 5 0 1 2 3 4 5 1 2 3 5 6 5 1 2 3 5 7 5 2 4 5 6 7
1 5 0 1 2 3 4 5 1 2 3 6 7 5 1 2 3 6 7 5 2 4 5 6 7
1 5 0 1 2 3 4 5 1 3 4 5 6 5 1 2 4 5 7 5 2 4 5 6 7
1 5 0 1 2 3 4 5 1 3 4 6 7 5 1 2 4 6 7 5 2 4 5 6 7
1 5 0 1 3 4 5 5 1 3 4 5 6 5 1 2 4 5 7 5 2 3 5 6 7
1 5 0 1 3 4 5 5 1 3 4 6 7 5 1 2 4 6 7 5 2 3 5 6 7
1 5 0 1 3 4 5 5 1 4 5 6 7 5 1 2 5 6 7 5 2 3 5 6 7
1 5 0 1 4 5 6 5 1 4 5 6 7 5 1 2 5 6 7 5 2 3 4 6 7
1 5 0 1 2 3 4 5 1 2 3 5 6 5 2 3 4 5 7 5 2 4 5 6 7
1 5 0 1 2 3 4 5 1 2 3 6 7 5 2 3 4 6 7 5 2 4 5 6 7
1 5 0 1 2 3 4 5 1 2 3 4 6 5 2 4 5 6 7 5 2 4 5 6 7
1 5 0 1 3 4 5 5 1 2 3 5 6 5 2 3 4 5 7 5 2 3 5 6 7
1 5 0 1 3 4 5 5 1 2 3 6 7 5 2 3 4 6 7 5 2 3 5 6 7
1 5 0 1 3 4 5 5 1 2 3 4 6 5 2 4 5 6 7 5 2 3 5 6 7
1 5 0 1 3 4 5 5 1 2 4 6 7 5 2 4 5 6 7 5 2 3 5 6 7
1 5 0 1 4 5 6 5 1 2 4 6 7 5 2 4 5 6 7 5 2 3 4 6 7
1 5 0 1 2 3 4 5 2 3 5 6 7 5 2 3 4 5 7 5 2 3 4 5 7
1 5 0 1 2 3 4 5 2 3 4 5 6 5 2 4 5 6 7 5 2 3 4 5 6
1 5 0 1 2 3 4 5 2 3 4 6 7 5 2 4 5 6 7 5 2 3 4 5 7
1 5 0 1 2 3 5 5 2 3 4 6 7 5 2 4 5 6 7 5 2 3 5 6 7
1 5 0 1 2 3 4 5 2 3 4 5 6 5 2 3 4 5 7 5 3 4 5 6 7
1 5 0 1 2 3 4 5 2 3 4 6 7 5 2 3 4 6 7 5 3 4 5 6 7
1 5 0 1 2 4 5 5 2 4 5 6 7 5 2 3 5 6 7 5 3 4 5 6 7
1 5 0 1 2 4 5 5 2 3 4 6 7 5 3 4 5 6 7 5 3 4 5 6 7
4 9
1 5 0 1 2 3 4 5 0 1 2 3 4 5 0 1 2 6 7 5 0 1 4 5 6
1 5 0 1 3 4 5 5 0 1 3 4 5 5 0 1 2 3 7 5 0 1 5 6 7
1 5 0 2 3 4 5 5 0 2 3 4 5 5 0 2 3 6 7 5 0 1 2 5 6
1 5 0 2 4 5 6 5 0 2 4 5 6 5 0 2 3 4 7 5 0 1 2 6 7
1 5 0 3 4 5 6 5 0 3 4 5 6 5 0 3 4 6 7 5 0 1 2 3 6
1 5 0 3 5 6 7 5 0 3 5 6 7 5 0 3 4 5 7 5 0 1 2 3 7
1 5 0 2 3 4 5 5 0 2 3 4 5 5 0 1 2 3 7 5 1 2 5 6 7
1 5 0 3 4 5 6 5 0 3 4 5 6 5 0 1 3 4 7 5 1 2 3 6 7
1 5 0 4 5 6 7 5 0 4 5 6 7 5 0 1 4 5 7 5 1 2 3 4 7
4 30
1 5 0 1 4 5 6 5 0 1 2 3 6 5 0 1 2 3 4 5 0 1 4 6 7
1 5 0 1 5 6 7 5 0 1 2 3 7 5 0 1 2 3 4 5 0 1 4 5 7
1 5 0 1 4 5 6 5 0 1 3 4 6 5 0 1 2 3 4 5 0 1 4 6 7
1 5 0 1 5 6 7 5 0 1 3 4 7 5 0 1 2 3 4 5 0 1 4 5 7
1 5 0 1 2 5 6 5 0 2 3 4 6 5 0 2 3 4 5 5 0 1 5 6 7
1 5 0 1 2 6 7 5 0 2 3 4 7 5 0 2 3 4 5 5 0 1 5 6 7
1 5 0 1 2 5 6 5 0 2 4 5 6 5 0 2 3 4 5 5 0 1 5 6 7
1 5 0 1 2 6 7 5 0 2 4 5 7 5 0 2 3 4 5 5 0 1 5 6 7
1 5 0 2 5 6 7 5 0 2 3 4 7 5 0 2 3 4 5 5 0 1 2 5 7
1 5 0 2 5 6 7 5 0 2 4 5 7 5 0 2 3 4 5 5 0 1 2 5 7
1 5 0 2 3 6 7 5 0 3 4 5 7 5 0 3 4 5 6 5 0 1 2 6 7
1 5 0 2 3 6 7 5 0 3 5 6 7 5 0 3 4 5 6 5 0 1 2 6 7
1 5 0 1 2 4 5 5 0 2 3 4 5 5 0 1 2 3 4 5 1 4 5 6 7
1 5 0 1 2 5 6 5 0 2 3 4 6 5 0 1 2 3 4 5 1 4 5 6 7
1 5 0 1 2 6 7 5 0 2 3 4 7 5 0 1 2 3 4 5 1 4 5 6 7
1 5 0 2 4 5 6 5 0 2 3 4 6 5 0 1 2 3 4 5 1 2 4 6 7
1 5 0 2 5 6 7 5 0 2 3 4 7 5 0 1 2 3 4 5 1 2 4 5 7
1 5 0 2 3 5 6 5 0 3 4 5 6 5 0 1 3 4 5 5 1 2 5 6 7
1 5 0 2 3 6 7 5 0 3 4 5 7 5 0 1 3 4 5 5 1 2 5 6 7
1 5 0 3 5 6 7 5 0 3 4 5 7 5 0 1 3 4 5 5 1 2 3 5 7
1 5 0 3 4 6 7 5 0 4 5 6 7 5 0 1 4 5 6 5 1 2 3 6 7
1 5 0 1 2 5 6 5 1 2 3 4 6 5 1 2 3 4 5 5 1 2 5 6 7
1 5 0 1 2 6 7 5 1 2 3 4 7 5 1 2 3 4 5 5 1 2 5 6 7
1 5 0 1 2 5 6 5 1 2 4 5 6 5 1 2 3 4 5 5 1 2 5 6 7
1 5 0 1 2 6 7 5 1 2 4 5 7 5 1 2 3 4 5 5 1 2 5 6 7
1 5 0 1 3 6 7 5 1 3 4 5 7 5 1 3 4 5 6 5 1 2 3 6 7
1 5 0 1 3 6 7 5 1 3 5 6 7 5 1 3 4 5 6 5 1 2 3 6 7
1 5 0 1 3 5 6 5 1 3 4 5 6 5 1 2 3 4 5 5 2 3 5 6 7
1 5 0 1 3 6 7 5 1 3 4 5 7 5 1 2 3 4 5 5 2 3 5 6 7
1 5 0 1 4 6 7 5 1 4 5 6 7 5 1 2 4 5 6 5 2 3 4 6 7
4 17
1 5 0 1 4 5 6 5 0 1 2 3 4 5 0 1 2 3 4 5 0 1 4 6 7
1 5 0 1 5 6 7 5 0 1 2 3 5 5 0 1 2 3 4 5 0 1 4 5 7
1 5 0 1 5 6 7 5 0 1 3 4 5 5 0 1 2 3 4 5 0 1 4 5 7
1 5 0 1 2 5 6 5 0 2 3 4 5 5 0 2 3 4 5 5 0 1 5 6 7
1 5 0 1 2 6 7 5 0 2 3 4 6 5 0 2 3 4 5 5 0 1 5 6 7
1 5 0 1 2 6 7 5 0 2 4 5 6 5 0 2 3 4 5 5 0 1 5 6 7
1 5 0 2 5 6 7 5 0 2 3 4 5 5 0 2 3 4 5 5 0 1 2 5 7
1 5 0 2 3 6 7 5 0 3 4 5 6 5 0 3 4 5 6 5 0 1 2 6 7
1 5 0 1 2 5 6 5 0 2 3 4 5 5 0 1 2 3 4 5 1 4 5 6 7
1 5 0 1 2 6 7 5 0 2 3 4 6 5 0 1 2 3 4 5 1 4 5 6 7
1 5 0 2 5 6 7 5 0 2 3 4 5 5 0 1 2 3 4 5 1 2 4 5 7
1 5 0 2 3 6 7 5 0 3 4 5 6 5 0 1 3 4 5 5 1 2 5 6 7
1 5 0 1 2 5 6 5 1 2 3 4 5 5 1 2 3 4 5 5 1 2 5 6 7
1 5 0 1 2 6 7 5 1 2 3 4 6 5 1 2 3 4 5 5 1 2 5 6 7
1 5 0 1 2 6 7 5 1 2 4 5 6 5 1 2 3 4 5 5 1 2 5 6 7
1 5 0 1 3 6 7 5 1 3 4 5 6 5 1 3 4 5 6 5 1 2 3 6 7
1 5 0 1 3 6 7 5 1 3 4 5 6 5 1 2 3 4 5 5 2 3 5 6 7
4 158
1 5 0 1 2 3 4 5 0 1 2 4 5 5 0 1 2 5 6 5 0 1 2 6 7
1 5 0 1 3 4 5 5 0 1 2 5 6 5 0 1 2 6 7 5 0 1 2 3 7
1 5 0 1 3 4 5 5 0 1 2 3 5 5 0 1 2 5 6 5 0 1 3 6 7
1 5 0 1 4 5 6 5 0 1 2 3 6 5 0 1 2 6 7 5 0 1 3 4 7
1 5 0 1 3 4 5 5 0 1 3 5 6 5 0 1 2 3 6 5 0 1 3 6 7
1 5 0 1 4 5 6 5 0 1 3 6 7 5 0 1 2 3 7 5 0 1 3 4 7
1 5 0 1 4 5 6 5 0 1 3 4 6 5 0 1 2 3 6 5 0 1 4 6 7
1 5 0 1 5 6 7 5 0 1 3 4 7 5 0 1 2 3 7 5 0 1 4 5 7
1 5 0 1 3 4 5 5 0 1 2 3 5 5 0 2 3 5 6 5 0 1 3 6 7
1 5 0 1 4 5 6 5 0 1 2 3 6 5 0 2 3 6 7 5 0 1 3 4 7
1 5 0 1 4 5 6 5 0 1 2 4 6 5 0 2 3 4 6 5 0 1 4 6 7
1 5 0 1 5 6 7 5 0 1 2 4 7 5 0 2 3 4 7 5 0 1 4 5 7
1 5 0 1 2 3 4 5 0 2 3 4 5 5 0 2 3 5 6 5 0 1 3 6 7
1 5 0 1 2 4 5 5 0 2 3 5 6 5 0 2 3 6 7 5 0 1 3 4 7
1 5 0 1 2 4 5 5 0 2 3 4 5 5 0 2 3 5 6 5 0 1 4 6 7
1 5 0 1 2 5 6 5 0 2 3 4 6 5 0 2 3 6 7 5 0 1 4 5 7
1 5 0 1 2 4 5 5 0 2 4 5 6 5 0 2 3 4 6 5 0 1 4 6 7
1 5 0 1 2 5 6 5 0 2 4 6 7 5 0 2 3 4 7 5 0 1 4 5 7
1 5 0 1 2 5 6 5 0 2 4 5 6 5 0 2 3 4 6 5 0 1 5 6 7
1 5 0 1 2 6 7 5 0 2 4 5 7 5 0 2 3 4 7 5 0 1 5 6 7
1 5 0 1 2 4 5 5 0 2 3 4 5 5 0 3 4 5 6 5 0 1 4 6 7
1 5 0 1 2 5 6 5 0 2 3 4 6 5 0 3 4 6 7 5 0 1 4 5 7
1 5 0 1 2 5 6 5 0 2 3 5 6 5 0 3 4 5 6 5 0 1 5 6 7
1 5 0 1 2 6 7 5 0 2 3 5 7 5 0 3 4 5 7 5 0 1 5 6 7
1 5 0 1 2 3 5 5 0 3 4 5 6 5 0 3 4 6 7 5 0 1 4 5 7
1 5 0 1 2 3 6 5 0 3 4 5 6 5 0 3 4 6 7 5 0 1 5 6 7
1 5 0 1 2 3 6 5 0 3 5 6 7 5 0 3 4 5 7 5 0 1 5 6 7
1 5 0 1 2 3 6 5 0 3 4 5 6 5 0 4 5 6 7 5 0 1 5 6 7
1 5 0 2 3 4 5 5 0 2 3 5 6 5 0 2 3 6 7 5 0 1 2 3 7
1 5 0 2 4 5 6 5 0 2 3 4 6 5 0 2 3 6 7 5 0 1 2 4 7
1 5 0 2 4 5 6 5 0 2 4 6 7 5 0 2 3 4 7 5 0 1 2 4 7
1 5 0 2 5 6 7 5 0 2 4 5 7 5 0 2 3 4 7 5 0 1 2 5 7
1 5 0 2 4 5 6 5 0 2 3 4 6 5 0 3 4 6 7 5 0 1 2 4 7
1 5 0 2 5 6 7 5 0 2 3 5 7 5 0 3 4 5 7 5 0 1 2 5 7
1 5 0 2 3 4 5 5 0 3 4 5 6 5 0 3 4 6 7 5 0 1 2 4 7
1 5 0 2 3 5 6 5 0 3 4 5 6 5 0 3 4 6 7 5 0 1 2 5 7
1 5 0 2 3 5 6 5 0 3 5 6 7 5 0 3 4 5 7 5 0 1 2 5 7
1 5 0 2 3 6 7 5 0 3 5 6 7 5 0 3 4 5 7 5 0 1 2 6 7
1 5 0 2 3 5 6 5 0 3 4 5 6 5 0 4 5 6 7 5 0 1 2 5 7
1 5 0 2 3 6 7 5 0 3 4 6 7 5 0 4 5 6 7 5 0 1 2 6 7
1 5 0 1 3 4 5 5 0 1 2 3 5 5 0 1 2 3 5 5 1 3 5 6 7
1 5 0 1 4 5 6 5 0 1 2 3 6 5 0 1 2 3 6 5 1 3 4 6 7
1 5 0 1 5 6 7 5 0 1 2 3 7 5 0 1 2 3 7 5 1 3 4 5 7
1 5 0 1 2 3 4 5 0 2 3 4 5 5 0 1 2 3 5 5 1 3 5 6 7
1 5 0 1 2 4 5 5 0 2 3 5 6 5 0 1 2 3 6 5 1 3 4 6 7
1 5 0 1 2 5 6 5 0 2 3 6 7 5 0 1 2 3 7 5 1 3 4 5 7
1 5 0 1 2 4 5 5 0 2 3 4 5 5 0 1 2 3 5 5 1 4 5 6 7
1 5 0 1 2 5 6 5 0 2 3 4 6 5 0 1 2 3 6 5 1 4 5 6 7
1 5 0 1 2 6 7 5 0 2 3 4 7 5 0 1 2 3 7 5 1 4 5 6 7
1 5 0 1 2 4 5 5 0 2 3 4 5 5 0 1 3 4 5 5 1 4 5 6 7
1 5 0 1 2 5 6 5 0 2 3 4 6 5 0 1 3 4 6 5 1 4 5 6 7
1 5 0 1 2 6 7 5 0 2 3 4 7 5 0 1 3 4 7 5 1 4 5 6 7
1 5 0 1 2 3 5 5 0 3 4 5 6 5 0 1 3 4 6 5 1 4 5 6 7
1 5 0 1 2 3 6 5 0 3 4 6 7 5 0 1 3 4 7 5 1 4 5 6 7
1 5 0 2 3 4 5 5 0 2 3 5 6 5 0 1 2 3 6 5 1 2 3 6 7
1 5 0 2 4 5 6 5 0 2 3 6 7 5 0 1 2 3 7 5 1 2 3 4 7
1 5 0 2 4 5 6 5 0 2 3 4 6 5 0 1 2 3 6 5 1 2 4 6 7
1 5 0 2 5 6 7 5 0 2 3 4 7 5 0 1 2 3 7 5 1 2 4 5 7
1 5 0 2 4 5 6 5 0 2 3 4 6 5 0 1 3 4 6 5 1 2 4 6 7
1 5 0 2 5 6 7 5 0 2 3 4 7 5 0 1 3 4 7 5 1 2 4 5 7
1 5 0 2 3 4 5 5 0 3 4 5 6 5 0 1 3 4 6 5 1 2 4 6 7
1 5 0 2 3 5 6 5 0 3 4 6 7 5 0 1 3 4 7 5 1 2 4 5 7
1 5 0 2 3 5 6 5 0 3 4 5 6 5 0 1 3 4 6 5 1 2 5 6 7
1 5 0 2 3 6 7 5 0 3 4 5 7 5 0 1 3 4 7 5 1 2 5 6 7
1 5 0 2 3 5 6 5 0 3 4 5 6 5 0 1 4 5 6 5 1 2 5 6 7
1 5 0 2 3 6 7 5 0 3 4 5 7 5 0 1 4 5 7 5 1 2 5 6 7
1 5 0 2 3 4 6 5 0 4 5 6 7 5 0 1 4 5 7 5 1 2 5 6 7
1 5 0 3 4 5 6 5 0 3 4 6 7 5 0 1 3 4 7 5 1 2 3 4 7
1 5 0 3 5 6 7 5 0 3 4 5 7 5 0 1 3 4 7 5 1 2 3 5 7
1 5 0 3 5 6 7 5 0 3 4 5 7 5 0 1 4 5 7 5 1 2 3 5 7
1 5 0 3 4 5 6 5 0 4 5 6 7 5 0 1 4 5 7 5 1 2 3 5 7
1 5 0 3 4 6 7 5 0 4 5 6 7 5 0 1 4 5 7 5 1 2 3 6 7
1 5 0 3 4 6 7 5 0 4 5 6 7 5 0 1 5 6 7 5 1 2 3 6 7
1 5 0 1 2 3 4 5 0 1 2 3 4 5 1 2 3 4 5 5 1 3 5 6 7
1 5 0 1 2 4 5 5 0 1 2 3 5 5 1 2 3 5 6 5 1 3 4 6 7
1 5 0 1 2 5 6 5 0 1 2 3 6 5 1 2 3 6 7 5 1 3 4 5 7
1 5 0 1 2 4 5 5 0 1 2 4 5 5 1 2 3 4 5 5 1 4 5 6 7
1 5 0 1 2 5 6 5 0 1 2 4 6 5 1 2 3 4 6 5 1 4 5 6 7
1 5 0 1 2 6 7 5 0 1 2 4 7 5 1 2 3 4 7 5 1 4 5 6 7
1 5 0 1 2 3 5 5 0 1 3 4 5 5 1 3 4 5 6 5 1 4 5 6 7
1 5 0 1 2 3 6 5 0 1 3 4 6 5 1 3 4 6 7 5 1 4 5 6 7
1 5 0 2 3 4 5 5 0 1 2 3 5 5 1 2 3 5 6 5 1 2 3 6 7
1 5 0 2 4 5 6 5 0 1 2 3 6 5 1 2 3 6 7 5 1 2 3 4 7
1 5 0 2 4 5 6 5 0 1 2 4 6 5 1 2 3 4 6 5 1 2 4 6 7
1 5 0 2 5 6 7 5 0 1 2 4 7 5 1 2 3 4 7 5 1 2 4 5 7
1 5 0 2 3 4 5 5 0 1 3 4 5 5 1 3 4 5 6 5 1 2 4 6 7
1 5 0 2 3 5 6 5 0 1 3 4 6 5 1 3 4 6 7 5 1 2 4 5 7
1 5 0 2 3 5 6 5 0 1 3 5 6 5 1 3 4 5 6 5 1 2 5 6 7
1 5 0 2 3 6 7 5 0 1 3 5 7 5 1 3 4 5 7 5 1 2 5 6 7
1 5 0 2 3 4 6 5 0 1 4 5 6 5 1 4 5 6 7 5 1 2 5 6 7
1 5 0 3 4 5 6 5 0 1 3 4 6 5 1 3 4 6 7 5 1 2 3 4 7
1 5 0 3 5 6 7 5 0 1 3 5 7 5 1 3 4 5 7 5 1 2 3 5 7
1 5 0 3 4 5 6 5 0 1 4 5 6 5 1 4 5 6 7 5 1 2 3 5 7
1 5 0 3 4 6 7 5 0 1 4 6 7 5 1 4 5 6 7 5 1 2 3 6 7
1 5 0 2 3 4 5 5 0 1 3 4 5 5 1 2 3 4 5 5 2 4 5 6 7
1 5 0 2 3 5 6 5 0 1 3 4 6 5 1 2 3 4 6 5 2 4 5 6 7
1 5 0 2 3 6 7 5 0 1 3 4 7 5 1 2 3 4 7 5 2 4 5 6 7
1 5 0 3 4 5 6 5 0 1 3 4 6 5 1 2 3 4 6 5 2 3 4 6 7
1 5 0 3 5 6 7 5 0 1 3 4 7 5 1 2 3 4 7 5 2 3 4 5 7
1 5 0 3 4 5 6 5 0 1 4 5 6 5 1 2 4 5 6 5 2 3 5 6 7
1 5 0 3 4 6 7 5 0 1 4 5 7 5 1 2 4 5 7 5 2 3 5 6 7
1 5 0 4 5 6 7 5 0 1 4 5 7 5 1 2 4 5 7 5 2 3 4 5 7
1 5 0 4 5 6 7 5 0 1 5 6 7 5 1 2 5 6 7 5 2 3 4 6 7
1 5 0 1 2 3 4 5 1 2 3 4 5 5 1 2 3 5 6 5 1 2 3 6 7
1 5 0 1 2 4 5 5 1 2 3 5 6 5 1 2 3 6 7 5 1 2 3 4 7
1 5 0 1 2 4 5 5 1 2 3 4 5 5 1 2 3 5 6 5 1 2 4 6 7
1 5 0 1 2 5 6 5 1 2 3 4 6 5 1 2 3 6 7 5 1 2 4 5 7
1 5 0 1 2 4 5 5 1 2 4 5 6 5 1 2 3 4 6 5 1 2 4 6 7
1 5 0 1 2 5 6 5 1 2 4 6 7 5 1 2 3 4 7 5 1 2 4 5 7
1 5 0 1 2 5 6 5 1 2 4 5 6 5 1 2 3 4 6 5 1 2 5 6 7
1 5 0 1 2 6 7 5 1 2 4 5 7 5 1 2 3 4 7 5 1 2 5 6 7
1 5 0 1 2 4 5 5 1 2 3 4 5 5 1 3 4 5 6 5 1 2 4 6 7
1 5 0 1 2 5 6 5 1 2 3 4 6 5 1 3 4 6 7 5 1 2 4 5 7
1 5 0 1 2 5 6 5 1 2 3 5 6 5 1 3 4 5 6 5 1 2 5 6 7
1 5 0 1 2 6 7 5 1 2 3 5 7 5 1 3 4 5 7 5 1 2 5 6 7
1 5 0 1 2 3 5 5 1 3 4 5 6 5 1 3 4 6 7 5 1 2 4 5 7
1 5 0 1 2 3 6 5 1 3 4 5 6 5 1 3 4 6 7 5 1 2 5 6 7
1 5 0 1 2 3 6 5 1 3 5 6 7 5 1 3 4 5 7 5 1 2 5 6 7
1 5 0 1 2 3 6 5 1 3 4 5 6 5 1 4 5 6 7 5 1 2 5 6 7
1 5 0 1 3 4 5 5 1 3 4 5 6 5 1 3 4 6 7 5 1 2 3 4 7
1 5 0 1 3 5 6 5 1 3 4 5 6 5 1 3 4 6 7 5 1 2 3 5 7
1 5 0 1 3 5 6 5 1 3 5 6 7 5 1 3 4 5 7 5 1 2 3 5 7
1 5 0 1 3 6 7 5 1 3 5 6 7 5 1 3 4 5 7 5 1 2 3 6 7
1 5 0 1 3 5 6 5 1 3 4 5 6 5 1 4 5 6 7 5 1 2 3 5 7
1 5 0 1 3 6 7 5 1 3 4 6 7 5 1 4 5 6 7 5 1 2 3 6 7
1 5 0 1 2 4 5 5 1 2 3 4 5 5 1 2 3 4 5 5 2 4 5 6 7
1 5 0 1 2 5 6 5 1 2 3 4 6 5 1 2 3 4 6 5 2 4 5 6 7
1 5 0 1 2 6 7 5 1 2 3 4 7 5 1 2 3 4 7 5 2 4 5 6 7
1 5 0 1 2 3 5 5 1 3 4 5 6 5 1 2 3 4 6 5 2 4 5 6 7
1 5 0 1 2 3 6 5 1 3 4 6 7 5 1 2 3 4 7 5 2 4 5 6 7
1 5 0 1 3 4 5 5 1 3 4 5 6 5 1 2 3 4 6 5 2 3 4 6 7
1 5 0 1 3 5 6 5 1 3 4 6 7 5 1 2 3 4 7 5 2 3 4 5 7
1 5 0 1 3 5 6 5 1 3 4 5 6 5 1 2 3 4 6 5 2 3 5 6 7
1 5 0 1 3 6 7 5 1 3 4 5 7 5 1 2 3 4 7 5 2 3 5 6 7
1 5 0 1 3 5 6 5 1 3 4 5 6 5 1 2 4 5 6 5 2 3 5 6 7
1 5 0 1 3 6 7 5 1 3 4 5 7 5 1 2 4 5 7 5 2 3 5 6 7
1 5 0 1 3 4 6 5 1 4 5 6 7 5 1 2 4 5 7 5 2 3 5 6 7
1 5 0 1 4 5 6 5 1 4 5 6 7 5 1 2 4 5 7 5 2 3 4 5 7
1 5 0 1 4 6 7 5 1 4 5 6 7 5 1 2 4 5 7 5 2 3 4 6 7
1 5 0 1 4 6 7 5 1 4 5 6 7 5 1 2 5 6 7 5 2 3 4 6 7
1 5 0 1 2 3 5 5 1 2 3 4 5 5 2 3 4 5 6 5 2 4 5 6 7
1 5 0 1 2 3 6 5 1 2 3 4 6 5 2 3 4 6 7 5 2 4 5 6 7
1 5 0 1 3 4 5 5 1 2 3 4 5 5 2 3 4 5 6 5 2 3 4 6 7
1 5 0 1 3 5 6 5 1 2 3 4 6 5 2 3 4 6 7 5 2 3 4 5 7
1 5 0 1 3 5 6 5 1 2 3 5 6 5 2 3 4 5 6 5 2 3 5 6 7
1 5 0 1 3 6 7 5 1 2 3 5 7 5 2 3 4 5 7 5 2 3 5 6 7
1 5 0 1 3 4 6 5 1 2 4 5 6 5 2 4 5 6 7 5 2 3 5 6 7
1 5 0 1 4 5 6 5 1 2 4 5 6 5 2 4 5 6 7 5 2 3 4 5 7
1 5 0 1 4 6 7 5 1 2 4 6 7 5 2 4 5 6 7 5 2 3 4 6 7
1 5 0 1 4 5 6 5 1 2 4 5 6 5 2 3 4 5 6 5 3 4 5 6 7
1 5 0 1 4 6 7 5 1 2 4 5 7 5 2 3 4 5 7 5 3 4 5 6 7
1 5 0 1 5 6 7 5 1 2 5 6 7 5 2 3 5 6 7 5 3 4 5 6 7
1 5 0 1 2 3 5 5 2 3 4 5 6 5 2 3 4 6 7 5 2 3 4 5 7
1 5 0 1 2 3 6 5 2 3 4 5 6 5 2 3 4 6 7 5 2 3 5 6 7
1 5 0 1 2 3 6 5 2 3 5 6 7 5 2 3 4 5 7 5 2 3 5 6 7
1 5 0 1 2 3 6 5 2 3 4 5 6 5 2 4 5 6 7 5 2 3 5 6 7
1 5 0 1 2 4 6 5 2 4 5 6 7 5 2 3 4 5 7 5 3 4 5 6 7
1 5 0 1 2 4 6 5 2 3 4 5 6 5 3 4 5 6 7 5 3 4 5 6 7
4 23
1 5 0 1 4 5 7 5 0 1 4 5 6 5 0 1 2 3 4 5 0 1 4 6 7
1 5 0 1 5 6 7 5 0 1 4 5 6 5 0 1 2 3 4 5 0 1 4 6 7
1 5 0 1 5 6 7 5 0 1 5 6 7 5 0 1 2 3 4 5 0 1 4 5 7
1 5 0 1 5 6 7 5 0 1 2 5 6 5 0 2 3 4 5 5 0 1 5 6 7
1 5 0 2 5 6 7 5 0 2 5 6 7 5 0 2 3 4 5 5 0 1 2 5 7
1 5 0 1 4 5 7 5 0 1 2 4 5 5 0 1 2 3 4 5 1 4 5 6 7
1 5 0 1 5 6 7 5 0 1 2 5 6 5 0 1 2 3 4 5 1 4 5 6 7
1 5 0 2 4 5 7 5 0 2 4 5 6 5 0 1 2 3 4 5 1 2 4 6 7
1 5 0 2 5 6 7 5 0 2 4 5 6 5 0 1 2 3 4 5 1 2 4 6 7
1 5 0 2 5 6 7 5 0 2 5 6 7 5 0 1 2 3 4 5 1 2 4 5 7
1 5 0 2 5 6 7 5 0 2 3 5 6 5 0 1 3 4 5 5 1 2 5 6 7
1 5 0 3 5 6 7 5 0 3 5 6 7 5 0 1 3 4 5 5 1 2 3 5 7
1 5 0 2 4 5 7 5 0 2 3 4 5 5 0 1 2 3 4 5 2 4 5 6 7
1 5 0 2 5 6 7 5 0 2 3 5 6 5 0 1 2 3 4 5 2 4 5 6 7
1 5 0 3 4 5 7 5 0 3 4 5 6 5 0 1 2 3 4 5 2 3 4 6 7
1 5 0 3 5 6 7 5 0 3 4 5 6 5 0 1 2 3 4 5 2 3 4 6 7
1 5 0 3 5 6 7 5 0 3 5 6 7 5 0 1 2 3 4 5 2 3 4 5 7
1 5 0 3 5 6 7 5 0 3 4 5 6 5 0 1 2 4 5 5 2 3 5 6 7
1 5 0 4 5 6 7 5 0 4 5 6 7 5 0 1 2 4 5 5 2 3 4 5 7
1 5 0 3 5 6 7 5 0 3 4 5 6 5 0 1 2 3 4 5 3 4 5 6 7
1 5 0 2 5 6 7 5 0 1 2 5 6 5 1 2 3 4 5 5 1 2 5 6 7
1 5 0 3 5 6 7 5 0 1 3 5 6 5 1 2 3 4 5 5 2 3 5 6 7
1 5 0 4 5 6 7 5 0 1 4 5 6 5 1 2 3 4 5 5 3 4 5 6 7
4 177
1 5 0 1 4 5 6 5 0 1 2 3 6 5 0 1 2 3 4 5 0 1 2 6 7
1 5 0 1 4 5 6 5 0 1 3 6 7 5 0 1 2 3 4 5 0 1 2 3 7
1 5 0 1 5 6 7 5 0 1 3 4 7 5 0 1 2 4 5 5 0 1 2 3 7
1 5 0 1 4 5 6 5 0 1 3 4 6 5 0 1 2 3 4 5 0 1 3 6 7
1 5 0 1 4 5 6 5 0 1 4 6 7 5 0 1 2 3 4 5 0 1 3 4 7
1 5 0 1 5 6 7 5 0 1 4 5 7 5 0 1 2 3 5 5 0 1 3 4 7
1 5 0 1 5 6 7 5 0 1 2 3 7 5 0 2 3 4 5 5 0 1 2 3 7
1 5 0 1 5 6 7 5 0 1 2 4 7 5 0 2 3 4 5 5 0 1 3 4 7
1 5 0 1 5 6 7 5 0 1 2 5 7 5 0 2 3 4 5 5 0 1 4 5 7
1 5 0 1 2 5 6 5 0 2 3 6 7 5 0 2 3 4 5 5 0 1 2 3 7
1 5 0 1 2 6 7 5 0 2 3 4 7 5 0 2 4 5 6 5 0 1 2 3 7
1 5 0 1 2 5 6 5 0 2 3 4 6 5 0 2 3 4 5 5 0 1 3 6 7
1 5 0 1 2 5 6 5 0 2 4 6 7 5 0 2 3 4 5 5 0 1 3 4 7
1 5 0 1 2 6 7 5 0 2 4 5 7 5 0 2 3 5 6 5 0 1 3 4 7
1 5 0 1 2 5 6 5 0 2 4 5 6 5 0 2 3 4 5 5 0 1 4 6 7
1 5 0 1 2 5 6 5 0 2 5 6 7 5 0 2 3 4 5 5 0 1 4 5 7
1 5 0 1 2 6 7 5 0 2 5 6 7 5 0 2 3 4 6 5 0 1 4 5 7
1 5 0 1 2 6 7 5 0 2 3 4 7 5 0 3 4 5 6 5 0 1 3 4 7
1 5 0 1 2 6 7 5 0 2 3 5 7 5 0 3 4 5 6 5 0 1 4 5 7
1 5 0 1 2 6 7 5 0 2 3 6 7 5 0 3 4 5 6 5 0 1 5 6 7
1 5 0 1 2 3 6 5 0 3 4 6 7 5 0 3 4 5 6 5 0 1 3 4 7
1 5 0 1 2 3 7 5 0 3 4 5 7 5 0 3 5 6 7 5 0 1 3 4 7
1 5 0 1 2 3 6 5 0 3 4 5 6 5 0 3 4 5 6 5 0 1 4 6 7
1 5 0 1 2 3 6 5 0 3 5 6 7 5 0 3 4 5 6 5 0 1 4 5 7
1 5 0 1 2 3 7 5 0 3 5 6 7 5 0 3 4 6 7 5 0 1 4 5 7
1 5 0 1 2 3 7 5 0 3 4 5 7 5 0 4 5 6 7 5 0 1 4 5 7
1 5 0 1 2 3 7 5 0 3 4 6 7 5 0 4 5 6 7 5 0 1 5 6 7
1 5 0 2 5 6 7 5 0 2 3 4 7 5 0 2 3 4 5 5 0 1 2 3 7
1 5 0 2 5 6 7 5 0 2 4 5 7 5 0 2 3 4 5 5 0 1 2 4 7
1 5 0 2 3 6 7 5 0 3 4 5 7 5 0 3 4 5 6 5 0 1 2 4 7
1 5 0 2 3 6 7 5 0 3 5 6 7 5 0 3 4 5 6 5 0 1 2 5 7
1 5 0 2 3 4 7 5 0 4 5 6 7 5 0 4 5 6 7 5 0 1 2 5 7
1 5 0 1 4 5 6 5 0 1 2 3 6 5 0 1 2 3 4 5 1 2 3 6 7
1 5 0 1 5 6 7 5 0 1 2 4 7 5 0 1 2 4 5 5 1 2 3 4 7
1 5 0 1 4 5 6 5 0 1 2 4 6 5 0 1 2 3 4 5 1 3 4 6 7
1 5 0 1 5 6 7 5 0 1 2 5 7 5 0 1 2 3 5 5 1 3 4 5 7
1 5 0 1 2 4 5 5 0 2 3 5 6 5 0 1 2 3 4 5 1 2 3 6 7
1 5 0 1 2 5 6 5 0 2 3 4 6 5 0 1 2 4 5 5 1 2 3 6 7
1 5 0 1 2 5 6 5 0 2 4 6 7 5 0 1 2 4 5 5 1 2 3 4 7
1 5 0 1 2 6 7 5 0 2 4 5 7 5 0 1 2 5 6 5 1 2 3 4 7
1 5 0 1 2 4 5 5 0 2 3 4 5 5 0 1 2 3 4 5 1 3 5 6 7
1 5 0 1 2 4 5 5 0 2 4 5 6 5 0 1 2 3 4 5 1 3 4 6 7
1 5 0 1 2 5 6 5 0 2 4 5 6 5 0 1 2 3 5 5 1 3 4 6 7
1 5 0 1 2 5 6 5 0 2 5 6 7 5 0 1 2 3 5 5 1 3 4 5 7
1 5 0 1 2 6 7 5 0 2 5 6 7 5 0 1 2 3 6 5 1 3 4 5 7
1 5 0 1 2 5 6 5 0 2 3 4 6 5 0 1 3 4 5 5 1 3 4 6 7
1 5 0 1 2 6 7 5 0 2 3 5 7 5 0 1 3 5 6 5 1 3 4 5 7
1 5 0 1 2 5 6 5 0 2 3 5 6 5 0 1 3 4 5 5 1 4 5 6 7
1 5 0 1 2 6 7 5 0 2 3 6 7 5 0 1 3 4 6 5 1 4 5 6 7
1 5 0 1 2 3 5 5 0 3 4 5 6 5 0 1 3 4 5 5 1 3 4 6 7
1 5 0 1 2 3 6 5 0 3 4 5 6 5 0 1 3 5 6 5 1 3 4 6 7
1 5 0 1 2 3 6 5 0 3 5 6 7 5 0 1 3 5 6 5 1 3 4 5 7
1 5 0 1 2 3 7 5 0 3 5 6 7 5 0 1 3 6 7 5 1 3 4 5 7
1 5 0 1 2 3 6 5 0 3 4 5 6 5 0 1 4 5 6 5 1 4 5 6 7
1 5 0 1 2 3 7 5 0 3 4 6 7 5 0 1 4 6 7 5 1 4 5 6 7
1 5 0 2 4 5 6 5 0 2 3 4 6 5 0 1 2 3 4 5 1 2 3 6 7
1 5 0 2 4 5 6 5 0 2 4 6 7 5 0 1 2 3 4 5 1 2 3 4 7
1 5 0 2 5 6 7 5 0 2 4 5 7 5 0 1 2 3 5 5 1 2 3 4 7
1 5 0 2 5 6 7 5 0 2 3 4 7 5 0 1 3 4 5 5 1 2 3 4 7
1 5 0 2 5 6 7 5 0 2 3 5 7 5 0 1 3 4 5 5 1 2 4 5 7
1 5 0 2 3 5 6 5 0 3 4 6 7 5 0 1 3 4 5 5 1 2 3 4 7
1 5 0 2 3 6 7 5 0 3 4 5 7 5 0 1 3 5 6 5 1 2 3 4 7
1 5 0 2 3 5 6 5 0 3 4 5 6 5 0 1 3 4 5 5 1 2 4 6 7
1 5 0 2 3 5 6 5 0 3 5 6 7 5 0 1 3 4 5 5 1 2 4 5 7
1 5 0 2 3 6 7 5 0 3 5 6 7 5 0 1 3 4 6 5 1 2 4 5 7
1 5 0 2 3 6 7 5 0 3 4 5 7 5 0 1 4 5 6 5 1 2 4 5 7
1 5 0 2 3 6 7 5 0 3 4 6 7 5 0 1 4 5 6 5 1 2 5 6 7
1 5 0 2 3 4 6 5 0 4 5 6 7 5 0 1 4 5 6 5 1 2 4 5 7
1 5 0 2 3 4 7 5 0 4 5 6 7 5 0 1 4 6 7 5 1 2 4 5 7
1 5 0 2 3 4 7 5 0 4 5 6 7 5 0 1 5 6 7 5 1 2 5 6 7
1 5 0 3 5 6 7 5 0 3 4 5 7 5 0 1 3 4 5 5 1 2 3 4 7
1 5 0 3 4 6 7 5 0 4 5 6 7 5 0 1 4 5 6 5 1 2 3 5 7
1 5 0 2 4 5 6 5 0 2 3 4 6 5 0 1 2 3 4 5 2 3 4 6 7
1 5 0 2 5 6 7 5 0 2 3 5 7 5 0 1 2 3 5 5 2 3 4 5 7
1 5 0 2 3 4 5 5 0 3 4 5 6 5 0 1 2 3 4 5 2 3 4 6 7
1 5 0 2 3 5 6 5 0 3 4 5 6 5 0 1 2 3 5 5 2 3 4 6 7
1 5 0 2 3 5 6 5 0 3 5 6 7 5 0 1 2 3 5 5 2 3 4 5 7
1 5 0 2 3 6 7 5 0 3 5 6 7 5 0 1 2 3 6 5 2 3 4 5 7
1 5 0 2 3 5 6 5 0 3 4 5 6 5 0 1 2 4 5 5 2 4 5 6 7
1 5 0 2 3 6 7 5 0 3 4 6 7 5 0 1 2 4 6 5 2 4 5 6 7
1 5 0 3 5 6 7 5 0 3 4 5 7 5 0 1 2 4 5 5 2 3 4 5 7
1 5 0 3 4 5 6 5 0 4 5 6 7 5 0 1 2 4 5 5 2 3 4 5 7
1 5 0 3 4 6 7 5 0 4 5 6 7 5 0 1 2 4 6 5 2 3 4 5 7
1 5 0 3 4 6 7 5 0 4 5 6 7 5 0 1 2 5 6 5 2 3 5 6 7
1 5 0 1 2 5 6 5 0 1 2 3 6 5 1 2 3 4 5 5 1 2 3 6 7
1 5 0 1 2 6 7 5 0 1 2 4 7 5 1 2 4 5 6 5 1 2 3 4 7
1 5 0 1 2 5 6 5 0 1 2 4 6 5 1 2 3 4 5 5 1 3 4 6 7
1 5 0 1 2 6 7 5 0 1 2 5 7 5 1 2 3 5 6 5 1 3 4 5 7
1 5 0 1 2 5 6 5 0 1 2 5 6 5 1 2 3 4 5 5 1 4 5 6 7
1 5 0 1 2 6 7 5 0 1 2 6 7 5 1 2 3 4 6 5 1 4 5 6 7
1 5 0 1 2 3 6 5 0 1 3 4 6 5 1 3 4 5 6 5 1 3 4 6 7
1 5 0 1 2 3 7 5 0 1 3 5 7 5 1 3 5 6 7 5 1 3 4 5 7
1 5 0 1 2 3 6 5 0 1 3 5 6 5 1 3 4 5 6 5 1 4 5 6 7
1 5 0 1 2 3 7 5 0 1 3 6 7 5 1 3 4 6 7 5 1 4 5 6 7
1 5 0 2 5 6 7 5 0 1 2 4 7 5 1 2 3 4 5 5 1 2 3 4 7
1 5 0 2 5 6 7 5 0 1 2 5 7 5 1 2 3 4 5 5 1 2 4 5 7
1 5 0 2 3 6 7 5 0 1 3 4 7 5 1 3 4 5 6 5 1 2 3 4 7
1 5 0 2 3 6 7 5 0 1 3 5 7 5 1 3 4 5 6 5 1 2 4 5 7
1 5 0 2 3 6 7 5 0 1 3 6 7 5 1 3 4 5 6 5 1 2 5 6 7
1 5 0 2 3 4 7 5 0 1 4 5 7 5 1 4 5 6 7 5 1 2 4 5 7
1 5 0 2 3 4 7 5 0 1 4 6 7 5 1 4 5 6 7 5 1 2 5 6 7
1 5 0 2 3 5 6 5 0 1 3 4 6 5 1 2 3 4 5 5 2 3 4 6 7
1 5 0 2 3 6 7 5 0 1 3 5 7 5 1 2 3 5 6 5 2 3 4 5 7
1 5 0 2 3 5 6 5 0 1 3 5 6 5 1 2 3 4 5 5 2 4 5 6 7
1 5 0 2 3 6 7 5 0 1 3 6 7 5 1 2 3 4 6 5 2 4 5 6 7
1 5 0 2 3 4 6 5 0 1 4 5 6 5 1 2 4 5 6 5 2 4 5 6 7
1 5 0 2 3 4 7 5 0 1 4 6 7 5 1 2 4 6 7 5 2 4 5 6 7
1 5 0 3 5 6 7 5 0 1 3 5 7 5 1 2 3 4 5 5 2 3 4 5 7
1 5 0 3 4 6 7 5 0 1 4 5 7 5 1 2 4 5 6 5 2 3 4 5 7
1 5 0 3 4 6 7 5 0 1 4 6 7 5 1 2 4 5 6 5 2 3 5 6 7
1 5 0 3 4 5 7 5 0 1 5 6 7 5 1 2 5 6 7 5 2 3 5 6 7
1 5 0 3 4 5 6 5 0 1 4 5 6 5 1 2 3 4 5 5 3 4 5 6 7
1 5 0 3 4 6 7 5 0 1 4 6 7 5 1 2 3 4 6 5 3 4 5 6 7
1 5 0 4 5 6 7 5 0 1 5 6 7 5 1 2 3 5 6 5 3 4 5 6 7
1 5 0 1 2 5 6 5 1 2 3 4 6 5 1 2 3 4 5 5 1 2 3 6 7
1 5 0 1 2 5 6 5 1 2 4 6 7 5 1 2 3 4 5 5 1 2 3 4 7
1 5 0 1 2 6 7 5 1 2 4 5 7 5 1 2 3 5 6 5 1 2 3 4 7
1 5 0 1 2 5 6 5 1 2 4 5 6 5 1 2 3 4 5 5 1 2 4 6 7
1 5 0 1 2 5 6 5 1 2 5 6 7 5 1 2 3 4 5 5 1 2 4 5 7
1 5 0 1 2 6 7 5 1 2 5 6 7 5 1 2 3 4 6 5 1 2 4 5 7
1 5 0 1 2 6 7 5 1 2 3 4 7 5 1 3 4 5 6 5 1 2 3 4 7
1 5 0 1 2 6 7 5 1 2 3 5 7 5 1 3 4 5 6 5 1 2 4 5 7
1 5 0 1 2 6 7 5 1 2 3 6 7 5 1 3 4 5 6 5 1 2 5 6 7
1 5 0 1 2 3 6 5 1 3 4 6 7 5 1 3 4 5 6 5 1 2 3 4 7
1 5 0 1 2 3 7 5 1 3 4 5 7 5 1 3 5 6 7 5 1 2 3 4 7
1 5 0 1 2 3 6 5 1 3 4 5 6 5 1 3 4 5 6 5 1 2 4 6 7
1 5 0 1 2 3 6 5 1 3 5 6 7 5 1 3 4 5 6 5 1 2 4 5 7
1 5 0 1 2 3 7 5 1 3 5 6 7 5 1 3 4 6 7 5 1 2 4 5 7
1 5 0 1 2 3 7 5 1 3 4 5 7 5 1 4 5 6 7 5 1 2 4 5 7
1 5 0 1 2 3 7 5 1 3 4 6 7 5 1 4 5 6 7 5 1 2 5 6 7
1 5 0 1 3 6 7 5 1 3 4 5 7 5 1 3 4 5 6 5 1 2 3 4 7
1 5 0 1 3 6 7 5 1 3 5 6 7 5 1 3 4 5 6 5 1 2 3 5 7
1 5 0 1 3 4 7 5 1 4 5 6 7 5 1 4 5 6 7 5 1 2 3 5 7
1 5 0 1 2 5 6 5 1 2 3 4 6 5 1 2 3 4 5 5 2 3 4 6 7
1 5 0 1 2 6 7 5 1 2 3 5 7 5 1 2 3 5 6 5 2 3 4 5 7
1 5 0 1 2 5 6 5 1 2 3 5 6 5 1 2 3 4 5 5 2 4 5 6 7
1 5 0 1 2 6 7 5 1 2 3 6 7 5 1 2 3 4 6 5 2 4 5 6 7
1 5 0 1 2 3 5 5 1 3 4 5 6 5 1 2 3 4 5 5 2 3 4 6 7
1 5 0 1 2 3 6 5 1 3 4 5 6 5 1 2 3 5 6 5 2 3 4 6 7
1 5 0 1 2 3 6 5 1 3 5 6 7 5 1 2 3 5 6 5 2 3 4 5 7
1 5 0 1 2 3 7 5 1 3 5 6 7 5 1 2 3 6 7 5 2 3 4 5 7
1 5 0 1 2 3 6 5 1 3 4 5 6 5 1 2 4 5 6 5 2 4 5 6 7
1 5 0 1 2 3 7 5 1 3 4 6 7 5 1 2 4 6 7 5 2 4 5 6 7
1 5 0 1 3 5 6 5 1 3 4 5 6 5 1 2 3 4 5 5 2 3 4 6 7
1 5 0 1 3 5 6 5 1 3 5 6 7 5 1 2 3 4 5 5 2 3 4 5 7
1 5 0 1 3 6 7 5 1 3 5 6 7 5 1 2 3 4 6 5 2 3 4 5 7
1 5 0 1 3 6 7 5 1 3 4 5 7 5 1 2 4 5 6 5 2 3 4 5 7
1 5 0 1 3 6 7 5 1 3 4 6 7 5 1 2 4 5 6 5 2 3 5 6 7
1 5 0 1 3 4 6 5 1 4 5 6 7 5 1 2 4 5 6 5 2 3 4 5 7
1 5 0 1 3 4 7 5 1 4 5 6 7 5 1 2 4 6 7 5 2 3 4 5 7
1 5 0 1 3 4 7 5 1 4 5 6 7 5 1 2 5 6 7 5 2 3 5 6 7
1 5 0 1 4 6 7 5 1 4 5 6 7 5 1 2 4 5 6 5 2 3 4 5 7
1 5 0 1 3 5 6 5 1 3 4 5 6 5 1 2 3 4 5 5 3 4 5 6 7
1 5 0 1 3 6 7 5 1 3 4 6 7 5 1 2 3 4 6 5 3 4 5 6 7
1 5 0 1 4 6 7 5 1 4 5 6 7 5 1 2 3 5 6 5 3 4 5 6 7
1 5 0 1 2 3 6 5 1 2 3 4 6 5 2 3 4 5 6 5 2 3 4 6 7
1 5 0 1 2 3 7 5 1 2 3 5 7 5 2 3 5 6 7 5 2 3 4 5 7
1 5 0 1 2 3 6 5 1 2 3 5 6 5 2 3 4 5 6 5 2 4 5 6 7
1 5 0 1 2 3 7 5 1 2 3 6 7 5 2 3 4 6 7 5 2 4 5 6 7
1 5 0 1 3 6 7 5 1 2 3 5 7 5 2 3 4 5 6 5 2 3 4 5 7
1 5 0 1 3 6 7 5 1 2 3 6 7 5 2 3 4 5 6 5 2 3 5 6 7
1 5 0 1 3 4 7 5 1 2 4 5 7 5 2 4 5 6 7 5 2 3 4 5 7
1 5 0 1 3 4 7 5 1 2 4 6 7 5 2 4 5 6 7 5 2 3 5 6 7
1 5 0 1 3 4 6 5 1 2 4 5 6 5 2 3 4 5 6 5 3 4 5 6 7
1 5 0 1 3 4 7 5 1 2 4 6 7 5 2 3 4 6 7 5 3 4 5 6 7
1 5 0 1 4 6 7 5 1 2 4 6 7 5 2 3 4 5 6 5 3 4 5 6 7
1 5 0 1 4 5 7 5 1 2 5 6 7 5 2 3 5 6 7 5 3 4 5 6 7
1 5 0 1 2 3 6 5 2 3 4 5 6 5 2 3 4 5 6 5 2 3 4 6 7
1 5 0 1 2 3 6 5 2 3 5 6 7 5 2 3 4 5 6 5 2 3 4 5 7
1 5 0 1 2 3 7 5 2 3 5 6 7 5 2 3 4 6 7 5 2 3 4 5 7
1 5 0 1 2 3 7 5 2 3 4 5 7 5 2 4 5 6 7 5 2 3 4 5 7
1 5 0 1 2 3 7 5 2 3 4 6 7 5 2 4 5 6 7 5 2 3 5 6 7
1 5 0 1 2 4 7 5 2 4 5 6 7 5 2 4 5 6 7 5 2 3 4 5 7
1 5 0 1 2 3 6 5 2 3 4 5 6 5 2 3 4 5 6 5 3 4 5 6 7
1 5 0 1 2 3 7 5 2 3 4 6 7 5 2 3 4 6 7 5 3 4 5 6 7
1 5 0 1 2 4 7 5 2 4 5 6 7 5 2 3 5 6 7 5 3 4 5 6 7
1 5 0 1 2 4 7 5 2 3 4 6 7 5 3 4 5 6 7 5 3 4 5 6 7
4 83
1 5 0 1 5 6 7 5 0 1 2 3 4 5 0 1 2 4 5 5 0 1 2 4 7
1 5 0 1 5 6 7 5 0 1 3 4 5 5 0 1 2 3 5 5 0 1 3 5 7
1 5 0 1 5 6 7 5 0 1 2 3 4 5 0 2 3 4 5 5 0 1 3 4 7
1 5 0 1 5 6 7 5 0 1 2 4 5 5 0 2 3 4 5 5 0 1 4 5 7
1 5 0 1 2 6 7 5 0 2 3 4 5 5 0 2 3 5 6 5 0 1 3 5 7
1 5 0 1 2 6 7 5 0 2 4 5 6 5 0 2 3 4 6 5 0 1 4 6 7
1 5 0 1 2 6 7 5 0 2 3 4 5 5 0 3 4 5 6 5 0 1 4 5 7
1 5 0 1 2 6 7 5 0 2 3 5 6 5 0 3 4 5 6 5 0 1 5 6 7
1 5 0 1 2 3 7 5 0 3 4 5 6 5 0 3 4 6 7 5 0 1 4 6 7
1 5 0 1 2 3 7 5 0 3 4 5 6 5 0 4 5 6 7 5 0 1 5 6 7
1 5 0 1 5 6 7 5 0 1 2 3 4 5 0 1 2 4 5 5 1 2 3 4 7
1 5 0 1 4 5 6 5 0 1 2 3 4 5 0 1 2 3 4 5 1 3 4 6 7
1 5 0 1 5 6 7 5 0 1 2 3 4 5 0 1 2 3 5 5 1 3 4 5 7
1 5 0 1 5 6 7 5 0 1 2 4 5 5 0 1 2 3 5 5 1 3 4 5 7
1 5 0 1 2 6 7 5 0 2 3 4 5 5 0 1 2 5 6 5 1 2 3 5 7
1 5 0 1 2 5 6 5 0 2 3 4 5 5 0 1 2 3 5 5 1 3 5 6 7
1 5 0 1 2 6 7 5 0 2 3 4 5 5 0 1 2 3 6 5 1 3 5 6 7
1 5 0 1 2 6 7 5 0 2 4 5 6 5 0 1 2 3 6 5 1 3 4 6 7
1 5 0 1 2 6 7 5 0 2 3 4 5 5 0 1 3 5 6 5 1 3 4 5 7
1 5 0 1 2 5 6 5 0 2 3 4 5 5 0 1 3 4 5 5 1 4 5 6 7
1 5 0 1 2 6 7 5 0 2 3 4 5 5 0 1 3 4 6 5 1 4 5 6 7
1 5 0 1 2 6 7 5 0 2 3 5 6 5 0 1 3 4 6 5 1 4 5 6 7
1 5 0 1 2 3 7 5 0 3 4 5 6 5 0 1 3 6 7 5 1 3 4 6 7
1 5 0 1 2 3 7 5 0 3 4 5 6 5 0 1 4 6 7 5 1 4 5 6 7
1 5 0 2 5 6 7 5 0 2 3 4 5 5 0 1 2 3 5 5 1 2 3 5 7
1 5 0 2 5 6 7 5 0 2 3 4 5 5 0 1 3 4 5 5 1 2 4 5 7
1 5 0 2 3 6 7 5 0 3 4 5 6 5 0 1 3 4 6 5 1 2 4 6 7
1 5 0 2 3 6 7 5 0 3 4 5 6 5 0 1 4 5 6 5 1 2 5 6 7
1 5 0 2 5 6 7 5 0 2 3 4 5 5 0 1 2 3 5 5 2 3 4 5 7
1 5 0 2 3 6 7 5 0 3 4 5 6 5 0 1 2 3 6 5 2 3 4 6 7
1 5 0 2 3 6 7 5 0 3 4 5 6 5 0 1 2 4 6 5 2 4 5 6 7
1 5 0 1 2 6 7 5 0 1 2 3 4 5 1 2 4 5 6 5 1 2 3 4 7
1 5 0 1 2 5 6 5 0 1 2 3 4 5 1 2 3 4 5 5 1 3 4 6 7
1 5 0 1 2 6 7 5 0 1 2 3 4 5 1 2 3 5 6 5 1 3 4 5 7
1 5 0 1 2 6 7 5 0 1 2 4 5 5 1 2 3 5 6 5 1 3 4 5 7
1 5 0 1 2 5 6 5 0 1 2 4 5 5 1 2 3 4 5 5 1 4 5 6 7
1 5 0 1 2 6 7 5 0 1 2 4 5 5 1 2 3 4 6 5 1 4 5 6 7
1 5 0 1 2 6 7 5 0 1 2 5 6 5 1 2 3 4 6 5 1 4 5 6 7
1 5 0 1 2 3 7 5 0 1 3 4 5 5 1 3 5 6 7 5 1 3 4 5 7
1 5 0 1 2 3 6 5 0 1 3 4 5 5 1 3 4 5 6 5 1 4 5 6 7
1 5 0 1 2 3 7 5 0 1 3 4 5 5 1 3 4 6 7 5 1 4 5 6 7
1 5 0 1 2 3 7 5 0 1 3 5 6 5 1 3 4 6 7 5 1 4 5 6 7
1 5 0 2 5 6 7 5 0 1 2 3 4 5 1 2 3 4 5 5 1 2 3 4 7
1 5 0 2 5 6 7 5 0 1 2 4 5 5 1 2 3 4 5 5 1 2 4 5 7
1 5 0 2 3 6 7 5 0 1 3 4 5 5 1 3 4 5 6 5 1 2 4 5 7
1 5 0 2 3 6 7 5 0 1 3 5 6 5 1 3 4 5 6 5 1 2 5 6 7
1 5 0 2 3 4 7 5 0 1 4 5 6 5 1 4 5 6 7 5 1 2 5 6 7
1 5 0 2 3 6 7 5 0 1 3 4 5 5 1 2 3 5 6 5 2 3 4 5 7
1 5 0 2 3 5 6 5 0 1 3 4 5 5 1 2 3 4 5 5 2 4 5 6 7
1 5 0 2 3 6 7 5 0 1 3 4 5 5 1 2 3 4 6 5 2 4 5 6 7
1 5 0 2 3 6 7 5 0 1 3 5 6 5 1 2 3 4 6 5 2 4 5 6 7
1 5 0 2 3 4 7 5 0 1 4 5 6 5 1 2 4 6 7 5 2 4 5 6 7
1 5 0 3 5 6 7 5 0 1 3 4 5 5 1 2 3 4 5 5 2 3 4 5 7
1 5 0 3 4 6 7 5 0 1 4 5 6 5 1 2 4 5 6 5 2 3 5 6 7
1 5 0 3 4 6 7 5 0 1 4 5 6 5 1 2 3 4 6 5 3 4 5 6 7
1 5 0 1 2 6 7 5 1 2 3 4 5 5 1 2 3 5 6 5 1 2 3 5 7
1 5 0 1 2 6 7 5 1 2 4 5 6 5 1 2 3 4 6 5 1 2 4 6 7
1 5 0 1 2 6 7 5 1 2 3 4 5 5 1 3 4 5 6 5 1 2 4 5 7
1 5 0 1 2 6 7 5 1 2 3 5 6 5 1 3 4 5 6 5 1 2 5 6 7
1 5 0 1 2 3 7 5 1 3 4 5 6 5 1 3 4 6 7 5 1 2 4 6 7
1 5 0 1 2 3 7 5 1 3 4 5 6 5 1 4 5 6 7 5 1 2 5 6 7
1 5 0 1 2 6 7 5 1 2 3 4 5 5 1 2 3 5 6 5 2 3 4 5 7
1 5 0 1 2 5 6 5 1 2 3 4 5 5 1 2 3 4 5 5 2 4 5 6 7
1 5 0 1 2 6 7 5 1 2 3 4 5 5 1 2 3 4 6 5 2 4 5 6 7
1 5 0 1 2 6 7 5 1 2 3 5 6 5 1 2 3 4 6 5 2 4 5 6 7
1 5 0 1 2 3 7 5 1 3 4 5 6 5 1 2 3 6 7 5 2 3 4 6 7
1 5 0 1 2 3 7 5 1 3 4 5 6 5 1 2 4 6 7 5 2 4 5 6 7
1 5 0 1 3 6 7 5 1 3 4 5 6 5 1 2 3 4 6 5 2 3 4 6 7
1 5 0 1 3 6 7 5 1 3 4 5 6 5 1 2 4 5 6 5 2 3 5 6 7
1 5 0 1 3 6 7 5 1 3 4 5 6 5 1 2 3 4 6 5 3 4 5 6 7
1 5 0 1 2 3 7 5 1 2 3 4 5 5 2 3 5 6 7 5 2 3 4 5 7
1 5 0 1 2 3 6 5 1 2 3 4 5 5 2 3 4 5 6 5 2 4 5 6 7
1 5 0 1 2 3 7 5 1 2 3 4 5 5 2 3 4 6 7 5 2 4 5 6 7
1 5 0 1 2 3 7 5 1 2 3 5 6 5 2 3 4 6 7 5 2 4 5 6 7
1 5 0 1 3 6 7 5 1 2 3 4 5 5 2 3 4 5 6 5 2 3 4 5 7
1 5 0 1 3 6 7 5 1 2 3 5 6 5 2 3 4 5 6 5 2 3 5 6 7
1 5 0 1 3 4 7 5 1 2 4 5 6 5 2 4 5 6 7 5 2 3 5 6 7
1 5 0 1 3 4 7 5 1 2 4 5 6 5 2 3 4 6 7 5 3 4 5 6 7
1 5 0 1 4 6 7 5 1 2 4 5 6 5 2 3 4 5 6 5 3 4 5 6 7
1 5 0 1 2 3 7 5 2 3 4 5 6 5 2 3 4 6 7 5 2 3 4 6 7
1 5 0 1 2 3 7 5 2 3 4 5 6 5 2 4 5 6 7 5 2 3 5 6 7
1 5 0 1 2 3 7 5 2 3 4 5 6 5 2 3 4 6 7 5 3 4 5 6 7
1 5 0 1 2 4 7 5 2 3 4 5 6 5 3 4 5 6 7 5 3 4 5 6 7
4 42
1 5 0 1 5 6 7 5 0 1 2 3 4 5 0 1 2 4 5 5 0 1 2 4 5
1 5 0 1 5 6 7 5 0 1 2 3 4 5 0 2 3 4 5 5 0 1 3 4 5
1 5 0 1 2 6 7 5 0 2 3 4 5 5 0 2 3 5 6 5 0 1 3 5 6
1 5 0 1 2 6 7 5 0 2 3 4 5 5 0 3 4 5 6 5 0 1 4 5 6
1 5 0 1 2 3 7 5 0 3 4 5 6 5 0 3 4 6 7 5 0 1 4 6 7
1 5 0 1 2 3 7 5 0 3 4 5 6 5 0 4 5 6 7 5 0 1 5 6 7
1 5 0 1 5 6 7 5 0 1 2 3 4 5 0 1 2 4 5 5 1 2 3 4 5
1 5 0 1 2 6 7 5 0 2 3 4 5 5 0 1 2 5 6 5 1 2 3 5 6
1 5 0 1 2 6 7 5 0 2 3 4 5 5 0 1 3 5 6 5 1 3 4 5 6
1 5 0 1 2 3 7 5 0 3 4 5 6 5 0 1 3 6 7 5 1 3 4 6 7
1 5 0 1 2 3 7 5 0 3 4 5 6 5 0 1 4 6 7 5 1 4 5 6 7
1 5 0 1 2 6 7 5 0 1 2 3 4 5 1 2 4 5 6 5 1 2 3 4 6
1 5 0 1 2 6 7 5 0 1 2 3 4 5 1 2 3 4 5 5 1 3 4 5 6
1 5 0 1 2 6 7 5 0 1 2 3 4 5 1 2 3 5 6 5 1 3 4 5 6
1 5 0 1 2 6 7 5 0 1 2 4 5 5 1 2 3 5 6 5 1 3 4 5 6
1 5 0 1 2 3 7 5 0 1 3 4 5 5 1 3 5 6 7 5 1 3 4 5 7
1 5 0 1 2 3 7 5 0 1 3 4 5 5 1 3 4 5 6 5 1 4 5 6 7
1 5 0 1 2 3 7 5 0 1 3 4 5 5 1 3 4 6 7 5 1 4 5 6 7
1 5 0 1 2 3 7 5 0 1 3 5 6 5 1 3 4 6 7 5 1 4 5 6 7
1 5 0 2 5 6 7 5 0 1 2 3 4 5 1 2 3 4 5 5 1 2 3 4 5
1 5 0 2 3 6 7 5 0 1 3 4 5 5 1 3 4 5 6 5 1 2 4 5 6
1 5 0 2 3 4 7 5 0 1 4 5 6 5 1 4 5 6 7 5 1 2 5 6 7
1 5 0 2 3 6 7 5 0 1 3 4 5 5 1 2 3 5 6 5 2 3 4 5 6
1 5 0 2 3 4 7 5 0 1 4 5 6 5 1 2 4 6 7 5 2 4 5 6 7
1 5 0 1 2 6 7 5 1 2 3 4 5 5 1 2 3 5 6 5 1 2 3 5 6
1 5 0 1 2 6 7 5 1 2 3 4 5 5 1 3 4 5 6 5 1 2 4 5 6
1 5 0 1 2 3 7 5 1 3 4 5 6 5 1 3 4 6 7 5 1 2 4 6 7
1 5 0 1 2 3 7 5 1 3 4 5 6 5 1 4 5 6 7 5 1 2 5 6 7
1 5 0 1 2 6 7 5 1 2 3 4 5 5 1 2 3 5 6 5 2 3 4 5 6
1 5 0 1 2 3 7 5 1 3 4 5 6 5 1 2 3 6 7 5 2 3 4 6 7
1 5 0 1 2 3 7 5 1 3 4 5 6 5 1 2 4 6 7 5 2 4 5 6 7
1 5 0 1 2 3 7 5 1 2 3 4 5 5 2 3 5 6 7 5 2 3 4 5 7
1 5 0 1 2 3 7 5 1 2 3 4 5 5 2 3 4 5 6 5 2 4 5 6 7
1 5 0 1 2 3 7 5 1 2 3 4 5 5 2 3 4 6 7 5 2 4 5 6 7
1 5 0 1 2 3 7 5 1 2 3 5 6 5 2 3 4 6 7 5 2 4 5 6 7
1 5 0 1 3 6 7 5 1 2 3 4 5 5 2 3 4 5 6 5 2 3 4 5 6
1 5 0 1 3 4 7 5 1 2 4 5 6 5 2 4 5 6 7 5 2 3 5 6 7
1 5 0 1 3 4 7 5 1 2 4 5 6 5 2 3 4 6 7 5 3 4 5 6 7
1 5 0 1 2 3 7 5 2 3 4 5 6 5 2 3 4 6 7 5 2 3 4 6 7
1 5 0 1 2 3 7 5 2 3 4 5 6 5 2 4 5 6 7 5 2 3 5 6 7
1 5 0 1 2 3 7 5 2 3 4 5 6 5 2 3 4 6 7 5 3 4 5 6 7
1 5 0 1 2 4 7 5 2 3 4 5 6 5 3 4 5 6 7 5 3 4 5 6 7
4 96
1 5 0 1 5 6 7 5 0 1 3 4 5 5 0 1 2 3 5 5 0 1 2 3 7
1 5 0 1 5 6 7 5 0 1 2 3 4 5 0 2 3 4 5 5 0 1 2 3 7
1 5 0 1 5 6 7 5 0 1 2 4 5 5 0 2 3 4 5 5 0 1 2 3 7
1 5 0 1 5 6 7 5 0 1 2 4 5 5 0 2 3 4 5 5 0 1 3 4 7
1 5 0 1 2 6 7 5 0 2 3 4 5 5 0 2 3 5 6 5 0 1 2 3 7
1 5 0 1 2 6 7 5 0 2 4 5 6 5 0 2 3 4 6 5 0 1 2 3 7
1 5 0 1 2 6 7 5 0 2 4 5 6 5 0 2 3 4 6 5 0 1 3 4 7
1 5 0 1 2 6 7 5 0 2 3 4 5 5 0 3 4 5 6 5 0 1 3 4 7
1 5 0 1 2 6 7 5 0 2 3 5 6 5 0 3 4 5 6 5 0 1 3 4 7
1 5 0 1 2 6 7 5 0 2 3 5 6 5 0 3 4 5 6 5 0 1 4 5 7
1 5 0 1 2 3 7 5 0 3 4 5 6 5 0 3 4 6 7 5 0 1 3 4 7
1 5 0 1 2 3 7 5 0 3 5 6 7 5 0 3 4 5 7 5 0 1 3 4 7
1 5 0 1 2 3 7 5 0 3 5 6 7 5 0 3 4 5 7 5 0 1 4 5 7
1 5 0 1 2 3 7 5 0 3 4 5 6 5 0 4 5 6 7 5 0 1 4 5 7
1 5 0 1 2 3 7 5 0 3 4 6 7 5 0 4 5 6 7 5 0 1 4 5 7
1 5 0 1 2 3 7 5 0 3 4 6 7 5 0 4 5 6 7 5 0 1 5 6 7
1 5 0 1 4 5 6 5 0 1 2 3 4 5 0 1 2 3 4 5 1 2 3 6 7
1 5 0 1 5 6 7 5 0 1 2 4 5 5 0 1 2 4 5 5 1 2 3 4 7
1 5 0 1 2 5 6 5 0 2 3 4 5 5 0 1 2 3 5 5 1 2 3 6 7
1 5 0 1 2 6 7 5 0 2 4 5 6 5 0 1 2 4 6 5 1 2 3 4 7
1 5 0 1 2 5 6 5 0 2 3 4 5 5 0 1 3 4 5 5 1 3 4 6 7
1 5 0 1 2 6 7 5 0 2 3 5 6 5 0 1 3 5 6 5 1 3 4 5 7
1 5 0 1 2 3 6 5 0 3 4 5 6 5 0 1 3 4 6 5 1 3 4 6 7
1 5 0 1 2 3 7 5 0 3 5 6 7 5 0 1 3 5 7 5 1 3 4 5 7
1 5 0 1 2 3 6 5 0 3 4 5 6 5 0 1 4 5 6 5 1 4 5 6 7
1 5 0 1 2 3 7 5 0 3 4 6 7 5 0 1 4 6 7 5 1 4 5 6 7
1 5 0 2 5 6 7 5 0 2 3 4 5 5 0 1 3 4 5 5 1 2 3 4 7
1 5 0 2 3 6 7 5 0 3 4 5 6 5 0 1 3 4 6 5 1 2 3 4 7
1 5 0 2 3 6 7 5 0 3 4 5 6 5 0 1 4 5 6 5 1 2 4 5 7
1 5 0 2 3 4 7 5 0 4 5 6 7 5 0 1 4 5 7 5 1 2 4 5 7
1 5 0 2 3 4 7 5 0 4 5 6 7 5 0 1 5 6 7 5 1 2 5 6 7
1 5 0 1 2 5 6 5 0 1 2 3 4 5 1 2 3 4 5 5 1 2 3 6 7
1 5 0 1 2 5 6 5 0 1 2 4 5 5 1 2 3 4 5 5 1 2 3 6 7
1 5 0 1 2 6 7 5 0 1 2 4 5 5 1 2 4 5 6 5 1 2 3 4 7
1 5 0 1 2 6 7 5 0 1 2 5 6 5 1 2 4 5 6 5 1 2 3 4 7
1 5 0 1 2 5 6 5 0 1 2 4 5 5 1 2 3 4 5 5 1 3 4 6 7
1 5 0 1 2 6 7 5 0 1 2 5 6 5 1 2 3 5 6 5 1 3 4 5 7
1 5 0 1 2 3 6 5 0 1 3 4 5 5 1 3 4 5 6 5 1 3 4 6 7
1 5 0 1 2 3 6 5 0 1 3 5 6 5 1 3 4 5 6 5 1 3 4 6 7
1 5 0 1 2 3 7 5 0 1 3 5 6 5 1 3 5 6 7 5 1 3 4 5 7
1 5 0 1 2 3 7 5 0 1 3 6 7 5 1 3 5 6 7 5 1 3 4 5 7
1 5 0 1 2 3 6 5 0 1 3 5 6 5 1 3 4 5 6 5 1 4 5 6 7
1 5 0 1 2 3 7 5 0 1 3 6 7 5 1 3 4 6 7 5 1 4 5 6 7
1 5 0 2 5 6 7 5 0 1 2 4 5 5 1 2 3 4 5 5 1 2 3 4 7
1 5 0 2 3 6 7 5 0 1 3 4 5 5 1 3 4 5 6 5 1 2 3 4 7
1 5 0 2 3 6 7 5 0 1 3 5 6 5 1 3 4 5 6 5 1 2 3 4 7
1 5 0 2 3 6 7 5 0 1 3 5 6 5 1 3 4 5 6 5 1 2 4 5 7
1 5 0 2 3 4 7 5 0 1 4 5 6 5 1 4 5 6 7 5 1 2 4 5 7
1 5 0 2 3 4 7 5 0 1 4 6 7 5 1 4 5 6 7 5 1 2 4 5 7
1 5 0 2 3 4 7 5 0 1 4 6 7 5 1 4 5 6 7 5 1 2 5 6 7
1 5 0 2 3 5 6 5 0 1 3 4 5 5 1 2 3 4 5 5 2 3 4 6 7
1 5 0 2 3 6 7 5 0 1 3 5 6 5 1 2 3 5 6 5 2 3 4 5 7
1 5 0 2 3 4 6 5 0 1 4 5 6 5 1 2 4 5 6 5 2 4 5 6 7
1 5 0 2 3 4 7 5 0 1 4 6 7 5 1 2 4 6 7 5 2 4 5 6 7
1 5 0 3 4 6 7 5 0 1 4 5 6 5 1 2 4 5 6 5 2 3 4 5 7
1 5 0 3 4 5 7 5 0 1 5 6 7 5 1 2 5 6 7 5 2 3 5 6 7
1 5 0 1 2 6 7 5 1 2 4 5 6 5 1 2 3 4 6 5 1 2 3 4 7
1 5 0 1 2 6 7 5 1 2 3 4 5 5 1 3 4 5 6 5 1 2 3 4 7
1 5 0 1 2 6 7 5 1 2 3 5 6 5 1 3 4 5 6 5 1 2 3 4 7
1 5 0 1 2 6 7 5 1 2 3 5 6 5 1 3 4 5 6 5 1 2 4 5 7
1 5 0 1 2 3 7 5 1 3 4 5 6 5 1 3 4 6 7 5 1 2 3 4 7
1 5 0 1 2 3 7 5 1 3 5 6 7 5 1 3 4 5 7 5 1 2 3 4 7
1 5 0 1 2 3 7 5 1 3 5 6 7 5 1 3 4 5 7 5 1 2 4 5 7
1 5 0 1 2 3 7 5 1 3 4 5 6 5 1 4 5 6 7 5 1 2 4 5 7
1 5 0 1 2 3 7 5 1 3 4 6 7 5 1 4 5 6 7 5 1 2 4 5 7
1 5 0 1 2 3 7 5 1 3 4 6 7 5 1 4 5 6 7 5 1 2 5 6 7
1 5 0 1 2 5 6 5 1 2 3 4 5 5 1 2 3 4 5 5 2 3 4 6 7
1 5 0 1 2 6 7 5 1 2 3 5 6 5 1 2 3 5 6 5 2 3 4 5 7
1 5 0 1 2 3 6 5 1 3 4 5 6 5 1 2 3 4 6 5 2 3 4 6 7
1 5 0 1 2 3 7 5 1 3 5 6 7 5 1 2 3 5 7 5 2 3 4 5 7
1 5 0 1 2 3 6 5 1 3 4 5 6 5 1 2 4 5 6 5 2 4 5 6 7
1 5 0 1 2 3 7 5 1 3 4 6 7 5 1 2 4 6 7 5 2 4 5 6 7
1 5 0 1 3 6 7 5 1 3 4 5 6 5 1 2 4 5 6 5 2 3 4 5 7
1 5 0 1 3 4 7 5 1 4 5 6 7 5 1 2 4 5 7 5 2 3 4 5 7
1 5 0 1 3 4 7 5 1 4 5 6 7 5 1 2 5 6 7 5 2 3 5 6 7
1 5 0 1 2 3 6 5 1 2 3 4 5 5 2 3 4 5 6 5 2 3 4 6 7
1 5 0 1 2 3 6 5 1 2 3 5 6 5 2 3 4 5 6 5 2 3 4 6 7
1 5 0 1 2 3 7 5 1 2 3 5 6 5 2 3 5 6 7 5 2 3 4 5 7
1 5 0 1 2 3 7 5 1 2 3 6 7 5 2 3 5 6 7 5 2 3 4 5 7
1 5 0 1 2 3 6 5 1 2 3 5 6 5 2 3 4 5 6 5 2 4 5 6 7
1 5 0 1 2 3 7 5 1 2 3 6 7 5 2 3 4 6 7 5 2 4 5 6 7
1 5 0 1 3 6 7 5 1 2 3 5 6 5 2 3 4 5 6 5 2 3 4 5 7
1 5 0 1 3 4 7 5 1 2 4 5 6 5 2 4 5 6 7 5 2 3 4 5 7
1 5 0 1 3 4 7 5 1 2 4 6 7 5 2 4 5 6 7 5 2 3 4 5 7
1 5 0 1 3 4 7 5 1 2 4 6 7 5 2 4 5 6 7 5 2 3 5 6 7
1 5 0 1 3 4 6 5 1 2 4 5 6 5 2 3 4 5 6 5 3 4 5 6 7
1 5 0 1 3 4 7 5 1 2 4 6 7 5 2 3 4 6 7 5 3 4 5 6 7
1 5 0 1 4 5 7 5 1 2 5 6 7 5 2 3 5 6 7 5 3 4 5 6 7
1 5 0 1 2 3 7 5 2 3 5 6 7 5 2 3 4 5 7 5 2 3 4 5 7
1 5 0 1 2 3 7 5 2 3 4 5 6 5 2 4 5 6 7 5 2 3 4 5 7
1 5 0 1 2 3 7 5 2 3 4 6 7 5 2 4 5 6 7 5 2 3 4 5 7
1 5 0 1 2 3 7 5 2 3 4 6 7 5 2 4 5 6 7 5 2 3 5 6 7
1 5 0 1 2 3 6 5 2 3 4 5 6 5 2 3 4 5 6 5 3 4 5 6 7
1 5 0 1 2 3 7 5 2 3 4 6 7 5 2 3 4 6 7 5 3 4 5 6 7
1 5 0 1 2 4 7 5 2 4 5 6 7 5 2 3 5 6 7 5 3 4 5 6 7
1 5 0 1 2 4 7 5 2 3 4 6 7 5 3 4 5 6 7 5 3 4 5 6 7
4 96
1 5 0 1 5 6 7 5 0 1 3 4 5 5 0 1 2 3 5 5 0 1 2 3 5
1 5 0 1 5 6 7 5 0 1 2 3 4 5 0 2 3 4 5 5 0 1 2 3 5
1 5 0 1 5 6 7 5 0 1 2 4 5 5 0 2 3 4 5 5 0 1 2 3 5
1 5 0 1 5 6 7 5 0 1 2 4 5 5 0 2 3 4 5 5 0 1 3 4 5
1 5 0 1 2 6 7 5 0 2 3 4 5 5 0 2 3 5 6 5 0 1 2 3 6
1 5 0 1 2 6 7 5 0 2 4 5 6 5 0 2 3 4 6 5 0 1 2 3 6
1 5 0 1 2 6 7 5 0 2 4 5 6 5 0 2 3 4 6 5 0 1 3 4 6
1 5 0 1 2 6 7 5 0 2 3 4 5 5 0 3 4 5 6 5 0 1 3 4 6
1 5 0 1 2 6 7 5 0 2 3 5 6 5 0 3 4 5 6 5 0 1 3 4 6
1 5 0 1 2 6 7 5 0 2 3 5 6 5 0 3 4 5 6 5 0 1 4 5 6
1 5 0 1 2 3 7 5 0 3 4 5 6 5 0 3 4 6 7 5 0 1 3 4 7
1 5 0 1 2 3 7 5 0 3 5 6 7 5 0 3 4 5 7 5 0 1 3 4 7
1 5 0 1 2 3 7 5 0 3 5 6 7 5 0 3 4 5 7 5 0 1 4 5 7
1 5 0 1 2 3 7 5 0 3 4 5 6 5 0 4 5 6 7 5 0 1 4 5 7
1 5 0 1 2 3 7 5 0 3 4 6 7 5 0 4 5 6 7 5 0 1 4 5 7
1 5 0 1 2 3 7 5 0 3 4 6 7 5 0 4 5 6 7 5 0 1 5 6 7
1 5 0 1 5 6 7 5 0 1 2 3 4 5 0 1 2 3 4 5 1 2 3 4 5
1 5 0 1 5 6 7 5 0 1 2 4 5 5 0 1 2 4 5 5 1 2 3 4 5
1 5 0 1 2 6 7 5 0 2 3 4 5 5 0 1 2 3 5 5 1 2 3 5 6
1 5 0 1 2 6 7 5 0 2 4 5 6 5 0 1 2 4 6 5 1 2 3 4 6
1 5 0 1 2 6 7 5 0 2 3 4 5 5 0 1 3 4 5 5 1 3 4 5 6
1 5 0 1 2 6 7 5 0 2 3 5 6 5 0 1 3 5 6 5 1 3 4 5 6
1 5 0 1 2 3 7 5 0 3 4 5 6 5 0 1 3 4 6 5 1 3 4 6 7
1 5 0 1 2 3 7 5 0 3 5 6 7 5 0 1 3 5 7 5 1 3 4 5 7
1 5 0 1 2 3 7 5 0 3 4 5 6 5 0 1 4 5 6 5 1 4 5 6 7
1 5 0 1 2 3 7 5 0 3 4 6 7 5 0 1 4 6 7 5 1 4 5 6 7
1 5 0 2 5 6 7 5 0 2 3 4 5 5 0 1 3 4 5 5 1 2 3 4 5
1 5 0 2 3 6 7 5 0 3 4 5 6 5 0 1 3 4 6 5 1 2 3 4 6
1 5 0 2 3 6 7 5 0 3 4 5 6 5 0 1 4 5 6 5 1 2 4 5 6
1 5 0 2 3 4 7 5 0 4 5 6 7 5 0 1 4 5 7 5 1 2 4 5 7
1 5 0 2 3 4 7 5 0 4 5 6 7 5 0 1 5 6 7 5 1 2 5 6 7
1 5 0 1 2 6 7 5 0 1 2 3 4 5 1 2 3 4 5 5 1 2 3 5 6
1 5 0 1 2 6 7 5 0 1 2 4 5 5 1 2 3 4 5 5 1 2 3 5 6
1 5 0 1 2 6 7 5 0 1 2 4 5 5 1 2 4 5 6 5 1 2 3 4 6
1 5 0 1 2 6 7 5 0 1 2 5 6 5 1 2 4 5 6 5 1 2 3 4 6
1 5 0 1 2 6 7 5 0 1 2 4 5 5 1 2 3 4 5 5 1 3 4 5 6
1 5 0 1 2 6 7 5 0 1 2 5 6 5 1 2 3 5 6 5 1 3 4 5 6
1 5 0 1 2 3 7 5 0 1 3 4 5 5 1 3 4 5 6 5 1 3 4 6 7
1 5 0 1 2 3 7 5 0 1 3 5 6 5 1 3 4 5 6 5 1 3 4 6 7
1 5 0 1 2 3 7 5 0 1 3 5 6 5 1 3 5 6 7 5 1 3 4 5 7
1 5 0 1 2 3 7 5 0 1 3 6 7 5 1 3 5 6 7 5 1 3 4 5 7
1 5 0 1 2 3 7 5 0 1 3 5 6 5 1 3 4 5 6 5 1 4 5 6 7
1 5 0 1 2 3 7 5 0 1 3 6 7 5 1 3 4 6 7 5 1 4 5 6 7
1 5 0 2 5 6 7 5 0 1 2 4 5 5 1 2 3 4 5 5 1 2 3 4 5
1 5 0 2 3 6 7 5 0 1 3 4 5 5 1 3 4 5 6 5 1 2 3 4 6
1 5 0 2 3 6 7 5 0 1 3 5 6 5 1 3 4 5 6 5 1 2 3 4 6
1 5 0 2 3 6 7 5 0 1 3 5 6 5 1 3 4 5 6 5 1 2 4 5 6
1 5 0 2 3 4 7 5 0 1 4 5 6 5 1 4 5 6 7 5 1 2 4 5 7
1 5 0 2 3 4 7 5 0 1 4 6 7 5 1 4 5 6 7 5 1 2 4 5 7
1 5 0 2 3 4 7 5 0 1 4 6 7 5 1 4 5 6 7 5 1 2 5 6 7
1 5 0 2 3 6 7 5 0 1 3 4 5 5 1 2 3 4 5 5 2 3 4 5 6
1 5 0 2 3 6 7 5 0 1 3 5 6 5 1 2 3 5 6 5 2 3 4 5 6
1 5 0 2 3 4 7 5 0 1 4 5 6 5 1 2 4 5 6 5 2 4 5 6 7
1 5 0 2 3 4 7 5 0 1 4 6 7 5 1 2 4 6 7 5 2 4 5 6 7
1 5 0 3 4 6 7 5 0 1 4 5 6 5 1 2 4 5 6 5 2 3 4 5 6
1 5 0 3 4 5 7 5 0 1 5 6 7 5 1 2 5 6 7 5 2 3 5 6 7
1 5 0 1 2 6 7 5 1 2 4 5 6 5 1 2 3 4 6 5 1 2 3 4 6
1 5 0 1 2 6 7 5 1 2 3 4 5 5 1 3 4 5 6 5 1 2 3 4 6
1 5 0 1 2 6 7 5 1 2 3 5 6 5 1 3 4 5 6 5 1 2 3 4 6
1 5 0 1 2 6 7 5 1 2 3 5 6 5 1 3 4 5 6 5 1 2 4 5 6
1 5 0 1 2 3 7 5 1 3 4 5 6 5 1 3 4 6 7 5 1 2 3 4 7
1 5 0 1 2 3 7 5 1 3 5 6 7 5 1 3 4 5 7 5 1 2 3 4 7
1 5 0 1 2 3 7 5 1 3 5 6 7 5 1 3 4 5 7 5 1 2 4 5 7
1 5 0 1 2 3 7 5 1 3 4 5 6 5 1 4 5 6 7 5 1 2 4 5 7
1 5 0 1 2 3 7 5 1 3 4 6 7 5 1 4 5 6 7 5 1 2 4 5 7
1 5 0 1 2 3 7 5 1 3 4 6 7 5 1 4 5 6 7 5 1 2 5 6 7
1 5 0 1 2 6 7 5 1 2 3 4 5 5 1 2 3 4 5 5 2 3 4 5 6
1 5 0 1 2 6 7 5 1 2 3 5 6 5 1 2 3 5 6 5 2 3 4 5 6
1 5 0 1 2 3 7 5 1 3 4 5 6 5 1 2 3 4 6 5 2 3 4 6 7
1 5 0 1 2 3 7 5 1 3 5 6 7 5 1 2 3 5 7 5 2 3 4 5 7
1 5 0 1 2 3 7 5 1 3 4 5 6 5 1 2 4 5 6 5 2 4 5 6 7
1 5 0 1 2 3 7 5 1 3 4 6 7 5 1 2 4 6 7 5 2 4 5 6 7
1 5 0 1 3 6 7 5 1 3 4 5 6 5 1 2 4 5 6 5 2 3 4 5 6
1 5 0 1 3 4 7 5 1 4 5 6 7 5 1 2 4 5 7 5 2 3 4 5 7
1 5 0 1 3 4 7 5 1 4 5 6 7 5 1 2 5 6 7 5 2 3 5 6 7
1 5 0 1 2 3 7 5 1 2 3 4 5 5 2 3 4 5 6 5 2 3 4 6 7
1 5 0 1 2 3 7 5 1 2 3 5 6 5 2 3 4 5 6 5 2 3 4 6 7
1 5 0 1 2 3 7 5 1 2 3 5 6 5 2 3 5 6 7 5 2 3 4 5 7
1 5 0 1 2 3 7 5 1 2 3 6 7 5 2 3 5 6 7 5 2 3 4 5 7
1 5 0 1 2 3 7 5 1 2 3 5 6 5 2 3 4 5 6 5 2 4 5 6 7
1 5 0 1 2 3 7 5 1 2 3 6 7 5 2 3 4 6 7 5 2 4 5 6 7
1 5 0 1 3 6 7 5 1 2 3 5 6 5 2 3 4 5 6 5 2 3 4 5 6
1 5 0 1 3 4 7 5 1 2 4 5 6 5 2 4 5 6 7 5 2 3 4 5 7
1 5 0 1 3 4 7 5 1 2 4 6 7 5 2 4 5 6 7 5 2 3 4 5 7
1 5 0 1 3 4 7 5 1 2 4 6 7 5 2 4 5 6 7 5 2 3 5 6 7
1 5 0 1 3 4 7 5 1 2 4 5 6 5 2 3 4 5 6 5 3 4 5 6 7
1 5 0 1 3 4 7 5 1 2 4 6 7 5 2 3 4 6 7 5 3 4 5 6 7
1 5 0 1 4 5 7 5 1 2 5 6 7 5 2 3 5 6 7 5 3 4 5 6 7
1 5 0 1 2 3 7 5 2 3 5 6 7 5 2 3 4 5 7 5 2 3 4 5 7
1 5 0 1 2 3 7 5 2 3 4 5 6 5 2 4 5 6 7 5 2 3 4 5 7
1 5 0 1 2 3 7 5 2 3 4 6 7 5 2 4 5 6 7 5 2 3 4 5 7
1 5 0 1 2 3 7 5 2 3 4 6 7 5 2 4 5 6 7 5 2 3 5 6 7
1 5 0 1 2 3 7 5 2 3 4 5 6 5 2 3 4 5 6 5 3 4 5 6 7
1 5 0 1 2 3 7 5 2 3 4 6 7 5 2 3 4 6 7 5 3 4 5 6 7
1 5 0 1 2 4 7 5 2 4 5 6 7 5 2 3 5 6 7 5 3 4 5 6 7
1 5 0 1 2 4 7 5 2 3 4 6 7 5 3 4 5 6 7 5 3 4 5 6 7
4 29
1 5 0 1 4 5 6 5 0 1 2 6 7 5 0 1 2 3 4 5 1 2 3 4 7
1 5 0 1 5 6 7 5 0 1 2 3 7 5 0 1 3 4 5 5 1 3 4 5 7
1 5 0 1 2 4 5 5 0 2 5 6 7 5 0 1 2 3 4 5 1 2 3 4 7
1 5 0 1 2 5 6 5 0 2 3 6 7 5 0 1 3 4 5 5 1 3 4 5 7
1 5 0 1 2 6 7 5 0 2 3 4 7 5 0 1 4 5 6 5 1 4 5 6 7
1 5 0 1 2 3 5 5 0 3 5 6 7 5 0 1 3 4 5 5 1 3 4 5 7
1 5 0 1 2 3 6 5 0 3 4 6 7 5 0 1 4 5 6 5 1 4 5 6 7
1 5 0 1 2 5 6 5 0 1 2 6 7 5 1 2 3 4 5 5 1 2 3 5 7
1 5 0 1 2 5 6 5 0 1 2 6 7 5 1 2 3 4 5 5 1 3 4 5 7
1 5 0 1 2 6 7 5 0 1 2 3 7 5 1 3 4 5 6 5 1 3 4 6 7
1 5 0 1 2 6 7 5 0 1 2 3 7 5 1 3 4 5 6 5 1 4 5 6 7
1 5 0 1 2 3 6 5 0 1 3 6 7 5 1 3 4 5 6 5 1 3 4 6 7
1 5 0 1 2 3 6 5 0 1 3 6 7 5 1 3 4 5 6 5 1 4 5 6 7
1 5 0 2 5 6 7 5 0 1 2 3 7 5 1 2 3 4 5 5 2 3 4 5 7
1 5 0 2 3 5 6 5 0 1 3 6 7 5 1 2 3 4 5 5 2 3 4 5 7
1 5 0 2 3 6 7 5 0 1 3 4 7 5 1 2 4 5 6 5 2 4 5 6 7
1 5 0 2 3 4 6 5 0 1 4 6 7 5 1 2 4 5 6 5 2 4 5 6 7
1 5 0 2 3 6 7 5 0 1 2 3 7 5 2 3 4 5 6 5 2 3 4 6 7
1 5 0 2 3 6 7 5 0 1 2 3 7 5 2 3 4 5 6 5 2 4 5 6 7
1 5 0 3 4 6 7 5 0 1 2 4 7 5 2 3 4 5 6 5 3 4 5 6 7
1 5 0 1 2 5 6 5 1 2 3 6 7 5 1 2 3 4 5 5 2 3 4 5 7
1 5 0 1 2 6 7 5 1 2 3 4 7 5 1 2 4 5 6 5 2 4 5 6 7
1 5 0 1 2 3 5 5 1 3 5 6 7 5 1 2 3 4 5 5 2 3 4 5 7
1 5 0 1 2 3 6 5 1 3 4 6 7 5 1 2 4 5 6 5 2 4 5 6 7
1 5 0 1 2 3 6 5 1 2 3 6 7 5 2 3 4 5 6 5 2 3 4 6 7
1 5 0 1 2 3 6 5 1 2 3 6 7 5 2 3 4 5 6 5 2 4 5 6 7
1 5 0 1 3 6 7 5 1 2 3 4 7 5 2 3 4 5 6 5 3 4 5 6 7
1 5 0 1 3 4 6 5 1 2 4 6 7 5 2 3 4 5 6 5 3 4 5 6 7
1 5 0 1 2 3 6 5 2 3 4 6 7 5 2 3 4 5 6 5 3 4 5 6 7
4 15
1 5 0 1 2 5 6 5 0 1 2 5 6 5 0 2 3 4 5 5 0 1 2 6 7
1 5 0 1 3 6 7 5 0 1 2 6 7 5 0 3 4 5 6 5 0 1 2 3 7
1 5 0 2 3 6 7 5 0 2 3 6 7 5 0 3 4 5 6 5 0 1 2 3 7
1 5 0 1 2 4 5 5 0 1 2 4 5 5 0 1 2 3 4 5 1 2 5 6 7
1 5 0 1 3 5 6 5 0 1 2 5 6 5 0 1 3 4 5 5 1 2 3 6 7
1 5 0 1 4 6 7 5 0 1 2 6 7 5 0 1 4 5 6 5 1 2 3 4 7
1 5 0 2 3 5 6 5 0 2 3 5 6 5 0 1 3 4 5 5 1 2 3 6 7
1 5 0 2 4 6 7 5 0 2 3 6 7 5 0 1 4 5 6 5 1 2 3 4 7
1 5 0 3 4 6 7 5 0 3 4 6 7 5 0 1 4 5 6 5 1 2 3 4 7
1 5 0 2 3 4 5 5 0 2 3 4 5 5 0 1 2 3 4 5 2 3 5 6 7
1 5 0 2 4 5 6 5 0 2 3 5 6 5 0 1 2 4 5 5 2 3 4 6 7
1 5 0 2 5 6 7 5 0 2 3 6 7 5 0 1 2 5 6 5 2 3 4 5 7
1 5 0 3 4 5 6 5 0 3 4 5 6 5 0 1 2 4 5 5 2 3 4 6 7
1 5 0 3 5 6 7 5 0 3 4 6 7 5 0 1 2 5 6 5 2 3 4 5 7
1 5 0 4 5 6 7 5 0 4 5 6 7 5 0 1 2 5 6 5 2 3 4 5 7
4 90
1 5 0 1 2 3 4 5 0 1 2 4 5 5 0 4 5 6 7 5 0 1 2 4 7
1 5 0 1 2 3 4 5 0 1 2 5 6 5 0 4 5 6 7 5 0 1 2 5 7
1 5 0 1 2 3 4 5 0 1 2 6 7 5 0 4 5 6 7 5 0 1 2 6 7
1 5 0 1 2 3 4 5 0 2 3 4 5 5 0 4 5 6 7 5 0 1 3 4 7
1 5 0 1 2 3 4 5 0 2 3 5 6 5 0 4 5 6 7 5 0 1 3 5 7
1 5 0 1 2 3 4 5 0 2 3 6 7 5 0 4 5 6 7 5 0 1 3 6 7
1 5 0 1 2 3 4 5 0 3 4 5 6 5 0 4 5 6 7 5 0 1 4 5 7
1 5 0 1 2 3 4 5 0 3 4 6 7 5 0 4 5 6 7 5 0 1 4 6 7
1 5 0 1 2 3 4 5 0 1 2 4 5 5 0 1 4 5 6 5 1 2 4 6 7
1 5 0 1 2 3 4 5 0 1 2 5 6 5 0 1 4 6 7 5 1 2 4 5 7
1 5 0 1 2 3 4 5 0 1 2 5 6 5 0 1 4 5 6 5 1 2 5 6 7
1 5 0 1 2 3 4 5 0 1 2 6 7 5 0 1 4 5 7 5 1 2 5 6 7
1 5 0 1 3 4 5 5 0 1 2 5 6 5 0 1 5 6 7 5 1 2 3 5 7
1 5 0 1 3 4 5 5 0 1 2 6 7 5 0 1 5 6 7 5 1 2 3 6 7
1 5 0 1 3 4 5 5 0 1 2 3 6 5 0 1 5 6 7 5 1 3 5 6 7
1 5 0 1 2 3 4 5 0 2 4 5 6 5 0 1 4 6 7 5 1 2 3 4 7
1 5 0 1 2 3 4 5 0 2 5 6 7 5 0 1 4 5 7 5 1 2 3 5 7
1 5 0 1 2 3 4 5 0 2 3 4 5 5 0 1 4 5 6 5 1 3 4 6 7
1 5 0 1 2 3 4 5 0 2 3 5 6 5 0 1 4 6 7 5 1 3 4 5 7
1 5 0 1 2 3 4 5 0 2 3 5 6 5 0 1 4 5 6 5 1 3 5 6 7
1 5 0 1 2 3 4 5 0 2 3 6 7 5 0 1 4 5 7 5 1 3 5 6 7
1 5 0 1 2 4 5 5 0 2 3 5 6 5 0 1 5 6 7 5 1 3 4 5 7
1 5 0 1 2 4 5 5 0 2 3 6 7 5 0 1 5 6 7 5 1 3 4 6 7
1 5 0 1 2 4 5 5 0 2 3 4 6 5 0 1 5 6 7 5 1 4 5 6 7
1 5 0 1 2 3 4 5 0 3 5 6 7 5 0 1 4 5 7 5 1 3 4 5 7
1 5 0 1 2 3 4 5 0 3 4 5 6 5 0 1 4 5 6 5 1 4 5 6 7
1 5 0 1 2 3 4 5 0 3 4 6 7 5 0 1 4 5 7 5 1 4 5 6 7
1 5 0 1 2 3 5 5 0 3 4 6 7 5 0 1 5 6 7 5 1 4 5 6 7
1 5 0 2 3 4 5 5 0 2 3 5 6 5 0 1 5 6 7 5 1 2 3 5 7
1 5 0 2 3 4 5 5 0 2 3 6 7 5 0 1 5 6 7 5 1 2 3 6 7
1 5 0 2 3 4 5 5 0 3 4 5 6 5 0 1 5 6 7 5 1 2 4 5 7
1 5 0 2 3 4 5 5 0 3 4 6 7 5 0 1 5 6 7 5 1 2 4 6 7
1 5 0 2 3 4 5 5 0 4 5 6 7 5 0 1 5 6 7 5 1 2 5 6 7
1 5 0 2 3 4 5 5 0 2 3 5 6 5 0 1 2 5 6 5 2 3 5 6 7
1 5 0 2 3 4 5 5 0 2 3 6 7 5 0 1 2 5 7 5 2 3 5 6 7
1 5 0 2 4 5 6 5 0 2 3 6 7 5 0 1 2 6 7 5 2 3 4 6 7
1 5 0 2 3 4 5 5 0 3 5 6 7 5 0 1 2 5 7 5 2 3 4 5 7
1 5 0 2 3 4 5 5 0 3 4 5 6 5 0 1 2 5 6 5 2 4 5 6 7
1 5 0 2 3 4 5 5 0 3 4 6 7 5 0 1 2 5 7 5 2 4 5 6 7
1 5 0 2 3 5 6 5 0 3 4 6 7 5 0 1 2 6 7 5 2 4 5 6 7
1 5 0 3 4 5 6 5 0 3 4 6 7 5 0 1 2 6 7 5 2 3 4 6 7
1 5 0 3 4 5 6 5 0 4 5 6 7 5 0 1 2 6 7 5 2 3 5 6 7
1 5 0 1 2 3 4 5 0 1 2 4 5 5 1 4 5 6 7 5 1 2 3 4 7
1 5 0 1 2 3 4 5 0 1 2 5 6 5 1 4 5 6 7 5 1 2 3 5 7
1 5 0 1 2 3 4 5 0 1 2 6 7 5 1 4 5 6 7 5 1 2 3 6 7
1 5 0 1 2 3 4 5 0 1 2 3 5 5 1 4 5 6 7 5 1 3 4 5 7
1 5 0 1 2 3 4 5 0 1 2 3 6 5 1 4 5 6 7 5 1 3 5 6 7
1 5 0 1 2 3 4 5 0 1 3 5 6 5 1 4 5 6 7 5 1 3 4 5 7
1 5 0 1 2 3 4 5 0 1 3 6 7 5 1 4 5 6 7 5 1 3 4 6 7
1 5 0 1 2 3 4 5 0 1 3 4 6 5 1 4 5 6 7 5 1 4 5 6 7
1 5 0 2 3 4 5 5 0 1 2 3 6 5 1 2 5 6 7 5 2 3 5 6 7
1 5 0 2 3 4 5 5 0 1 3 5 6 5 1 2 5 6 7 5 2 3 4 5 7
1 5 0 2 3 4 5 5 0 1 3 6 7 5 1 2 5 6 7 5 2 3 4 6 7
1 5 0 2 3 4 5 5 0 1 3 4 6 5 1 2 5 6 7 5 2 4 5 6 7
1 5 0 2 3 4 5 5 0 1 4 6 7 5 1 2 5 6 7 5 2 4 5 6 7
1 5 0 3 4 5 6 5 0 1 4 6 7 5 1 2 3 6 7 5 3 4 5 6 7
1 5 0 1 2 3 4 5 1 2 3 4 5 5 1 4 5 6 7 5 1 2 3 4 7
1 5 0 1 2 3 4 5 1 2 3 5 6 5 1 4 5 6 7 5 1 2 3 5 7
1 5 0 1 2 3 4 5 1 2 3 6 7 5 1 4 5 6 7 5 1 2 3 6 7
1 5 0 1 2 3 4 5 1 3 4 5 6 5 1 4 5 6 7 5 1 2 4 5 7
1 5 0 1 2 3 4 5 1 3 4 6 7 5 1 4 5 6 7 5 1 2 4 6 7
1 5 0 1 2 3 4 5 1 2 3 4 5 5 1 2 4 5 6 5 2 3 4 6 7
1 5 0 1 2 3 4 5 1 2 3 5 6 5 1 2 4 6 7 5 2 3 4 5 7
1 5 0 1 2 3 4 5 1 2 3 5 6 5 1 2 4 5 6 5 2 3 5 6 7
1 5 0 1 2 3 4 5 1 2 3 6 7 5 1 2 4 5 7 5 2 3 5 6 7
1 5 0 1 2 4 5 5 1 2 3 5 6 5 1 2 5 6 7 5 2 3 4 5 7
1 5 0 1 2 4 5 5 1 2 3 6 7 5 1 2 5 6 7 5 2 3 4 6 7
1 5 0 1 2 4 5 5 1 2 3 4 6 5 1 2 5 6 7 5 2 4 5 6 7
1 5 0 1 2 3 4 5 1 3 5 6 7 5 1 2 4 5 7 5 2 3 4 5 7
1 5 0 1 2 3 4 5 1 3 4 5 6 5 1 2 4 5 6 5 2 4 5 6 7
1 5 0 1 2 3 4 5 1 3 4 6 7 5 1 2 4 5 7 5 2 4 5 6 7
1 5 0 1 2 3 5 5 1 3 4 6 7 5 1 2 5 6 7 5 2 4 5 6 7
1 5 0 1 3 4 5 5 1 3 4 5 6 5 1 2 5 6 7 5 2 3 4 5 7
1 5 0 1 3 4 5 5 1 3 4 6 7 5 1 2 5 6 7 5 2 3 4 6 7
1 5 0 1 3 4 5 5 1 4 5 6 7 5 1 2 5 6 7 5 2 3 5 6 7
1 5 0 1 3 4 5 5 1 3 4 5 6 5 1 2 3 5 6 5 3 4 5 6 7
1 5 0 1 3 4 5 5 1 3 4 6 7 5 1 2 3 5 7 5 3 4 5 6 7
1 5 0 1 3 5 6 5 1 3 4 6 7 5 1 2 3 6 7 5 3 4 5 6 7
1 5 0 1 4 5 6 5 1 4 5 6 7 5 1 2 3 6 7 5 3 4 5 6 7
1 5 0 1 2 3 4 5 1 2 3 5 6 5 2 4 5 6 7 5 2 3 4 5 7
1 5 0 1 2 3 4 5 1 2 3 6 7 5 2 4 5 6 7 5 2 3 4 6 7
1 5 0 1 2 3 4 5 1 2 3 4 6 5 2 4 5 6 7 5 2 4 5 6 7
1 5 0 1 3 4 5 5 1 2 3 4 6 5 2 3 5 6 7 5 3 4 5 6 7
1 5 0 1 3 4 5 5 1 2 4 6 7 5 2 3 5 6 7 5 3 4 5 6 7
1 5 0 1 2 3 4 5 2 3 4 5 6 5 2 4 5 6 7 5 2 3 4 5 7
1 5 0 1 2 3 4 5 2 3 4 6 7 5 2 4 5 6 7 5 2 3 4 6 7
1 5 0 1 2 3 4 5 2 3 4 5 6 5 2 3 4 5 6 5 3 4 5 6 7
1 5 0 1 2 3 4 5 2 3 4 6 7 5 2 3 4 5 7 5 3 4 5 6 7
1 5 0 1 2 3 5 5 2 3 4 6 7 5 2 3 5 6 7 5 3 4 5 6 7
1 5 0 1 2 4 5 5 2 4 5 6 7 5 2 3 5 6 7 5 3 4 5 6 7
4 19
1 5 0 1 2 3 4 5 0 1 2 4 5 5 0 4 5 6 7 5 0 1 2 3 4
1 5 0 1 2 3 5 5 0 1 2 5 6 5 0 4 5 6 7 5 0 1 2 3 4
1 5 0 1 2 3 6 5 0 1 2 6 7 5 0 4 5 6 7 5 0 1 2 3 4
1 5 0 1 3 4 5 5 0 1 2 5 6 5 0 4 5 6 7 5 0 1 2 3 4
1 5 0 1 3 4 6 5 0 1 2 6 7 5 0 4 5 6 7 5 0 1 2 3 4
1 5 0 2 3 4 5 5 0 2 3 5 6 5 0 4 5 6 7 5 0 1 2 3 4
1 5 0 2 3 4 6 5 0 2 3 6 7 5 0 4 5 6 7 5 0 1 2 3 4
1 5 0 1 2 3 5 5 0 1 2 5 6 5 0 1 5 6 7 5 1 2 3 4 5
1 5 0 1 2 3 6 5 0 1 2 6 7 5 0 1 5 6 7 5 1 2 3 4 5
1 5 0 1 3 4 5 5 0 1 2 5 6 5 0 1 5 6 7 5 1 2 3 4 5
1 5 0 1 3 4 6 5 0 1 2 6 7 5 0 1 5 6 7 5 1 2 3 4 5
1 5 0 1 4 5 6 5 0 1 2 6 7 5 0 1 5 6 7 5 1 2 3 4 5
1 5 0 2 3 4 5 5 0 2 3 5 6 5 0 1 5 6 7 5 1 2 3 4 5
1 5 0 2 3 4 6 5 0 2 3 6 7 5 0 1 5 6 7 5 1 2 3 4 5
1 5 0 2 4 5 6 5 0 2 3 6 7 5 0 1 5 6 7 5 1 2 3 4 5
1 5 0 3 4 5 6 5 0 3 4 6 7 5 0 1 5 6 7 5 1 2 3 4 5
1 5 0 2 3 4 6 5 0 2 3 6 7 5 0 1 2 6 7 5 2 3 4 5 6
1 5 0 2 4 5 6 5 0 2 3 6 7 5 0 1 2 6 7 5 2 3 4 5 6
1 5 0 3 4 5 6 5 0 3 4 6 7 5 0 1 2 6 7 5 2 3 4 5 6
4 122
1 5 0 1 3 4 5 5 0 1 2 3 5 5 0 2 3 5 6 5 0 1 2 6 7
1 5 0 1 4 5 6 5 0 1 2 4 6 5 0 2 3 4 6 5 0 1 2 6 7
1 5 0 1 3 4 5 5 0 1 2 3 5 5 0 3 5 6 7 5 0 1 2 3 7
1 5 0 1 4 5 6 5 0 1 2 4 6 5 0 3 4 6 7 5 0 1 2 3 7
1 5 0 1 5 6 7 5 0 1 2 5 7 5 0 3 4 5 7 5 0 1 2 3 7
1 5 0 1 2 3 4 5 0 2 3 4 5 5 0 2 3 5 6 5 0 1 2 6 7
1 5 0 1 2 4 5 5 0 2 3 4 5 5 0 2 3 5 6 5 0 1 2 6 7
1 5 0 1 2 4 5 5 0 2 4 5 6 5 0 2 3 4 6 5 0 1 2 6 7
1 5 0 1 2 5 6 5 0 2 4 5 6 5 0 2 3 4 6 5 0 1 2 6 7
1 5 0 1 2 3 4 5 0 2 3 4 5 5 0 3 5 6 7 5 0 1 2 3 7
1 5 0 1 2 4 5 5 0 2 3 4 5 5 0 3 5 6 7 5 0 1 2 3 7
1 5 0 1 2 4 5 5 0 2 4 5 6 5 0 3 4 6 7 5 0 1 2 3 7
1 5 0 1 2 5 6 5 0 2 4 5 6 5 0 3 4 6 7 5 0 1 2 3 7
1 5 0 1 2 5 6 5 0 2 5 6 7 5 0 3 4 5 7 5 0 1 2 3 7
1 5 0 1 2 6 7 5 0 2 5 6 7 5 0 3 4 5 7 5 0 1 2 3 7
1 5 0 1 2 4 5 5 0 2 3 4 5 5 0 3 4 5 6 5 0 1 3 6 7
1 5 0 1 2 5 6 5 0 2 3 5 6 5 0 3 4 5 6 5 0 1 3 6 7
1 5 0 1 2 4 5 5 0 2 3 4 5 5 0 4 5 6 7 5 0 1 3 4 7
1 5 0 1 2 5 6 5 0 2 3 5 6 5 0 4 5 6 7 5 0 1 3 4 7
1 5 0 1 2 6 7 5 0 2 3 6 7 5 0 4 5 6 7 5 0 1 3 4 7
1 5 0 2 4 5 6 5 0 2 3 4 6 5 0 3 4 6 7 5 0 1 2 3 7
1 5 0 2 5 6 7 5 0 2 3 5 7 5 0 3 4 5 7 5 0 1 2 3 7
1 5 0 2 3 4 5 5 0 3 4 5 6 5 0 3 4 6 7 5 0 1 2 3 7
1 5 0 2 3 5 6 5 0 3 4 5 6 5 0 3 4 6 7 5 0 1 2 3 7
1 5 0 2 3 5 6 5 0 3 5 6 7 5 0 3 4 5 7 5 0 1 2 3 7
1 5 0 2 3 6 7 5 0 3 5 6 7 5 0 3 4 5 7 5 0 1 2 3 7
1 5 0 2 3 5 6 5 0 3 4 5 6 5 0 4 5 6 7 5 0 1 2 4 7
1 5 0 2 3 6 7 5 0 3 4 6 7 5 0 4 5 6 7 5 0 1 2 4 7
1 5 0 1 3 4 5 5 0 1 2 3 5 5 0 1 2 3 5 5 1 2 5 6 7
1 5 0 1 3 4 5 5 0 1 2 3 5 5 0 1 3 5 6 5 1 2 3 6 7
1 5 0 1 4 5 6 5 0 1 2 4 6 5 0 1 3 4 6 5 1 2 3 6 7
1 5 0 1 4 5 6 5 0 1 2 4 6 5 0 1 4 6 7 5 1 2 3 4 7
1 5 0 1 5 6 7 5 0 1 2 5 7 5 0 1 4 5 7 5 1 2 3 4 7
1 5 0 1 2 3 4 5 0 2 3 4 5 5 0 1 2 3 5 5 1 2 5 6 7
1 5 0 1 2 4 5 5 0 2 3 4 5 5 0 1 2 3 5 5 1 2 5 6 7
1 5 0 1 2 3 4 5 0 2 3 4 5 5 0 1 3 5 6 5 1 2 3 6 7
1 5 0 1 2 4 5 5 0 2 3 4 5 5 0 1 3 5 6 5 1 2 3 6 7
1 5 0 1 2 4 5 5 0 2 4 5 6 5 0 1 3 4 6 5 1 2 3 6 7
1 5 0 1 2 5 6 5 0 2 4 5 6 5 0 1 3 4 6 5 1 2 3 6 7
1 5 0 1 2 4 5 5 0 2 4 5 6 5 0 1 4 6 7 5 1 2 3 4 7
1 5 0 1 2 5 6 5 0 2 4 5 6 5 0 1 4 6 7 5 1 2 3 4 7
1 5 0 1 2 5 6 5 0 2 5 6 7 5 0 1 4 5 7 5 1 2 3 4 7
1 5 0 1 2 6 7 5 0 2 5 6 7 5 0 1 4 5 7 5 1 2 3 4 7
1 5 0 1 2 4 5 5 0 2 3 4 5 5 0 1 3 4 5 5 1 3 5 6 7
1 5 0 1 2 4 5 5 0 2 3 4 5 5 0 1 4 5 6 5 1 3 4 6 7
1 5 0 1 2 5 6 5 0 2 3 5 6 5 0 1 4 5 6 5 1 3 4 6 7
1 5 0 1 2 5 6 5 0 2 3 5 6 5 0 1 5 6 7 5 1 3 4 5 7
1 5 0 1 2 6 7 5 0 2 3 6 7 5 0 1 5 6 7 5 1 3 4 5 7
1 5 0 2 4 5 6 5 0 2 3 4 6 5 0 1 3 4 6 5 1 2 3 6 7
1 5 0 2 4 5 6 5 0 2 3 4 6 5 0 1 4 6 7 5 1 2 3 4 7
1 5 0 2 5 6 7 5 0 2 3 5 7 5 0 1 4 5 7 5 1 2 3 4 7
1 5 0 2 3 4 5 5 0 3 4 5 6 5 0 1 3 4 6 5 1 2 3 6 7
1 5 0 2 3 5 6 5 0 3 4 5 6 5 0 1 3 4 6 5 1 2 3 6 7
1 5 0 2 3 4 5 5 0 3 4 5 6 5 0 1 4 6 7 5 1 2 3 4 7
1 5 0 2 3 5 6 5 0 3 4 5 6 5 0 1 4 6 7 5 1 2 3 4 7
1 5 0 2 3 5 6 5 0 3 5 6 7 5 0 1 4 5 7 5 1 2 3 4 7
1 5 0 2 3 6 7 5 0 3 5 6 7 5 0 1 4 5 7 5 1 2 3 4 7
1 5 0 2 3 5 6 5 0 3 4 5 6 5 0 1 4 5 6 5 1 2 4 6 7
1 5 0 2 3 5 6 5 0 3 4 5 6 5 0 1 5 6 7 5 1 2 4 5 7
1 5 0 2 3 6 7 5 0 3 4 6 7 5 0 1 5 6 7 5 1 2 4 5 7
1 5 0 3 5 6 7 5 0 3 4 5 7 5 0 1 4 5 7 5 1 2 3 4 7
1 5 0 3 4 5 6 5 0 4 5 6 7 5 0 1 4 5 7 5 1 2 3 4 7
1 5 0 3 4 6 7 5 0 4 5 6 7 5 0 1 4 5 7 5 1 2 3 4 7
1 5 0 3 4 6 7 5 0 4 5 6 7 5 0 1 5 6 7 5 1 2 3 5 7
1 5 0 2 4 5 6 5 0 2 3 4 6 5 0 1 2 4 6 5 2 3 4 6 7
1 5 0 2 5 6 7 5 0 2 3 5 7 5 0 1 2 5 7 5 2 3 4 5 7
1 5 0 2 3 4 5 5 0 3 4 5 6 5 0 1 2 4 6 5 2 3 4 6 7
1 5 0 2 3 5 6 5 0 3 4 5 6 5 0 1 2 4 6 5 2 3 4 6 7
1 5 0 2 3 5 6 5 0 3 5 6 7 5 0 1 2 5 7 5 2 3 4 5 7
1 5 0 2 3 6 7 5 0 3 5 6 7 5 0 1 2 5 7 5 2 3 4 5 7
1 5 0 2 3 5 6 5 0 3 4 5 6 5 0 1 2 5 6 5 2 4 5 6 7
1 5 0 2 3 6 7 5 0 3 4 6 7 5 0 1 2 6 7 5 2 4 5 6 7
1 5 0 3 5 6 7 5 0 3 4 5 7 5 0 1 2 5 7 5 2 3 4 5 7
1 5 0 3 4 5 6 5 0 4 5 6 7 5 0 1 2 5 7 5 2 3 4 5 7
1 5 0 3 4 6 7 5 0 4 5 6 7 5 0 1 2 5 7 5 2 3 4 5 7
1 5 0 3 4 6 7 5 0 4 5 6 7 5 0 1 2 6 7 5 2 3 5 6 7
1 5 0 1 2 3 4 5 0 1 2 3 4 5 1 2 3 4 5 5 1 2 5 6 7
1 5 0 1 2 4 5 5 0 1 2 4 5 5 1 2 3 4 5 5 1 2 5 6 7
1 5 0 1 2 3 4 5 0 1 2 3 4 5 1 3 4 5 6 5 1 2 3 6 7
1 5 0 1 2 4 5 5 0 1 2 4 5 5 1 3 4 5 6 5 1 2 3 6 7
1 5 0 1 2 5 6 5 0 1 2 5 6 5 1 3 4 5 6 5 1 2 3 6 7
1 5 0 1 2 4 5 5 0 1 2 4 5 5 1 4 5 6 7 5 1 2 3 4 7
1 5 0 1 2 5 6 5 0 1 2 5 6 5 1 4 5 6 7 5 1 2 3 4 7
1 5 0 1 2 6 7 5 0 1 2 6 7 5 1 4 5 6 7 5 1 2 3 4 7
1 5 0 2 3 4 5 5 0 1 3 4 5 5 1 3 4 5 6 5 1 2 3 6 7
1 5 0 2 3 5 6 5 0 1 3 5 6 5 1 3 4 5 6 5 1 2 3 6 7
1 5 0 2 3 4 5 5 0 1 3 4 5 5 1 4 5 6 7 5 1 2 3 4 7
1 5 0 2 3 5 6 5 0 1 3 5 6 5 1 4 5 6 7 5 1 2 3 4 7
1 5 0 2 3 6 7 5 0 1 3 6 7 5 1 4 5 6 7 5 1 2 3 4 7
1 5 0 3 4 5 6 5 0 1 4 5 6 5 1 4 5 6 7 5 1 2 3 4 7
1 5 0 3 4 6 7 5 0 1 4 6 7 5 1 4 5 6 7 5 1 2 3 4 7
1 5 0 2 3 4 5 5 0 1 3 4 5 5 1 2 3 4 5 5 2 3 5 6 7
1 5 0 2 3 4 5 5 0 1 3 4 5 5 1 2 4 5 6 5 2 3 4 6 7
1 5 0 2 3 5 6 5 0 1 3 5 6 5 1 2 4 5 6 5 2 3 4 6 7
1 5 0 2 3 5 6 5 0 1 3 5 6 5 1 2 5 6 7 5 2 3 4 5 7
1 5 0 2 3 6 7 5 0 1 3 6 7 5 1 2 5 6 7 5 2 3 4 5 7
1 5 0 3 4 5 6 5 0 1 4 5 6 5 1 2 4 5 6 5 2 3 4 6 7
1 5 0 3 4 5 6 5 0 1 4 5 6 5 1 2 5 6 7 5 2 3 4 5 7
1 5 0 3 4 6 7 5 0 1 4 6 7 5 1 2 5 6 7 5 2 3 4 5 7
1 5 0 4 5 6 7 5 0 1 5 6 7 5 1 2 5 6 7 5 2 3 4 5 7
1 5 0 3 4 5 6 5 0 1 4 5 6 5 1 2 3 5 6 5 3 4 5 6 7
1 5 0 3 4 6 7 5 0 1 4 6 7 5 1 2 3 6 7 5 3 4 5 6 7
1 5 0 4 5 6 7 5 0 1 5 6 7 5 1 2 3 6 7 5 3 4 5 6 7
1 5 0 1 2 4 5 5 1 2 3 4 5 5 1 3 4 5 6 5 1 2 3 6 7
1 5 0 1 2 5 6 5 1 2 3 5 6 5 1 3 4 5 6 5 1 2 3 6 7
1 5 0 1 2 4 5 5 1 2 3 4 5 5 1 4 5 6 7 5 1 2 3 4 7
1 5 0 1 2 5 6 5 1 2 3 5 6 5 1 4 5 6 7 5 1 2 3 4 7
1 5 0 1 2 6 7 5 1 2 3 6 7 5 1 4 5 6 7 5 1 2 3 4 7
1 5 0 1 3 5 6 5 1 3 4 5 6 5 1 4 5 6 7 5 1 2 3 4 7
1 5 0 1 3 6 7 5 1 3 4 6 7 5 1 4 5 6 7 5 1 2 3 4 7
1 5 0 1 2 4 5 5 1 2 3 4 5 5 1 2 3 4 5 5 2 3 5 6 7
1 5 0 1 2 4 5 5 1 2 3 4 5 5 1 2 4 5 6 5 2 3 4 6 7
1 5 0 1 2 5 6 5 1 2 3 5 6 5 1 2 4 5 6 5 2 3 4 6 7
1 5 0 1 2 5 6 5 1 2 3 5 6 5 1 2 5 6 7 5 2 3 4 5 7
1 5 0 1 2 6 7 5 1 2 3 6 7 5 1 2 5 6 7 5 2 3 4 5 7
1 5 0 1 3 5 6 5 1 3 4 5 6 5 1 2 4 5 6 5 2 3 4 6 7
1 5 0 1 3 5 6 5 1 3 4 5 6 5 1 2 5 6 7 5 2 3 4 5 7
1 5 0 1 3 6 7 5 1 3 4 6 7 5 1 2 5 6 7 5 2 3 4 5 7
1 5 0 1 4 6 7 5 1 4 5 6 7 5 1 2 5 6 7 5 2 3 4 5 7
1 5 0 1 3 5 6 5 1 3 4 5 6 5 1 2 3 5 6 5 3 4 5 6 7
1 5 0 1 3 6 7 5 1 3 4 6 7 5 1 2 3 6 7 5 3 4 5 6 7
1 5 0 1 4 6 7 5 1 4 5 6 7 5 1 2 3 6 7 5 3 4 5 6 7
4 142
1 5 0 1 4 5 6 5 0 1 2 3 6 5 0 2 3 6 7 5 0 1 2 3 4
1 5 0 1 5 6 7 5 0 1 2 4 7 5 0 2 3 4 7 5 0 1 2 4 5
1 5 0 1 4 5 6 5 0 1 2 4 6 5 0 3 4 6 7 5 0 1 2 3 4
1 5 0 1 5 6 7 5 0 1 2 5 7 5 0 3 4 5 7 5 0 1 2 3 5
1 5 0 1 2 4 5 5 0 2 3 5 6 5 0 2 3 6 7 5 0 1 2 3 4
1 5 0 1 2 5 6 5 0 2 3 4 6 5 0 2 3 6 7 5 0 1 2 4 5
1 5 0 1 2 5 6 5 0 2 4 6 7 5 0 2 3 4 7 5 0 1 2 4 5
1 5 0 1 2 6 7 5 0 2 4 5 7 5 0 2 3 4 7 5 0 1 2 5 6
1 5 0 1 2 4 5 5 0 2 3 4 5 5 0 3 5 6 7 5 0 1 2 3 4
1 5 0 1 2 4 5 5 0 2 4 5 6 5 0 3 4 6 7 5 0 1 2 3 4
1 5 0 1 2 5 6 5 0 2 4 5 6 5 0 3 4 6 7 5 0 1 2 3 5
1 5 0 1 2 5 6 5 0 2 5 6 7 5 0 3 4 5 7 5 0 1 2 3 5
1 5 0 1 2 6 7 5 0 2 5 6 7 5 0 3 4 5 7 5 0 1 2 3 6
1 5 0 1 2 5 6 5 0 2 3 4 6 5 0 3 4 6 7 5 0 1 3 4 5
1 5 0 1 2 6 7 5 0 2 3 5 7 5 0 3 4 5 7 5 0 1 3 5 6
1 5 0 1 2 5 6 5 0 2 3 5 6 5 0 4 5 6 7 5 0 1 3 4 5
1 5 0 1 2 6 7 5 0 2 3 6 7 5 0 4 5 6 7 5 0 1 3 4 6
1 5 0 1 2 3 5 5 0 3 4 5 6 5 0 3 4 6 7 5 0 1 3 4 5
1 5 0 1 2 3 6 5 0 3 4 5 6 5 0 3 4 6 7 5 0 1 3 5 6
1 5 0 1 2 3 6 5 0 3 5 6 7 5 0 3 4 5 7 5 0 1 3 5 6
1 5 0 1 2 3 7 5 0 3 5 6 7 5 0 3 4 5 7 5 0 1 3 6 7
1 5 0 1 2 3 6 5 0 3 4 5 6 5 0 4 5 6 7 5 0 1 4 5 6
1 5 0 1 2 3 7 5 0 3 4 6 7 5 0 4 5 6 7 5 0 1 4 6 7
1 5 0 2 4 5 6 5 0 2 3 4 6 5 0 3 4 6 7 5 0 1 2 3 4
1 5 0 2 5 6 7 5 0 2 3 5 7 5 0 3 4 5 7 5 0 1 2 3 5
1 5 0 2 3 4 5 5 0 3 4 5 6 5 0 3 4 6 7 5 0 1 2 3 4
1 5 0 2 3 5 6 5 0 3 4 5 6 5 0 3 4 6 7 5 0 1 2 3 5
1 5 0 2 3 5 6 5 0 3 5 6 7 5 0 3 4 5 7 5 0 1 2 3 5
1 5 0 2 3 6 7 5 0 3 5 6 7 5 0 3 4 5 7 5 0 1 2 3 6
1 5 0 2 3 5 6 5 0 3 4 5 6 5 0 4 5 6 7 5 0 1 2 4 5
1 5 0 2 3 6 7 5 0 3 4 6 7 5 0 4 5 6 7 5 0 1 2 4 6
1 5 0 1 5 6 7 5 0 1 2 3 7 5 0 1 2 3 7 5 1 2 3 4 5
1 5 0 1 5 6 7 5 0 1 2 4 7 5 0 1 3 4 7 5 1 2 3 4 5
1 5 0 1 5 6 7 5 0 1 2 5 7 5 0 1 4 5 7 5 1 2 3 4 5
1 5 0 1 2 5 6 5 0 2 3 6 7 5 0 1 2 3 7 5 1 2 3 4 5
1 5 0 1 2 6 7 5 0 2 3 4 7 5 0 1 2 3 7 5 1 2 4 5 6
1 5 0 1 2 5 6 5 0 2 3 4 6 5 0 1 3 6 7 5 1 2 3 4 5
1 5 0 1 2 5 6 5 0 2 4 6 7 5 0 1 3 4 7 5 1 2 3 4 5
1 5 0 1 2 6 7 5 0 2 4 5 7 5 0 1 3 4 7 5 1 2 3 5 6
1 5 0 1 2 5 6 5 0 2 4 5 6 5 0 1 4 6 7 5 1 2 3 4 5
1 5 0 1 2 5 6 5 0 2 5 6 7 5 0 1 4 5 7 5 1 2 3 4 5
1 5 0 1 2 6 7 5 0 2 5 6 7 5 0 1 4 5 7 5 1 2 3 4 6
1 5 0 1 2 6 7 5 0 2 3 4 7 5 0 1 3 4 7 5 1 3 4 5 6
1 5 0 1 2 6 7 5 0 2 3 5 7 5 0 1 4 5 7 5 1 3 4 5 6
1 5 0 1 2 6 7 5 0 2 3 6 7 5 0 1 5 6 7 5 1 3 4 5 6
1 5 0 1 2 3 6 5 0 3 4 6 7 5 0 1 3 4 7 5 1 3 4 5 6
1 5 0 1 2 3 7 5 0 3 4 5 7 5 0 1 3 4 7 5 1 3 5 6 7
1 5 0 1 2 3 6 5 0 3 4 5 6 5 0 1 4 6 7 5 1 3 4 5 6
1 5 0 1 2 3 6 5 0 3 5 6 7 5 0 1 4 5 7 5 1 3 4 5 6
1 5 0 1 2 3 7 5 0 3 5 6 7 5 0 1 4 5 7 5 1 3 4 6 7
1 5 0 1 2 3 7 5 0 3 4 5 7 5 0 1 4 5 7 5 1 4 5 6 7
1 5 0 1 2 3 7 5 0 3 4 6 7 5 0 1 5 6 7 5 1 4 5 6 7
1 5 0 2 5 6 7 5 0 2 3 4 7 5 0 1 3 4 7 5 1 2 3 4 5
1 5 0 2 5 6 7 5 0 2 3 5 7 5 0 1 4 5 7 5 1 2 3 4 5
1 5 0 2 3 5 6 5 0 3 4 6 7 5 0 1 3 4 7 5 1 2 3 4 5
1 5 0 2 3 6 7 5 0 3 4 5 7 5 0 1 3 4 7 5 1 2 3 5 6
1 5 0 2 3 5 6 5 0 3 4 5 6 5 0 1 4 6 7 5 1 2 3 4 5
1 5 0 2 3 5 6 5 0 3 5 6 7 5 0 1 4 5 7 5 1 2 3 4 5
1 5 0 2 3 6 7 5 0 3 5 6 7 5 0 1 4 5 7 5 1 2 3 4 6
1 5 0 2 3 6 7 5 0 3 4 5 7 5 0 1 4 5 7 5 1 2 4 5 6
1 5 0 2 3 6 7 5 0 3 4 6 7 5 0 1 5 6 7 5 1 2 4 5 6
1 5 0 2 3 4 6 5 0 4 5 6 7 5 0 1 4 5 7 5 1 2 4 5 6
1 5 0 2 3 4 7 5 0 4 5 6 7 5 0 1 4 5 7 5 1 2 4 6 7
1 5 0 2 3 4 7 5 0 4 5 6 7 5 0 1 5 6 7 5 1 2 5 6 7
1 5 0 3 5 6 7 5 0 3 4 5 7 5 0 1 4 5 7 5 1 2 3 4 5
1 5 0 3 4 5 6 5 0 4 5 6 7 5 0 1 4 5 7 5 1 2 3 4 5
1 5 0 3 4 6 7 5 0 4 5 6 7 5 0 1 4 5 7 5 1 2 3 4 6
1 5 0 3 4 6 7 5 0 4 5 6 7 5 0 1 5 6 7 5 1 2 3 5 6
1 5 0 2 3 6 7 5 0 3 4 5 7 5 0 1 2 4 7 5 2 3 4 5 6
1 5 0 2 3 6 7 5 0 3 5 6 7 5 0 1 2 5 7 5 2 3 4 5 6
1 5 0 2 3 4 7 5 0 4 5 6 7 5 0 1 2 5 7 5 2 4 5 6 7
1 5 0 3 4 6 7 5 0 4 5 6 7 5 0 1 2 5 7 5 2 3 4 5 6
1 5 0 1 2 5 6 5 0 1 2 3 6 5 1 2 3 6 7 5 1 2 3 4 5
1 5 0 1 2 6 7 5 0 1 2 4 7 5 1 2 3 4 7 5 1 2 4 5 6
1 5 0 1 2 5 6 5 0 1 2 4 6 5 1 3 4 6 7 5 1 2 3 4 5
1 5 0 1 2 6 7 5 0 1 2 5 7 5 1 3 4 5 7 5 1 2 3 5 6
1 5 0 1 2 5 6 5 0 1 2 5 6 5 1 4 5 6 7 5 1 2 3 4 5
1 5 0 1 2 6 7 5 0 1 2 6 7 5 1 4 5 6 7 5 1 2 3 4 6
1 5 0 1 2 3 6 5 0 1 3 4 6 5 1 3 4 6 7 5 1 3 4 5 6
1 5 0 1 2 3 7 5 0 1 3 5 7 5 1 3 4 5 7 5 1 3 5 6 7
1 5 0 1 2 3 6 5 0 1 3 5 6 5 1 4 5 6 7 5 1 3 4 5 6
1 5 0 1 2 3 7 5 0 1 3 6 7 5 1 4 5 6 7 5 1 3 4 6 7
1 5 0 2 3 5 6 5 0 1 3 4 6 5 1 3 4 6 7 5 1 2 3 4 5
1 5 0 2 3 6 7 5 0 1 3 5 7 5 1 3 4 5 7 5 1 2 3 5 6
1 5 0 2 3 5 6 5 0 1 3 5 6 5 1 4 5 6 7 5 1 2 3 4 5
1 5 0 2 3 6 7 5 0 1 3 6 7 5 1 4 5 6 7 5 1 2 3 4 6
1 5 0 2 3 4 6 5 0 1 4 5 6 5 1 4 5 6 7 5 1 2 4 5 6
1 5 0 2 3 4 7 5 0 1 4 6 7 5 1 4 5 6 7 5 1 2 4 6 7
1 5 0 3 4 5 6 5 0 1 4 5 6 5 1 4 5 6 7 5 1 2 3 4 5
1 5 0 3 4 6 7 5 0 1 4 6 7 5 1 4 5 6 7 5 1 2 3 4 6
1 5 0 2 3 6 7 5 0 1 3 4 7 5 1 2 3 4 7 5 2 3 4 5 6
1 5 0 2 3 6 7 5 0 1 3 5 7 5 1 2 4 5 7 5 2 3 4 5 6
1 5 0 2 3 6 7 5 0 1 3 6 7 5 1 2 5 6 7 5 2 3 4 5 6
1 5 0 2 3 4 7 5 0 1 4 5 7 5 1 2 4 5 7 5 2 4 5 6 7
1 5 0 2 3 4 7 5 0 1 4 6 7 5 1 2 5 6 7 5 2 4 5 6 7
1 5 0 3 4 6 7 5 0 1 4 5 7 5 1 2 4 5 7 5 2 3 4 5 6
1 5 0 3 4 6 7 5 0 1 4 6 7 5 1 2 5 6 7 5 2 3 4 5 6
1 5 0 3 4 5 7 5 0 1 5 6 7 5 1 2 5 6 7 5 2 3 5 6 7
1 5 0 4 5 6 7 5 0 1 5 6 7 5 1 2 5 6 7 5 2 3 4 5 6
1 5 0 1 2 5 6 5 1 2 3 4 6 5 1 3 4 6 7 5 1 2 3 4 5
1 5 0 1 2 6 7 5 1 2 3 5 7 5 1 3 4 5 7 5 1 2 3 5 6
1 5 0 1 2 5 6 5 1 2 3 5 6 5 1 4 5 6 7 5 1 2 3 4 5
1 5 0 1 2 6 7 5 1 2 3 6 7 5 1 4 5 6 7 5 1 2 3 4 6
1 5 0 1 2 3 5 5 1 3 4 5 6 5 1 3 4 6 7 5 1 2 3 4 5
1 5 0 1 2 3 6 5 1 3 4 5 6 5 1 3 4 6 7 5 1 2 3 5 6
1 5 0 1 2 3 6 5 1 3 5 6 7 5 1 3 4 5 7 5 1 2 3 5 6
1 5 0 1 2 3 7 5 1 3 5 6 7 5 1 3 4 5 7 5 1 2 3 6 7
1 5 0 1 2 3 6 5 1 3 4 5 6 5 1 4 5 6 7 5 1 2 4 5 6
1 5 0 1 2 3 7 5 1 3 4 6 7 5 1 4 5 6 7 5 1 2 4 6 7
1 5 0 1 3 5 6 5 1 3 4 5 6 5 1 4 5 6 7 5 1 2 3 4 5
1 5 0 1 3 6 7 5 1 3 4 6 7 5 1 4 5 6 7 5 1 2 3 4 6
1 5 0 1 2 6 7 5 1 2 3 4 7 5 1 2 3 4 7 5 2 3 4 5 6
1 5 0 1 2 6 7 5 1 2 3 5 7 5 1 2 4 5 7 5 2 3 4 5 6
1 5 0 1 2 6 7 5 1 2 3 6 7 5 1 2 5 6 7 5 2 3 4 5 6
1 5 0 1 2 3 6 5 1 3 4 6 7 5 1 2 3 4 7 5 2 3 4 5 6
1 5 0 1 2 3 7 5 1 3 4 5 7 5 1 2 3 4 7 5 2 3 5 6 7
1 5 0 1 2 3 6 5 1 3 4 5 6 5 1 2 4 6 7 5 2 3 4 5 6
1 5 0 1 2 3 6 5 1 3 5 6 7 5 1 2 4 5 7 5 2 3 4 5 6
1 5 0 1 2 3 7 5 1 3 5 6 7 5 1 2 4 5 7 5 2 3 4 6 7
1 5 0 1 2 3 7 5 1 3 4 5 7 5 1 2 4 5 7 5 2 4 5 6 7
1 5 0 1 2 3 7 5 1 3 4 6 7 5 1 2 5 6 7 5 2 4 5 6 7
1 5 0 1 3 6 7 5 1 3 4 5 7 5 1 2 4 5 7 5 2 3 4 5 6
1 5 0 1 3 6 7 5 1 3 4 6 7 5 1 2 5 6 7 5 2 3 4 5 6
1 5 0 1 3 4 6 5 1 4 5 6 7 5 1 2 4 5 7 5 2 3 4 5 6
1 5 0 1 3 4 7 5 1 4 5 6 7 5 1 2 4 5 7 5 2 3 4 6 7
1 5 0 1 3 4 7 5 1 4 5 6 7 5 1 2 5 6 7 5 2 3 5 6 7
1 5 0 1 4 6 7 5 1 4 5 6 7 5 1 2 5 6 7 5 2 3 4 5 6
1 5 0 1 3 4 7 5 1 4 5 6 7 5 1 2 3 5 7 5 3 4 5 6 7
1 5 0 1 2 3 6 5 1 2 3 4 6 5 2 3 4 6 7 5 2 3 4 5 6
1 5 0 1 2 3 7 5 1 2 3 5 7 5 2 3 4 5 7 5 2 3 5 6 7
1 5 0 1 2 3 6 5 1 2 3 5 6 5 2 4 5 6 7 5 2 3 4 5 6
1 5 0 1 2 3 7 5 1 2 3 6 7 5 2 4 5 6 7 5 2 3 4 6 7
1 5 0 1 3 4 6 5 1 2 4 5 6 5 2 4 5 6 7 5 2 3 4 5 6
1 5 0 1 3 4 7 5 1 2 4 6 7 5 2 4 5 6 7 5 2 3 4 6 7
1 5 0 1 3 4 7 5 1 2 4 5 7 5 2 3 4 5 7 5 3 4 5 6 7
1 5 0 1 3 4 7 5 1 2 4 6 7 5 2 3 5 6 7 5 3 4 5 6 7
1 5 0 1 4 5 7 5 1 2 5 6 7 5 2 3 5 6 7 5 3 4 5 6 7
1 5 0 1 2 3 6 5 2 3 4 5 6 5 2 4 5 6 7 5 2 3 4 5 6
1 5 0 1 2 3 7 5 2 3 4 6 7 5 2 4 5 6 7 5 2 3 4 6 7
1 5 0 1 2 3 7 5 2 3 4 5 7 5 2 3 4 5 7 5 3 4 5 6 7
1 5 0 1 2 3 7 5 2 3 4 6 7 5 2 3 5 6 7 5 3 4 5 6 7
1 5 0 1 2 4 7 5 2 4 5 6 7 5 2 3 5 6 7 5 3 4 5 6 7
4 108
1 5 0 1 2 3 4 5 0 1 2 4 5 5 0 1 5 6 7 5 0 1 2 3 7
1 5 0 1 2 3 4 5 0 1 2 4 5 5 0 1 5 6 7 5 0 1 3 4 7
1 5 0 1 3 4 5 5 0 1 2 3 5 5 0 1 5 6 7 5 0 1 3 4 7
1 5 0 1 3 4 5 5 0 1 2 3 5 5 0 1 5 6 7 5 0 1 4 5 7
1 5 0 1 2 3 4 5 0 2 4 5 6 5 0 1 2 6 7 5 0 1 2 3 7
1 5 0 1 2 3 4 5 0 2 4 5 6 5 0 1 2 6 7 5 0 1 3 4 7
1 5 0 1 3 4 5 5 0 2 3 5 6 5 0 1 2 6 7 5 0 1 3 4 7
1 5 0 1 3 4 5 5 0 2 3 5 6 5 0 1 2 6 7 5 0 1 4 5 7
1 5 0 1 4 5 6 5 0 2 3 4 6 5 0 1 2 6 7 5 0 1 4 5 7
1 5 0 1 4 5 6 5 0 2 3 4 6 5 0 1 2 6 7 5 0 1 5 6 7
1 5 0 1 3 4 5 5 0 3 5 6 7 5 0 1 2 3 7 5 0 1 3 4 7
1 5 0 1 3 4 5 5 0 3 5 6 7 5 0 1 2 3 7 5 0 1 4 5 7
1 5 0 1 4 5 6 5 0 3 4 6 7 5 0 1 2 3 7 5 0 1 4 5 7
1 5 0 1 4 5 6 5 0 3 4 6 7 5 0 1 2 3 7 5 0 1 5 6 7
1 5 0 1 5 6 7 5 0 3 4 5 7 5 0 1 2 3 7 5 0 1 5 6 7
1 5 0 1 2 3 4 5 0 2 3 4 5 5 0 2 5 6 7 5 0 1 3 4 7
1 5 0 1 2 4 5 5 0 2 3 4 5 5 0 2 5 6 7 5 0 1 4 5 7
1 5 0 1 2 3 4 5 0 3 4 5 6 5 0 2 3 6 7 5 0 1 3 4 7
1 5 0 1 2 4 5 5 0 3 4 5 6 5 0 2 3 6 7 5 0 1 4 5 7
1 5 0 1 2 5 6 5 0 3 4 5 6 5 0 2 3 6 7 5 0 1 5 6 7
1 5 0 1 2 4 5 5 0 4 5 6 7 5 0 2 3 4 7 5 0 1 4 5 7
1 5 0 1 2 5 6 5 0 4 5 6 7 5 0 2 3 4 7 5 0 1 5 6 7
1 5 0 1 2 3 4 5 0 2 3 4 5 5 0 1 2 5 6 5 1 3 4 6 7
1 5 0 1 2 3 5 5 0 2 3 5 6 5 0 1 2 6 7 5 1 3 4 5 7
1 5 0 1 2 4 5 5 0 2 3 4 5 5 0 1 2 5 6 5 1 4 5 6 7
1 5 0 1 2 4 6 5 0 2 3 4 6 5 0 1 2 6 7 5 1 4 5 6 7
1 5 0 1 2 3 4 5 0 3 4 5 6 5 0 1 2 3 6 5 1 3 4 6 7
1 5 0 1 2 3 5 5 0 3 5 6 7 5 0 1 2 3 7 5 1 3 4 5 7
1 5 0 1 2 4 5 5 0 3 4 5 6 5 0 1 2 3 6 5 1 4 5 6 7
1 5 0 1 2 4 6 5 0 3 4 6 7 5 0 1 2 3 7 5 1 4 5 6 7
1 5 0 2 3 4 5 5 0 2 3 5 6 5 0 1 2 6 7 5 1 2 3 4 7
1 5 0 2 3 4 5 5 0 2 3 5 6 5 0 1 2 6 7 5 1 2 4 5 7
1 5 0 2 4 5 6 5 0 2 3 4 6 5 0 1 2 6 7 5 1 2 4 5 7
1 5 0 2 4 5 6 5 0 2 3 4 6 5 0 1 2 6 7 5 1 2 5 6 7
1 5 0 2 3 4 5 5 0 3 5 6 7 5 0 1 2 3 7 5 1 2 3 4 7
1 5 0 2 3 4 5 5 0 3 5 6 7 5 0 1 2 3 7 5 1 2 4 5 7
1 5 0 2 4 5 6 5 0 3 4 6 7 5 0 1 2 3 7 5 1 2 4 5 7
1 5 0 2 4 5 6 5 0 3 4 6 7 5 0 1 2 3 7 5 1 2 5 6 7
1 5 0 2 5 6 7 5 0 3 4 5 7 5 0 1 2 3 7 5 1 2 5 6 7
1 5 0 2 3 4 5 5 0 3 4 5 6 5 0 1 3 6 7 5 1 2 4 5 7
1 5 0 2 3 5 6 5 0 3 4 5 6 5 0 1 3 6 7 5 1 2 5 6 7
1 5 0 2 3 4 5 5 0 4 5 6 7 5 0 1 3 4 7 5 1 2 4 5 7
1 5 0 2 3 5 6 5 0 4 5 6 7 5 0 1 3 4 7 5 1 2 5 6 7
1 5 0 2 3 4 5 5 0 3 4 5 6 5 0 1 2 3 6 5 2 4 5 6 7
1 5 0 2 3 4 6 5 0 3 4 6 7 5 0 1 2 3 7 5 2 4 5 6 7
1 5 0 3 4 5 6 5 0 3 4 6 7 5 0 1 2 3 7 5 2 3 4 5 7
1 5 0 3 4 5 6 5 0 3 4 6 7 5 0 1 2 3 7 5 2 3 5 6 7
1 5 0 3 5 6 7 5 0 3 4 5 7 5 0 1 2 3 7 5 2 3 5 6 7
1 5 0 3 4 5 6 5 0 4 5 6 7 5 0 1 2 4 7 5 2 3 5 6 7
1 5 0 1 2 3 4 5 0 1 2 3 4 5 1 2 4 5 6 5 1 3 4 6 7
1 5 0 1 2 3 5 5 0 1 2 3 5 5 1 2 5 6 7 5 1 3 4 5 7
1 5 0 1 2 3 4 5 0 1 3 4 5 5 1 2 3 5 6 5 1 3 4 6 7
1 5 0 1 2 3 5 5 0 1 3 5 6 5 1 2 3 6 7 5 1 3 4 5 7
1 5 0 1 2 4 5 5 0 1 3 4 5 5 1 2 3 5 6 5 1 4 5 6 7
1 5 0 1 2 4 6 5 0 1 3 4 6 5 1 2 3 6 7 5 1 4 5 6 7
1 5 0 1 2 4 5 5 0 1 4 5 6 5 1 2 3 4 6 5 1 4 5 6 7
1 5 0 1 2 4 6 5 0 1 4 6 7 5 1 2 3 4 7 5 1 4 5 6 7
1 5 0 2 3 4 5 5 0 1 2 3 5 5 1 2 5 6 7 5 1 2 3 4 7
1 5 0 2 3 4 5 5 0 1 2 3 5 5 1 2 5 6 7 5 1 2 4 5 7
1 5 0 2 3 4 5 5 0 1 3 5 6 5 1 2 3 6 7 5 1 2 3 4 7
1 5 0 2 3 4 5 5 0 1 3 5 6 5 1 2 3 6 7 5 1 2 4 5 7
1 5 0 2 4 5 6 5 0 1 3 4 6 5 1 2 3 6 7 5 1 2 4 5 7
1 5 0 2 4 5 6 5 0 1 3 4 6 5 1 2 3 6 7 5 1 2 5 6 7
1 5 0 2 4 5 6 5 0 1 4 6 7 5 1 2 3 4 7 5 1 2 4 5 7
1 5 0 2 4 5 6 5 0 1 4 6 7 5 1 2 3 4 7 5 1 2 5 6 7
1 5 0 2 5 6 7 5 0 1 4 5 7 5 1 2 3 4 7 5 1 2 5 6 7
1 5 0 2 3 4 5 5 0 1 3 4 5 5 1 3 5 6 7 5 1 2 4 5 7
1 5 0 2 3 4 5 5 0 1 4 5 6 5 1 3 4 6 7 5 1 2 4 5 7
1 5 0 2 3 5 6 5 0 1 4 5 6 5 1 3 4 6 7 5 1 2 5 6 7
1 5 0 2 3 5 6 5 0 1 5 6 7 5 1 3 4 5 7 5 1 2 5 6 7
1 5 0 2 3 4 5 5 0 1 3 4 5 5 1 2 3 5 6 5 2 4 5 6 7
1 5 0 2 3 4 6 5 0 1 3 4 6 5 1 2 3 6 7 5 2 4 5 6 7
1 5 0 2 3 4 5 5 0 1 4 5 6 5 1 2 3 4 6 5 2 4 5 6 7
1 5 0 2 3 4 6 5 0 1 4 6 7 5 1 2 3 4 7 5 2 4 5 6 7
1 5 0 3 4 5 6 5 0 1 3 4 6 5 1 2 3 6 7 5 2 3 4 5 7
1 5 0 3 4 5 6 5 0 1 3 4 6 5 1 2 3 6 7 5 2 3 5 6 7
1 5 0 3 4 5 6 5 0 1 4 6 7 5 1 2 3 4 7 5 2 3 4 5 7
1 5 0 3 4 5 6 5 0 1 4 6 7 5 1 2 3 4 7 5 2 3 5 6 7
1 5 0 3 5 6 7 5 0 1 4 5 7 5 1 2 3 4 7 5 2 3 5 6 7
1 5 0 3 4 5 6 5 0 1 4 5 6 5 1 2 4 6 7 5 2 3 5 6 7
1 5 0 3 4 5 6 5 0 1 5 6 7 5 1 2 4 5 7 5 2 3 5 6 7
1 5 0 4 5 6 7 5 0 1 4 5 7 5 1 2 3 4 7 5 3 4 5 6 7
1 5 0 2 3 4 5 5 0 1 2 4 5 5 2 3 4 5 6 5 2 4 5 6 7
1 5 0 2 3 4 6 5 0 1 2 4 6 5 2 3 4 6 7 5 2 4 5 6 7
1 5 0 3 4 5 6 5 0 1 2 4 6 5 2 3 4 6 7 5 2 3 4 5 7
1 5 0 3 4 5 6 5 0 1 2 4 6 5 2 3 4 6 7 5 2 3 5 6 7
1 5 0 3 5 6 7 5 0 1 2 5 7 5 2 3 4 5 7 5 2 3 5 6 7
1 5 0 3 4 5 6 5 0 1 2 5 6 5 2 4 5 6 7 5 2 3 5 6 7
1 5 0 4 5 6 7 5 0 1 2 5 7 5 2 3 4 5 7 5 3 4 5 6 7
1 5 0 1 2 3 4 5 1 2 3 4 5 5 1 2 5 6 7 5 1 2 3 4 7
1 5 0 1 2 4 5 5 1 2 3 4 5 5 1 2 5 6 7 5 1 2 4 5 7
1 5 0 1 2 3 4 5 1 3 4 5 6 5 1 2 3 6 7 5 1 2 3 4 7
1 5 0 1 2 4 5 5 1 3 4 5 6 5 1 2 3 6 7 5 1 2 4 5 7
1 5 0 1 2 5 6 5 1 3 4 5 6 5 1 2 3 6 7 5 1 2 5 6 7
1 5 0 1 2 4 5 5 1 4 5 6 7 5 1 2 3 4 7 5 1 2 4 5 7
1 5 0 1 2 5 6 5 1 4 5 6 7 5 1 2 3 4 7 5 1 2 5 6 7
1 5 0 1 3 4 5 5 1 3 4 5 6 5 1 2 3 6 7 5 2 3 4 5 7
1 5 0 1 3 5 6 5 1 3 4 5 6 5 1 2 3 6 7 5 2 3 5 6 7
1 5 0 1 3 4 5 5 1 4 5 6 7 5 1 2 3 4 7 5 2 3 4 5 7
1 5 0 1 3 5 6 5 1 4 5 6 7 5 1 2 3 4 7 5 2 3 5 6 7
1 5 0 1 4 5 6 5 1 4 5 6 7 5 1 2 3 4 7 5 3 4 5 6 7
1 5 0 1 3 4 5 5 1 2 3 4 5 5 2 3 5 6 7 5 2 3 4 5 7
1 5 0 1 3 4 5 5 1 2 4 5 6 5 2 3 4 6 7 5 2 3 4 5 7
1 5 0 1 3 5 6 5 1 2 4 5 6 5 2 3 4 6 7 5 2 3 5 6 7
1 5 0 1 3 5 6 5 1 2 5 6 7 5 2 3 4 5 7 5 2 3 5 6 7
1 5 0 1 4 5 6 5 1 2 4 5 6 5 2 3 4 6 7 5 3 4 5 6 7
1 5 0 1 4 5 6 5 1 2 5 6 7 5 2 3 4 5 7 5 3 4 5 6 7
1 5 0 1 4 5 6 5 1 2 3 5 6 5 3 4 5 6 7 5 3 4 5 6 7
4 39
1 5 0 1 2 3 7 5 0 1 2 6 7 5 0 3 4 5 6 5 0 1 2 3 7
1 5 0 1 2 3 6 5 0 1 2 3 6 5 0 3 4 5 6 5 0 1 3 6 7
1 5 0 1 2 4 7 5 0 1 2 3 7 5 0 4 5 6 7 5 0 1 3 4 7
1 5 0 2 3 4 7 5 0 1 2 3 7 5 0 4 5 6 7 5 0 1 3 4 7
1 5 0 2 3 4 7 5 0 2 3 4 7 5 0 4 5 6 7 5 0 1 2 4 7
1 5 0 1 2 3 6 5 0 1 2 5 6 5 0 1 3 4 5 5 1 2 3 6 7
1 5 0 1 2 4 7 5 0 1 2 6 7 5 0 1 4 5 6 5 1 2 3 4 7
1 5 0 1 2 3 5 5 0 1 2 3 5 5 0 1 3 4 5 5 1 3 5 6 7
1 5 0 1 2 4 6 5 0 1 2 3 6 5 0 1 4 5 6 5 1 3 4 6 7
1 5 0 1 2 5 7 5 0 1 2 3 7 5 0 1 5 6 7 5 1 3 4 5 7
1 5 0 2 3 4 6 5 0 1 2 3 6 5 0 1 4 5 6 5 1 3 4 6 7
1 5 0 2 3 5 7 5 0 1 2 3 7 5 0 1 5 6 7 5 1 3 4 5 7
1 5 0 2 3 4 7 5 0 2 3 6 7 5 0 1 4 5 6 5 1 2 3 4 7
1 5 0 2 3 4 6 5 0 2 3 4 6 5 0 1 4 5 6 5 1 2 4 6 7
1 5 0 2 3 5 7 5 0 2 3 4 7 5 0 1 5 6 7 5 1 2 4 5 7
1 5 0 3 4 5 7 5 0 2 3 4 7 5 0 1 5 6 7 5 1 2 4 5 7
1 5 0 3 4 5 7 5 0 3 4 5 7 5 0 1 5 6 7 5 1 2 3 5 7
1 5 0 2 3 4 6 5 0 2 3 5 6 5 0 1 2 4 5 5 2 3 4 6 7
1 5 0 2 3 5 7 5 0 2 3 6 7 5 0 1 2 5 6 5 2 3 4 5 7
1 5 0 2 3 4 5 5 0 2 3 4 5 5 0 1 2 4 5 5 2 4 5 6 7
1 5 0 2 3 5 6 5 0 2 3 4 6 5 0 1 2 5 6 5 2 4 5 6 7
1 5 0 2 3 6 7 5 0 2 3 4 7 5 0 1 2 6 7 5 2 4 5 6 7
1 5 0 3 4 5 6 5 0 2 3 4 6 5 0 1 2 5 6 5 2 4 5 6 7
1 5 0 3 4 6 7 5 0 2 3 4 7 5 0 1 2 6 7 5 2 4 5 6 7
1 5 0 3 4 5 7 5 0 3 4 6 7 5 0 1 2 5 6 5 2 3 4 5 7
1 5 0 3 4 5 6 5 0 3 4 5 6 5 0 1 2 5 6 5 2 3 5 6 7
1 5 0 3 4 6 7 5 0 3 4 5 7 5 0 1 2 6 7 5 2 3 5 6 7
1 5 0 4 5 6 7 5 0 3 4 5 7 5 0 1 2 6 7 5 2 3 5 6 7
1 5 0 4 5 6 7 5 0 4 5 6 7 5 0 1 2 6 7 5 2 3 4 6 7
1 5 0 3 4 5 6 5 0 3 4 5 6 5 0 1 2 3 5 5 3 4 5 6 7
1 5 0 3 4 6 7 5 0 3 4 6 7 5 0 1 2 3 6 5 3 4 5 6 7
1 5 0 4 5 6 7 5 0 4 5 6 7 5 0 1 2 3 6 5 3 4 5 6 7
1 5 0 2 3 4 7 5 0 1 2 3 7 5 1 4 5 6 7 5 1 2 3 4 7
1 5 0 2 3 4 6 5 0 1 2 3 6 5 1 2 4 5 6 5 2 3 4 6 7
1 5 0 2 3 5 7 5 0 1 2 3 7 5 1 2 5 6 7 5 2 3 4 5 7
1 5 0 3 4 5 7 5 0 1 3 4 7 5 1 2 5 6 7 5 2 3 4 5 7
1 5 0 3 4 5 6 5 0 1 3 4 6 5 1 2 3 5 6 5 3 4 5 6 7
1 5 0 3 4 6 7 5 0 1 3 4 7 5 1 2 3 6 7 5 3 4 5 6 7
1 5 0 4 5 6 7 5 0 1 4 5 7 5 1 2 3 6 7 5 3 4 5 6 7
4 36
1 5 0 1 2 3 4 5 0 1 2 4 5 5 0 4 5 6 7 5 0 1 2 3 7
1 5 0 1 2 3 4 5 0 1 2 5 6 5 0 4 5 6 7 5 0 1 2 3 7
1 5 0 1 2 3 4 5 0 1 2 6 7 5 0 4 5 6 7 5 0 1 2 3 7
1 5 0 1 2 3 4 5 0 1 3 4 5 5 0 4 5 6 7 5 0 1 3 4 7
1 5 0 1 2 3 4 5 0 1 3 5 6 5 0 4 5 6 7 5 0 1 3 4 7
1 5 0 1 2 3 4 5 0 1 3 6 7 5 0 4 5 6 7 5 0 1 3 4 7
1 5 0 1 2 3 4 5 0 1 2 4 5 5 0 1 4 5 6 5 1 2 3 6 7
1 5 0 1 2 3 4 5 0 1 2 5 6 5 0 1 4 5 6 5 1 2 3 6 7
1 5 0 1 2 4 5 5 0 1 2 5 6 5 0 1 5 6 7 5 1 2 3 4 7
1 5 0 1 2 4 5 5 0 1 2 6 7 5 0 1 5 6 7 5 1 2 3 4 7
1 5 0 1 2 3 4 5 0 1 3 4 5 5 0 1 4 5 6 5 1 3 4 6 7
1 5 0 1 2 3 4 5 0 1 3 5 6 5 0 1 4 5 6 5 1 3 4 6 7
1 5 0 1 2 3 5 5 0 1 3 5 6 5 0 1 5 6 7 5 1 3 4 5 7
1 5 0 1 2 3 5 5 0 1 3 6 7 5 0 1 5 6 7 5 1 3 4 5 7
1 5 0 2 3 4 5 5 0 2 3 5 6 5 0 1 5 6 7 5 1 2 3 4 7
1 5 0 2 3 4 5 5 0 2 3 6 7 5 0 1 5 6 7 5 1 2 3 4 7
1 5 0 2 3 4 5 5 0 2 4 5 6 5 0 1 5 6 7 5 1 2 4 5 7
1 5 0 2 3 4 5 5 0 2 4 6 7 5 0 1 5 6 7 5 1 2 4 5 7
1 5 0 2 3 4 5 5 0 2 3 5 6 5 0 1 2 5 6 5 2 3 4 6 7
1 5 0 2 3 5 6 5 0 2 3 6 7 5 0 1 2 6 7 5 2 3 4 5 7
1 5 0 2 3 4 5 5 0 2 4 5 6 5 0 1 2 5 6 5 2 4 5 6 7
1 5 0 2 3 4 6 5 0 2 4 6 7 5 0 1 2 6 7 5 2 4 5 6 7
1 5 0 3 4 5 6 5 0 3 4 6 7 5 0 1 2 6 7 5 2 3 4 5 7
1 5 0 3 4 5 6 5 0 3 5 6 7 5 0 1 2 6 7 5 2 3 5 6 7
1 5 0 1 2 3 4 5 1 2 3 4 5 5 1 4 5 6 7 5 1 2 3 4 7
1 5 0 1 2 3 4 5 1 2 3 5 6 5 1 4 5 6 7 5 1 2 3 4 7
1 5 0 1 2 3 4 5 1 2 3 6 7 5 1 4 5 6 7 5 1 2 3 4 7
1 5 0 1 2 3 4 5 1 2 3 4 5 5 1 2 4 5 6 5 2 3 4 6 7
1 5 0 1 2 3 4 5 1 2 3 5 6 5 1 2 4 5 6 5 2 3 4 6 7
1 5 0 1 2 3 5 5 1 2 3 5 6 5 1 2 5 6 7 5 2 3 4 5 7
1 5 0 1 2 3 5 5 1 2 3 6 7 5 1 2 5 6 7 5 2 3 4 5 7
1 5 0 1 3 4 5 5 1 3 4 5 6 5 1 2 5 6 7 5 2 3 4 5 7
1 5 0 1 3 4 5 5 1 3 4 6 7 5 1 2 5 6 7 5 2 3 4 5 7
1 5 0 1 3 4 5 5 1 3 4 5 6 5 1 2 3 5 6 5 3 4 5 6 7
1 5 0 1 3 4 6 5 1 3 4 6 7 5 1 2 3 6 7 5 3 4 5 6 7
1 5 0 1 4 5 6 5 1 4 5 6 7 5 1 2 3 6 7 5 3 4 5 6 7
4 19
1 5 0 1 2 4 5 5 0 1 5 6 7 5 0 2 3 4 7 5 0 1 2 3 4
1 5 0 1 2 3 5 5 0 1 5 6 7 5 0 3 4 5 7 5 0 1 3 4 5
1 5 0 2 4 5 6 5 0 1 2 6 7 5 0 2 3 4 7 5 0 1 2 3 4
1 5 0 2 3 5 6 5 0 1 2 6 7 5 0 3 4 5 7 5 0 1 3 4 5
1 5 0 2 3 4 6 5 0 1 2 6 7 5 0 4 5 6 7 5 0 1 4 5 6
1 5 0 3 5 6 7 5 0 1 2 3 7 5 0 3 4 5 7 5 0 1 3 4 5
1 5 0 3 4 6 7 5 0 1 2 3 7 5 0 4 5 6 7 5 0 1 4 5 6
1 5 0 2 3 5 6 5 0 1 2 6 7 5 1 3 4 5 7 5 1 2 3 4 5
1 5 0 2 3 4 6 5 0 1 2 6 7 5 1 4 5 6 7 5 1 2 4 5 6
1 5 0 3 5 6 7 5 0 1 2 3 7 5 1 3 4 5 7 5 1 2 3 4 5
1 5 0 3 4 6 7 5 0 1 2 3 7 5 1 4 5 6 7 5 1 2 4 5 6
1 5 0 3 4 6 7 5 0 1 2 3 7 5 2 4 5 6 7 5 2 3 4 5 6
1 5 0 1 2 3 5 5 1 2 5 6 7 5 1 3 4 5 7 5 1 2 3 4 5
1 5 0 1 3 5 6 5 1 2 3 6 7 5 1 3 4 5 7 5 1 2 3 4 5
1 5 0 1 3 4 6 5 1 2 3 6 7 5 1 4 5 6 7 5 1 2 4 5 6
1 5 0 1 4 6 7 5 1 2 3 4 7 5 1 4 5 6 7 5 1 2 4 5 6
1 5 0 1 3 4 6 5 1 2 3 6 7 5 2 4 5 6 7 5 2 3 4 5 6
1 5 0 1 4 6 7 5 1 2 3 4 7 5 2 4 5 6 7 5 2 3 4 5 6
1 5 0 1 2 4 6 5 2 3 4 6 7 5 2 4 5 6 7 5 2 3 4 5 6
4 42
1 5 0 1 2 3 4 5 0 1 5 6 7 5 0 2 3 4 5 5 0 1 2 5 6
1 5 0 1 2 3 4 5 0 1 5 6 7 5 0 2 3 4 5 5 0 1 2 6 7
1 5 0 1 2 4 5 5 0 1 5 6 7 5 0 2 3 4 5 5 0 1 2 5 6
1 5 0 1 2 4 5 5 0 1 5 6 7 5 0 2 3 4 5 5 0 1 2 6 7
1 5 0 2 3 4 5 5 0 1 2 6 7 5 0 2 3 5 6 5 0 1 2 6 7
1 5 0 2 4 5 6 5 0 1 2 6 7 5 0 2 3 4 6 5 0 1 2 6 7
1 5 0 2 3 4 5 5 0 1 2 6 7 5 0 3 4 5 6 5 0 1 3 6 7
1 5 0 2 3 5 6 5 0 1 2 6 7 5 0 3 4 5 6 5 0 1 3 6 7
1 5 0 1 2 3 4 5 0 1 4 6 7 5 0 1 2 3 4 5 1 2 4 5 6
1 5 0 1 2 3 4 5 0 1 4 5 7 5 0 1 2 3 4 5 1 2 5 6 7
1 5 0 1 2 3 4 5 0 1 5 6 7 5 0 1 3 4 5 5 1 2 3 5 6
1 5 0 1 2 3 4 5 0 1 5 6 7 5 0 1 3 4 5 5 1 2 3 6 7
1 5 0 1 2 4 5 5 0 1 5 6 7 5 0 1 3 4 5 5 1 2 3 5 6
1 5 0 1 2 4 5 5 0 1 5 6 7 5 0 1 3 4 5 5 1 2 3 6 7
1 5 0 2 3 4 5 5 0 1 2 5 7 5 0 1 2 3 5 5 1 2 5 6 7
1 5 0 2 3 4 5 5 0 1 2 6 7 5 0 1 3 5 6 5 1 2 3 6 7
1 5 0 2 4 5 6 5 0 1 2 6 7 5 0 1 3 4 6 5 1 2 3 6 7
1 5 0 2 3 4 5 5 0 1 2 5 7 5 0 1 3 4 5 5 1 3 5 6 7
1 5 0 2 3 4 5 5 0 1 2 6 7 5 0 1 4 5 6 5 1 3 4 6 7
1 5 0 2 3 5 6 5 0 1 2 6 7 5 0 1 4 5 6 5 1 3 4 6 7
1 5 0 2 3 4 5 5 0 2 5 6 7 5 0 1 3 4 5 5 1 2 3 5 6
1 5 0 2 3 4 5 5 0 2 5 6 7 5 0 1 3 4 5 5 1 2 3 6 7
1 5 0 3 4 5 6 5 0 2 3 6 7 5 0 1 3 4 6 5 1 2 3 6 7
1 5 0 3 4 5 6 5 0 2 3 6 7 5 0 1 4 5 6 5 1 2 4 6 7
1 5 0 2 3 4 5 5 0 2 5 6 7 5 0 1 2 4 5 5 2 3 4 5 6
1 5 0 2 3 4 5 5 0 2 5 6 7 5 0 1 2 4 5 5 2 3 4 6 7
1 5 0 3 4 5 6 5 0 2 3 6 7 5 0 1 2 4 6 5 2 3 4 6 7
1 5 0 3 4 5 6 5 0 2 3 6 7 5 0 1 2 5 6 5 2 4 5 6 7
1 5 0 2 3 4 5 5 0 1 2 6 7 5 1 3 4 5 6 5 1 2 3 6 7
1 5 0 2 3 5 6 5 0 1 2 6 7 5 1 3 4 5 6 5 1 2 3 6 7
1 5 0 2 3 4 5 5 0 1 2 5 7 5 1 2 3 4 5 5 2 3 5 6 7
1 5 0 2 3 4 5 5 0 1 2 6 7 5 1 2 4 5 6 5 2 3 4 6 7
1 5 0 2 3 5 6 5 0 1 2 6 7 5 1 2 4 5 6 5 2 3 4 6 7
1 5 0 3 4 5 6 5 0 1 3 6 7 5 1 2 4 5 6 5 2 3 4 6 7
1 5 0 3 4 5 6 5 0 1 3 6 7 5 1 2 3 5 6 5 3 4 5 6 7
1 5 0 1 3 4 5 5 1 2 3 6 7 5 1 3 4 5 6 5 1 2 3 6 7
1 5 0 1 3 5 6 5 1 2 3 6 7 5 1 3 4 5 6 5 1 2 3 6 7
1 5 0 1 3 4 5 5 1 2 3 5 7 5 1 2 3 4 5 5 2 3 5 6 7
1 5 0 1 3 4 5 5 1 2 3 6 7 5 1 2 4 5 6 5 2 3 4 6 7
1 5 0 1 3 5 6 5 1 2 3 6 7 5 1 2 4 5 6 5 2 3 4 6 7
1 5 0 1 4 5 6 5 1 3 4 6 7 5 1 2 4 5 6 5 2 3 4 6 7
1 5 0 1 4 5 6 5 1 3 4 6 7 5 1 2 3 5 6 5 3 4 5 6 7
4 3
1 5 0 1 2 3 4 5 0 1 4 6 7 5 1 2 4 5 6 5 1 4 5 6 7
1 5 0 1 2 3 4 5 0 1 4 6 7 5 2 3 4 5 6 5 1 4 5 6 7
1 5 0 1 2 3 4 5 1 2 4 6 7 5 2 3 4 5 6 5 2 4 5 6 7
4 6
1 5 0 1 2 3 4 5 2 4 5 6 7 5 0 1 4 6 7 5 1 2 4 5 6
1 5 0 1 2 3 4 5 2 4 5 6 7 5 0 1 4 5 7 5 1 2 5 6 7
1 5 0 1 2 3 4 5 3 4 5 6 7 5 0 1 4 6 7 5 2 3 4 5 6
1 5 0 1 2 3 4 5 3 4 5 6 7 5 0 1 4 5 7 5 2 3 5 6 7
1 5 0 1 2 3 4 5 3 4 5 6 7 5 1 2 4 6 7 5 2 3 4 5 6
1 5 0 1 2 3 4 5 3 4 5 6 7 5 1 2 4 5 7 5 2 3 5 6 7
4 22
1 5 0 1 2 3 4 5 0 1 4 5 6 5 0 1 2 3 4 5 1 2 3 6 7
1 5 0 1 2 3 5 5 0 1 5 6 7 5 0 1 2 4 5 5 1 2 3 4 7
1 5 0 1 3 4 5 5 0 1 5 6 7 5 0 1 2 3 4 5 1 2 3 4 7
1 5 0 1 3 4 5 5 0 1 5 6 7 5 0 1 2 3 5 5 1 2 4 5 7
1 5 0 1 3 4 5 5 0 1 5 6 7 5 0 1 3 4 5 5 1 2 3 4 7
1 5 0 1 3 4 5 5 0 1 5 6 7 5 0 1 2 3 5 5 2 3 4 5 7
1 5 0 1 2 4 5 5 0 1 5 6 7 5 0 2 3 4 5 5 2 3 4 5 7
1 5 0 2 3 4 5 5 0 1 2 5 6 5 0 2 3 4 5 5 2 3 4 6 7
1 5 0 2 3 4 6 5 0 1 2 6 7 5 0 2 3 5 6 5 2 3 4 5 7
1 5 0 2 4 5 6 5 0 1 2 6 7 5 0 2 3 4 5 5 2 3 4 5 7
1 5 0 2 4 5 6 5 0 1 2 6 7 5 0 2 3 4 6 5 2 3 5 6 7
1 5 0 2 4 5 6 5 0 1 2 6 7 5 0 2 4 5 6 5 2 3 4 5 7
1 5 0 2 4 5 6 5 0 1 2 6 7 5 0 2 3 4 6 5 3 4 5 6 7
1 5 0 2 3 5 6 5 0 1 2 6 7 5 0 3 4 5 6 5 3 4 5 6 7
1 5 0 3 4 5 6 5 0 1 2 3 6 5 0 3 4 5 6 5 3 4 5 6 7
1 5 0 3 4 5 7 5 0 1 2 3 7 5 0 3 4 6 7 5 3 4 5 6 7
1 5 0 3 5 6 7 5 0 1 2 3 7 5 0 3 4 5 6 5 3 4 5 6 7
1 5 0 3 5 6 7 5 0 1 2 3 7 5 0 3 5 6 7 5 3 4 5 6 7
1 5 0 2 3 4 5 5 1 2 5 6 7 5 0 1 2 3 5 5 2 3 4 5 7
1 5 0 3 4 5 6 5 1 2 3 6 7 5 0 1 3 4 6 5 3 4 5 6 7
1 5 0 1 2 4 5 5 1 2 5 6 7 5 1 2 3 4 5 5 2 3 4 5 7
1 5 0 1 3 5 6 5 1 2 3 6 7 5 1 3 4 5 6 5 3 4 5 6 7
4 9
1 5 0 1 5 6 7 5 0 1 2 3 7 5 0 1 2 5 7 5 1 2 3 4 5
1 5 0 1 5 6 7 5 0 1 3 4 7 5 0 1 3 5 7 5 1 2 3 4 5
1 5 0 1 5 6 7 5 0 1 4 5 7 5 0 1 4 5 7 5 1 2 3 4 5
1 5 0 1 2 6 7 5 0 1 3 4 7 5 0 2 3 6 7 5 2 3 4 5 6
1 5 0 1 2 6 7 5 0 1 4 5 7 5 0 2 4 6 7 5 2 3 4 5 6
1 5 0 1 2 6 7 5 0 1 5 6 7 5 0 2 5 6 7 5 2 3 4 5 6
1 5 0 1 2 6 7 5 1 2 3 4 7 5 1 2 3 6 7 5 2 3 4 5 6
1 5 0 1 2 6 7 5 1 2 4 5 7 5 1 2 4 6 7 5 2 3 4 5 6
1 5 0 1 2 6 7 5 1 2 5 6 7 5 1 2 5 6 7 5 2 3 4 5 6
2 12
1 7 0 1 2 3 4 6 7 7 0 1 2 3 4 5 6
1 7 0 1 2 3 4 5 7 7 0 1 2 3 5 6 7
1 7 0 1 2 4 5 6 7 7 0 1 2 3 4 5 6
1 7 0 1 2 4 5 6 7 7 0 1 2 3 4 6 7
1 7 0 1 2 3 4 5 7 7 0 1 3 4 5 6 7
1 7 0 1 2 3 5 6 7 7 0 1 3 4 5 6 7
1 7 0 2 3 4 5 6 7 7 0 1 2 3 4 5 6
1 7 0 2 3 4 5 6 7 7 0 1 2 3 4 6 7
1 7 0 2 3 4 5 6 7 7 0 1 2 4 5 6 7
1 7 0 1 2 3 4 5 7 7 1 2 3 4 5 6 7
1 7 0 1 2 3 5 6 7 7 1 2 3 4 5 6 7
1 7 0 1 3 4 5 6 7 7 1 2 3 4 5 6 7
4 9
1 2 0 1 2 0 1 6 1 2 3 4 5 6 6 1 2 3 4 6 7
1 2 0 1 2 0 1 6 1 2 3 5 6 7 6 1 2 3 4 5 7
1 2 0 1 2 0 1 6 1 2 3 4 5 6 6 1 2 4 5 6 7
1 2 0 1 2 0 1 6 1 2 3 4 6 7 6 1 2 4 5 6 7
1 2 0 1 2 0 1 6 1 3 4 5 6 7 6 1 2 3 4 5 7
1 2 0 1 2 0 1 6 1 3 4 5 6 7 6 1 2 3 5 6 7
1 2 0 2 2 0 1 6 1 2 3 4 5 6 6 2 3 4 5 6 7
1 2 0 2 2 0 1 6 1 2 3 4 6 7 6 2 3 4 5 6 7
1 2 0 2 2 0 1 6 1 2 4 5 6 7 6 2 3 4 5 6 7
2 1
1 5 0 1 2 3 4 4 4 5 6 7
