background_id,representative_record,aliases,Gb,bosonic_order,fermionic_order,s1,omega2,fermion_extension,extension_parameters,pip,majorana,complex_fermion,bosonic,stacking_group,intro_table_rows
C2_orbit_000,d4_C2_w0_s0,d4_C2_w0_s0,\mathbb Z_{2},2,4,0,0,split,[0],0,0,0,0,0,1:1
C2_orbit_001,d4_C2_w1_s0,d4_C2_w1_s0,\mathbb Z_{2},2,4,0,x^2,nonsplit,[1],\mathbb Z_{2},\mathbb Z_{2},\mathbb Z_{2},\mathbb Z_{2},\mathbb Z_{16},1:2
C2_orbit_002,d4_C2_w0_s1,d4_C2_w0_s1;d4_E10,\mathbb Z_{2},2,4,x,0,split,[0],0,0,0,0,0,1:3
C2_orbit_003,d4_C2_w1_s1,d4_C2_w1_s1;d4_E01,\mathbb Z_{2},2,4,x,x^2,nonsplit,[1],0,0,0,0,0,1:4
C3_orbit_000,d4_C3_w0_s0,d4_C3_w0_s0,\mathbb Z_{3},3,6,0,0,split,[0],\mathbb Z_{3},0,0,\mathbb Z_{3},\mathbb Z_{9},1:5
C4_orbit_000,d4_C4_w0_s0,d4_C4_w0_s0,\mathbb Z_{4},4,8,0,0,split,[0],\mathbb Z_{2},0,0,\mathbb Z_{2},\mathbb Z_{4},1:6
C4_orbit_001,d4_C4_orbit_001,d4_C4_orbit_001;d4_C4_w1_s0,\mathbb Z_{4},4,8,0,\eta_{1},nonsplit,[1],\mathbb Z_{4},\mathbb Z_{2},\mathbb Z_{2},\mathbb Z_{4},\mathbb Z_{2}\times\mathbb Z_{32},1:7
C4_orbit_002,d4_C4_w0_s1,d4_C4_w0_s1,\mathbb Z_{4},4,8,x,0,split,[0],0,0,0,0,0,1:8
C4_orbit_003,d4_C4_orbit_003,d4_C4_orbit_003;d4_C4_w1_s1,\mathbb Z_{4},4,8,x,\eta_{1},nonsplit,[1],0,0,0,0,0,1:9
C5_orbit_000,d4_C5_w0_s0,d4_C5_w0_s0,\mathbb Z_{5},5,10,0,0,split,[0],\mathbb Z_{5},0,0,\mathbb Z_{5},\mathbb Z_{5}^{2},1:10
C6_orbit_000,d4_C6_w0_s0,d4_C6_w0_s0,\mathbb Z_{6},6,12,0,0,split,[0],\mathbb Z_{3},0,0,\mathbb Z_{3},\mathbb Z_{9},1:11
C6_orbit_001,d4_C6_orbit_001,d4_C6_orbit_001;d4_C6_w1_s0,\mathbb Z_{6},6,12,0,\eta_{1},nonsplit,[1],\mathbb Z_{6},\mathbb Z_{2},\mathbb Z_{2},\mathbb Z_{6},\mathbb Z_{144},1:12
C6_orbit_002,d4_C6_orbit_002,d4_C6_orbit_002,\mathbb Z_{6},6,12,x,0,split,[0],0,0,0,0,0,
C6_orbit_003,d4_C6_orbit_003,d4_C6_orbit_003,\mathbb Z_{6},6,12,x,\eta_{1},nonsplit,[1],0,0,0,0,0,
C7_orbit_000,d4_C7_orbit_000,d4_C7_orbit_000,\mathbb Z_{7},7,14,0,0,split,[0],\mathbb Z_{7},0,0,\mathbb Z_{7},\mathbb Z_{7}^{2},
C8_orbit_000,d4_C8_w0_s0,d4_C8_w0_s0,\mathbb Z_{8},8,16,0,0,split,[0],\mathbb Z_{4},0,0,\mathbb Z_{4},\mathbb Z_{2}\times\mathbb Z_{8},1:13
C8_orbit_001,d4_C8_orbit_001,d4_C8_orbit_001;d4_C8_w1_s0,\mathbb Z_{8},8,16,0,\eta_{1},nonsplit,[1],\mathbb Z_{8},\mathbb Z_{2},\mathbb Z_{2},\mathbb Z_{8},\mathbb Z_{4}\times\mathbb Z_{64},1:14
C8_orbit_002,d4_C8_w0_s1,d4_C8_w0_s1,\mathbb Z_{8},8,16,x,0,split,[0],0,0,0,0,0,1:15
C8_orbit_003,d4_C8_orbit_003,d4_C8_orbit_003;d4_C8_w1_s1,\mathbb Z_{8},8,16,x,\eta_{1},nonsplit,[1],0,0,0,0,0,1:16
C9_orbit_000,d4_C9_orbit_000,d4_C9_orbit_000,\mathbb Z_{9},9,18,0,0,split,[0],\mathbb Z_{9},0,0,\mathbb Z_{9},\mathbb Z_{3}\times\mathbb Z_{27},
C10_orbit_000,d4_C10_orbit_000,d4_C10_orbit_000,\mathbb Z_{10},10,20,0,0,split,[0],\mathbb Z_{5},0,0,\mathbb Z_{5},\mathbb Z_{5}^{2},
C10_orbit_001,d4_C10_orbit_001,d4_C10_orbit_001,\mathbb Z_{10},10,20,0,\eta_{1},nonsplit,[1],\mathbb Z_{10},\mathbb Z_{2},\mathbb Z_{2},\mathbb Z_{10},\mathbb Z_{5}\times\mathbb Z_{80},
C10_orbit_002,d4_C10_orbit_002,d4_C10_orbit_002,\mathbb Z_{10},10,20,x,0,split,[0],0,0,0,0,0,
C10_orbit_003,d4_C10_orbit_003,d4_C10_orbit_003,\mathbb Z_{10},10,20,x,\eta_{1},nonsplit,[1],0,0,0,0,0,
C12_orbit_000,d4_C12_orbit_000,d4_C12_orbit_000,\mathbb Z_{12},12,24,0,0,split,[0],\mathbb Z_{6},0,0,\mathbb Z_{6},\mathbb Z_{36},
C12_orbit_001,d4_C12_orbit_001,d4_C12_orbit_001,\mathbb Z_{12},12,24,0,\eta_{1},nonsplit,[1],\mathbb Z_{12},\mathbb Z_{2},\mathbb Z_{2},\mathbb Z_{12},\mathbb Z_{2}\times\mathbb Z_{288},
C12_orbit_002,d4_C12_orbit_002,d4_C12_orbit_002,\mathbb Z_{12},12,24,x,0,split,[0],0,0,0,0,0,
C12_orbit_003,d4_C12_orbit_003,d4_C12_orbit_003,\mathbb Z_{12},12,24,x,\eta_{1},nonsplit,[1],0,0,0,0,0,
C16_orbit_000,d4_C16_w0_s0,d4_C16_w0_s0,\mathbb Z_{16},16,32,0,0,split,[0],\mathbb Z_{8},0,0,\mathbb Z_{8},\mathbb Z_{4}\times\mathbb Z_{16},1:17
C16_orbit_001,d4_C16_orbit_001,d4_C16_orbit_001;d4_C16_w1_s0,\mathbb Z_{16},16,32,0,\eta_{1},nonsplit,[1],\mathbb Z_{16},\mathbb Z_{2},\mathbb Z_{2},\mathbb Z_{16},\mathbb Z_{8}\times\mathbb Z_{128},1:18
C16_orbit_002,d4_C16_orbit_002,d4_C16_orbit_002,\mathbb Z_{16},16,32,x,0,split,[0],0,0,0,0,0,
C16_orbit_003,d4_C16_orbit_003,d4_C16_orbit_003,\mathbb Z_{16},16,32,x,\eta_{1},nonsplit,[1],0,0,0,0,0,
C27_s0_w0,d4_C27_s0_w0,d4_C27_s0_w0,\mathbb Z_{27},27,54,0,0,split,[0],\mathbb Z_{27},0,0,\mathbb Z_{27},\mathbb Z_{9}\times\mathbb Z_{81},
C32_w0_s0,d4_C32_w0_s0,d4_C32_w0_s0,\mathbb Z_{32},32,64,0,0,split,[0],\mathbb Z_{16},0,0,\mathbb Z_{16},\mathbb Z_{8}\times\mathbb Z_{32},1:19
C32_w1_s0,d4_C32_w1_s0,d4_C32_w1_s0,\mathbb Z_{32},32,64,0,\eta_{1},nonsplit,[1],\mathbb Z_{32},\mathbb Z_{2},\mathbb Z_{2},\mathbb Z_{32},\mathbb Z_{16}\times\mathbb Z_{256},1:20
C64_w0_s0,d4_C64_w0_s0,d4_C64_w0_s0,\mathbb Z_{64},64,128,0,0,split,[0],\mathbb Z_{32},0,0,\mathbb Z_{32},\mathbb Z_{16}\times\mathbb Z_{64},1:21
C64_w1_s0,d4_C64_w1_s0,d4_C64_w1_s0,\mathbb Z_{64},64,128,0,\eta_{1},nonsplit,[1],\mathbb Z_{64},\mathbb Z_{2},\mathbb Z_{2},\mathbb Z_{64},\mathbb Z_{32}\times\mathbb Z_{512},1:22
C2xC2_orbit_000,d4_V4_w0_s0,d4_V4_w0_s0,\mathbb Z_{2}^{2},4,8,0,0,split,"[0,0]",0,0,0,0,0,2:1
C2xC2_orbit_001,d4_C2xC2_orbit_001,d4_C2xC2_orbit_001;d4_V4_wa2_s0,\mathbb Z_{2}^{2},4,8,0,x^2+y^2,nonsplit,"[1,1]",\mathbb Z_{2},\mathbb Z_{2}^{2},\mathbb Z_{2}^{2},\mathbb Z_{2}^{2},\mathbb Z_{8}\times\mathbb Z_{16},2:2
C2xC2_orbit_002,d4_C2xC2_orbit_002,d4_C2xC2_orbit_002;d4_V4_wab_s0,\mathbb Z_{2}^{2},4,8,0,y^2+y\cup x,nonsplit,"[0,1]",0,0,0,\mathbb Z_{2}^{2},\mathbb Z_{2}^{2},2:3
C2xC2_orbit_003,d4_V4_wquat_s0,d4_V4_wquat_s0,\mathbb Z_{2}^{2},4,8,0,x^2+y^2+y\cup x,nonsplit,"[1,1]",0,\mathbb Z_{2},0,\mathbb Z_{2}^{3},\mathbb Z_{2}^{4},2:4
C2xC2_orbit_004,d4_C2xC2_orbit_004,d4_C2xC2_orbit_004;d4_V4_w0_sa,\mathbb Z_{2}^{2},4,8,x+y,0,split,"[0,0]",0,0,0,\mathbb Z_{2},\mathbb Z_{2},2:5
C2xC2_orbit_005,d4_C2xC2_orbit_005,d4_C2xC2_orbit_005;d4_V4_wa2_sa,\mathbb Z_{2}^{2},4,8,x+y,x^2+y^2,nonsplit,"[1,1]",0,0,0,\mathbb Z_{2}^{2},\mathbb Z_{2}^{2},2:6
C2xC2_orbit_006,d4_C2xC2_orbit_006,d4_C2xC2_orbit_006;d4_E11;d4_V4_wab_sa,\mathbb Z_{2}^{2},4,8,x+y,y^2+y\cup x,nonsplit,"[0,1]",0,0,0,0,0,2:7
C2xC2_orbit_007,d4_C2xC2_orbit_007,d4_C2xC2_orbit_007,\mathbb Z_{2}^{2},4,8,x+y,y^2,nonsplit,"[0,1]",0,0,0,\mathbb Z_{2}^{2},\mathbb Z_{2}^{2},
C2xC2_orbit_008,d4_C2xC2_orbit_008,d4_C2xC2_orbit_008;d4_E20;d4_V4_wab_sa+b,\mathbb Z_{2}^{2},4,8,x+y,y\cup x,nonsplit,"[0,0]",0,\mathbb Z_{2},\mathbb Z_{2},\mathbb Z_{2},\mathbb Z_{8},2:8
C2xC2_orbit_009,d4_C2xC2_orbit_009,d4_C2xC2_orbit_009;d4_E02;d4_V4_wa2+b2+ab_sa;d4_V4_wquat_sx,\mathbb Z_{2}^{2},4,8,x+y,x^2+y^2+y\cup x,nonsplit,"[1,1]",\mathbb Z_{2},\mathbb Z_{2},\mathbb Z_{2},\mathbb Z_{2},\mathbb Z_{16},2:9
C2xC2xC2_orbit_000,d4_C2xC2xC2_orbit_000,d4_C2xC2xC2_orbit_000,\mathbb Z_{2}^{3},8,16,0,0,split,"[0,0,0]",0,0,0,\mathbb Z_{2}^{3},\mathbb Z_{2}^{3},
C2xC2xC2_orbit_001,d4_C2xC2xC2_orbit_001,d4_C2xC2xC2_orbit_001,\mathbb Z_{2}^{3},8,16,0,x_{1}^{2}+x_{2}^{2},nonsplit,"[1,1,0]",\mathbb Z_{2},\mathbb Z_{2}^{3},\mathbb Z_{2}^{4},\mathbb Z_{2}^{6},\mathbb Z_{2}^{2}\times\mathbb Z_{4}\times\mathbb Z_{8}^{2}\times\mathbb Z_{16},
C2xC2xC2_orbit_002,d4_C2xC2xC2_orbit_002,d4_C2xC2xC2_orbit_002,\mathbb Z_{2}^{3},8,16,0,x_{1}^{2}+x_{2}\cup x_{1}+x_{3}\cup x_{1}+x_{3}\cup x_{2},nonsplit,"[1,0,0]",0,0,0,\mathbb Z_{2}^{6},\mathbb Z_{2}^{6},
C2xC2xC2_orbit_003,d4_C2xC2xC2_orbit_003,d4_C2xC2xC2_orbit_003,\mathbb Z_{2}^{3},8,16,0,x_{1}^{2}+x_{2}^{2}+x_{3}^{2}+x_{2}\cup x_{1}+x_{3}\cup x_{1}+x_{3}\cup x_{2},nonsplit,"[1,1,1]",0,\mathbb Z_{2},\mathbb Z_{2},\mathbb Z_{2}^{7},\mathbb Z_{2}^{9},
C2xC2xC2_orbit_004,d4_C2xC2xC2_orbit_004,d4_C2xC2xC2_orbit_004,\mathbb Z_{2}^{3},8,16,0,x_{2}^{2}+x_{3}^{2}+x_{3}\cup x_{1}+x_{3}\cup x_{2},nonsplit,"[0,1,1]",0,\mathbb Z_{2},\mathbb Z_{2},\mathbb Z_{2}^{7},\mathbb Z_{2}^{6}\times\mathbb Z_{8},
C2xC2xC2_orbit_005,d4_C2xC2xC2_orbit_005,d4_C2xC2xC2_orbit_005,\mathbb Z_{2}^{3},8,16,x_{1}+x_{2},0,split,"[0,0,0]",0,0,0,\mathbb Z_{2}^{5},\mathbb Z_{2}^{5},
C2xC2xC2_orbit_006,d4_C2xC2xC2_orbit_006,d4_C2xC2xC2_orbit_006,\mathbb Z_{2}^{3},8,16,x_{1}+x_{2},x_{1}^{2}+x_{2}^{2},nonsplit,"[1,1,0]",0,0,0,\mathbb Z_{2}^{8},\mathbb Z_{2}^{8},
C2xC2xC2_orbit_007,d4_C2xC2xC2_orbit_007,d4_C2xC2xC2_orbit_007,\mathbb Z_{2}^{3},8,16,x_{1}+x_{2},x_{1}^{2}+x_{2}\cup x_{1}+x_{3}\cup x_{1}+x_{3}\cup x_{2},nonsplit,"[1,0,0]",0,0,0,\mathbb Z_{2}^{4},\mathbb Z_{2}^{4},
C2xC2xC2_orbit_008,d4_C2xC2xC2_orbit_008,d4_C2xC2xC2_orbit_008,\mathbb Z_{2}^{3},8,16,x_{1}+x_{2},x_{1}^{2}+x_{3}^{2},nonsplit,"[1,0,1]",0,0,0,\mathbb Z_{2}^{7},\mathbb Z_{2}^{7},
C2xC2xC2_orbit_009,d4_C2xC2xC2_orbit_009,d4_C2xC2xC2_orbit_009,\mathbb Z_{2}^{3},8,16,x_{1}+x_{2},x_{3}^{2}+x_{2}\cup x_{1}+x_{3}\cup x_{1}+x_{3}\cup x_{2},nonsplit,"[0,0,1]",0,\mathbb Z_{2},\mathbb Z_{2}^{2},\mathbb Z_{2}^{5},\mathbb Z_{2}^{3}\times\mathbb Z_{4}\times\mathbb Z_{8},
C2xC2xC2_orbit_010,d4_C2xC2xC2_orbit_010,d4_C2xC2xC2_orbit_010,\mathbb Z_{2}^{3},8,16,x_{1}+x_{2},x_{1}^{2}+x_{2}^{2}+x_{3}^{2}+x_{2}\cup x_{1}+x_{3}\cup x_{1}+x_{3}\cup x_{2},nonsplit,"[1,1,1]",\mathbb Z_{2},\mathbb Z_{2}^{2},\mathbb Z_{2}^{2},\mathbb Z_{2}^{6},\mathbb Z_{2}^{4}\times\mathbb Z_{8}\times\mathbb Z_{16},
C2xC2xC2_orbit_011,d4_C2xC2xC2_orbit_011,d4_C2xC2xC2_orbit_011,\mathbb Z_{2}^{3},8,16,x_{1}+x_{2},x_{2}^{2}+x_{3}^{2}+x_{3}\cup x_{1}+x_{3}\cup x_{2},nonsplit,"[0,1,1]",0,\mathbb Z_{2},\mathbb Z_{2},\mathbb Z_{2}^{5},\mathbb Z_{2}^{4}\times\mathbb Z_{8},
C2xC2xC2_orbit_012,d4_C2xC2xC2_orbit_012,d4_C2xC2xC2_orbit_012;d4_E21,\mathbb Z_{2}^{3},8,16,x_{1}+x_{2},x_{1}^{2}+x_{3}^{2}+x_{2}\cup x_{1}+x_{3}\cup x_{2},nonsplit,"[1,0,1]",0,0,0,\mathbb Z_{2}^{5},\mathbb Z_{2}^{5},
C2xC2xC2_orbit_013,d4_C2xC2xC2_orbit_013,d4_C2xC2xC2_orbit_013;d4_E12,\mathbb Z_{2}^{3},8,16,x_{1}+x_{2},x_{2}^{2}+x_{3}^{2}+x_{2}\cup x_{1}+x_{3}\cup x_{2},nonsplit,"[0,1,1]",0,0,0,\mathbb Z_{2}^{6},\mathbb Z_{2}^{6},
C2xC2xC2_orbit_014,d4_C2xC2xC2_orbit_014,d4_C2xC2xC2_orbit_014;d4_E03,\mathbb Z_{2}^{3},8,16,x_{1}+x_{2},x_{1}^{2}+x_{2}^{2}+x_{3}^{2}+x_{2}\cup x_{1}+x_{3}\cup x_{2},nonsplit,"[1,1,1]",0,\mathbb Z_{2},0,\mathbb Z_{2}^{6},\mathbb Z_{2}^{7},
C2xC2xC2_orbit_015,d4_C2xC2xC2_orbit_015,d4_C2xC2xC2_orbit_015;d4_E30,\mathbb Z_{2}^{3},8,16,x_{1}+x_{2},x_{3}^{2}+x_{2}\cup x_{1}+x_{3}\cup x_{2},nonsplit,"[0,0,1]",0,0,0,\mathbb Z_{2}^{6},\mathbb Z_{2}^{6},
C4xC2_orbit_000,d4_C4xC2_orbit_000,d4_C4xC2_orbit_000,\mathbb Z_{4}\times\mathbb Z_{2},8,16,0,0,split,"[0,0]",\mathbb Z_{2},0,\mathbb Z_{2},\mathbb Z_{2},\mathbb Z_{2}\times\mathbb Z_{4},
C4xC2_orbit_001,d4_C4xC2_orbit_001,d4_C4xC2_orbit_001,\mathbb Z_{4}\times\mathbb Z_{2},8,16,0,y^2,nonsplit,"[0,1]",\mathbb Z_{2}^{2},\mathbb Z_{2}^{2},\mathbb Z_{2}^{2},\mathbb Z_{2}^{3},\mathbb Z_{2}^{2}\times\mathbb Z_{8}\times\mathbb Z_{16},
C4xC2_orbit_002,d4_C4xC2_orbit_002,d4_C4xC2_orbit_002,\mathbb Z_{4}\times\mathbb Z_{2},8,16,0,y^2+y\cup x,nonsplit,"[0,1]",0,\mathbb Z_{2},0,\mathbb Z_{2}^{3},\mathbb Z_{2}^{4},
C4xC2_orbit_003,d4_C4xC2_orbit_003,d4_C4xC2_orbit_003,\mathbb Z_{4}\times\mathbb Z_{2},8,16,0,y\cup x,nonsplit,"[0,0]",0,0,0,\mathbb Z_{2}^{2},\mathbb Z_{2}^{2},
C4xC2_orbit_004,d4_C4xC2_orbit_004,d4_C4xC2_orbit_004,\mathbb Z_{4}\times\mathbb Z_{2},8,16,0,\eta_{1},nonsplit,"[1,0]",\mathbb Z_{4},\mathbb Z_{2}^{2},\mathbb Z_{2}^{2},\mathbb Z_{2}^{2}\times\mathbb Z_{4},\mathbb Z_{2}^{2}\times\mathbb Z_{8}\times\mathbb Z_{32},
C4xC2_orbit_005,d4_C4xC2_orbit_005,d4_C4xC2_orbit_005,\mathbb Z_{4}\times\mathbb Z_{2},8,16,0,\eta_{1}+y^2+y\cup x,nonsplit,"[1,1]",\mathbb Z_{2},\mathbb Z_{2},0,\mathbb Z_{2}^{2}\times\mathbb Z_{4},\mathbb Z_{2}^{2}\times\mathbb Z_{16},
C4xC2_orbit_006,d4_C4xC2_orbit_006,d4_C4xC2_orbit_006,\mathbb Z_{4}\times\mathbb Z_{2},8,16,x+y,0,split,"[0,0]",0,0,\mathbb Z_{2},\mathbb Z_{2},\mathbb Z_{4},
C4xC2_orbit_007,d4_C4xC2_orbit_007,d4_C4xC2_orbit_007,\mathbb Z_{4}\times\mathbb Z_{2},8,16,x+y,y^2,nonsplit,"[0,1]",0,0,\mathbb Z_{2}^{2},\mathbb Z_{2}^{2},\mathbb Z_{4}^{2},
C4xC2_orbit_008,d4_C4xC2_orbit_008,d4_C4xC2_orbit_008,\mathbb Z_{4}\times\mathbb Z_{2},8,16,x+y,y^2+y\cup x,nonsplit,"[0,1]",\mathbb Z_{2},0,\mathbb Z_{2},0,\mathbb Z_{4},
C4xC2_orbit_009,d4_C4xC2_orbit_009,d4_C4xC2_orbit_009,\mathbb Z_{4}\times\mathbb Z_{2},8,16,x+y,y\cup x,nonsplit,"[0,0]",0,0,\mathbb Z_{2},0,\mathbb Z_{2},
C4xC2_orbit_010,d4_C4xC2_orbit_010,d4_C4xC2_orbit_010,\mathbb Z_{4}\times\mathbb Z_{2},8,16,x+y,\eta_{1},nonsplit,"[1,0]",0,0,\mathbb Z_{2},\mathbb Z_{2}^{2},\mathbb Z_{2}\times\mathbb Z_{4},
C4xC2_orbit_011,d4_C4xC2_orbit_011,d4_C4xC2_orbit_011,\mathbb Z_{4}\times\mathbb Z_{2},8,16,x+y,\eta_{1}+y^2+y\cup x,nonsplit,"[1,1]",0,\mathbb Z_{2},0,\mathbb Z_{2},\mathbb Z_{4},
C4xC2_orbit_012,d4_C4xC2_orbit_012,d4_C4xC2_orbit_012,\mathbb Z_{4}\times\mathbb Z_{2},8,16,x,0,split,"[0,0]",0,0,0,\mathbb Z_{2},\mathbb Z_{2},
C4xC2_orbit_013,d4_C4xC2_orbit_013,d4_C4xC2_orbit_013,\mathbb Z_{4}\times\mathbb Z_{2},8,16,x,y^2,nonsplit,"[0,1]",0,0,0,\mathbb Z_{2}^{2},\mathbb Z_{2}^{2},
C4xC2_orbit_014,d4_C4xC2_orbit_014,d4_C4xC2_orbit_014,\mathbb Z_{4}\times\mathbb Z_{2},8,16,x,y^2+y\cup x,nonsplit,"[0,1]",\mathbb Z_{2},\mathbb Z_{2},\mathbb Z_{2}^{2},\mathbb Z_{2}^{2},\mathbb Z_{4}\times\mathbb Z_{16},
C4xC2_orbit_015,d4_C4xC2_orbit_015,d4_C4xC2_orbit_015,\mathbb Z_{4}\times\mathbb Z_{2},8,16,x,y\cup x,nonsplit,"[0,0]",0,0,0,0,0,
C4xC2_orbit_016,d4_C4xC2_orbit_016,d4_C4xC2_orbit_016,\mathbb Z_{4}\times\mathbb Z_{2},8,16,x,\eta_{1},nonsplit,"[1,0]",0,0,0,\mathbb Z_{2}^{2},\mathbb Z_{2}^{2},
C4xC2_orbit_017,d4_C4xC2_orbit_017,d4_C4xC2_orbit_017,\mathbb Z_{4}\times\mathbb Z_{2},8,16,x,\eta_{1}+y^2+y\cup x,nonsplit,"[1,1]",0,\mathbb Z_{2},\mathbb Z_{2},\mathbb Z_{2},\mathbb Z_{8},
C3xC3_orbit_000,d4_C3xC3_orbit_000,d4_C3xC3_orbit_000,\mathbb Z_{3}^{2},9,18,0,0,split,"[0,0]",\mathbb Z_{3}^{2},0,0,\mathbb Z_{3}^{4},\mathbb Z_{3}^{2}\times\mathbb Z_{9}^{2},
C3xC2xC2_orbit_000,d4_C3xC2xC2_orbit_000,d4_C3xC2xC2_orbit_000,\mathbb Z_{3}\times\mathbb Z_{2}^{2},12,24,0,0,split,"[0,0,0]",\mathbb Z_{3},0,0,\mathbb Z_{3},\mathbb Z_{9},
C3xC2xC2_orbit_001,d4_C3xC2xC2_orbit_001,d4_C3xC2xC2_orbit_001,\mathbb Z_{3}\times\mathbb Z_{2}^{2},12,24,0,x_{2}^{2}+x_{3}^{2},nonsplit,"[0,1,1]",\mathbb Z_{6},\mathbb Z_{2}^{2},\mathbb Z_{2}^{2},\mathbb Z_{2}\times\mathbb Z_{6},\mathbb Z_{8}\times\mathbb Z_{144},
C3xC2xC2_orbit_002,d4_C3xC2xC2_orbit_002,d4_C3xC2xC2_orbit_002,\mathbb Z_{3}\times\mathbb Z_{2}^{2},12,24,0,x_{3}^{2}+x_{3}\cup x_{2},nonsplit,"[0,0,1]",\mathbb Z_{3},0,0,\mathbb Z_{2}\times\mathbb Z_{6},\mathbb Z_{2}\times\mathbb Z_{18},
C3xC2xC2_orbit_003,d4_C3xC2xC2_orbit_003,d4_C3xC2xC2_orbit_003,\mathbb Z_{3}\times\mathbb Z_{2}^{2},12,24,0,\eta_{1}+x_{2}^{2}+x_{3}^{2}+x_{3}\cup x_{2},nonsplit,"[1,1,1]",\mathbb Z_{3},\mathbb Z_{2},0,\mathbb Z_{2}^{2}\times\mathbb Z_{6},\mathbb Z_{2}^{3}\times\mathbb Z_{18},
C3xC2xC2_orbit_004,d4_C3xC2xC2_orbit_004,d4_C3xC2xC2_orbit_004,\mathbb Z_{3}\times\mathbb Z_{2}^{2},12,24,x_{2}+x_{3},0,split,"[0,0,0]",0,0,0,\mathbb Z_{2},\mathbb Z_{2},
C3xC2xC2_orbit_005,d4_C3xC2xC2_orbit_005,d4_C3xC2xC2_orbit_005,\mathbb Z_{3}\times\mathbb Z_{2}^{2},12,24,x_{2}+x_{3},x_{2}^{2}+x_{3}^{2},nonsplit,"[0,1,1]",0,0,0,\mathbb Z_{2}^{2},\mathbb Z_{2}^{2},
C3xC2xC2_orbit_006,d4_C3xC2xC2_orbit_006,d4_C3xC2xC2_orbit_006,\mathbb Z_{3}\times\mathbb Z_{2}^{2},12,24,x_{2}+x_{3},x_{3}^{2}+x_{3}\cup x_{2},nonsplit,"[0,0,1]",0,0,0,0,0,
C3xC2xC2_orbit_007,d4_C3xC2xC2_orbit_007,d4_C3xC2xC2_orbit_007,\mathbb Z_{3}\times\mathbb Z_{2}^{2},12,24,x_{2}+x_{3},\eta_{1}+x_{2}^{2},nonsplit,"[1,1,0]",0,0,0,\mathbb Z_{2}^{2},\mathbb Z_{2}^{2},
C3xC2xC2_orbit_008,d4_C3xC2xC2_orbit_008,d4_C3xC2xC2_orbit_008,\mathbb Z_{3}\times\mathbb Z_{2}^{2},12,24,x_{2}+x_{3},\eta_{1}+x_{2}^{2}+x_{3}^{2}+x_{3}\cup x_{2},nonsplit,"[1,1,1]",\mathbb Z_{2},\mathbb Z_{2},\mathbb Z_{2},\mathbb Z_{2},\mathbb Z_{16},
C3xC2xC2_orbit_009,d4_C3xC2xC2_orbit_009,d4_C3xC2xC2_orbit_009,\mathbb Z_{3}\times\mathbb Z_{2}^{2},12,24,x_{2}+x_{3},\eta_{1}+x_{3}\cup x_{2},nonsplit,"[1,0,0]",0,\mathbb Z_{2},\mathbb Z_{2},\mathbb Z_{2},\mathbb Z_{8},
C2xC2xC2xC2_orbit_000,d4_C2xC2xC2xC2_orbit_000,d4_C2xC2xC2xC2_orbit_000,\mathbb Z_{2}^{4},16,32,0,0,split,"[0,0,0,0]",0,0,0,\mathbb Z_{2}^{15},\mathbb Z_{2}^{15},
C2xC2xC2xC2_orbit_001,d4_C2xC2xC2xC2_orbit_001,d4_C2xC2xC2xC2_orbit_001,\mathbb Z_{2}^{4},16,32,0,x_{1}^{2}+x_{2}^{2},nonsplit,"[1,1,0,0]",\mathbb Z_{2},\mathbb Z_{2}^{4},\mathbb Z_{2}^{7},\mathbb Z_{2}^{19},\mathbb Z_{2}^{12}\times\mathbb Z_{4}^{3}\times\mathbb Z_{8}^{3}\times\mathbb Z_{16},
C2xC2xC2xC2_orbit_002,d4_C2xC2xC2xC2_orbit_002,d4_C2xC2xC2xC2_orbit_002,\mathbb Z_{2}^{4},16,32,0,x_{1}^{2}+x_{2}\cup x_{1}+x_{3}\cup x_{1}+x_{3}\cup x_{2},nonsplit,"[1,0,0,0]",0,0,0,\mathbb Z_{2}^{19},\mathbb Z_{2}^{19},
C2xC2xC2xC2_orbit_003,d4_C2xC2xC2xC2_orbit_003,d4_C2xC2xC2xC2_orbit_003,\mathbb Z_{2}^{4},16,32,0,x_{1}^{2}+x_{2}^{2}+x_{3}^{2}+x_{2}\cup x_{1}+x_{3}\cup x_{1}+x_{3}\cup x_{2},nonsplit,"[1,1,1,0]",0,\mathbb Z_{2},\mathbb Z_{2}^{2},\mathbb Z_{2}^{20},\mathbb Z_{2}^{23},
C2xC2xC2xC2_orbit_004,d4_C2xC2xC2xC2_orbit_004,d4_C2xC2xC2xC2_orbit_004,\mathbb Z_{2}^{4},16,32,0,x_{3}^{2}+x_{2}\cup x_{1}+x_{4}\cup x_{1}+x_{4}\cup x_{2},nonsplit,"[0,0,1,0]",0,\mathbb Z_{2},\mathbb Z_{2}^{2},\mathbb Z_{2}^{20},\mathbb Z_{2}^{18}\times\mathbb Z_{4}\times\mathbb Z_{8},
C2xC2xC2xC2_orbit_005,d4_C2xC2xC2xC2_orbit_005,d4_C2xC2xC2xC2_orbit_005,\mathbb Z_{2}^{4},16,32,0,x_{1}^{2}+x_{2}^{2}+x_{2}\cup x_{1}+x_{3}\cup x_{2}+x_{4}\cup x_{2}+x_{4}\cup x_{3},nonsplit,"[1,1,0,0]",0,0,0,\mathbb Z_{2}^{20},\mathbb Z_{2}^{20},
C2xC2xC2xC2_orbit_006,d4_C2xC2xC2xC2_orbit_006,d4_C2xC2xC2xC2_orbit_006,\mathbb Z_{2}^{4},16,32,0,x_{1}^{2}+x_{2}^{2}+x_{3}^{2}+x_{4}^{2}+x_{2}\cup x_{1}+x_{3}\cup x_{2}+x_{4}\cup x_{2}+x_{4}\cup x_{3},nonsplit,"[1,1,1,1]",0,0,\mathbb Z_{2},\mathbb Z_{2}^{20},\mathbb Z_{2}^{21},
C2xC2xC2xC2_orbit_007,d4_C2xC2xC2xC2_orbit_007,d4_C2xC2xC2xC2_orbit_007,\mathbb Z_{2}^{4},16,32,x_{1}+x_{2},0,split,"[0,0,0,0]",0,0,0,\mathbb Z_{2}^{18},\mathbb Z_{2}^{18},
C2xC2xC2xC2_orbit_008,d4_C2xC2xC2xC2_orbit_008,d4_C2xC2xC2xC2_orbit_008,\mathbb Z_{2}^{4},16,32,x_{1}+x_{2},x_{1}^{2}+x_{2}^{2},nonsplit,"[1,1,0,0]",0,0,0,\mathbb Z_{2}^{24},\mathbb Z_{2}^{24},
C2xC2xC2xC2_orbit_009,d4_C2xC2xC2xC2_orbit_009,d4_C2xC2xC2xC2_orbit_009,\mathbb Z_{2}^{4},16,32,x_{1}+x_{2},x_{1}^{2}+x_{2}\cup x_{1}+x_{3}\cup x_{1}+x_{3}\cup x_{2},nonsplit,"[1,0,0,0]",0,0,0,\mathbb Z_{2}^{17},\mathbb Z_{2}^{17},
C2xC2xC2xC2_orbit_010,d4_C2xC2xC2xC2_orbit_010,d4_C2xC2xC2xC2_orbit_010,\mathbb Z_{2}^{4},16,32,x_{1}+x_{2},x_{1}^{2}+x_{3}^{2},nonsplit,"[1,0,1,0]",0,0,0,\mathbb Z_{2}^{21},\mathbb Z_{2}^{21},
C2xC2xC2xC2_orbit_011,d4_C2xC2xC2xC2_orbit_011,d4_C2xC2xC2xC2_orbit_011,\mathbb Z_{2}^{4},16,32,x_{1}+x_{2},x_{3}^{2}+x_{2}\cup x_{1}+x_{3}\cup x_{1}+x_{3}\cup x_{2},nonsplit,"[0,0,1,0]",0,\mathbb Z_{2},\mathbb Z_{2}^{3},\mathbb Z_{2}^{18},\mathbb Z_{2}^{15}\times\mathbb Z_{4}^{2}\times\mathbb Z_{8},
C2xC2xC2xC2_orbit_012,d4_C2xC2xC2xC2_orbit_012,d4_C2xC2xC2xC2_orbit_012,\mathbb Z_{2}^{4},16,32,x_{1}+x_{2},x_{1}^{2}+x_{2}^{2}+x_{3}^{2}+x_{2}\cup x_{1}+x_{3}\cup x_{1}+x_{3}\cup x_{2},nonsplit,"[1,1,1,0]",\mathbb Z_{2},\mathbb Z_{2}^{3},\mathbb Z_{2}^{4},\mathbb Z_{2}^{20},\mathbb Z_{2}^{16}\times\mathbb Z_{4}\times\mathbb Z_{8}^{2}\times\mathbb Z_{16},
C2xC2xC2xC2_orbit_013,d4_C2xC2xC2xC2_orbit_013,d4_C2xC2xC2xC2_orbit_013,\mathbb Z_{2}^{4},16,32,x_{1}+x_{2},x_{3}^{2}+x_{2}\cup x_{1}+x_{4}\cup x_{1}+x_{4}\cup x_{2},nonsplit,"[0,0,1,0]",0,\mathbb Z_{2},\mathbb Z_{2}^{2},\mathbb Z_{2}^{18},\mathbb Z_{2}^{16}\times\mathbb Z_{4}\times\mathbb Z_{8},
C2xC2xC2xC2_orbit_014,d4_C2xC2xC2xC2_orbit_014,d4_C2xC2xC2xC2_orbit_014,\mathbb Z_{2}^{4},16,32,x_{1}+x_{2},x_{1}^{2}+x_{3}\cup x_{1}+x_{4}\cup x_{1}+x_{4}\cup x_{3},nonsplit,"[1,0,0,0]",0,0,0,\mathbb Z_{2}^{18},\mathbb Z_{2}^{18},
C2xC2xC2xC2_orbit_015,d4_C2xC2xC2xC2_orbit_015,d4_C2xC2xC2xC2_orbit_015,\mathbb Z_{2}^{4},16,32,x_{1}+x_{2},x_{2}^{2}+x_{3}\cup x_{1}+x_{4}\cup x_{1}+x_{4}\cup x_{3},nonsplit,"[0,1,0,0]",0,0,0,\mathbb Z_{2}^{20},\mathbb Z_{2}^{20},
C2xC2xC2xC2_orbit_017,d4_C2xC2xC2xC2_orbit_017,d4_C2xC2xC2xC2_orbit_017,\mathbb Z_{2}^{4},16,32,x_{1}+x_{2},x_{1}^{2}+x_{3}^{2}+x_{4}^{2}+x_{3}\cup x_{1}+x_{4}\cup x_{1}+x_{4}\cup x_{3},nonsplit,"[1,0,1,1]",0,\mathbb Z_{2},\mathbb Z_{2},\mathbb Z_{2}^{19},\mathbb Z_{2}^{21},
C2xC2xC2xC2_orbit_018,d4_C2xC2xC2xC2_orbit_018,d4_C2xC2xC2xC2_orbit_018,\mathbb Z_{2}^{4},16,32,x_{1}+x_{2},x_{2}^{2}+x_{3}^{2}+x_{4}^{2}+x_{3}\cup x_{1}+x_{4}\cup x_{1}+x_{4}\cup x_{3},nonsplit,"[0,1,1,1]",0,0,0,\mathbb Z_{2}^{19},\mathbb Z_{2}^{19},
C2xC2xC2xC2_orbit_020,d4_C2xC2xC2xC2_orbit_020,d4_C2xC2xC2xC2_orbit_020,\mathbb Z_{2}^{4},16,32,x_{1}+x_{2},x_{1}^{2}+x_{3}^{2}+x_{4}^{2}+x_{2}\cup x_{1}+x_{3}\cup x_{1}+x_{4}\cup x_{1}+x_{3}\cup x_{2}+x_{4}\cup x_{3},nonsplit,"[1,0,1,1]",0,0,0,\mathbb Z_{2}^{19},\mathbb Z_{2}^{19},
E04,d4_E04,d4_E04;d4_E40,\mathbb Z_{2}^{4},16,32,x_{1}+x_{2}+x_{3}+x_{4},x_{1}^{2}+x_{2}^{2}+x_{3}^{2}+x_{4}^{2}+x_{2}\cup x_{1}+x_{3}\cup x_{1}+x_{4}\cup x_{1}+x_{3}\cup x_{2}+x_{4}\cup x_{2}+x_{4}\cup x_{3},nonsplit,"[1,1,1,1]",0,0,\mathbb Z_{2},\mathbb Z_{2}^{18},\mathbb Z_{2}^{19},
E13,d4_E13,d4_E13,\mathbb Z_{2}^{4},16,32,x_{1}+x_{2}+x_{3}+x_{4},x_{2}^{2}+x_{3}^{2}+x_{4}^{2}+x_{2}\cup x_{1}+x_{3}\cup x_{1}+x_{4}\cup x_{1}+x_{3}\cup x_{2}+x_{4}\cup x_{2}+x_{4}\cup x_{3},nonsplit,"[0,1,1,1]",0,\mathbb Z_{2},\mathbb Z_{2},\mathbb Z_{2}^{19},\mathbb Z_{2}^{18}\times\mathbb Z_{8},
E22,d4_E22,d4_E22,\mathbb Z_{2}^{4},16,32,x_{1}+x_{2}+x_{3}+x_{4},x_{3}^{2}+x_{4}^{2}+x_{2}\cup x_{1}+x_{3}\cup x_{1}+x_{4}\cup x_{1}+x_{3}\cup x_{2}+x_{4}\cup x_{2}+x_{4}\cup x_{3},nonsplit,"[0,0,1,1]",0,0,0,\mathbb Z_{2}^{18},\mathbb Z_{2}^{18},
E31,d4_E31,d4_E31,\mathbb Z_{2}^{4},16,32,x_{1}+x_{2}+x_{3}+x_{4},x_{4}^{2}+x_{2}\cup x_{1}+x_{3}\cup x_{1}+x_{4}\cup x_{1}+x_{3}\cup x_{2}+x_{4}\cup x_{2}+x_{4}\cup x_{3},nonsplit,"[0,0,0,1]",0,0,\mathbb Z_{2},\mathbb Z_{2}^{18},\mathbb Z_{2}^{17}\times\mathbb Z_{4},
C4xC2xC2_orbit_000,d4_C4xC2xC2_orbit_000,d4_C4xC2xC2_orbit_000,\mathbb Z_{4}\times\mathbb Z_{2}^{2},16,32,0,0,split,"[0,0,0]",\mathbb Z_{2},0,\mathbb Z_{2}^{2},\mathbb Z_{2}^{5},\mathbb Z_{2}^{6}\times\mathbb Z_{4},
C4xC2xC2_orbit_001,d4_C4xC2xC2_orbit_001,d4_C4xC2xC2_orbit_001,\mathbb Z_{4}\times\mathbb Z_{2}^{2},16,32,0,x_{2}^{2},nonsplit,"[0,1,0]",\mathbb Z_{2}^{2},\mathbb Z_{2}^{3},\mathbb Z_{2}^{4},\mathbb Z_{2}^{8},\mathbb Z_{2}^{5}\times\mathbb Z_{4}\times\mathbb Z_{8}^{2}\times\mathbb Z_{16},
C4xC2xC2_orbit_002,d4_C4xC2xC2_orbit_002,d4_C4xC2xC2_orbit_002,\mathbb Z_{4}\times\mathbb Z_{2}^{2},16,32,0,x_{2}\cup x_{1}+x_{3}\cup x_{1}+x_{3}\cup x_{2},nonsplit,"[0,0,0]",0,\mathbb Z_{2},0,\mathbb Z_{2}^{5}\times\mathbb Z_{4},\mathbb Z_{2}^{6}\times\mathbb Z_{4},
C4xC2xC2_orbit_003,d4_C4xC2xC2_orbit_003,d4_C4xC2xC2_orbit_003,\mathbb Z_{4}\times\mathbb Z_{2}^{2},16,32,0,x_{2}^{2}+x_{2}\cup x_{1},nonsplit,"[0,1,0]",0,\mathbb Z_{2},0,\mathbb Z_{2}^{8},\mathbb Z_{2}^{9},
C4xC2xC2_orbit_004,d4_C4xC2xC2_orbit_004,d4_C4xC2xC2_orbit_004,\mathbb Z_{4}\times\mathbb Z_{2}^{2},16,32,0,x_{2}\cup x_{1},nonsplit,"[0,0,0]",0,0,0,\mathbb Z_{2}^{6},\mathbb Z_{2}^{6},
C4xC2xC2_orbit_005,d4_C4xC2xC2_orbit_005,d4_C4xC2xC2_orbit_005,\mathbb Z_{4}\times\mathbb Z_{2}^{2},16,32,0,x_{2}^{2}+x_{3}^{2}+x_{2}\cup x_{1}+x_{3}\cup x_{1}+x_{3}\cup x_{2},nonsplit,"[0,1,1]",0,\mathbb Z_{2}^{2},\mathbb Z_{2},\mathbb Z_{2}^{6}\times\mathbb Z_{4},\mathbb Z_{2}^{7}\times\mathbb Z_{4}^{2},
C4xC2xC2_orbit_006,d4_C4xC2xC2_orbit_006,d4_C4xC2xC2_orbit_006,\mathbb Z_{4}\times\mathbb Z_{2}^{2},16,32,0,x_{2}^{2}+x_{3}^{2}+x_{2}\cup x_{1},nonsplit,"[0,1,1]",0,\mathbb Z_{2}^{2},\mathbb Z_{2},\mathbb Z_{2}^{8},\mathbb Z_{2}^{6}\times\mathbb Z_{4}\times\mathbb Z_{8},
C4xC2xC2_orbit_007,d4_C4xC2xC2_orbit_007,d4_C4xC2xC2_orbit_007,\mathbb Z_{4}\times\mathbb Z_{2}^{2},16,32,0,\eta_{1},nonsplit,"[1,0,0]",\mathbb Z_{4},\mathbb Z_{2}^{3},\mathbb Z_{2}^{4},\mathbb Z_{2}^{7}\times\mathbb Z_{4},\mathbb Z_{2}^{5}\times\mathbb Z_{4}\times\mathbb Z_{8}^{2}\times\mathbb Z_{32},
C4xC2xC2_orbit_008,d4_C4xC2xC2_orbit_008,d4_C4xC2xC2_orbit_008,\mathbb Z_{4}\times\mathbb Z_{2}^{2},16,32,0,\eta_{1}+x_{2}\cup x_{1}+x_{3}\cup x_{1}+x_{3}\cup x_{2},nonsplit,"[1,0,0]",\mathbb Z_{2},\mathbb Z_{2},\mathbb Z_{2},\mathbb Z_{2}^{6}\times\mathbb Z_{4},\mathbb Z_{2}^{7}\times\mathbb Z_{16},
C4xC2xC2_orbit_009,d4_C4xC2xC2_orbit_009,d4_C4xC2xC2_orbit_009,\mathbb Z_{4}\times\mathbb Z_{2}^{2},16,32,0,\eta_{1}+x_{2}^{2}+x_{2}\cup x_{1},nonsplit,"[1,1,0]",\mathbb Z_{2},\mathbb Z_{2},\mathbb Z_{2},\mathbb Z_{2}^{7}\times\mathbb Z_{4},\mathbb Z_{2}^{6}\times\mathbb Z_{4}\times\mathbb Z_{16},
C4xC2xC2_orbit_010,d4_C4xC2xC2_orbit_010,d4_C4xC2xC2_orbit_010,\mathbb Z_{4}\times\mathbb Z_{2}^{2},16,32,x_{1}+x_{2},0,split,"[0,0,0]",0,0,\mathbb Z_{2},\mathbb Z_{2}^{5},\mathbb Z_{2}^{4}\times\mathbb Z_{4},
C4xC2xC2_orbit_011,d4_C4xC2xC2_orbit_011,d4_C4xC2xC2_orbit_011,\mathbb Z_{4}\times\mathbb Z_{2}^{2},16,32,x_{1}+x_{2},x_{2}^{2},nonsplit,"[0,1,0]",0,0,\mathbb Z_{2}^{3},\mathbb Z_{2}^{8},\mathbb Z_{2}^{5}\times\mathbb Z_{4}^{3},
C4xC2xC2_orbit_012,d4_C4xC2xC2_orbit_012,d4_C4xC2xC2_orbit_012,\mathbb Z_{4}\times\mathbb Z_{2}^{2},16,32,x_{1}+x_{2},x_{2}\cup x_{1}+x_{3}\cup x_{1}+x_{3}\cup x_{2},nonsplit,"[0,0,0]",0,0,\mathbb Z_{2},\mathbb Z_{2}^{4},\mathbb Z_{2}^{5},
C4xC2xC2_orbit_013,d4_C4xC2xC2_orbit_013,d4_C4xC2xC2_orbit_013,\mathbb Z_{4}\times\mathbb Z_{2}^{2},16,32,x_{1}+x_{2},x_{2}^{2}+x_{2}\cup x_{1},nonsplit,"[0,1,0]",\mathbb Z_{2},\mathbb Z_{2},\mathbb Z_{2},\mathbb Z_{2}^{5},\mathbb Z_{2}^{4}\times\mathbb Z_{4}^{2},
C4xC2xC2_orbit_014,d4_C4xC2xC2_orbit_014,d4_C4xC2xC2_orbit_014,\mathbb Z_{4}\times\mathbb Z_{2}^{2},16,32,x_{1}+x_{2},x_{2}\cup x_{1},nonsplit,"[0,0,0]",0,0,\mathbb Z_{2},\mathbb Z_{2}^{4},\mathbb Z_{2}^{5},
C4xC2xC2_orbit_015,d4_C4xC2xC2_orbit_015,d4_C4xC2xC2_orbit_015,\mathbb Z_{4}\times\mathbb Z_{2}^{2},16,32,x_{1}+x_{2},x_{3}^{2},nonsplit,"[0,0,1]",0,0,\mathbb Z_{2}^{2},\mathbb Z_{2}^{7},\mathbb Z_{2}^{5}\times\mathbb Z_{4}^{2},
C4xC2xC2_orbit_016,d4_C4xC2xC2_orbit_016,d4_C4xC2xC2_orbit_016,\mathbb Z_{4}\times\mathbb Z_{2}^{2},16,32,x_{1}+x_{2},x_{3}^{2}+x_{2}\cup x_{1}+x_{3}\cup x_{1}+x_{3}\cup x_{2},nonsplit,"[0,0,1]",0,\mathbb Z_{2},\mathbb Z_{2}^{2},\mathbb Z_{2}^{5},\mathbb Z_{2}^{3}\times\mathbb Z_{4}\times\mathbb Z_{8},
C4xC2xC2_orbit_017,d4_C4xC2xC2_orbit_017,d4_C4xC2xC2_orbit_017,\mathbb Z_{4}\times\mathbb Z_{2}^{2},16,32,x_{1}+x_{2},x_{2}^{2}+x_{3}^{2}+x_{2}\cup x_{1}+x_{3}\cup x_{1}+x_{3}\cup x_{2},nonsplit,"[0,1,1]",\mathbb Z_{2},\mathbb Z_{2}^{2},\mathbb Z_{2}^{2},\mathbb Z_{2}^{6},\mathbb Z_{2}^{5}\times\mathbb Z_{4}\times\mathbb Z_{16},
C4xC2xC2_orbit_018,d4_C4xC2xC2_orbit_018,d4_C4xC2xC2_orbit_018,\mathbb Z_{4}\times\mathbb Z_{2}^{2},16,32,x_{1}+x_{2},x_{2}^{2}+x_{3}^{2}+x_{2}\cup x_{1},nonsplit,"[0,1,1]",0,\mathbb Z_{2},\mathbb Z_{2},\mathbb Z_{2}^{5},\mathbb Z_{2}^{5}\times\mathbb Z_{4},
C4xC2xC2_orbit_019,d4_C4xC2xC2_orbit_019,d4_C4xC2xC2_orbit_019,\mathbb Z_{4}\times\mathbb Z_{2}^{2},16,32,x_{1}+x_{2},x_{3}^{2}+x_{2}\cup x_{1}+x_{3}\cup x_{2},nonsplit,"[0,0,1]",0,0,0,\mathbb Z_{2}^{5},\mathbb Z_{2}^{5},
C4xC2xC2_orbit_020,d4_C4xC2xC2_orbit_020,d4_C4xC2xC2_orbit_020,\mathbb Z_{4}\times\mathbb Z_{2}^{2},16,32,x_{1}+x_{2},x_{2}^{2}+x_{3}^{2}+x_{2}\cup x_{1}+x_{3}\cup x_{2},nonsplit,"[0,1,1]",0,\mathbb Z_{2},0,\mathbb Z_{2}^{6},\mathbb Z_{2}^{7},
C4xC2xC2_orbit_021,d4_C4xC2xC2_orbit_021,d4_C4xC2xC2_orbit_021,\mathbb Z_{4}\times\mathbb Z_{2}^{2},16,32,x_{1}+x_{2},x_{3}^{2}+x_{3}\cup x_{1},nonsplit,"[0,0,1]",0,\mathbb Z_{2},\mathbb Z_{2},\mathbb Z_{2}^{5},\mathbb Z_{2}^{5}\times\mathbb Z_{4},
C4xC2xC2_orbit_022,d4_C4xC2xC2_orbit_022,d4_C4xC2xC2_orbit_022,\mathbb Z_{4}\times\mathbb Z_{2}^{2},16,32,x_{1}+x_{2},x_{2}^{2}+x_{3}^{2}+x_{3}\cup x_{1},nonsplit,"[0,1,1]",0,0,\mathbb Z_{2}^{2},\mathbb Z_{2}^{6},\mathbb Z_{2}^{4}\times\mathbb Z_{4}^{2},
C4xC2xC2_orbit_023,d4_C4xC2xC2_orbit_023,d4_C4xC2xC2_orbit_023,\mathbb Z_{4}\times\mathbb Z_{2}^{2},16,32,x_{1}+x_{2},x_{2}\cup x_{1}+x_{3}\cup x_{2},nonsplit,"[0,0,0]",0,0,0,\mathbb Z_{2}^{5},\mathbb Z_{2}^{5},
C4xC2xC2_orbit_024,d4_C4xC2xC2_orbit_024,d4_C4xC2xC2_orbit_024,\mathbb Z_{4}\times\mathbb Z_{2}^{2},16,32,x_{1}+x_{2},x_{3}\cup x_{1},nonsplit,"[0,0,0]",0,0,\mathbb Z_{2},\mathbb Z_{2}^{4},\mathbb Z_{2}^{3}\times\mathbb Z_{4},
C4xC2xC2_orbit_025,d4_C4xC2xC2_orbit_025,d4_C4xC2xC2_orbit_025,\mathbb Z_{4}\times\mathbb Z_{2}^{2},16,32,x_{1}+x_{2},x_{2}^{2}+x_{3}\cup x_{1},nonsplit,"[0,1,0]",0,0,\mathbb Z_{2}^{2},\mathbb Z_{2}^{6},\mathbb Z_{2}^{4}\times\mathbb Z_{4}^{2},
C4xC2xC2_orbit_026,d4_C4xC2xC2_orbit_026,d4_C4xC2xC2_orbit_026,\mathbb Z_{4}\times\mathbb Z_{2}^{2},16,32,x_{1}+x_{2},\eta_{1},nonsplit,"[1,0,0]",0,0,\mathbb Z_{2}^{2},\mathbb Z_{2}^{7},\mathbb Z_{2}^{5}\times\mathbb Z_{4}^{2},
C4xC2xC2_orbit_027,d4_C4xC2xC2_orbit_027,d4_C4xC2xC2_orbit_027,\mathbb Z_{4}\times\mathbb Z_{2}^{2},16,32,x_{1}+x_{2},\eta_{1}+x_{2}\cup x_{1}+x_{3}\cup x_{1}+x_{3}\cup x_{2},nonsplit,"[1,0,0]",0,\mathbb Z_{2},\mathbb Z_{2},\mathbb Z_{2}^{6},\mathbb Z_{2}^{5}\times\mathbb Z_{8},
C4xC2xC2_orbit_028,d4_C4xC2xC2_orbit_028,d4_C4xC2xC2_orbit_028,\mathbb Z_{4}\times\mathbb Z_{2}^{2},16,32,x_{1}+x_{2},\eta_{1}+x_{2}^{2}+x_{2}\cup x_{1},nonsplit,"[1,1,0]",0,\mathbb Z_{2},\mathbb Z_{2},\mathbb Z_{2}^{5},\mathbb Z_{2}^{5}\times\mathbb Z_{4},
C4xC2xC2_orbit_029,d4_C4xC2xC2_orbit_029,d4_C4xC2xC2_orbit_029,\mathbb Z_{4}\times\mathbb Z_{2}^{2},16,32,x_{1}+x_{2},\eta_{1}+x_{3}^{2}+x_{2}\cup x_{1}+x_{3}\cup x_{2},nonsplit,"[1,0,1]",0,0,0,\mathbb Z_{2}^{6},\mathbb Z_{2}^{6},
C4xC2xC2_orbit_030,d4_C4xC2xC2_orbit_030,d4_C4xC2xC2_orbit_030,\mathbb Z_{4}\times\mathbb Z_{2}^{2},16,32,x_{1}+x_{2},\eta_{1}+x_{3}^{2}+x_{3}\cup x_{1},nonsplit,"[1,0,1]",0,0,\mathbb Z_{2},\mathbb Z_{2}^{6},\mathbb Z_{2}^{5}\times\mathbb Z_{4},
C4xC2xC2_orbit_031,d4_C4xC2xC2_orbit_031,d4_C4xC2xC2_orbit_031,\mathbb Z_{4}\times\mathbb Z_{2}^{2},16,32,x_{1},0,split,"[0,0,0]",0,0,0,\mathbb Z_{2}^{6},\mathbb Z_{2}^{6},
C4xC2xC2_orbit_032,d4_C4xC2xC2_orbit_032,d4_C4xC2xC2_orbit_032,\mathbb Z_{4}\times\mathbb Z_{2}^{2},16,32,x_{1},x_{2}^{2},nonsplit,"[0,1,0]",0,0,0,\mathbb Z_{2}^{7},\mathbb Z_{2}^{7},
C4xC2xC2_orbit_033,d4_C4xC2xC2_orbit_033,d4_C4xC2xC2_orbit_033,\mathbb Z_{4}\times\mathbb Z_{2}^{2},16,32,x_{1},x_{2}\cup x_{1}+x_{3}\cup x_{1}+x_{3}\cup x_{2},nonsplit,"[0,0,0]",0,0,0,\mathbb Z_{2}^{5},\mathbb Z_{2}^{5},
C4xC2xC2_orbit_034,d4_C4xC2xC2_orbit_034,d4_C4xC2xC2_orbit_034,\mathbb Z_{4}\times\mathbb Z_{2}^{2},16,32,x_{1},x_{2}^{2}+x_{2}\cup x_{1},nonsplit,"[0,1,0]",\mathbb Z_{2},\mathbb Z_{2}^{2},\mathbb Z_{2}^{3},\mathbb Z_{2}^{7},\mathbb Z_{2}^{4}\times\mathbb Z_{4}\times\mathbb Z_{8}\times\mathbb Z_{16},
C4xC2xC2_orbit_035,d4_C4xC2xC2_orbit_035,d4_C4xC2xC2_orbit_035,\mathbb Z_{4}\times\mathbb Z_{2}^{2},16,32,x_{1},x_{2}\cup x_{1},nonsplit,"[0,0,0]",0,0,0,\mathbb Z_{2}^{4},\mathbb Z_{2}^{4},
C4xC2xC2_orbit_036,d4_C4xC2xC2_orbit_036,d4_C4xC2xC2_orbit_036,\mathbb Z_{4}\times\mathbb Z_{2}^{2},16,32,x_{1},x_{2}^{2}+x_{3}^{2}+x_{2}\cup x_{1}+x_{3}\cup x_{1}+x_{3}\cup x_{2},nonsplit,"[0,1,1]",0,\mathbb Z_{2},0,\mathbb Z_{2}^{6},\mathbb Z_{2}^{7},
C4xC2xC2_orbit_037,d4_C4xC2xC2_orbit_037,d4_C4xC2xC2_orbit_037,\mathbb Z_{4}\times\mathbb Z_{2}^{2},16,32,x_{1},x_{2}^{2}+x_{3}^{2}+x_{2}\cup x_{1},nonsplit,"[0,1,1]",0,\mathbb Z_{2},\mathbb Z_{2}^{2},\mathbb Z_{2}^{6},\mathbb Z_{2}^{4}\times\mathbb Z_{4}\times\mathbb Z_{8},
C4xC2xC2_orbit_038,d4_C4xC2xC2_orbit_038,d4_C4xC2xC2_orbit_038,\mathbb Z_{4}\times\mathbb Z_{2}^{2},16,32,x_{1},\eta_{1},nonsplit,"[1,0,0]",0,0,0,\mathbb Z_{2}^{7},\mathbb Z_{2}^{7},
C4xC2xC2_orbit_039,d4_C4xC2xC2_orbit_039,d4_C4xC2xC2_orbit_039,\mathbb Z_{4}\times\mathbb Z_{2}^{2},16,32,x_{1},\eta_{1}+x_{2}\cup x_{1}+x_{3}\cup x_{1}+x_{3}\cup x_{2},nonsplit,"[1,0,0]",0,0,0,\mathbb Z_{2}^{6},\mathbb Z_{2}^{6},
C4xC2xC2_orbit_040,d4_C4xC2xC2_orbit_040,d4_C4xC2xC2_orbit_040,\mathbb Z_{4}\times\mathbb Z_{2}^{2},16,32,x_{1},\eta_{1}+x_{2}^{2}+x_{2}\cup x_{1},nonsplit,"[1,1,0]",0,\mathbb Z_{2},\mathbb Z_{2}^{2},\mathbb Z_{2}^{6},\mathbb Z_{2}^{4}\times\mathbb Z_{4}\times\mathbb Z_{8},
C4xC4_orbit_000,d4_C4xC4_orbit_000,d4_C4xC4_orbit_000,\mathbb Z_{4}^{2},16,32,0,0,split,"[0,0]",\mathbb Z_{2}^{2},0,\mathbb Z_{2},\mathbb Z_{2}^{4},\mathbb Z_{2}\times\mathbb Z_{4}^{3},
C4xC4_orbit_001,d4_C4xC4_orbit_001,d4_C4xC4_orbit_001,\mathbb Z_{4}^{2},16,32,0,\eta_{1}+\eta_{2},nonsplit,"[1,1]",\mathbb Z_{2}\times\mathbb Z_{4},\mathbb Z_{2}^{2},\mathbb Z_{2}^{2},\mathbb Z_{2}^{2}\times\mathbb Z_{4}^{2},\mathbb Z_{2}^{4}\times\mathbb Z_{16}\times\mathbb Z_{32},
C4xC4_orbit_002,d4_C4xC4_orbit_002,d4_C4xC4_orbit_002,\mathbb Z_{4}^{2},16,32,0,\eta_{1}+\eta_{2}+y\cup x,nonsplit,"[1,1]",\mathbb Z_{2},\mathbb Z_{2}^{2},0,\mathbb Z_{2}^{2}\times\mathbb Z_{4}^{2},\mathbb Z_{2}^{2}\times\mathbb Z_{8}\times\mathbb Z_{16},
C4xC4_orbit_003,d4_C4xC4_orbit_003,d4_C4xC4_orbit_003,\mathbb Z_{4}^{2},16,32,0,y\cup x,nonsplit,"[0,0]",0,0,0,\mathbb Z_{2}^{4},\mathbb Z_{2}^{4},
C4xC4_orbit_004,d4_C4xC4_orbit_004,d4_C4xC4_orbit_004,\mathbb Z_{4}^{2},16,32,x+y,0,split,"[0,0]",0,0,\mathbb Z_{2}^{2},\mathbb Z_{2},\mathbb Z_{2}^{3},
C4xC4_orbit_005,d4_C4xC4_orbit_005,d4_C4xC4_orbit_005,\mathbb Z_{4}^{2},16,32,x+y,\eta_{1}+\eta_{2},nonsplit,"[1,1]",0,\mathbb Z_{2},\mathbb Z_{2},\mathbb Z_{2}^{2},\mathbb Z_{2}^{2}\times\mathbb Z_{4},
C4xC4_orbit_006,d4_C4xC4_orbit_006,d4_C4xC4_orbit_006,\mathbb Z_{4}^{2},16,32,x+y,\eta_{1}+\eta_{2}+y\cup x,nonsplit,"[1,1]",0,\mathbb Z_{2},\mathbb Z_{2},\mathbb Z_{2},\mathbb Z_{2}\times\mathbb Z_{4},
C4xC4_orbit_007,d4_C4xC4_orbit_007,d4_C4xC4_orbit_007,\mathbb Z_{4}^{2},16,32,x+y,y\cup x,nonsplit,"[0,0]",\mathbb Z_{2},0,\mathbb Z_{2},\mathbb Z_{2},\mathbb Z_{2}\times\mathbb Z_{4},
C4xC4_orbit_008,d4_C4xC4_orbit_008,d4_C4xC4_orbit_008,\mathbb Z_{4}^{2},16,32,x+y,\eta_{1},nonsplit,"[1,0]",0,\mathbb Z_{2},\mathbb Z_{2},\mathbb Z_{2}^{2},\mathbb Z_{2}^{2}\times\mathbb Z_{4},
C4xC4_orbit_009,d4_C4xC4_orbit_009,d4_C4xC4_orbit_009,\mathbb Z_{4}^{2},16,32,x+y,\eta_{2}+y\cup x,nonsplit,"[0,1]",0,\mathbb Z_{2},\mathbb Z_{2},\mathbb Z_{2},\mathbb Z_{2}\times\mathbb Z_{4},
C8xC2_orbit_000,d4_C8xC2_orbit_000,d4_C8xC2_orbit_000,\mathbb Z_{8}\times\mathbb Z_{2},16,32,0,0,split,"[0,0]",\mathbb Z_{4},0,\mathbb Z_{2},\mathbb Z_{2}\times\mathbb Z_{4},\mathbb Z_{2}\times\mathbb Z_{4}\times\mathbb Z_{8},
C8xC2_orbit_001,d4_C8xC2_orbit_001,d4_C8xC2_orbit_001,\mathbb Z_{8}\times\mathbb Z_{2},16,32,0,y^2,nonsplit,"[0,1]",\mathbb Z_{2}\times\mathbb Z_{4},\mathbb Z_{2}^{2},\mathbb Z_{2}^{2},\mathbb Z_{2}^{2}\times\mathbb Z_{4},\mathbb Z_{4}^{2}\times\mathbb Z_{8}\times\mathbb Z_{16},
C8xC2_orbit_002,d4_C8xC2_orbit_002,d4_C8xC2_orbit_002,\mathbb Z_{8}\times\mathbb Z_{2},16,32,0,y^2+y\cup x,nonsplit,"[0,1]",\mathbb Z_{2},\mathbb Z_{2},0,\mathbb Z_{2}^{2}\times\mathbb Z_{4},\mathbb Z_{2}^{2}\times\mathbb Z_{4}^{2},
C8xC2_orbit_003,d4_C8xC2_orbit_003,d4_C8xC2_orbit_003,\mathbb Z_{8}\times\mathbb Z_{2},16,32,0,y\cup x,nonsplit,"[0,0]",\mathbb Z_{2},0,0,\mathbb Z_{2}\times\mathbb Z_{4},\mathbb Z_{2}^{2}\times\mathbb Z_{4},
C8xC2_orbit_004,d4_C8xC2_orbit_004,d4_C8xC2_orbit_004,\mathbb Z_{8}\times\mathbb Z_{2},16,32,0,\eta_{1},nonsplit,"[1,0]",\mathbb Z_{8},\mathbb Z_{2}^{2},\mathbb Z_{2}^{2},\mathbb Z_{2}^{2}\times\mathbb Z_{8},\mathbb Z_{2}\times\mathbb Z_{4}\times\mathbb Z_{8}\times\mathbb Z_{64},
C8xC2_orbit_005,d4_C8xC2_orbit_005,d4_C8xC2_orbit_005,\mathbb Z_{8}\times\mathbb Z_{2},16,32,0,\eta_{1}+y^2+y\cup x,nonsplit,"[1,1]",\mathbb Z_{4},\mathbb Z_{2},0,\mathbb Z_{2}^{2}\times\mathbb Z_{8},\mathbb Z_{2}^{3}\times\mathbb Z_{32},
C8xC2_orbit_006,d4_C8xC2_orbit_006,d4_C8xC2_orbit_006,\mathbb Z_{8}\times\mathbb Z_{2},16,32,x+y,0,split,"[0,0]",0,0,\mathbb Z_{2},\mathbb Z_{2},\mathbb Z_{4},
C8xC2_orbit_007,d4_C8xC2_orbit_007,d4_C8xC2_orbit_007,\mathbb Z_{8}\times\mathbb Z_{2},16,32,x+y,y^2,nonsplit,"[0,1]",0,\mathbb Z_{2},\mathbb Z_{2}^{2},\mathbb Z_{2}^{2},\mathbb Z_{4}\times\mathbb Z_{8},
C8xC2_orbit_008,d4_C8xC2_orbit_008,d4_C8xC2_orbit_008,\mathbb Z_{8}\times\mathbb Z_{2},16,32,x+y,y^2+y\cup x,nonsplit,"[0,1]",\mathbb Z_{2},0,\mathbb Z_{2},0,\mathbb Z_{2}^{2},
C8xC2_orbit_009,d4_C8xC2_orbit_009,d4_C8xC2_orbit_009,\mathbb Z_{8}\times\mathbb Z_{2},16,32,x+y,y\cup x,nonsplit,"[0,0]",0,0,\mathbb Z_{2},0,\mathbb Z_{2},
C8xC2_orbit_010,d4_C8xC2_orbit_010,d4_C8xC2_orbit_010,\mathbb Z_{8}\times\mathbb Z_{2},16,32,x+y,\eta_{1},nonsplit,"[1,0]",0,\mathbb Z_{2},\mathbb Z_{2},\mathbb Z_{2}^{2},\mathbb Z_{2}\times\mathbb Z_{8},
C8xC2_orbit_011,d4_C8xC2_orbit_011,d4_C8xC2_orbit_011,\mathbb Z_{8}\times\mathbb Z_{2},16,32,x+y,\eta_{1}+y^2+y\cup x,nonsplit,"[1,1]",0,\mathbb Z_{2},0,\mathbb Z_{2},\mathbb Z_{2}^{2},
C8xC2_orbit_012,d4_C8xC2_orbit_012,d4_C8xC2_orbit_012,\mathbb Z_{8}\times\mathbb Z_{2},16,32,x,0,split,"[0,0]",0,0,0,\mathbb Z_{2},\mathbb Z_{2},
C8xC2_orbit_013,d4_C8xC2_orbit_013,d4_C8xC2_orbit_013,\mathbb Z_{8}\times\mathbb Z_{2},16,32,x,y^2,nonsplit,"[0,1]",0,0,0,\mathbb Z_{2}^{2},\mathbb Z_{2}^{2},
C8xC2_orbit_014,d4_C8xC2_orbit_014,d4_C8xC2_orbit_014,\mathbb Z_{8}\times\mathbb Z_{2},16,32,x,y^2+y\cup x,nonsplit,"[0,1]",\mathbb Z_{2},\mathbb Z_{2},\mathbb Z_{2}^{2},\mathbb Z_{2}^{2},\mathbb Z_{4}\times\mathbb Z_{16},
C8xC2_orbit_015,d4_C8xC2_orbit_015,d4_C8xC2_orbit_015,\mathbb Z_{8}\times\mathbb Z_{2},16,32,x,y\cup x,nonsplit,"[0,0]",0,0,\mathbb Z_{2},0,\mathbb Z_{2},
C8xC2_orbit_016,d4_C8xC2_orbit_016,d4_C8xC2_orbit_016,\mathbb Z_{8}\times\mathbb Z_{2},16,32,x,\eta_{1},nonsplit,"[1,0]",0,0,0,\mathbb Z_{2}^{2},\mathbb Z_{2}^{2},
C8xC2_orbit_017,d4_C8xC2_orbit_017,d4_C8xC2_orbit_017,\mathbb Z_{8}\times\mathbb Z_{2},16,32,x,\eta_{1}+y^2+y\cup x,nonsplit,"[1,1]",0,\mathbb Z_{2},\mathbb Z_{2},\mathbb Z_{2}^{2},\mathbb Z_{2}\times\mathbb Z_{8},
Pin_plus_times_C16_standard,d4_Pin_plus_times_C16,d4_Pin_plus_times_C16,\mathbb Z_{16}\times\mathbb Z_{2},32,64,y,y^2,nonsplit,"[0,1]",\mathbb Z_{2},\mathbb Z_{2},\mathbb Z_{2}^{2},\mathbb Z_{2}^{2},\mathbb Z_{4}\times\mathbb Z_{16},
C4xC4xC2_orbit_000,d4_C4xC4xC2_orbit_000,d4_C4xC4xC2_orbit_000,\mathbb Z_{4}^{2}\times\mathbb Z_{2},32,64,0,0,split,"[0,0,0]",\mathbb Z_{2}^{2},0,\mathbb Z_{2}^{4},\mathbb Z_{2}^{8},\mathbb Z_{2}^{6}\times\mathbb Z_{4}^{4},
C4xC4xC2_orbit_001,d4_C4xC4xC2_orbit_001,d4_C4xC4xC2_orbit_001,\mathbb Z_{4}^{2}\times\mathbb Z_{2},32,64,0,\eta_{1}+\eta_{2},nonsplit,"[1,1,0]",\mathbb Z_{2}\times\mathbb Z_{4},\mathbb Z_{2}^{3},\mathbb Z_{2}^{5},\mathbb Z_{2}^{8}\times\mathbb Z_{4}^{2},\mathbb Z_{2}^{7}\times\mathbb Z_{4}^{2}\times\mathbb Z_{8}\times\mathbb Z_{16}\times\mathbb Z_{32},
C4xC4xC2_orbit_002,d4_C4xC4xC2_orbit_002,d4_C4xC4xC2_orbit_002,\mathbb Z_{4}^{2}\times\mathbb Z_{2},32,64,0,x_{2}\cup x_{1}+x_{3}\cup x_{1}+x_{3}\cup x_{2},nonsplit,"[0,0,0]",0,\mathbb Z_{2},0,\mathbb Z_{2}^{6}\times\mathbb Z_{4},\mathbb Z_{2}^{7}\times\mathbb Z_{4},
C4xC4xC2_orbit_003,d4_C4xC4xC2_orbit_003,d4_C4xC4xC2_orbit_003,\mathbb Z_{4}^{2}\times\mathbb Z_{2},32,64,0,\eta_{1}+\eta_{2}+x_{2}\cup x_{1}+x_{3}\cup x_{1}+x_{3}\cup x_{2},nonsplit,"[1,1,0]",\mathbb Z_{2},\mathbb Z_{2}^{2},\mathbb Z_{2},\mathbb Z_{2}^{5}\times\mathbb Z_{4}^{3},\mathbb Z_{2}^{6}\times\mathbb Z_{4}\times\mathbb Z_{8}\times\mathbb Z_{16},
C4xC4xC2_orbit_004,d4_C4xC4xC2_orbit_004,d4_C4xC4xC2_orbit_004,\mathbb Z_{4}^{2}\times\mathbb Z_{2},32,64,0,\eta_{1}+\eta_{2}+x_{2}\cup x_{1},nonsplit,"[1,1,0]",\mathbb Z_{2},\mathbb Z_{2}^{2},\mathbb Z_{2}^{3},\mathbb Z_{2}^{8}\times\mathbb Z_{4}^{2},\mathbb Z_{2}^{5}\times\mathbb Z_{4}^{3}\times\mathbb Z_{8}\times\mathbb Z_{16},
C4xC4xC2_orbit_005,d4_C4xC4xC2_orbit_005,d4_C4xC4xC2_orbit_005,\mathbb Z_{4}^{2}\times\mathbb Z_{2},32,64,0,x_{2}\cup x_{1},nonsplit,"[0,0,0]",0,0,\mathbb Z_{2}^{3},\mathbb Z_{2}^{8},\mathbb Z_{2}^{5}\times\mathbb Z_{4}^{3},
C4xC4xC2_orbit_006,d4_C4xC4xC2_orbit_006,d4_C4xC4xC2_orbit_006,\mathbb Z_{4}^{2}\times\mathbb Z_{2},32,64,0,x_{3}^{2},nonsplit,"[0,0,1]",\mathbb Z_{2}^{3},\mathbb Z_{2}^{3},\mathbb Z_{2}^{4},\mathbb Z_{2}^{10},\mathbb Z_{2}^{8}\times\mathbb Z_{4}\times\mathbb Z_{8}^{2}\times\mathbb Z_{16},
C4xC4xC2_orbit_007,d4_C4xC4xC2_orbit_007,d4_C4xC4xC2_orbit_007,\mathbb Z_{4}^{2}\times\mathbb Z_{2},32,64,0,x_{3}^{2}+x_{2}\cup x_{1}+x_{3}\cup x_{1}+x_{3}\cup x_{2},nonsplit,"[0,0,1]",0,\mathbb Z_{2}^{2},0,\mathbb Z_{2}^{6}\times\mathbb Z_{4}^{2},\mathbb Z_{2}^{8}\times\mathbb Z_{4}^{2},
C4xC4xC2_orbit_008,d4_C4xC4xC2_orbit_008,d4_C4xC4xC2_orbit_008,\mathbb Z_{4}^{2}\times\mathbb Z_{2},32,64,0,x_{3}^{2}+x_{2}\cup x_{1},nonsplit,"[0,0,1]",0,\mathbb Z_{2}^{3},\mathbb Z_{2}^{3},\mathbb Z_{2}^{10},\mathbb Z_{2}^{5}\times\mathbb Z_{4}^{4}\times\mathbb Z_{8},
C4xC4xC2_orbit_009,d4_C4xC4xC2_orbit_009,d4_C4xC4xC2_orbit_009,\mathbb Z_{4}^{2}\times\mathbb Z_{2},32,64,0,\eta_{1}+\eta_{2}+x_{3}^{2}+x_{2}\cup x_{1}+x_{3}\cup x_{2},nonsplit,"[1,1,1]",\mathbb Z_{2},\mathbb Z_{2}^{2},\mathbb Z_{2},\mathbb Z_{2}^{5}\times\mathbb Z_{4}^{3},\mathbb Z_{2}^{6}\times\mathbb Z_{4}\times\mathbb Z_{8}\times\mathbb Z_{16},
C4xC4xC2_orbit_010,d4_C4xC4xC2_orbit_010,d4_C4xC4xC2_orbit_010,\mathbb Z_{4}^{2}\times\mathbb Z_{2},32,64,x_{1}+x_{2},0,split,"[0,0,0]",0,\mathbb Z_{2},\mathbb Z_{2}^{2},\mathbb Z_{2}^{6},\mathbb Z_{2}^{7}\times\mathbb Z_{4},
C4xC4xC2_orbit_011,d4_C4xC4xC2_orbit_011,d4_C4xC4xC2_orbit_011,\mathbb Z_{4}^{2}\times\mathbb Z_{2},32,64,x_{1}+x_{2},\eta_{1}+\eta_{2},nonsplit,"[1,1,0]",0,\mathbb Z_{2},\mathbb Z_{2}^{2},\mathbb Z_{2}^{7},\mathbb Z_{2}^{8}\times\mathbb Z_{4},
C4xC4xC2_orbit_012,d4_C4xC4xC2_orbit_012,d4_C4xC4xC2_orbit_012,\mathbb Z_{4}^{2}\times\mathbb Z_{2},32,64,x_{1}+x_{2},x_{2}\cup x_{1}+x_{3}\cup x_{1}+x_{3}\cup x_{2},nonsplit,"[0,0,0]",0,0,\mathbb Z_{2}^{4},\mathbb Z_{2}^{5},\mathbb Z_{2}^{3}\times\mathbb Z_{4}^{3},
C4xC4xC2_orbit_013,d4_C4xC4xC2_orbit_013,d4_C4xC4xC2_orbit_013,\mathbb Z_{4}^{2}\times\mathbb Z_{2},32,64,x_{1}+x_{2},\eta_{1}+\eta_{2}+x_{2}\cup x_{1}+x_{3}\cup x_{1}+x_{3}\cup x_{2},nonsplit,"[1,1,0]",0,\mathbb Z_{2},\mathbb Z_{2}^{4},\mathbb Z_{2}^{7},\mathbb Z_{2}^{3}\times\mathbb Z_{4}^{3}\times\mathbb Z_{8},
C4xC4xC2_orbit_014,d4_C4xC4xC2_orbit_014,d4_C4xC4xC2_orbit_014,\mathbb Z_{4}^{2}\times\mathbb Z_{2},32,64,x_{1}+x_{2},\eta_{1}+\eta_{2}+x_{2}\cup x_{1},nonsplit,"[1,1,0]",0,\mathbb Z_{2},\mathbb Z_{2}^{2},\mathbb Z_{2}^{6},\mathbb Z_{2}^{7}\times\mathbb Z_{4},
C4xC4xC2_orbit_015,d4_C4xC4xC2_orbit_015,d4_C4xC4xC2_orbit_015,\mathbb Z_{4}^{2}\times\mathbb Z_{2},32,64,x_{1}+x_{2},x_{2}\cup x_{1},nonsplit,"[0,0,0]",\mathbb Z_{2},\mathbb Z_{2},\mathbb Z_{2},\mathbb Z_{2}^{5},\mathbb Z_{2}^{4}\times\mathbb Z_{4}^{2},
C4xC4xC2_orbit_016,d4_C4xC4xC2_orbit_016,d4_C4xC4xC2_orbit_016,\mathbb Z_{4}^{2}\times\mathbb Z_{2},32,64,x_{1}+x_{2},x_{3}^{2},nonsplit,"[0,0,1]",0,\mathbb Z_{2},\mathbb Z_{2}^{2},\mathbb Z_{2}^{7},\mathbb Z_{2}^{8}\times\mathbb Z_{4},
C4xC4xC2_orbit_017,d4_C4xC4xC2_orbit_017,d4_C4xC4xC2_orbit_017,\mathbb Z_{4}^{2}\times\mathbb Z_{2},32,64,x_{1}+x_{2},x_{3}^{2}+x_{2}\cup x_{1}+x_{3}\cup x_{1}+x_{3}\cup x_{2},nonsplit,"[0,0,1]",\mathbb Z_{2},\mathbb Z_{2}^{2},\mathbb Z_{2}^{5},\mathbb Z_{2}^{7},\mathbb Z_{2}^{3}\times\mathbb Z_{4}^{4}\times\mathbb Z_{16},
C4xC4xC2_orbit_018,d4_C4xC4xC2_orbit_018,d4_C4xC4xC2_orbit_018,\mathbb Z_{4}^{2}\times\mathbb Z_{2},32,64,x_{1}+x_{2},x_{3}^{2}+x_{2}\cup x_{1},nonsplit,"[0,0,1]",0,\mathbb Z_{2},\mathbb Z_{2}^{2},\mathbb Z_{2}^{6},\mathbb Z_{2}^{7}\times\mathbb Z_{4},
C4xC4xC2_orbit_019,d4_C4xC4xC2_orbit_019,d4_C4xC4xC2_orbit_019,\mathbb Z_{4}^{2}\times\mathbb Z_{2},32,64,x_{1}+x_{2},x_{3}^{2}+x_{2}\cup x_{1}+x_{3}\cup x_{2},nonsplit,"[0,0,1]",0,\mathbb Z_{2},\mathbb Z_{2}^{2},\mathbb Z_{2}^{5},\mathbb Z_{2}^{8},
C4xC4xC2_orbit_020,d4_C4xC4xC2_orbit_020,d4_C4xC4xC2_orbit_020,\mathbb Z_{4}^{2}\times\mathbb Z_{2},32,64,x_{1}+x_{2},\eta_{1}+\eta_{2}+x_{3}^{2}+x_{2}\cup x_{1}+x_{3}\cup x_{2},nonsplit,"[1,1,1]",0,0,\mathbb Z_{2},\mathbb Z_{2}^{6},\mathbb Z_{2}^{7},
C4xC4xC2_orbit_021,d4_C4xC4xC2_orbit_021,d4_C4xC4xC2_orbit_021,\mathbb Z_{4}^{2}\times\mathbb Z_{2},32,64,x_{1}+x_{2},x_{2}\cup x_{1}+x_{3}\cup x_{2},nonsplit,"[0,0,0]",0,0,\mathbb Z_{2}^{2},\mathbb Z_{2}^{4},\mathbb Z_{2}^{6},
C4xC4xC2_orbit_022,d4_C4xC4xC2_orbit_022,d4_C4xC4xC2_orbit_022,\mathbb Z_{4}^{2}\times\mathbb Z_{2},32,64,x_{1}+x_{2},\eta_{1},nonsplit,"[1,0,0]",0,\mathbb Z_{2},\mathbb Z_{2}^{2},\mathbb Z_{2}^{7},\mathbb Z_{2}^{8}\times\mathbb Z_{4},
C4xC4xC2_orbit_023,d4_C4xC4xC2_orbit_023,d4_C4xC4xC2_orbit_023,\mathbb Z_{4}^{2}\times\mathbb Z_{2},32,64,x_{1}+x_{2},\eta_{1}+x_{2}\cup x_{1}+x_{3}\cup x_{1}+x_{3}\cup x_{2},nonsplit,"[1,0,0]",0,\mathbb Z_{2},\mathbb Z_{2}^{4},\mathbb Z_{2}^{7},\mathbb Z_{2}^{3}\times\mathbb Z_{4}^{3}\times\mathbb Z_{8},
C4xC4xC2_orbit_024,d4_C4xC4xC2_orbit_024,d4_C4xC4xC2_orbit_024,\mathbb Z_{4}^{2}\times\mathbb Z_{2},32,64,x_{1}+x_{2},\eta_{2}+x_{2}\cup x_{1},nonsplit,"[0,1,0]",0,\mathbb Z_{2},\mathbb Z_{2}^{2},\mathbb Z_{2}^{6},\mathbb Z_{2}^{7}\times\mathbb Z_{4},
C4xC4xC2_orbit_025,d4_C4xC4xC2_orbit_025,d4_C4xC4xC2_orbit_025,\mathbb Z_{4}^{2}\times\mathbb Z_{2},32,64,x_{1}+x_{2},\eta_{1}+x_{3}^{2}+x_{2}\cup x_{1}+x_{3}\cup x_{2},nonsplit,"[1,0,1]",0,0,\mathbb Z_{2},\mathbb Z_{2}^{6},\mathbb Z_{2}^{7},
C4xC4xC2_orbit_026,d4_C4xC4xC2_orbit_026,d4_C4xC4xC2_orbit_026,\mathbb Z_{4}^{2}\times\mathbb Z_{2},32,64,x_{1}+x_{2},\eta_{2}+x_{3}^{2}+x_{2}\cup x_{1}+x_{3}\cup x_{2},nonsplit,"[0,1,1]",0,0,\mathbb Z_{2},\mathbb Z_{2}^{6},\mathbb Z_{2}^{7},
C4xC4xC2_orbit_027,d4_C4xC4xC2_orbit_027,d4_C4xC4xC2_orbit_027,\mathbb Z_{4}^{2}\times\mathbb Z_{2},32,64,x_{1}+x_{3},0,split,"[0,0,0]",0,0,\mathbb Z_{2}^{4},\mathbb Z_{2}^{5},\mathbb Z_{2}^{3}\times\mathbb Z_{4}^{3},
C4xC4xC2_orbit_028,d4_C4xC4xC2_orbit_028,d4_C4xC4xC2_orbit_028,\mathbb Z_{4}^{2}\times\mathbb Z_{2},32,64,x_{1}+x_{3},\eta_{1}+\eta_{2},nonsplit,"[1,1,0]",0,0,\mathbb Z_{2}^{4},\mathbb Z_{2}^{8},\mathbb Z_{2}^{4}\times\mathbb Z_{4}^{4},
C4xC4xC2_orbit_029,d4_C4xC4xC2_orbit_029,d4_C4xC4xC2_orbit_029,\mathbb Z_{4}^{2}\times\mathbb Z_{2},32,64,x_{1}+x_{3},x_{2}\cup x_{1}+x_{3}\cup x_{1}+x_{3}\cup x_{2},nonsplit,"[0,0,0]",0,0,\mathbb Z_{2}^{2},\mathbb Z_{2}^{4},\mathbb Z_{2}^{6},
C4xC4xC2_orbit_030,d4_C4xC4xC2_orbit_030,d4_C4xC4xC2_orbit_030,\mathbb Z_{4}^{2}\times\mathbb Z_{2},32,64,x_{1}+x_{3},\eta_{1}+\eta_{2}+x_{2}\cup x_{1}+x_{3}\cup x_{1}+x_{3}\cup x_{2},nonsplit,"[1,1,0]",0,\mathbb Z_{2},\mathbb Z_{2},\mathbb Z_{2}^{6},\mathbb Z_{2}^{6}\times\mathbb Z_{4},
C4xC4xC2_orbit_031,d4_C4xC4xC2_orbit_031,d4_C4xC4xC2_orbit_031,\mathbb Z_{4}^{2}\times\mathbb Z_{2},32,64,x_{1}+x_{3},\eta_{1}+\eta_{2}+x_{3}\cup x_{1}+x_{3}\cup x_{2},nonsplit,"[1,1,0]",0,0,\mathbb Z_{2},\mathbb Z_{2}^{6},\mathbb Z_{2}^{7},
C4xC4xC2_orbit_032,d4_C4xC4xC2_orbit_032,d4_C4xC4xC2_orbit_032,\mathbb Z_{4}^{2}\times\mathbb Z_{2},32,64,x_{1}+x_{3},x_{3}\cup x_{1}+x_{3}\cup x_{2},nonsplit,"[0,0,0]",0,0,\mathbb Z_{2}^{2},\mathbb Z_{2}^{4},\mathbb Z_{2}^{6},
C4xC4xC2_orbit_033,d4_C4xC4xC2_orbit_033,d4_C4xC4xC2_orbit_033,\mathbb Z_{4}^{2}\times\mathbb Z_{2},32,64,x_{1}+x_{3},\eta_{1}+\eta_{2}+x_{2}\cup x_{1},nonsplit,"[1,1,0]",0,0,\mathbb Z_{2}^{4},\mathbb Z_{2}^{7},\mathbb Z_{2}^{3}\times\mathbb Z_{4}^{4},
C4xC4xC2_orbit_034,d4_C4xC4xC2_orbit_034,d4_C4xC4xC2_orbit_034,\mathbb Z_{4}^{2}\times\mathbb Z_{2},32,64,x_{1}+x_{3},x_{2}\cup x_{1},nonsplit,"[0,0,0]",0,0,\mathbb Z_{2}^{4},\mathbb Z_{2}^{5},\mathbb Z_{2}^{3}\times\mathbb Z_{4}^{3},
C4xC4xC2_orbit_035,d4_C4xC4xC2_orbit_035,d4_C4xC4xC2_orbit_035,\mathbb Z_{4}^{2}\times\mathbb Z_{2},32,64,x_{1}+x_{3},x_{3}^{2},nonsplit,"[0,0,1]",0,\mathbb Z_{2},\mathbb Z_{2}^{6},\mathbb Z_{2}^{8},\mathbb Z_{2}^{3}\times\mathbb Z_{4}^{6},
C4xC4xC2_orbit_036,d4_C4xC4xC2_orbit_036,d4_C4xC4xC2_orbit_036,\mathbb Z_{4}^{2}\times\mathbb Z_{2},32,64,x_{1}+x_{3},x_{3}^{2}+x_{2}\cup x_{1}+x_{3}\cup x_{1}+x_{3}\cup x_{2},nonsplit,"[0,0,1]",\mathbb Z_{2},\mathbb Z_{2},\mathbb Z_{2}^{2},\mathbb Z_{2}^{5},\mathbb Z_{2}^{7}\times\mathbb Z_{4},
C4xC4xC2_orbit_037,d4_C4xC4xC2_orbit_037,d4_C4xC4xC2_orbit_037,\mathbb Z_{4}^{2}\times\mathbb Z_{2},32,64,x_{1}+x_{3},x_{3}^{2}+x_{3}\cup x_{1}+x_{3}\cup x_{2},nonsplit,"[0,0,1]",0,\mathbb Z_{2},\mathbb Z_{2}^{2},\mathbb Z_{2}^{5},\mathbb Z_{2}^{8},
C4xC4xC2_orbit_038,d4_C4xC4xC2_orbit_038,d4_C4xC4xC2_orbit_038,\mathbb Z_{4}^{2}\times\mathbb Z_{2},32,64,x_{1}+x_{3},x_{3}^{2}+x_{2}\cup x_{1},nonsplit,"[0,0,1]",0,0,\mathbb Z_{2}^{6},\mathbb Z_{2}^{8},\mathbb Z_{2}^{2}\times\mathbb Z_{4}^{6},
C4xC4xC2_orbit_039,d4_C4xC4xC2_orbit_039,d4_C4xC4xC2_orbit_039,\mathbb Z_{4}^{2}\times\mathbb Z_{2},32,64,x_{1}+x_{3},\eta_{1}+\eta_{2}+x_{3}^{2}+x_{2}\cup x_{1}+x_{3}\cup x_{2},nonsplit,"[1,1,1]",0,\mathbb Z_{2},\mathbb Z_{2},\mathbb Z_{2}^{6},\mathbb Z_{2}^{6}\times\mathbb Z_{4},
C4xC4xC2_orbit_040,d4_C4xC4xC2_orbit_040,d4_C4xC4xC2_orbit_040,\mathbb Z_{4}^{2}\times\mathbb Z_{2},32,64,x_{1}+x_{3},\eta_{1}+\eta_{2}+x_{3}^{2}+x_{2}\cup x_{1}+x_{3}\cup x_{1},nonsplit,"[1,1,1]",0,0,\mathbb Z_{2},\mathbb Z_{2}^{6},\mathbb Z_{2}^{7},
C4xC8_orbit_000,d4_C4xC8_orbit_000,d4_C4xC8_orbit_000,\mathbb Z_{4}\times\mathbb Z_{8},32,64,0,0,split,"[0,0]",\mathbb Z_{2}\times\mathbb Z_{4},0,\mathbb Z_{2},\mathbb Z_{2}^{2}\times\mathbb Z_{4}^{2},\mathbb Z_{2}^{2}\times\mathbb Z_{4}\times\mathbb Z_{8}^{2},
C4xC8_orbit_001,d4_C4xC8_orbit_001,d4_C4xC8_orbit_001,\mathbb Z_{4}\times\mathbb Z_{8},32,64,0,\eta_{1},nonsplit,"[1,0]",\mathbb Z_{4}^{2},\mathbb Z_{2}^{2},\mathbb Z_{2}^{2},\mathbb Z_{2}\times\mathbb Z_{4}^{3},\mathbb Z_{2}^{2}\times\mathbb Z_{4}^{2}\times\mathbb Z_{16}\times\mathbb Z_{32},
C4xC8_orbit_002,d4_C4xC8_orbit_002,d4_C4xC8_orbit_002,\mathbb Z_{4}\times\mathbb Z_{8},32,64,0,\eta_{1}+y\cup x,nonsplit,"[1,0]",\mathbb Z_{2}^{2},\mathbb Z_{2}^{2},0,\mathbb Z_{2}\times\mathbb Z_{4}^{3},\mathbb Z_{2}^{2}\times\mathbb Z_{4}\times\mathbb Z_{8}\times\mathbb Z_{16},
C4xC8_orbit_003,d4_C4xC8_orbit_003,d4_C4xC8_orbit_003,\mathbb Z_{4}\times\mathbb Z_{8},32,64,0,y\cup x,nonsplit,"[0,0]",\mathbb Z_{2},0,0,\mathbb Z_{2}^{2}\times\mathbb Z_{4}^{2},\mathbb Z_{2}^{3}\times\mathbb Z_{4}^{2},
C4xC8_orbit_004,d4_C4xC8_orbit_004,d4_C4xC8_orbit_004,\mathbb Z_{4}\times\mathbb Z_{8},32,64,0,\eta_{1}+\eta_{2},nonsplit,"[1,1]",\mathbb Z_{2}\times\mathbb Z_{8},\mathbb Z_{2}^{2},\mathbb Z_{2}^{2},\mathbb Z_{2}\times\mathbb Z_{4}^{2}\times\mathbb Z_{8},\mathbb Z_{2}^{2}\times\mathbb Z_{4}^{2}\times\mathbb Z_{16}\times\mathbb Z_{64},
C4xC8_orbit_005,d4_C4xC8_orbit_005,d4_C4xC8_orbit_005,\mathbb Z_{4}\times\mathbb Z_{8},32,64,0,\eta_{2}+y\cup x,nonsplit,"[0,1]",\mathbb Z_{4},\mathbb Z_{2}^{2},0,\mathbb Z_{2}\times\mathbb Z_{4}^{2}\times\mathbb Z_{8},\mathbb Z_{2}^{2}\times\mathbb Z_{4}\times\mathbb Z_{8}\times\mathbb Z_{32},
C4xC8_orbit_006,d4_C4xC8_orbit_006,d4_C4xC8_orbit_006,\mathbb Z_{4}\times\mathbb Z_{8},32,64,x+y,0,split,"[0,0]",\mathbb Z_{2},0,\mathbb Z_{2}^{2},\mathbb Z_{2},\mathbb Z_{2}^{2}\times\mathbb Z_{4},
C4xC8_orbit_007,d4_C4xC8_orbit_007,d4_C4xC8_orbit_007,\mathbb Z_{4}\times\mathbb Z_{8},32,64,x+y,\eta_{1},nonsplit,"[1,0]",0,\mathbb Z_{2},\mathbb Z_{2},\mathbb Z_{2}^{2},\mathbb Z_{2}^{2}\times\mathbb Z_{4},
C4xC8_orbit_008,d4_C4xC8_orbit_008,d4_C4xC8_orbit_008,\mathbb Z_{4}\times\mathbb Z_{8},32,64,x+y,\eta_{1}+y\cup x,nonsplit,"[1,0]",0,\mathbb Z_{2},\mathbb Z_{2},\mathbb Z_{2},\mathbb Z_{2}^{3},
C4xC8_orbit_009,d4_C4xC8_orbit_009,d4_C4xC8_orbit_009,\mathbb Z_{4}\times\mathbb Z_{8},32,64,x+y,y\cup x,nonsplit,"[0,0]",\mathbb Z_{2},0,\mathbb Z_{2},\mathbb Z_{2},\mathbb Z_{2}^{3},
C4xC8_orbit_010,d4_C4xC8_orbit_010,d4_C4xC8_orbit_010,\mathbb Z_{4}\times\mathbb Z_{8},32,64,x+y,\eta_{1}+\eta_{2},nonsplit,"[1,1]",0,\mathbb Z_{2},\mathbb Z_{2},\mathbb Z_{2}^{2},\mathbb Z_{2}^{2}\times\mathbb Z_{4},
C4xC8_orbit_011,d4_C4xC8_orbit_011,d4_C4xC8_orbit_011,\mathbb Z_{4}\times\mathbb Z_{8},32,64,x+y,\eta_{2}+y\cup x,nonsplit,"[0,1]",0,\mathbb Z_{2},\mathbb Z_{2},\mathbb Z_{2},\mathbb Z_{2}^{3},
C4xC8_orbit_012,d4_C4xC8_orbit_012,d4_C4xC8_orbit_012,\mathbb Z_{4}\times\mathbb Z_{8},32,64,y,0,split,"[0,0]",0,0,\mathbb Z_{2}^{2},\mathbb Z_{2},\mathbb Z_{2}^{3},
C4xC8_orbit_013,d4_C4xC8_orbit_013,d4_C4xC8_orbit_013,\mathbb Z_{4}\times\mathbb Z_{8},32,64,y,\eta_{1},nonsplit,"[1,0]",0,\mathbb Z_{2},\mathbb Z_{2},\mathbb Z_{2}^{2},\mathbb Z_{2}^{4},
C4xC8_orbit_014,d4_C4xC8_orbit_014,d4_C4xC8_orbit_014,\mathbb Z_{4}\times\mathbb Z_{8},32,64,y,\eta_{1}+y\cup x,nonsplit,"[1,0]",0,\mathbb Z_{2},\mathbb Z_{2},\mathbb Z_{2}^{2},\mathbb Z_{2}^{2}\times\mathbb Z_{4},
C4xC8_orbit_015,d4_C4xC8_orbit_015,d4_C4xC8_orbit_015,\mathbb Z_{4}\times\mathbb Z_{8},32,64,y,y\cup x,nonsplit,"[0,0]",\mathbb Z_{2},0,\mathbb Z_{2}^{2},\mathbb Z_{2},\mathbb Z_{2}^{2}\times\mathbb Z_{4},
C4xC8_orbit_016,d4_C4xC8_orbit_016,d4_C4xC8_orbit_016,\mathbb Z_{4}\times\mathbb Z_{8},32,64,y,\eta_{1}+\eta_{2},nonsplit,"[1,1]",0,\mathbb Z_{2},\mathbb Z_{2},\mathbb Z_{2}^{2},\mathbb Z_{2}^{4},
C4xC8_orbit_017,d4_C4xC8_orbit_017,d4_C4xC8_orbit_017,\mathbb Z_{4}\times\mathbb Z_{8},32,64,y,\eta_{2}+y\cup x,nonsplit,"[0,1]",0,\mathbb Z_{2},\mathbb Z_{2},\mathbb Z_{2}^{2},\mathbb Z_{2}^{2}\times\mathbb Z_{4},
C8xC8_orbit_000,d4_C8xC8_orbit_000,d4_C8xC8_orbit_000,\mathbb Z_{8}^{2},64,128,0,0,split,"[0,0]",\mathbb Z_{4}^{2},0,\mathbb Z_{2},\mathbb Z_{4}^{4},\mathbb Z_{2}^{2}\times\mathbb Z_{4}\times\mathbb Z_{8}^{3},
C8xC8_orbit_001,d4_C8xC8_orbit_001,d4_C8xC8_orbit_001,\mathbb Z_{8}^{2},64,128,0,\eta_{1}+\eta_{2},nonsplit,"[1,1]",\mathbb Z_{4}\times\mathbb Z_{8},\mathbb Z_{2}^{2},\mathbb Z_{2}^{2},\mathbb Z_{4}^{2}\times\mathbb Z_{8}^{2},\mathbb Z_{4}^{4}\times\mathbb Z_{32}\times\mathbb Z_{64},
C8xC8_orbit_002,d4_C8xC8_orbit_002,d4_C8xC8_orbit_002,\mathbb Z_{8}^{2},64,128,0,\eta_{1}+\eta_{2}+y\cup x,nonsplit,"[1,1]",\mathbb Z_{2}\times\mathbb Z_{4},\mathbb Z_{2}^{2},0,\mathbb Z_{4}^{2}\times\mathbb Z_{8}^{2},\mathbb Z_{2}^{2}\times\mathbb Z_{4}^{2}\times\mathbb Z_{16}\times\mathbb Z_{32},
C8xC8_orbit_003,d4_C8xC8_orbit_003,d4_C8xC8_orbit_003,\mathbb Z_{8}^{2},64,128,0,y\cup x,nonsplit,"[0,0]",\mathbb Z_{2}^{2},0,0,\mathbb Z_{4}^{4},\mathbb Z_{2}^{2}\times\mathbb Z_{4}^{4},
C8xC8_orbit_004,d4_C8xC8_orbit_004,d4_C8xC8_orbit_004,\mathbb Z_{8}^{2},64,128,x+y,0,split,"[0,0]",\mathbb Z_{2},0,\mathbb Z_{2}^{2},\mathbb Z_{2},\mathbb Z_{2}^{4},
C8xC8_orbit_005,d4_C8xC8_orbit_005,d4_C8xC8_orbit_005,\mathbb Z_{8}^{2},64,128,x+y,\eta_{1}+\eta_{2},nonsplit,"[1,1]",0,\mathbb Z_{2},\mathbb Z_{2},\mathbb Z_{2}^{2},\mathbb Z_{2}^{4},
C8xC8_orbit_006,d4_C8xC8_orbit_006,d4_C8xC8_orbit_006,\mathbb Z_{8}^{2},64,128,x+y,\eta_{1}+\eta_{2}+y\cup x,nonsplit,"[1,1]",0,\mathbb Z_{2},\mathbb Z_{2},\mathbb Z_{2}^{2},\mathbb Z_{2}^{4},
C8xC8_orbit_007,d4_C8xC8_orbit_007,d4_C8xC8_orbit_007,\mathbb Z_{8}^{2},64,128,x+y,y\cup x,nonsplit,"[0,0]",\mathbb Z_{2},0,\mathbb Z_{2}^{2},\mathbb Z_{2},\mathbb Z_{2}^{4},
C8xC8_orbit_008,d4_C8xC8_orbit_008,d4_C8xC8_orbit_008,\mathbb Z_{8}^{2},64,128,x+y,\eta_{1},nonsplit,"[1,0]",0,\mathbb Z_{2},\mathbb Z_{2},\mathbb Z_{2}^{2},\mathbb Z_{2}^{4},
C8xC8_orbit_009,d4_C8xC8_orbit_009,d4_C8xC8_orbit_009,\mathbb Z_{8}^{2},64,128,x+y,\eta_{2}+y\cup x,nonsplit,"[0,1]",0,\mathbb Z_{2},\mathbb Z_{2},\mathbb Z_{2}^{2},\mathbb Z_{2}^{4},
D6_orbit_000,d4_S3_w0_s0,d4_S3_w0_s0,D_{3},6,12,0,0,split,"[0,0,0]",0,0,0,0,0,2:10
D6_orbit_001,d4_D6_orbit_001,d4_D6_orbit_001;d4_S3_wb2_s0,D_{3},6,12,0,\omega_{110},nonsplit,"[1,1,0]",\mathbb Z_{2},\mathbb Z_{2},\mathbb Z_{2},\mathbb Z_{2},\mathbb Z_{16},2:11
D6_orbit_002,d4_S3_w0_sb,d4_S3_w0_sb,D_{3},6,12,y,0,split,"[0,0,0]",\mathbb Z_{3},0,0,\mathbb Z_{3},\mathbb Z_{9},2:12
D6_orbit_003,d4_D6_orbit_003,d4_D6_orbit_003;d4_S3_wb2_sb,D_{3},6,12,y,\omega_{110},nonsplit,"[1,1,0]",\mathbb Z_{3},0,0,\mathbb Z_{3},\mathbb Z_{9},2:13
D8_orbit_000,d4_D4_w0_s0,d4_D4_w0_s0,D_{4},8,16,0,0,split,"[0,0,0]",0,0,0,0,0,2:14
D8_orbit_001,d4_D8_orbit_001,d4_D4_wdic+b2_s0;d4_D8_orbit_001,D_{4},8,16,0,\omega_{100},nonsplit,"[1,0,0]",0,0,0,\mathbb Z_{2}^{2},\mathbb Z_{2}^{2},2:18
D8_orbit_002,d4_D8_orbit_002,d4_D4_wdic+a2_s0;d4_D8_orbit_002,D_{4},8,16,0,\omega_{111},nonsplit,"[1,1,1]",0,\mathbb Z_{2},0,\mathbb Z_{2}^{3},\mathbb Z_{2}^{2}\times\mathbb Z_{4},2:17
D8_orbit_003,d4_D8_orbit_003,d4_D8_orbit_003;d4_D8_wrot2_s0,D_{4},8,16,0,\omega_{011},nonsplit,"[0,1,1]",\mathbb Z_{2},\mathbb Z_{2},\mathbb Z_{2}^{2},\mathbb Z_{2},\mathbb Z_{2}\times\mathbb Z_{16},2:15
D8_orbit_004,d4_D8_orbit_004,d4_D8_orbit_004;d4_D8_wref2_s0,D_{4},8,16,0,\omega_{010},nonsplit,"[0,1,0]",\mathbb Z_{2},\mathbb Z_{2}^{2},\mathbb Z_{2}^{4},\mathbb Z_{2}^{2},\mathbb Z_{2}^{2}\times\mathbb Z_{8}\times\mathbb Z_{16},
D8_orbit_005,d4_D8_orbit_005,d4_D4_wdic_s0;d4_D8_orbit_005,D_{4},8,16,0,\omega_{110},nonsplit,"[1,1,0]",0,\mathbb Z_{2}^{2},0,\mathbb Z_{2}^{4},\mathbb Z_{2}^{4}\times\mathbb Z_{4},2:16
D8_orbit_006,d4_D8_orbit_006,d4_D8_orbit_006,D_{4},8,16,x+y,0,split,"[0,0,0]",0,0,0,0,0,
D8_orbit_007,d4_D8_orbit_007,d4_D8_orbit_007,D_{4},8,16,x+y,\omega_{100},nonsplit,"[1,0,0]",0,0,0,\mathbb Z_{2},\mathbb Z_{2},
D8_orbit_008,d4_D8_orbit_008,d4_D8_orbit_008,D_{4},8,16,x+y,\omega_{111},nonsplit,"[1,1,1]",0,0,0,\mathbb Z_{2},\mathbb Z_{2},
D8_orbit_009,d4_D8_orbit_009,d4_D8_orbit_009,D_{4},8,16,x+y,\omega_{011},nonsplit,"[0,1,1]",0,0,0,\mathbb Z_{2},\mathbb Z_{2},
D8_orbit_010,d4_D8_orbit_010,d4_D8_orbit_010,D_{4},8,16,x+y,\omega_{101},nonsplit,"[1,0,1]",0,0,0,\mathbb Z_{2}^{2},\mathbb Z_{2}^{2},
D8_orbit_011,d4_D8_orbit_011,d4_D8_orbit_011,D_{4},8,16,x+y,\omega_{001},nonsplit,"[0,0,1]",0,\mathbb Z_{2},\mathbb Z_{2}^{2},\mathbb Z_{2},\mathbb Z_{2}\times\mathbb Z_{8},
D8_orbit_012,d4_D8_orbit_012,d4_D8_orbit_012,D_{4},8,16,x+y,\omega_{010},nonsplit,"[0,1,0]",\mathbb Z_{2},\mathbb Z_{2},\mathbb Z_{2},\mathbb Z_{2}^{2},\mathbb Z_{2}\times\mathbb Z_{16},
D8_orbit_013,d4_D8_orbit_013,d4_D8_orbit_013,D_{4},8,16,x+y,\omega_{110},nonsplit,"[1,1,0]",0,\mathbb Z_{2},0,\mathbb Z_{2},\mathbb Z_{2}^{2},
D8_orbit_014,d4_D8_orbit_014,d4_D8_orbit_014,D_{4},8,16,y,0,split,"[0,0,0]",0,\mathbb Z_{2},0,\mathbb Z_{4},\mathbb Z_{2}\times\mathbb Z_{4},
D8_orbit_015,d4_D8_orbit_015,d4_D8_orbit_015,D_{4},8,16,y,\omega_{100},nonsplit,"[1,0,0]",\mathbb Z_{2},\mathbb Z_{2},\mathbb Z_{2},\mathbb Z_{4},\mathbb Z_{2}\times\mathbb Z_{16},
D8_orbit_016,d4_D8_orbit_016,d4_D8_orbit_016,D_{4},8,16,y,\omega_{111},nonsplit,"[1,1,1]",\mathbb Z_{2},\mathbb Z_{2},0,\mathbb Z_{4},\mathbb Z_{16},
D8_orbit_017,d4_D8_orbit_017,d4_D8_orbit_017,D_{4},8,16,y,\omega_{011},nonsplit,"[0,1,1]",0,0,0,\mathbb Z_{2}^{2},\mathbb Z_{2}^{2},
D8_orbit_018,d4_D8_orbit_018,d4_D8_orbit_018,D_{4},8,16,y,\omega_{010},nonsplit,"[0,1,0]",\mathbb Z_{2},0,0,\mathbb Z_{2}^{3},\mathbb Z_{2}^{2}\times\mathbb Z_{4},
D8_orbit_019,d4_D8_orbit_019,d4_D8_orbit_019,D_{4},8,16,y,\omega_{110},nonsplit,"[1,1,0]",\mathbb Z_{4},\mathbb Z_{2},\mathbb Z_{2},\mathbb Z_{4},\mathbb Z_{2}\times\mathbb Z_{32},
D5_wdic_s0,d4_D5_wdic_s0,d4_D5_wdic_s0,D_{5},10,20,0,\omega_{110},nonsplit,"[1,1,0]",\mathbb Z_{2},\mathbb Z_{2},\mathbb Z_{2},\mathbb Z_{2},\mathbb Z_{16},2:20
D12_orbit_000,d4_D12_orbit_000,d4_D12_orbit_000,D_{6},12,24,0,0,split,"[0,0,0]",0,0,0,0,0,
D12_orbit_001,d4_D12_orbit_001,d4_D12_orbit_001,D_{6},12,24,0,\omega_{100},nonsplit,"[1,0,0]",0,0,0,\mathbb Z_{2}^{2},\mathbb Z_{2}^{2},
D12_orbit_002,d4_D12_orbit_002,d4_D12_orbit_002,D_{6},12,24,0,\omega_{111},nonsplit,"[1,1,1]",\mathbb Z_{2},\mathbb Z_{2}^{2},\mathbb Z_{2}^{2},\mathbb Z_{2}^{2},\mathbb Z_{8}\times\mathbb Z_{16},
D12_orbit_003,d4_D12_orbit_003,d4_D12_orbit_003,D_{6},12,24,0,\omega_{011},nonsplit,"[0,1,1]",0,0,0,\mathbb Z_{2}^{2},\mathbb Z_{2}^{2},
D12_orbit_004,d4_D12_orbit_004,d4_D12_orbit_004,D_{6},12,24,0,\omega_{010},nonsplit,"[0,1,0]",\mathbb Z_{2},\mathbb Z_{2}^{2},\mathbb Z_{2}^{2},\mathbb Z_{2}^{2},\mathbb Z_{8}\times\mathbb Z_{16},
D12_orbit_005,d4_D12_orbit_005,d4_D12_orbit_005;d4_D6_wdic_s0,D_{6},12,24,0,\omega_{110},nonsplit,"[1,1,0]",0,\mathbb Z_{2},0,\mathbb Z_{2}^{3},\mathbb Z_{2}^{4},2:21
D12_orbit_006,d4_D12_orbit_006,d4_D12_orbit_006,D_{6},12,24,x+y,0,split,"[0,0,0]",0,0,0,\mathbb Z_{2},\mathbb Z_{2},
D12_orbit_007,d4_D12_orbit_007,d4_D12_orbit_007,D_{6},12,24,x+y,\omega_{100},nonsplit,"[1,0,0]",0,0,0,0,0,
D12_orbit_008,d4_D12_orbit_008,d4_D12_orbit_008,D_{6},12,24,x+y,\omega_{111},nonsplit,"[1,1,1]",0,0,0,\mathbb Z_{2}^{2},\mathbb Z_{2}^{2},
D12_orbit_009,d4_D12_orbit_009,d4_D12_orbit_009,D_{6},12,24,x+y,\omega_{011},nonsplit,"[0,1,1]",0,0,0,0,0,
D12_orbit_010,d4_D12_orbit_010,d4_D12_orbit_010,D_{6},12,24,x+y,\omega_{101},nonsplit,"[1,0,1]",0,0,0,\mathbb Z_{2}^{2},\mathbb Z_{2}^{2},
D12_orbit_011,d4_D12_orbit_011,d4_D12_orbit_011,D_{6},12,24,x+y,\omega_{001},nonsplit,"[0,0,1]",0,\mathbb Z_{2},\mathbb Z_{2},\mathbb Z_{2},\mathbb Z_{8},
D12_orbit_012,d4_D12_orbit_012,d4_D12_orbit_012,D_{6},12,24,x+y,\omega_{010},nonsplit,"[0,1,0]",0,0,0,\mathbb Z_{2}^{2},\mathbb Z_{2}^{2},
D12_orbit_013,d4_D12_orbit_013,d4_D12_orbit_013,D_{6},12,24,x+y,\omega_{110},nonsplit,"[1,1,0]",\mathbb Z_{2},\mathbb Z_{2},\mathbb Z_{2},\mathbb Z_{2},\mathbb Z_{16},
D12_orbit_014,d4_D12_orbit_014,d4_D12_orbit_014,D_{6},12,24,y,0,split,"[0,0,0]",\mathbb Z_{3},0,0,\mathbb Z_{6},\mathbb Z_{18},
D12_orbit_015,d4_D12_orbit_015,d4_D12_orbit_015,D_{6},12,24,y,\omega_{100},nonsplit,"[1,0,0]",\mathbb Z_{3},\mathbb Z_{2},\mathbb Z_{2},\mathbb Z_{6},\mathbb Z_{72},
D12_orbit_016,d4_D12_orbit_016,d4_D12_orbit_016,D_{6},12,24,y,\omega_{111},nonsplit,"[1,1,1]",\mathbb Z_{3},0,0,\mathbb Z_{2}\times\mathbb Z_{6},\mathbb Z_{2}\times\mathbb Z_{18},
D12_orbit_017,d4_D12_orbit_017,d4_D12_orbit_017,D_{6},12,24,y,\omega_{011},nonsplit,"[0,1,1]",\mathbb Z_{3},0,0,\mathbb Z_{3},\mathbb Z_{9},
D12_orbit_018,d4_D12_orbit_018,d4_D12_orbit_018,D_{6},12,24,y,\omega_{010},nonsplit,"[0,1,0]",\mathbb Z_{3},0,0,\mathbb Z_{2}\times\mathbb Z_{6},\mathbb Z_{2}\times\mathbb Z_{18},
D12_orbit_019,d4_D12_orbit_019,d4_D12_orbit_019,D_{6},12,24,y,\omega_{110},nonsplit,"[1,1,0]",\mathbb Z_{6},\mathbb Z_{2},\mathbb Z_{2},\mathbb Z_{6},\mathbb Z_{144},
D16_orbit_000,d4_D16_orbit_000,d4_D16_orbit_000,D_{8},16,32,0,0,split,"[0,0,0]",0,0,0,0,0,
D16_orbit_001,d4_D16_orbit_001,d4_D16_orbit_001,D_{8},16,32,0,\omega_{100},nonsplit,"[1,0,0]",0,0,0,\mathbb Z_{2}^{2},\mathbb Z_{2}^{2},
D16_orbit_002,d4_D16_orbit_002,d4_D16_orbit_002,D_{8},16,32,0,\omega_{111},nonsplit,"[1,1,1]",0,\mathbb Z_{2},0,\mathbb Z_{2}^{3},\mathbb Z_{2}^{4},
D16_orbit_003,d4_D16_orbit_003,d4_D16_orbit_003,D_{8},16,32,0,\omega_{011},nonsplit,"[0,1,1]",\mathbb Z_{2},\mathbb Z_{2},\mathbb Z_{2}^{2},\mathbb Z_{2},\mathbb Z_{2}\times\mathbb Z_{16},
D16_orbit_004,d4_D16_orbit_004,d4_D16_orbit_004,D_{8},16,32,0,\omega_{010},nonsplit,"[0,1,0]",\mathbb Z_{2}^{2},\mathbb Z_{2}^{2},\mathbb Z_{2}^{4},\mathbb Z_{2}^{2},\mathbb Z_{2}^{2}\times\mathbb Z_{16}^{2},
D16_orbit_005,d4_D16_orbit_005,d4_D16_orbit_005,D_{8},16,32,0,\omega_{110},nonsplit,"[1,1,0]",0,\mathbb Z_{2}^{2},0,\mathbb Z_{2}^{4},\mathbb Z_{2}^{6},
D16_orbit_006,d4_D16_orbit_006,d4_D16_orbit_006,D_{8},16,32,x+y,0,split,"[0,0,0]",0,0,0,0,0,
D16_orbit_007,d4_D16_orbit_007,d4_D16_orbit_007,D_{8},16,32,x+y,\omega_{100},nonsplit,"[1,0,0]",0,0,0,\mathbb Z_{2},\mathbb Z_{2},
D16_orbit_008,d4_D16_orbit_008,d4_D16_orbit_008,D_{8},16,32,x+y,\omega_{111},nonsplit,"[1,1,1]",0,0,0,\mathbb Z_{2},\mathbb Z_{2},
D16_orbit_009,d4_D16_orbit_009,d4_D16_orbit_009,D_{8},16,32,x+y,\omega_{011},nonsplit,"[0,1,1]",0,0,0,\mathbb Z_{2},\mathbb Z_{2},
D16_orbit_010,d4_D16_orbit_010,d4_D16_orbit_010,D_{8},16,32,x+y,\omega_{101},nonsplit,"[1,0,1]",0,\mathbb Z_{2},0,\mathbb Z_{2}^{2},\mathbb Z_{2}^{3},
D16_orbit_011,d4_D16_orbit_011,d4_D16_orbit_011,D_{8},16,32,x+y,\omega_{001},nonsplit,"[0,0,1]",\mathbb Z_{2},\mathbb Z_{2},\mathbb Z_{2}^{2},\mathbb Z_{2},\mathbb Z_{2}\times\mathbb Z_{16},
D16_orbit_012,d4_D16_orbit_012,d4_D16_orbit_012;d4_D16_wref2_srot,D_{8},16,32,x+y,\omega_{010},nonsplit,"[0,1,0]",\mathbb Z_{2},\mathbb Z_{2},\mathbb Z_{2}^{2},\mathbb Z_{2}^{2},\mathbb Z_{2}^{2}\times\mathbb Z_{16},
D16_orbit_013,d4_D16_orbit_013,d4_D16_orbit_013,D_{8},16,32,x+y,\omega_{110},nonsplit,"[1,1,0]",0,\mathbb Z_{2},0,\mathbb Z_{2}^{2},\mathbb Z_{2}^{3},
D16_orbit_014,d4_D16_orbit_014,d4_D16_orbit_014,D_{8},16,32,y,0,split,"[0,0,0]",\mathbb Z_{2},\mathbb Z_{2},0,\mathbb Z_{8},\mathbb Z_{4}\times\mathbb Z_{8},
D16_orbit_015,d4_D16_orbit_015,d4_D16_orbit_015,D_{8},16,32,y,\omega_{100},nonsplit,"[1,0,0]",\mathbb Z_{4},\mathbb Z_{2},\mathbb Z_{2},\mathbb Z_{8},\mathbb Z_{4}\times\mathbb Z_{32},
D16_orbit_016,d4_D16_orbit_016,d4_D16_orbit_016,D_{8},16,32,y,\omega_{111},nonsplit,"[1,1,1]",\mathbb Z_{4},\mathbb Z_{2},0,\mathbb Z_{8},\mathbb Z_{2}\times\mathbb Z_{32},
D16_orbit_017,d4_D16_orbit_017,d4_D16_orbit_017,D_{8},16,32,y,\omega_{011},nonsplit,"[0,1,1]",\mathbb Z_{2},0,0,\mathbb Z_{2}\times\mathbb Z_{4},\mathbb Z_{2}^{2}\times\mathbb Z_{4},
D16_orbit_018,d4_D16_orbit_018,d4_D16_orbit_018,D_{8},16,32,y,\omega_{010},nonsplit,"[0,1,0]",\mathbb Z_{4},0,0,\mathbb Z_{2}^{2}\times\mathbb Z_{4},\mathbb Z_{2}^{3}\times\mathbb Z_{8},
D16_orbit_019,d4_D16_orbit_019,d4_D16_orbit_019,D_{8},16,32,y,\omega_{110},nonsplit,"[1,1,0]",\mathbb Z_{8},\mathbb Z_{2},\mathbb Z_{2},\mathbb Z_{8},\mathbb Z_{4}\times\mathbb Z_{64},
D24_orbit_000,d4_D24_orbit_000,d4_D24_orbit_000,D_{12},24,48,0,0,split,"[0,0,0]",0,0,0,0,0,
D24_orbit_001,d4_D24_orbit_001,d4_D24_orbit_001,D_{12},24,48,0,\omega_{100},nonsplit,"[1,0,0]",0,0,0,\mathbb Z_{2}^{2},\mathbb Z_{2}^{2},
D24_orbit_002,d4_D24_orbit_002,d4_D24_orbit_002,D_{12},24,48,0,\omega_{111},nonsplit,"[1,1,1]",0,\mathbb Z_{2},0,\mathbb Z_{2}^{3},\mathbb Z_{2}^{2}\times\mathbb Z_{4},
D24_orbit_003,d4_D24_orbit_003,d4_D24_orbit_003,D_{12},24,48,0,\omega_{011},nonsplit,"[0,1,1]",\mathbb Z_{2},\mathbb Z_{2},\mathbb Z_{2}^{2},\mathbb Z_{2},\mathbb Z_{2}\times\mathbb Z_{16},
D24_orbit_004,d4_D24_orbit_004,d4_D24_orbit_004,D_{12},24,48,0,\omega_{010},nonsplit,"[0,1,0]",\mathbb Z_{2},\mathbb Z_{2}^{2},\mathbb Z_{2}^{4},\mathbb Z_{2}^{2},\mathbb Z_{2}^{2}\times\mathbb Z_{8}\times\mathbb Z_{16},
D24_orbit_005,d4_D24_orbit_005,d4_D24_orbit_005,D_{12},24,48,0,\omega_{110},nonsplit,"[1,1,0]",0,\mathbb Z_{2}^{2},0,\mathbb Z_{2}^{4},\mathbb Z_{2}^{4}\times\mathbb Z_{4},
D24_orbit_006,d4_D24_orbit_006,d4_D24_orbit_006,D_{12},24,48,x+y,0,split,"[0,0,0]",0,0,0,0,0,
D24_orbit_007,d4_D24_orbit_007,d4_D24_orbit_007,D_{12},24,48,x+y,\omega_{100},nonsplit,"[1,0,0]",0,0,0,\mathbb Z_{2},\mathbb Z_{2},
D24_orbit_008,d4_D24_orbit_008,d4_D24_orbit_008,D_{12},24,48,x+y,\omega_{111},nonsplit,"[1,1,1]",0,0,0,\mathbb Z_{2},\mathbb Z_{2},
D24_orbit_009,d4_D24_orbit_009,d4_D24_orbit_009,D_{12},24,48,x+y,\omega_{011},nonsplit,"[0,1,1]",0,0,0,\mathbb Z_{2},\mathbb Z_{2},
D24_orbit_010,d4_D24_orbit_010,d4_D24_orbit_010,D_{12},24,48,x+y,\omega_{101},nonsplit,"[1,0,1]",0,0,0,\mathbb Z_{2}^{2},\mathbb Z_{2}^{2},
D24_orbit_011,d4_D24_orbit_011,d4_D24_orbit_011,D_{12},24,48,x+y,\omega_{001},nonsplit,"[0,0,1]",0,\mathbb Z_{2},\mathbb Z_{2}^{2},\mathbb Z_{2},\mathbb Z_{2}\times\mathbb Z_{8},
D24_orbit_012,d4_D24_orbit_012,d4_D24_orbit_012,D_{12},24,48,x+y,\omega_{010},nonsplit,"[0,1,0]",\mathbb Z_{2},\mathbb Z_{2},\mathbb Z_{2},\mathbb Z_{2}^{2},\mathbb Z_{2}\times\mathbb Z_{16},
D24_orbit_013,d4_D24_orbit_013,d4_D24_orbit_013,D_{12},24,48,x+y,\omega_{110},nonsplit,"[1,1,0]",0,\mathbb Z_{2},0,\mathbb Z_{2},\mathbb Z_{2}^{2},
D24_orbit_014,d4_D24_orbit_014,d4_D24_orbit_014,D_{12},24,48,y,0,split,"[0,0,0]",\mathbb Z_{3},\mathbb Z_{2},0,\mathbb Z_{12},\mathbb Z_{2}\times\mathbb Z_{36},
D24_orbit_015,d4_D24_orbit_015,d4_D24_orbit_015,D_{12},24,48,y,\omega_{100},nonsplit,"[1,0,0]",\mathbb Z_{6},\mathbb Z_{2},\mathbb Z_{2},\mathbb Z_{12},\mathbb Z_{2}\times\mathbb Z_{144},
D24_orbit_016,d4_D24_orbit_016,d4_D24_orbit_016,D_{12},24,48,y,\omega_{111},nonsplit,"[1,1,1]",\mathbb Z_{6},\mathbb Z_{2},0,\mathbb Z_{12},\mathbb Z_{144},
D24_orbit_017,d4_D24_orbit_017,d4_D24_orbit_017,D_{12},24,48,y,\omega_{011},nonsplit,"[0,1,1]",\mathbb Z_{3},0,0,\mathbb Z_{2}\times\mathbb Z_{6},\mathbb Z_{2}\times\mathbb Z_{18},
D24_orbit_018,d4_D24_orbit_018,d4_D24_orbit_018,D_{12},24,48,y,\omega_{010},nonsplit,"[0,1,0]",\mathbb Z_{6},0,0,\mathbb Z_{2}^{2}\times\mathbb Z_{6},\mathbb Z_{2}^{2}\times\mathbb Z_{36},
D24_orbit_019,d4_D24_orbit_019,d4_D24_orbit_019,D_{12},24,48,y,\omega_{110},nonsplit,"[1,1,0]",\mathbb Z_{12},\mathbb Z_{2},\mathbb Z_{2},\mathbb Z_{12},\mathbb Z_{2}\times\mathbb Z_{288},
D32_orbit_000,d4_D32_orbit_000,d4_D32_orbit_000,D_{16},32,64,0,0,split,"[0,0,0]",0,0,0,0,0,
D32_orbit_001,d4_D32_orbit_001,d4_D32_orbit_001,D_{16},32,64,0,\omega_{100},nonsplit,"[1,0,0]",0,0,0,\mathbb Z_{2}^{2},\mathbb Z_{2}^{2},
D32_orbit_002,d4_D32_orbit_002,d4_D32_orbit_002,D_{16},32,64,0,\omega_{111},nonsplit,"[1,1,1]",0,\mathbb Z_{2},0,\mathbb Z_{2}^{3},\mathbb Z_{2}^{4},
D32_orbit_003,d4_D32_orbit_003,d4_D32_orbit_003,D_{16},32,64,0,\omega_{011},nonsplit,"[0,1,1]",\mathbb Z_{2},\mathbb Z_{2},\mathbb Z_{2}^{2},\mathbb Z_{2},\mathbb Z_{2}\times\mathbb Z_{16},
D32_orbit_004,d4_D32_orbit_004,d4_D32_orbit_004,D_{16},32,64,0,\omega_{010},nonsplit,"[0,1,0]",\mathbb Z_{2}^{2},\mathbb Z_{2}^{2},\mathbb Z_{2}^{4},\mathbb Z_{2}^{2},\mathbb Z_{2}^{2}\times\mathbb Z_{16}^{2},
D32_orbit_005,d4_D32_orbit_005,d4_D32_orbit_005,D_{16},32,64,0,\omega_{110},nonsplit,"[1,1,0]",0,\mathbb Z_{2}^{2},0,\mathbb Z_{2}^{4},\mathbb Z_{2}^{6},
D32_orbit_006,d4_D32_orbit_006,d4_D32_orbit_006,D_{16},32,64,x+y,0,split,"[0,0,0]",0,0,0,0,0,
D32_orbit_007,d4_D32_orbit_007,d4_D32_orbit_007,D_{16},32,64,x+y,\omega_{100},nonsplit,"[1,0,0]",0,0,0,\mathbb Z_{2},\mathbb Z_{2},
D32_orbit_008,d4_D32_orbit_008,d4_D32_orbit_008,D_{16},32,64,x+y,\omega_{111},nonsplit,"[1,1,1]",0,0,0,\mathbb Z_{2},\mathbb Z_{2},
D32_orbit_009,d4_D32_orbit_009,d4_D32_orbit_009,D_{16},32,64,x+y,\omega_{011},nonsplit,"[0,1,1]",0,0,0,\mathbb Z_{2},\mathbb Z_{2},
D32_orbit_010,d4_D32_orbit_010,d4_D32_orbit_010,D_{16},32,64,x+y,\omega_{101},nonsplit,"[1,0,1]",0,\mathbb Z_{2},0,\mathbb Z_{2}^{2},\mathbb Z_{2}^{3},
D32_orbit_011,d4_D32_orbit_011,d4_D32_orbit_011,D_{16},32,64,x+y,\omega_{001},nonsplit,"[0,0,1]",\mathbb Z_{2},\mathbb Z_{2},\mathbb Z_{2}^{2},\mathbb Z_{2},\mathbb Z_{2}\times\mathbb Z_{16},
D32_orbit_012,d4_D32_orbit_012,d4_D32_orbit_012,D_{16},32,64,x+y,\omega_{010},nonsplit,"[0,1,0]",\mathbb Z_{2},\mathbb Z_{2},\mathbb Z_{2}^{2},\mathbb Z_{2}^{2},\mathbb Z_{2}^{2}\times\mathbb Z_{16},
D32_orbit_013,d4_D32_orbit_013,d4_D32_orbit_013,D_{16},32,64,x+y,\omega_{110},nonsplit,"[1,1,0]",0,\mathbb Z_{2},0,\mathbb Z_{2}^{2},\mathbb Z_{2}^{3},
D32_orbit_014,d4_D32_orbit_014,d4_D32_orbit_014,D_{16},32,64,y,0,split,"[0,0,0]",\mathbb Z_{4},\mathbb Z_{2},0,\mathbb Z_{16},\mathbb Z_{8}\times\mathbb Z_{16},
D32_orbit_015,d4_D32_orbit_015,d4_D32_orbit_015,D_{16},32,64,y,\omega_{100},nonsplit,"[1,0,0]",\mathbb Z_{8},\mathbb Z_{2},\mathbb Z_{2},\mathbb Z_{16},\mathbb Z_{8}\times\mathbb Z_{64},
D32_orbit_016,d4_D32_orbit_016,d4_D32_orbit_016,D_{16},32,64,y,\omega_{111},nonsplit,"[1,1,1]",\mathbb Z_{8},\mathbb Z_{2},0,\mathbb Z_{16},\mathbb Z_{4}\times\mathbb Z_{64},
D32_orbit_017,d4_D32_orbit_017,d4_D32_orbit_017,D_{16},32,64,y,\omega_{011},nonsplit,"[0,1,1]",\mathbb Z_{4},0,0,\mathbb Z_{2}\times\mathbb Z_{8},\mathbb Z_{2}\times\mathbb Z_{4}\times\mathbb Z_{8},
D32_orbit_018,d4_D32_orbit_018,d4_D32_orbit_018,D_{16},32,64,y,\omega_{010},nonsplit,"[0,1,0]",\mathbb Z_{8},0,0,\mathbb Z_{2}^{2}\times\mathbb Z_{8},\mathbb Z_{2}^{2}\times\mathbb Z_{4}\times\mathbb Z_{16},
D32_orbit_019,d4_D32_orbit_019,d4_D32_orbit_019,D_{16},32,64,y,\omega_{110},nonsplit,"[1,1,0]",\mathbb Z_{16},\mathbb Z_{2},\mathbb Z_{2},\mathbb Z_{16},\mathbb Z_{8}\times\mathbb Z_{128},
Q8_orbit_000,d4_Q8_w0_s0,d4_Q8_w0_s0,Q_{8},8,16,0,0,split,"[0,0,0]",0,\mathbb Z_{2},\mathbb Z_{2},0,\mathbb Z_{2}^{2},2:19
Q8_orbit_001,d4_Q8_orbit_001,d4_Q8_orbit_001,Q_{8},8,16,0,\omega_{001},nonsplit,"[0,0,1]",\mathbb Z_{2},\mathbb Z_{2},\mathbb Z_{2},\mathbb Z_{2},\mathbb Z_{4}^{2},
Q8_orbit_002,d4_Q8_w0_sx,d4_Q8_w0_sx;d4_Q8_w0_sx_plus_y;d4_Q8_w0_sy,Q_{8},8,16,x+y,0,split,"[0,0,0]",\mathbb Z_{2},\mathbb Z_{2},0,0,\mathbb Z_{4},
Q8_orbit_003,d4_Q8_orbit_003,d4_Q8_orbit_003,Q_{8},8,16,x+y,\omega_{001},nonsplit,"[0,0,1]",0,0,\mathbb Z_{2},\mathbb Z_{2},\mathbb Z_{4},
Q8_orbit_004,d4_Q8_orbit_004,d4_Q8_orbit_004,Q_{8},8,16,x+y,\omega_{010},nonsplit,"[0,1,0]",0,0,0,0,0,
Q16_orbit_000,d4_Q16_orbit_000,d4_Q16_orbit_000,Q_{16},16,32,0,0,split,"[0,0,0]",0,\mathbb Z_{2},\mathbb Z_{2},0,\mathbb Z_{2}^{2},
Q16_orbit_001,d4_Q16_orbit_001,d4_Q16_orbit_001,Q_{16},16,32,0,\omega_{010},nonsplit,"[0,1,0]",\mathbb Z_{2}^{2},\mathbb Z_{2},\mathbb Z_{2},\mathbb Z_{2}^{2},\mathbb Z_{8}^{2},
Q16_orbit_002,d4_Q16_orbit_002,d4_Q16_orbit_002,Q_{16},16,32,0,\omega_{001},nonsplit,"[0,0,1]",\mathbb Z_{2},\mathbb Z_{2},\mathbb Z_{2},\mathbb Z_{2},\mathbb Z_{2}\times\mathbb Z_{8},
Q16_orbit_003,d4_Q16_orbit_003,d4_Q16_orbit_003,Q_{16},16,32,x+y,0,split,"[0,0,0]",0,0,\mathbb Z_{2},0,\mathbb Z_{2},
Q16_orbit_004,d4_Q16_orbit_004,d4_Q16_orbit_004;d4_Q16_wref2_srot,Q_{16},16,32,x+y,\omega_{010},nonsplit,"[0,1,0]",\mathbb Z_{2},\mathbb Z_{2},0,0,\mathbb Z_{4},
Q16_orbit_005,d4_Q16_orbit_005,d4_Q16_orbit_005,Q_{16},16,32,x+y,\omega_{001},nonsplit,"[0,0,1]",0,0,\mathbb Z_{2},\mathbb Z_{2},\mathbb Z_{4},
Q16_orbit_006,d4_Q16_orbit_006,d4_Q16_orbit_006,Q_{16},16,32,x+y,\omega_{011},nonsplit,"[0,1,1]",0,\mathbb Z_{2},0,0,\mathbb Z_{2},
Q16_orbit_007,d4_Q16_orbit_007,d4_Q16_orbit_007,Q_{16},16,32,y,0,split,"[0,0,0]",\mathbb Z_{4},\mathbb Z_{2},0,\mathbb Z_{2},\mathbb Z_{2}\times\mathbb Z_{8},
Q16_orbit_008,d4_Q16_orbit_008,d4_Q16_orbit_008,Q_{16},16,32,y,\omega_{010},nonsplit,"[0,1,0]",\mathbb Z_{2},0,\mathbb Z_{2},\mathbb Z_{4},\mathbb Z_{2}\times\mathbb Z_{8},
Q16_orbit_009,d4_Q16_orbit_009,d4_Q16_orbit_009,Q_{16},16,32,y,\omega_{001},nonsplit,"[0,0,1]",\mathbb Z_{2},0,0,\mathbb Z_{2},\mathbb Z_{4},
Q24_orbit_000,d4_Q24_orbit_000,d4_Q24_orbit_000,Q_{24},24,48,0,0,split,"[0,0,0]",0,\mathbb Z_{2},\mathbb Z_{2},0,\mathbb Z_{2}^{2},
Q24_orbit_001,d4_Q24_orbit_001,d4_Q24_orbit_001,Q_{24},24,48,0,\omega_{010},nonsplit,"[0,1,0]",\mathbb Z_{2},\mathbb Z_{2},\mathbb Z_{2},\mathbb Z_{2},\mathbb Z_{4}^{2},
Q24_orbit_002,d4_Q24_orbit_002,d4_Q24_orbit_002,Q_{24},24,48,0,\omega_{001},nonsplit,"[0,0,1]",\mathbb Z_{2},\mathbb Z_{2},\mathbb Z_{2},\mathbb Z_{2},\mathbb Z_{4}^{2},
Q24_orbit_003,d4_Q24_orbit_003,d4_Q24_orbit_003,Q_{24},24,48,x+y,0,split,"[0,0,0]",\mathbb Z_{2},\mathbb Z_{2},0,0,\mathbb Z_{4},
Q24_orbit_004,d4_Q24_orbit_004,d4_Q24_orbit_004,Q_{24},24,48,x+y,\omega_{010},nonsplit,"[0,1,0]",0,0,0,0,0,
Q24_orbit_005,d4_Q24_orbit_005,d4_Q24_orbit_005,Q_{24},24,48,x+y,\omega_{001},nonsplit,"[0,0,1]",0,0,\mathbb Z_{2},\mathbb Z_{2},\mathbb Z_{4},
Q24_orbit_006,d4_Q24_orbit_006,d4_Q24_orbit_006,Q_{24},24,48,x+y,\omega_{011},nonsplit,"[0,1,1]",0,0,0,0,0,
Q24_orbit_007,d4_Q24_orbit_007,d4_Q24_orbit_007,Q_{24},24,48,y,0,split,"[0,0,0]",\mathbb Z_{6},\mathbb Z_{2},0,\mathbb Z_{3},\mathbb Z_{36},
Q24_orbit_008,d4_Q24_orbit_008,d4_Q24_orbit_008,Q_{24},24,48,y,\omega_{010},nonsplit,"[0,1,0]",\mathbb Z_{3},0,\mathbb Z_{2},\mathbb Z_{6},\mathbb Z_{36},
Q24_orbit_009,d4_Q24_orbit_009,d4_Q24_orbit_009,Q_{24},24,48,y,\omega_{001},nonsplit,"[0,0,1]",\mathbb Z_{3},0,0,\mathbb Z_{3},\mathbb Z_{9},
Q32_orbit_000,d4_Q32_orbit_000,d4_Q32_orbit_000,Q_{32},32,64,0,0,split,"[0,0,0]",0,\mathbb Z_{2},\mathbb Z_{2},0,\mathbb Z_{2}^{2},
Q32_orbit_001,d4_Q32_orbit_001,d4_Q32_orbit_001,Q_{32},32,64,0,\omega_{010},nonsplit,"[0,1,0]",\mathbb Z_{2}^{2},\mathbb Z_{2},\mathbb Z_{2},\mathbb Z_{2}^{2},\mathbb Z_{8}^{2},
Q32_orbit_002,d4_Q32_orbit_002,d4_Q32_orbit_002,Q_{32},32,64,0,\omega_{001},nonsplit,"[0,0,1]",\mathbb Z_{2},\mathbb Z_{2},\mathbb Z_{2},\mathbb Z_{2},\mathbb Z_{2}\times\mathbb Z_{8},
Q32_orbit_003,d4_Q32_orbit_003,d4_Q32_orbit_003,Q_{32},32,64,x+y,0,split,"[0,0,0]",0,0,\mathbb Z_{2},0,\mathbb Z_{2},
Q32_orbit_004,d4_Q32_orbit_004,d4_Q32_orbit_004,Q_{32},32,64,x+y,\omega_{010},nonsplit,"[0,1,0]",\mathbb Z_{2},\mathbb Z_{2},0,\mathbb Z_{2},\mathbb Z_{8},
Q32_orbit_005,d4_Q32_orbit_005,d4_Q32_orbit_005,Q_{32},32,64,x+y,\omega_{001},nonsplit,"[0,0,1]",\mathbb Z_{2},0,\mathbb Z_{2},\mathbb Z_{2},\mathbb Z_{8},
Q32_orbit_006,d4_Q32_orbit_006,d4_Q32_orbit_006,Q_{32},32,64,x+y,\omega_{011},nonsplit,"[0,1,1]",0,\mathbb Z_{2},0,0,\mathbb Z_{2},
Q32_orbit_007,d4_Q32_orbit_007,d4_Q32_orbit_007,Q_{32},32,64,y,0,split,"[0,0,0]",\mathbb Z_{8},\mathbb Z_{2},0,\mathbb Z_{4},\mathbb Z_{4}\times\mathbb Z_{16},
Q32_orbit_008,d4_Q32_orbit_008,d4_Q32_orbit_008,Q_{32},32,64,y,\omega_{010},nonsplit,"[0,1,0]",\mathbb Z_{4},0,\mathbb Z_{2},\mathbb Z_{8},\mathbb Z_{4}\times\mathbb Z_{16},
Q32_orbit_009,d4_Q32_orbit_009,d4_Q32_orbit_009,Q_{32},32,64,y,\omega_{001},nonsplit,"[0,0,1]",\mathbb Z_{4},0,0,\mathbb Z_{4},\mathbb Z_{2}\times\mathbb Z_{8},
C4rtC4_inv_orbit_000,d4_C4rtC4_inv_orbit_000,d4_C4rtC4_inv_orbit_000,\mathbb Z_4\rtimes_{-1}\mathbb Z_4,16,32,0,0,split,"[0,0,0]",\mathbb Z_{2},0,\mathbb Z_{2}^{2},\mathbb Z_{2}^{2},\mathbb Z_{2}^{3}\times\mathbb Z_{4},
C4rtC4_inv_orbit_001,d4_C4rtC4_inv_orbit_001,d4_C4rtC4_inv_orbit_001,\mathbb Z_4\rtimes_{-1}\mathbb Z_4,16,32,0,\omega_{100},nonsplit,"[1,0,0]",0,\mathbb Z_{2}^{2},0,\mathbb Z_{2}^{2}\times\mathbb Z_{4},\mathbb Z_{2}^{4}\times\mathbb Z_{4},
C4rtC4_inv_orbit_002,d4_C4rtC4_inv_orbit_002,d4_C4rtC4_inv_orbit_002,\mathbb Z_4\rtimes_{-1}\mathbb Z_4,16,32,0,\omega_{101},nonsplit,"[1,0,1]",0,\mathbb Z_{2}^{2},0,\mathbb Z_{2}^{2}\times\mathbb Z_{4},\mathbb Z_{2}^{2}\times\mathbb Z_{4}^{2},
C4rtC4_inv_orbit_003,d4_C4rtC4_inv_orbit_003,d4_C4rtC4_inv_orbit_003,\mathbb Z_4\rtimes_{-1}\mathbb Z_4,16,32,0,\omega_{001},nonsplit,"[0,0,1]",\mathbb Z_{2}^{2},0,\mathbb Z_{2}^{2},\mathbb Z_{2}^{2},\mathbb Z_{2}^{2}\times\mathbb Z_{4}^{2},
C4rtC4_inv_orbit_004,d4_C4rtC4_inv_orbit_004,d4_C4rtC4_inv_orbit_004,\mathbb Z_4\rtimes_{-1}\mathbb Z_4,16,32,0,\omega_{010},nonsplit,"[0,1,0]",\mathbb Z_{4},\mathbb Z_{2}^{2},\mathbb Z_{2}^{2},\mathbb Z_{2}^{2}\times\mathbb Z_{4},\mathbb Z_{2}\times\mathbb Z_{4}^{2}\times\mathbb Z_{32},
C4rtC4_inv_orbit_005,d4_C4rtC4_inv_orbit_005,d4_C4rtC4_inv_orbit_005,\mathbb Z_4\rtimes_{-1}\mathbb Z_4,16,32,0,\omega_{110},nonsplit,"[1,1,0]",\mathbb Z_{2},\mathbb Z_{2},0,\mathbb Z_{2}^{3}\times\mathbb Z_{4},\mathbb Z_{2}^{3}\times\mathbb Z_{16},
C4rtC4_inv_orbit_006,d4_C4rtC4_inv_orbit_006,d4_C4rtC4_inv_orbit_006,\mathbb Z_4\rtimes_{-1}\mathbb Z_4,16,32,x+y,0,split,"[0,0,0]",\mathbb Z_{2},0,\mathbb Z_{2},\mathbb Z_{2},\mathbb Z_{2}\times\mathbb Z_{4},
C4rtC4_inv_orbit_007,d4_C4rtC4_inv_orbit_007,d4_C4rtC4_inv_orbit_007,\mathbb Z_4\rtimes_{-1}\mathbb Z_4,16,32,x+y,\omega_{100},nonsplit,"[1,0,0]",0,\mathbb Z_{2},\mathbb Z_{2},0,\mathbb Z_{2}^{2},
C4rtC4_inv_orbit_008,d4_C4rtC4_inv_orbit_008,d4_C4rtC4_inv_orbit_008,\mathbb Z_4\rtimes_{-1}\mathbb Z_4,16,32,x+y,\omega_{101},nonsplit,"[1,0,1]",0,\mathbb Z_{2},\mathbb Z_{2},\mathbb Z_{2},\mathbb Z_{2}\times\mathbb Z_{4},
C4rtC4_inv_orbit_009,d4_C4rtC4_inv_orbit_009,d4_C4rtC4_inv_orbit_009,\mathbb Z_4\rtimes_{-1}\mathbb Z_4,16,32,x+y,\omega_{001},nonsplit,"[0,0,1]",0,0,\mathbb Z_{2}^{2},\mathbb Z_{2},\mathbb Z_{2}^{3},
C4rtC4_inv_orbit_010,d4_C4rtC4_inv_orbit_010,d4_C4rtC4_inv_orbit_010,\mathbb Z_4\rtimes_{-1}\mathbb Z_4,16,32,x+y,\omega_{010},nonsplit,"[0,1,0]",0,\mathbb Z_{2},\mathbb Z_{2},\mathbb Z_{2},\mathbb Z_{2}\times\mathbb Z_{4},
C4rtC4_inv_orbit_011,d4_C4rtC4_inv_orbit_011,d4_C4rtC4_inv_orbit_011,\mathbb Z_4\rtimes_{-1}\mathbb Z_4,16,32,x+y,\omega_{110},nonsplit,"[1,1,0]",0,0,0,\mathbb Z_{2}^{2},\mathbb Z_{2}^{2},
C4rtC4_inv_orbit_012,d4_C4rtC4_inv_orbit_012,d4_C4rtC4_inv_orbit_012,\mathbb Z_4\rtimes_{-1}\mathbb Z_4,16,32,y,0,split,"[0,0,0]",\mathbb Z_{2},0,0,\mathbb Z_{2}^{3},\mathbb Z_{2}^{2}\times\mathbb Z_{4},
C4rtC4_inv_orbit_013,d4_C4rtC4_inv_orbit_013,d4_C4rtC4_inv_orbit_013,\mathbb Z_4\rtimes_{-1}\mathbb Z_4,16,32,y,\omega_{100},nonsplit,"[1,0,0]",\mathbb Z_{4},\mathbb Z_{2},\mathbb Z_{2}^{2},\mathbb Z_{2}\times\mathbb Z_{4},\mathbb Z_{2}\times\mathbb Z_{4}\times\mathbb Z_{32},
C4rtC4_inv_orbit_014,d4_C4rtC4_inv_orbit_014,d4_C4rtC4_inv_orbit_014,\mathbb Z_4\rtimes_{-1}\mathbb Z_4,16,32,y,\omega_{101},nonsplit,"[1,0,1]",\mathbb Z_{2},\mathbb Z_{2},\mathbb Z_{2},\mathbb Z_{2}\times\mathbb Z_{4},\mathbb Z_{4}\times\mathbb Z_{16},
C4rtC4_inv_orbit_015,d4_C4rtC4_inv_orbit_015,d4_C4rtC4_inv_orbit_015,\mathbb Z_4\rtimes_{-1}\mathbb Z_4,16,32,y,\omega_{001},nonsplit,"[0,0,1]",0,0,0,\mathbb Z_{2}^{2},\mathbb Z_{2}^{2},
C4rtC4_inv_orbit_016,d4_C4rtC4_inv_orbit_016,d4_C4rtC4_inv_orbit_016,\mathbb Z_4\rtimes_{-1}\mathbb Z_4,16,32,y,\omega_{010},nonsplit,"[0,1,0]",0,\mathbb Z_{2},0,\mathbb Z_{2}\times\mathbb Z_{4},\mathbb Z_{2}^{2}\times\mathbb Z_{4},
C4rtC4_inv_orbit_017,d4_C4rtC4_inv_orbit_017,d4_C4rtC4_inv_orbit_017,\mathbb Z_4\rtimes_{-1}\mathbb Z_4,16,32,y,\omega_{110},nonsplit,"[1,1,0]",\mathbb Z_{2},\mathbb Z_{2},\mathbb Z_{2},\mathbb Z_{4},\mathbb Z_{2}\times\mathbb Z_{16},
M16_orbit_000,d4_M16_orbit_000,d4_M16_orbit_000,M_{16},16,32,0,0,split,"[0,0,0]",\mathbb Z_{2},0,\mathbb Z_{2},\mathbb Z_{2}^{2},\mathbb Z_{2}^{2}\times\mathbb Z_{4},
M16_orbit_001,d4_M16_orbit_001,d4_M16_orbit_001,M_{16},16,32,0,\omega_{010},nonsplit,"[0,1,0]",\mathbb Z_{2}^{2},\mathbb Z_{2},\mathbb Z_{2}^{3},\mathbb Z_{2}^{2},\mathbb Z_{4}^{2}\times\mathbb Z_{16},
M16_orbit_002,d4_M16_orbit_002,d4_M16_orbit_002,M_{16},16,32,0,\omega_{001},nonsplit,"[0,0,1]",\mathbb Z_{4},0,\mathbb Z_{2},\mathbb Z_{2}^{2},\mathbb Z_{4}\times\mathbb Z_{8},
M16_orbit_003,d4_M16_orbit_003,d4_M16_orbit_003,M_{16},16,32,0,\omega_{011},nonsplit,"[0,1,1]",\mathbb Z_{4},\mathbb Z_{2},\mathbb Z_{2}^{3},\mathbb Z_{2}^{2},\mathbb Z_{4}^{2}\times\mathbb Z_{16},
M16_orbit_004,d4_M16_orbit_004,d4_M16_orbit_004,M_{16},16,32,x+y,0,split,"[0,0,0]",0,0,\mathbb Z_{2},0,\mathbb Z_{2},
M16_orbit_005,d4_M16_orbit_005,d4_M16_orbit_005,M_{16},16,32,x+y,\omega_{010},nonsplit,"[0,1,0]",0,0,\mathbb Z_{2}^{2},\mathbb Z_{2},\mathbb Z_{2}\times\mathbb Z_{4},
M16_orbit_006,d4_M16_orbit_006,d4_M16_orbit_006,M_{16},16,32,x+y,\omega_{001},nonsplit,"[0,0,1]",0,0,\mathbb Z_{2},\mathbb Z_{2},\mathbb Z_{4},
M16_orbit_007,d4_M16_orbit_007,d4_M16_orbit_007,M_{16},16,32,x+y,\omega_{011},nonsplit,"[0,1,1]",\mathbb Z_{2},0,\mathbb Z_{2},\mathbb Z_{2},\mathbb Z_{2}\times\mathbb Z_{4},
M16_orbit_008,d4_M16_orbit_008,d4_M16_orbit_008,M_{16},16,32,x,0,split,"[0,0,0]",0,0,\mathbb Z_{2},\mathbb Z_{2},\mathbb Z_{4},
M16_orbit_009,d4_M16_orbit_009,d4_M16_orbit_009,M_{16},16,32,x,\omega_{010},nonsplit,"[0,1,0]",0,\mathbb Z_{2},\mathbb Z_{2},\mathbb Z_{2},\mathbb Z_{8},
M16_orbit_010,d4_M16_orbit_010,d4_M16_orbit_010,M_{16},16,32,x,\omega_{001},nonsplit,"[0,0,1]",0,0,0,0,0,
M16_orbit_011,d4_M16_orbit_011,d4_M16_orbit_011,M_{16},16,32,x,\omega_{011},nonsplit,"[0,1,1]",\mathbb Z_{2},\mathbb Z_{2},\mathbb Z_{2},\mathbb Z_{2},\mathbb Z_{16},
SD16_orbit_001,d4_SD16_orbit_001,d4_SD16_orbit_001,\mathrm{SD}_{16},16,32,0,\omega_{001},nonsplit,"[0,0,1]",\mathbb Z_{2},0,\mathbb Z_{2},\mathbb Z_{2},\mathbb Z_{8},
SD16_orbit_002,d4_SD16_orbit_002,d4_SD16_orbit_002,\mathrm{SD}_{16},16,32,0,\omega_{010},nonsplit,"[0,1,0]",\mathbb Z_{2}^{2},\mathbb Z_{2},\mathbb Z_{2}^{3},\mathbb Z_{2}^{2},\mathbb Z_{2}\times\mathbb Z_{8}\times\mathbb Z_{16},
SD16_orbit_003,d4_SD16_orbit_003,d4_SD16_orbit_003,\mathrm{SD}_{16},16,32,0,\omega_{011},nonsplit,"[0,1,1]",\mathbb Z_{2},\mathbb Z_{2},\mathbb Z_{2}^{3},\mathbb Z_{2},\mathbb Z_{2}^{2}\times\mathbb Z_{16},
SD16_orbit_004,d4_SD16_orbit_004,d4_SD16_orbit_004,\mathrm{SD}_{16},16,32,x+y,0,split,"[0,0,0]",0,0,\mathbb Z_{2},0,\mathbb Z_{2},
SD16_orbit_005,d4_SD16_orbit_005,d4_SD16_orbit_005,\mathrm{SD}_{16},16,32,x+y,\omega_{001},nonsplit,"[0,0,1]",\mathbb Z_{2},0,\mathbb Z_{2},\mathbb Z_{2},\mathbb Z_{8},
SD16_orbit_006,d4_SD16_orbit_006,d4_SD16_orbit_006,\mathrm{SD}_{16},16,32,x+y,\omega_{010},nonsplit,"[0,1,0]",\mathbb Z_{2},0,\mathbb Z_{2},\mathbb Z_{2},\mathbb Z_{2}\times\mathbb Z_{4},
SD16_orbit_007,d4_SD16_orbit_007,d4_SD16_orbit_007,\mathrm{SD}_{16},16,32,x+y,\omega_{011},nonsplit,"[0,1,1]",0,0,\mathbb Z_{2},\mathbb Z_{2},\mathbb Z_{2}^{2},
SD16_orbit_008,d4_SD16_orbit_008,d4_SD16_orbit_008,\mathrm{SD}_{16},16,32,x,0,split,"[0,0,0]",0,0,0,0,0,
SD16_orbit_009,d4_SD16_orbit_009,d4_SD16_orbit_009,\mathrm{SD}_{16},16,32,x,\omega_{001},nonsplit,"[0,0,1]",0,0,0,0,0,
SD16_orbit_010,d4_SD16_orbit_010,d4_SD16_orbit_010,\mathrm{SD}_{16},16,32,x,\omega_{010},nonsplit,"[0,1,0]",\mathbb Z_{2},\mathbb Z_{2},\mathbb Z_{2}^{2},\mathbb Z_{2},\mathbb Z_{2}\times\mathbb Z_{16},
SD16_orbit_011,d4_SD16_orbit_011,d4_SD16_orbit_011,\mathrm{SD}_{16},16,32,x,\omega_{011},nonsplit,"[0,1,1]",0,\mathbb Z_{2},\mathbb Z_{2}^{2},\mathbb Z_{2},\mathbb Z_{2}\times\mathbb Z_{8},
SD16_orbit_012,d4_SD16_orbit_012,d4_SD16_orbit_012,\mathrm{SD}_{16},16,32,y,0,split,"[0,0,0]",\mathbb Z_{2},0,\mathbb Z_{2},\mathbb Z_{2},\mathbb Z_{2}\times\mathbb Z_{4},
SD16_orbit_013,d4_SD16_orbit_013,d4_SD16_orbit_013,\mathrm{SD}_{16},16,32,y,\omega_{001},nonsplit,"[0,0,1]",\mathbb Z_{2},0,\mathbb Z_{2},\mathbb Z_{4},\mathbb Z_{2}\times\mathbb Z_{8},
SD16_orbit_014,d4_SD16_orbit_014,d4_SD16_orbit_014,\mathrm{SD}_{16},16,32,y,\omega_{010},nonsplit,"[0,1,0]",\mathbb Z_{2},0,\mathbb Z_{2},\mathbb Z_{2}^{2},\mathbb Z_{2}^{2}\times\mathbb Z_{4},
SD16_orbit_015,d4_SD16_orbit_015,d4_SD16_orbit_015,\mathrm{SD}_{16},16,32,y,\omega_{011},nonsplit,"[0,1,1]",\mathbb Z_{4},0,0,\mathbb Z_{2}^{2},\mathbb Z_{2}\times\mathbb Z_{8},
SD16_split_s0_w0,d4_SD16_split_s0_w0,d4_SD16_split_s0_w0,\mathrm{SD}_{16},16,32,0,0,split,"[0,0,0]",0,0,\mathbb Z_{2},0,\mathbb Z_{2},
SD32_s00_w0,d4_SD32_s00_w0,d4_SD32_s00_w0,\mathrm{SD}_{32},32,64,0,0,split,"[0,0,0]",0,0,\mathbb Z_{2},0,\mathbb Z_{2},
SD32_s00_wx2,d4_SD32_s00_wx2,d4_SD32_s00_wx2,\mathrm{SD}_{32},32,64,0,\omega_{001},nonsplit,"[0,0,1]",\mathbb Z_{2},0,\mathbb Z_{2},\mathbb Z_{2},\mathbb Z_{8},
D8xC2_orbit_000,d4_D8xC2_orbit_000,d4_D8xC2_orbit_000,D_4\times\mathbb Z_2,16,32,0,0,split,"[0,0,0,0,0,0]",0,0,0,\mathbb Z_{2}^{3},\mathbb Z_{2}^{3},
D8xC2_orbit_001,d4_D8xC2_orbit_001,d4_D8xC2_orbit_001,D_4\times\mathbb Z_2,16,32,0,\omega_{100000},nonsplit,"[1,0,0,0,0,0]",0,0,0,\mathbb Z_{2}^{6},\mathbb Z_{2}^{6},
D8xC2_orbit_002,d4_D8xC2_orbit_002,d4_D8xC2_orbit_002,D_4\times\mathbb Z_2,16,32,0,\omega_{111000},nonsplit,"[1,1,1,0,0,0]",0,\mathbb Z_{2},\mathbb Z_{2},\mathbb Z_{2}^{7},\mathbb Z_{2}^{7}\times\mathbb Z_{4},
D8xC2_orbit_003,d4_D8xC2_orbit_003,d4_D8xC2_orbit_003,D_4\times\mathbb Z_2,16,32,0,\omega_{011000},nonsplit,"[0,1,1,0,0,0]",\mathbb Z_{2},\mathbb Z_{2}^{2},\mathbb Z_{2}^{3},\mathbb Z_{2}^{5},\mathbb Z_{2}^{4}\times\mathbb Z_{8}\times\mathbb Z_{16},
D8xC2_orbit_004,d4_D8xC2_orbit_004,d4_D8xC2_orbit_004,D_4\times\mathbb Z_2,16,32,0,\omega_{011011},nonsplit,"[0,1,1,0,1,1]",0,0,0,\mathbb Z_{2}^{5},\mathbb Z_{2}^{5},
D8xC2_orbit_005,d4_D8xC2_orbit_005,d4_D8xC2_orbit_005,D_4\times\mathbb Z_2,16,32,0,\omega_{111011},nonsplit,"[1,1,1,0,1,1]",0,0,0,\mathbb Z_{2}^{7},\mathbb Z_{2}^{7},
D8xC2_orbit_006,d4_D8xC2_orbit_006,d4_D8xC2_orbit_006,D_4\times\mathbb Z_2,16,32,0,\omega_{010100},nonsplit,"[0,1,0,1,0,0]",\mathbb Z_{2},\mathbb Z_{2}^{3},\mathbb Z_{2}^{4},\mathbb Z_{2}^{6},\mathbb Z_{2}^{2}\times\mathbb Z_{4}\times\mathbb Z_{8}^{2}\times\mathbb Z_{16},
D8xC2_orbit_007,d4_D8xC2_orbit_007,d4_D8xC2_orbit_007,D_4\times\mathbb Z_2,16,32,0,\omega_{110100},nonsplit,"[1,1,0,1,0,0]",0,\mathbb Z_{2},\mathbb Z_{2},\mathbb Z_{2}^{8},\mathbb Z_{2}^{7}\times\mathbb Z_{8},
D8xC2_orbit_008,d4_D8xC2_orbit_008,d4_D8xC2_orbit_008,D_4\times\mathbb Z_2,16,32,0,\omega_{001111},nonsplit,"[0,0,1,1,1,1]",0,\mathbb Z_{2},\mathbb Z_{2},\mathbb Z_{2}^{6},\mathbb Z_{2}^{5}\times\mathbb Z_{8},
D8xC2_orbit_009,d4_D8xC2_orbit_009,d4_D8xC2_orbit_009,D_4\times\mathbb Z_2,16,32,0,\omega_{110111},nonsplit,"[1,1,0,1,1,1]",0,0,\mathbb Z_{2},\mathbb Z_{2}^{8},\mathbb Z_{2}^{9},
D8xC2_orbit_010,d4_D8xC2_orbit_010,d4_D8xC2_orbit_010,D_4\times\mathbb Z_2,16,32,0,\omega_{010111},nonsplit,"[0,1,0,1,1,1]",0,\mathbb Z_{2}^{2},\mathbb Z_{2}^{2},\mathbb Z_{2}^{7},\mathbb Z_{2}^{8}\times\mathbb Z_{8},
D8xC2_orbit_011,d4_D8xC2_orbit_011,d4_D8xC2_orbit_011,D_4\times\mathbb Z_2,16,32,0,\omega_{000101},nonsplit,"[0,0,0,1,0,1]",0,0,0,\mathbb Z_{2}^{6},\mathbb Z_{2}^{6},
D8xC2_orbit_012,d4_D8xC2_orbit_012,d4_D8xC2_orbit_012,D_4\times\mathbb Z_2,16,32,0,\omega_{011101},nonsplit,"[0,1,1,1,0,1]",0,\mathbb Z_{2},\mathbb Z_{2},\mathbb Z_{2}^{7},\mathbb Z_{2}^{7}\times\mathbb Z_{4},
D8xC2_orbit_013,d4_D8xC2_orbit_013,d4_D8xC2_orbit_013,D_4\times\mathbb Z_2,16,32,0,\omega_{010010},nonsplit,"[0,1,0,0,1,0]",0,\mathbb Z_{2}^{2},\mathbb Z_{2}^{3},\mathbb Z_{2}^{6},\mathbb Z_{2}^{5}\times\mathbb Z_{8}^{2},
D8xC2_orbit_014,d4_D8xC2_orbit_014,d4_D8xC2_orbit_014,D_4\times\mathbb Z_2,16,32,0,\omega_{010001},nonsplit,"[0,1,0,0,0,1]",0,0,\mathbb Z_{2},\mathbb Z_{2}^{6},\mathbb Z_{2}^{7},
D8xC2_orbit_015,d4_D8xC2_orbit_015,d4_D8xC2_orbit_015,D_4\times\mathbb Z_2,16,32,0,\omega_{010000},nonsplit,"[0,1,0,0,0,0]",\mathbb Z_{2},\mathbb Z_{2}^{4},\mathbb Z_{2}^{6},\mathbb Z_{2}^{7},\mathbb Z_{2}^{5}\times\mathbb Z_{8}^{3}\times\mathbb Z_{16},
D8xC2_orbit_016,d4_D8xC2_orbit_016,d4_D8xC2_orbit_016,D_4\times\mathbb Z_2,16,32,0,\omega_{110000},nonsplit,"[1,1,0,0,0,0]",0,\mathbb Z_{2}^{2},\mathbb Z_{2}^{2},\mathbb Z_{2}^{8},\mathbb Z_{2}^{10}\times\mathbb Z_{4},
D8xC2_orbit_017,d4_D8xC2_orbit_017,d4_D8xC2_orbit_017,D_4\times\mathbb Z_2,16,32,0,\omega_{010101},nonsplit,"[0,1,0,1,0,1]",0,\mathbb Z_{2}^{2},\mathbb Z_{2}^{2},\mathbb Z_{2}^{8},\mathbb Z_{2}^{10}\times\mathbb Z_{4},
D8xC2_orbit_018,d4_D8xC2_orbit_018,d4_D8xC2_orbit_018,D_4\times\mathbb Z_2,16,32,x+y,0,split,"[0,0,0,0,0,0]",0,0,0,\mathbb Z_{2}^{4},\mathbb Z_{2}^{4},
D8xC2_orbit_019,d4_D8xC2_orbit_019,d4_D8xC2_orbit_019,D_4\times\mathbb Z_2,16,32,x+y,\omega_{100000},nonsplit,"[1,0,0,0,0,0]",0,0,0,\mathbb Z_{2}^{5},\mathbb Z_{2}^{5},
D8xC2_orbit_020,d4_D8xC2_orbit_020,d4_D8xC2_orbit_020,D_4\times\mathbb Z_2,16,32,x+y,\omega_{111000},nonsplit,"[1,1,1,0,0,0]",0,0,0,\mathbb Z_{2}^{6},\mathbb Z_{2}^{6},
D8xC2_orbit_021,d4_D8xC2_orbit_021,d4_D8xC2_orbit_021,D_4\times\mathbb Z_2,16,32,x+y,\omega_{011000},nonsplit,"[0,1,1,0,0,0]",0,0,0,\mathbb Z_{2}^{6},\mathbb Z_{2}^{6},
D8xC2_orbit_022,d4_D8xC2_orbit_022,d4_D8xC2_orbit_022,D_4\times\mathbb Z_2,16,32,x+y,\omega_{011011},nonsplit,"[0,1,1,0,1,1]",0,0,0,\mathbb Z_{2}^{3},\mathbb Z_{2}^{3},
D8xC2_orbit_023,d4_D8xC2_orbit_023,d4_D8xC2_orbit_023,D_4\times\mathbb Z_2,16,32,x+y,\omega_{111011},nonsplit,"[1,1,1,0,1,1]",0,0,0,\mathbb Z_{2}^{5},\mathbb Z_{2}^{5},
D8xC2_orbit_024,d4_D8xC2_orbit_024,d4_D8xC2_orbit_024,D_4\times\mathbb Z_2,16,32,x+y,\omega_{010100},nonsplit,"[0,1,0,1,0,0]",0,\mathbb Z_{2},\mathbb Z_{2},\mathbb Z_{2}^{6},\mathbb Z_{2}^{5}\times\mathbb Z_{8},
D8xC2_orbit_025,d4_D8xC2_orbit_025,d4_D8xC2_orbit_025,D_4\times\mathbb Z_2,16,32,x+y,\omega_{110100},nonsplit,"[1,1,0,1,0,0]",0,0,0,\mathbb Z_{2}^{6},\mathbb Z_{2}^{6},
D8xC2_orbit_026,d4_D8xC2_orbit_026,d4_D8xC2_orbit_026,D_4\times\mathbb Z_2,16,32,x+y,\omega_{001111},nonsplit,"[0,0,1,1,1,1]",0,\mathbb Z_{2}^{2},\mathbb Z_{2}^{2},\mathbb Z_{2}^{5},\mathbb Z_{2}^{3}\times\mathbb Z_{8}^{2},
D8xC2_orbit_027,d4_D8xC2_orbit_027,d4_D8xC2_orbit_027,D_4\times\mathbb Z_2,16,32,x+y,\omega_{101111},nonsplit,"[1,0,1,1,1,1]",0,0,\mathbb Z_{2},\mathbb Z_{2}^{6},\mathbb Z_{2}^{5}\times\mathbb Z_{4},
D8xC2_orbit_028,d4_D8xC2_orbit_028,d4_D8xC2_orbit_028,D_4\times\mathbb Z_2,16,32,x+y,\omega_{110111},nonsplit,"[1,1,0,1,1,1]",0,\mathbb Z_{2},\mathbb Z_{2},\mathbb Z_{2}^{6},\mathbb Z_{2}^{5}\times\mathbb Z_{8},
D8xC2_orbit_029,d4_D8xC2_orbit_029,d4_D8xC2_orbit_029,D_4\times\mathbb Z_2,16,32,x+y,\omega_{010111},nonsplit,"[0,1,0,1,1,1]",\mathbb Z_{2},\mathbb Z_{2}^{2},\mathbb Z_{2}^{3},\mathbb Z_{2}^{6},\mathbb Z_{2}^{3}\times\mathbb Z_{4}\times\mathbb Z_{8}\times\mathbb Z_{16},
D8xC2_orbit_030,d4_D8xC2_orbit_030,d4_D8xC2_orbit_030,D_4\times\mathbb Z_2,16,32,x+y,\omega_{011110},nonsplit,"[0,1,1,1,1,0]",0,0,0,\mathbb Z_{2}^{6},\mathbb Z_{2}^{6},
D8xC2_orbit_031,d4_D8xC2_orbit_031,d4_D8xC2_orbit_031,D_4\times\mathbb Z_2,16,32,x+y,\omega_{000101},nonsplit,"[0,0,0,1,0,1]",0,0,0,\mathbb Z_{2}^{5},\mathbb Z_{2}^{5},
D8xC2_orbit_032,d4_D8xC2_orbit_032,d4_D8xC2_orbit_032,D_4\times\mathbb Z_2,16,32,x+y,\omega_{011101},nonsplit,"[0,1,1,1,0,1]",0,0,0,\mathbb Z_{2}^{6},\mathbb Z_{2}^{6},
D8xC2_orbit_033,d4_D8xC2_orbit_033,d4_D8xC2_orbit_033,D_4\times\mathbb Z_2,16,32,x+y,\omega_{001010},nonsplit,"[0,0,1,0,1,0]",0,0,0,\mathbb Z_{2}^{5},\mathbb Z_{2}^{5},
D8xC2_orbit_034,d4_D8xC2_orbit_034,d4_D8xC2_orbit_034,D_4\times\mathbb Z_2,16,32,x+y,\omega_{010010},nonsplit,"[0,1,0,0,1,0]",0,0,0,\mathbb Z_{2}^{7},\mathbb Z_{2}^{7},
D8xC2_orbit_035,d4_D8xC2_orbit_035,d4_D8xC2_orbit_035,D_4\times\mathbb Z_2,16,32,x+y,\omega_{010001},nonsplit,"[0,1,0,0,0,1]",0,0,0,\mathbb Z_{2}^{5},\mathbb Z_{2}^{5},
D8xC2_orbit_036,d4_D8xC2_orbit_036,d4_D8xC2_orbit_036,D_4\times\mathbb Z_2,16,32,x+y,\omega_{101000},nonsplit,"[1,0,1,0,0,0]",0,0,\mathbb Z_{2},\mathbb Z_{2}^{6},\mathbb Z_{2}^{7},
D8xC2_orbit_037,d4_D8xC2_orbit_037,d4_D8xC2_orbit_037,D_4\times\mathbb Z_2,16,32,x+y,\omega_{001000},nonsplit,"[0,0,1,0,0,0]",0,\mathbb Z_{2},\mathbb Z_{2}^{3},\mathbb Z_{2}^{6},\mathbb Z_{2}^{5}\times\mathbb Z_{4}\times\mathbb Z_{8},
D8xC2_orbit_038,d4_D8xC2_orbit_038,d4_D8xC2_orbit_038,D_4\times\mathbb Z_2,16,32,x+y,\omega_{010000},nonsplit,"[0,1,0,0,0,0]",\mathbb Z_{2},\mathbb Z_{2}^{2},\mathbb Z_{2}^{2},\mathbb Z_{2}^{7},\mathbb Z_{2}^{5}\times\mathbb Z_{8}\times\mathbb Z_{16},
D8xC2_orbit_039,d4_D8xC2_orbit_039,d4_D8xC2_orbit_039,D_4\times\mathbb Z_2,16,32,x+y,\omega_{110000},nonsplit,"[1,1,0,0,0,0]",0,\mathbb Z_{2},\mathbb Z_{2},\mathbb Z_{2}^{6},\mathbb Z_{2}^{8},
D8xC2_orbit_040,d4_D8xC2_orbit_040,d4_D8xC2_orbit_040,D_4\times\mathbb Z_2,16,32,x+y,\omega_{110011},nonsplit,"[1,1,0,0,1,1]",0,0,\mathbb Z_{2},\mathbb Z_{2}^{6},\mathbb Z_{2}^{7},
D8xC2_orbit_041,d4_D8xC2_orbit_041,d4_D8xC2_orbit_041,D_4\times\mathbb Z_2,16,32,x+y,\omega_{010011},nonsplit,"[0,1,0,0,1,1]",0,\mathbb Z_{2}^{2},\mathbb Z_{2}^{3},\mathbb Z_{2}^{4},\mathbb Z_{2}^{3}\times\mathbb Z_{8}^{2},
D8xC2_orbit_042,d4_D8xC2_orbit_042,d4_D8xC2_orbit_042,D_4\times\mathbb Z_2,16,32,x+y,\omega_{010110},nonsplit,"[0,1,0,1,1,0]",0,\mathbb Z_{2},\mathbb Z_{2},\mathbb Z_{2}^{6},\mathbb Z_{2}^{8},
D8xC2_orbit_043,d4_D8xC2_orbit_043,d4_D8xC2_orbit_043,D_4\times\mathbb Z_2,16,32,x+y,\omega_{001101},nonsplit,"[0,0,1,1,0,1]",0,0,\mathbb Z_{2},\mathbb Z_{2}^{6},\mathbb Z_{2}^{7},
D8xC2_orbit_044,d4_D8xC2_orbit_044,d4_D8xC2_orbit_044,D_4\times\mathbb Z_2,16,32,x+y,\omega_{010101},nonsplit,"[0,1,0,1,0,1]",0,\mathbb Z_{2},\mathbb Z_{2},\mathbb Z_{2}^{6},\mathbb Z_{2}^{8},
D8xC2_orbit_045,d4_D8xC2_orbit_045,d4_D8xC2_orbit_045,D_4\times\mathbb Z_2,16,32,y+z,0,split,"[0,0,0,0,0,0]",0,0,0,\mathbb Z_{2}^{5},\mathbb Z_{2}^{5},
D8xC2_orbit_046,d4_D8xC2_orbit_046,d4_D8xC2_orbit_046,D_4\times\mathbb Z_2,16,32,y+z,\omega_{100000},nonsplit,"[1,0,0,0,0,0]",0,0,\mathbb Z_{2},\mathbb Z_{2}^{5},\mathbb Z_{2}^{4}\times\mathbb Z_{4},
D8xC2_orbit_047,d4_D8xC2_orbit_047,d4_D8xC2_orbit_047,D_4\times\mathbb Z_2,16,32,y+z,\omega_{111000},nonsplit,"[1,1,1,0,0,0]",0,0,\mathbb Z_{2},\mathbb Z_{2}^{6},\mathbb Z_{2}^{5}\times\mathbb Z_{4},
D8xC2_orbit_048,d4_D8xC2_orbit_048,d4_D8xC2_orbit_048,D_4\times\mathbb Z_2,16,32,y+z,\omega_{011000},nonsplit,"[0,1,1,0,0,0]",0,0,\mathbb Z_{2},\mathbb Z_{2}^{6},\mathbb Z_{2}^{5}\times\mathbb Z_{4},
D8xC2_orbit_049,d4_D8xC2_orbit_049,d4_D8xC2_orbit_049,D_4\times\mathbb Z_2,16,32,y+z,\omega_{011011},nonsplit,"[0,1,1,0,1,1]",0,0,0,\mathbb Z_{2}^{4},\mathbb Z_{2}^{4},
D8xC2_orbit_050,d4_D8xC2_orbit_050,d4_D8xC2_orbit_050,D_4\times\mathbb Z_2,16,32,y+z,\omega_{111011},nonsplit,"[1,1,1,0,1,1]",0,0,0,\mathbb Z_{2}^{5},\mathbb Z_{2}^{5},
D8xC2_orbit_051,d4_D8xC2_orbit_051,d4_D8xC2_orbit_051,D_4\times\mathbb Z_2,16,32,y+z,\omega_{100011},nonsplit,"[1,0,0,0,1,1]",0,0,\mathbb Z_{2},\mathbb Z_{2}^{5},\mathbb Z_{2}^{6},
D8xC2_orbit_052,d4_D8xC2_orbit_052,d4_D8xC2_orbit_052,D_4\times\mathbb Z_2,16,32,y+z,\omega_{000011},nonsplit,"[0,0,0,0,1,1]",0,\mathbb Z_{2},\mathbb Z_{2},\mathbb Z_{2}^{5},\mathbb Z_{2}^{4}\times\mathbb Z_{8},
D8xC2_orbit_053,d4_D8xC2_orbit_053,d4_D8xC2_orbit_053,D_4\times\mathbb Z_2,16,32,y+z,\omega_{010100},nonsplit,"[0,1,0,1,0,0]",0,0,0,\mathbb Z_{2}^{8},\mathbb Z_{2}^{8},
D8xC2_orbit_054,d4_D8xC2_orbit_054,d4_D8xC2_orbit_054,D_4\times\mathbb Z_2,16,32,y+z,\omega_{110100},nonsplit,"[1,1,0,1,0,0]",0,0,0,\mathbb Z_{2}^{6},\mathbb Z_{2}^{6},
D8xC2_orbit_055,d4_D8xC2_orbit_055,d4_D8xC2_orbit_055,D_4\times\mathbb Z_2,16,32,y+z,\omega_{101100},nonsplit,"[1,0,1,1,0,0]",0,0,0,\mathbb Z_{2}^{6},\mathbb Z_{2}^{6},
D8xC2_orbit_056,d4_D8xC2_orbit_056,d4_D8xC2_orbit_056,D_4\times\mathbb Z_2,16,32,y+z,\omega_{001100},nonsplit,"[0,0,1,1,0,0]",0,0,0,\mathbb Z_{2}^{7},\mathbb Z_{2}^{7},
D8xC2_orbit_057,d4_D8xC2_orbit_057,d4_D8xC2_orbit_057,D_4\times\mathbb Z_2,16,32,y+z,\omega_{001111},nonsplit,"[0,0,1,1,1,1]",0,0,0,\mathbb Z_{2}^{5},\mathbb Z_{2}^{5},
D8xC2_orbit_058,d4_D8xC2_orbit_058,d4_D8xC2_orbit_058,D_4\times\mathbb Z_2,16,32,y+z,\omega_{110111},nonsplit,"[1,1,0,1,1,1]",0,\mathbb Z_{2},0,\mathbb Z_{2}^{6},\mathbb Z_{2}^{5}\times\mathbb Z_{4},
D8xC2_orbit_059,d4_D8xC2_orbit_059,d4_D8xC2_orbit_059,D_4\times\mathbb Z_2,16,32,y+z,\omega_{010111},nonsplit,"[0,1,0,1,1,1]",\mathbb Z_{2},\mathbb Z_{2},\mathbb Z_{2}^{2},\mathbb Z_{2}^{6},\mathbb Z_{2}^{6}\times\mathbb Z_{16},
D8xC2_orbit_060,d4_D8xC2_orbit_060,d4_D8xC2_orbit_060,D_4\times\mathbb Z_2,16,32,y+z,\omega_{000110},nonsplit,"[0,0,0,1,1,0]",0,\mathbb Z_{2},0,\mathbb Z_{2}^{5},\mathbb Z_{2}^{4}\times\mathbb Z_{4},
D8xC2_orbit_061,d4_D8xC2_orbit_061,d4_D8xC2_orbit_061,D_4\times\mathbb Z_2,16,32,y+z,\omega_{000101},nonsplit,"[0,0,0,1,0,1]",0,0,\mathbb Z_{2},\mathbb Z_{2}^{4},\mathbb Z_{2}^{3}\times\mathbb Z_{4},
D8xC2_orbit_062,d4_D8xC2_orbit_062,d4_D8xC2_orbit_062,D_4\times\mathbb Z_2,16,32,y+z,\omega_{011101},nonsplit,"[0,1,1,1,0,1]",0,\mathbb Z_{2},\mathbb Z_{2}^{3},\mathbb Z_{2}^{5},\mathbb Z_{2}^{2}\times\mathbb Z_{4}^{2}\times\mathbb Z_{8},
D8xC2_orbit_063,d4_D8xC2_orbit_063,d4_D8xC2_orbit_063,D_4\times\mathbb Z_2,16,32,y+z,\omega_{010010},nonsplit,"[0,1,0,0,1,0]",0,0,\mathbb Z_{2},\mathbb Z_{2}^{5},\mathbb Z_{2}^{6},
D8xC2_orbit_064,d4_D8xC2_orbit_064,d4_D8xC2_orbit_064,D_4\times\mathbb Z_2,16,32,y+z,\omega_{010001},nonsplit,"[0,1,0,0,0,1]",0,0,0,\mathbb Z_{2}^{4},\mathbb Z_{2}^{4},
D8xC2_orbit_065,d4_D8xC2_orbit_065,d4_D8xC2_orbit_065,D_4\times\mathbb Z_2,16,32,y+z,\omega_{001001},nonsplit,"[0,0,1,0,0,1]",0,\mathbb Z_{2},\mathbb Z_{2},\mathbb Z_{2}^{4},\mathbb Z_{2}^{3}\times\mathbb Z_{8},
D8xC2_orbit_066,d4_D8xC2_orbit_066,d4_D8xC2_orbit_066,D_4\times\mathbb Z_2,16,32,y+z,\omega_{000100},nonsplit,"[0,0,0,1,0,0]",0,\mathbb Z_{2},0,\mathbb Z_{2}^{7},\mathbb Z_{2}^{8},
D8xC2_orbit_067,d4_D8xC2_orbit_067,d4_D8xC2_orbit_067,D_4\times\mathbb Z_2,16,32,y+z,\omega_{100100},nonsplit,"[1,0,0,1,0,0]",0,0,\mathbb Z_{2},\mathbb Z_{2}^{6},\mathbb Z_{2}^{7},
D8xC2_orbit_068,d4_D8xC2_orbit_068,d4_D8xC2_orbit_068,D_4\times\mathbb Z_2,16,32,y+z,\omega_{011111},nonsplit,"[0,1,1,1,1,1]",0,\mathbb Z_{2}^{2},\mathbb Z_{2}^{2},\mathbb Z_{2}^{5},\mathbb Z_{2}^{6}\times\mathbb Z_{8},
D8xC2_orbit_069,d4_D8xC2_orbit_069,d4_D8xC2_orbit_069,D_4\times\mathbb Z_2,16,32,y+z,\omega_{111111},nonsplit,"[1,1,1,1,1,1]",0,0,\mathbb Z_{2},\mathbb Z_{2}^{6},\mathbb Z_{2}^{7},
D8xC2_orbit_070,d4_D8xC2_orbit_070,d4_D8xC2_orbit_070,D_4\times\mathbb Z_2,16,32,y+z,\omega_{010000},nonsplit,"[0,1,0,0,0,0]",0,0,\mathbb Z_{2}^{2},\mathbb Z_{2}^{7},\mathbb Z_{2}^{7}\times\mathbb Z_{4},
D8xC2_orbit_071,d4_D8xC2_orbit_071,d4_D8xC2_orbit_071,D_4\times\mathbb Z_2,16,32,y+z,\omega_{110000},nonsplit,"[1,1,0,0,0,0]",0,\mathbb Z_{2},\mathbb Z_{2},\mathbb Z_{2}^{7},\mathbb Z_{2}^{7}\times\mathbb Z_{4},
D8xC2_orbit_072,d4_D8xC2_orbit_072,d4_D8xC2_orbit_072,D_4\times\mathbb Z_2,16,32,y+z,\omega_{001011},nonsplit,"[0,0,1,0,1,1]",0,\mathbb Z_{2},\mathbb Z_{2}^{2},\mathbb Z_{2}^{5},\mathbb Z_{2}^{5}\times\mathbb Z_{8},
D8xC2_orbit_073,d4_D8xC2_orbit_073,d4_D8xC2_orbit_073,D_4\times\mathbb Z_2,16,32,y+z,\omega_{000001},nonsplit,"[0,0,0,0,0,1]",0,\mathbb Z_{2}^{2},\mathbb Z_{2}^{2},\mathbb Z_{2}^{5},\mathbb Z_{2}^{3}\times\mathbb Z_{8}^{2},
D8xC2_orbit_074,d4_D8xC2_orbit_074,d4_D8xC2_orbit_074,D_4\times\mathbb Z_2,16,32,y+z,\omega_{010101},nonsplit,"[0,1,0,1,0,1]",\mathbb Z_{2},\mathbb Z_{2}^{2},\mathbb Z_{2}^{5},\mathbb Z_{2}^{6},\mathbb Z_{2}^{3}\times\mathbb Z_{4}^{2}\times\mathbb Z_{8}\times\mathbb Z_{16},
D8xC2_orbit_075,d4_D8xC2_orbit_075,d4_D8xC2_orbit_075,D_4\times\mathbb Z_2,16,32,y,0,split,"[0,0,0,0,0,0]",0,\mathbb Z_{2},0,\mathbb Z_{2}^{5}\times\mathbb Z_{4},\mathbb Z_{2}^{6}\times\mathbb Z_{4},
D8xC2_orbit_076,d4_D8xC2_orbit_076,d4_D8xC2_orbit_076,D_4\times\mathbb Z_2,16,32,y,\omega_{100000},nonsplit,"[1,0,0,0,0,0]",\mathbb Z_{2},\mathbb Z_{2},\mathbb Z_{2}^{2},\mathbb Z_{2}^{4}\times\mathbb Z_{4},\mathbb Z_{2}^{4}\times\mathbb Z_{4}\times\mathbb Z_{16},
D8xC2_orbit_077,d4_D8xC2_orbit_077,d4_D8xC2_orbit_077,D_4\times\mathbb Z_2,16,32,y,\omega_{111000},nonsplit,"[1,1,1,0,0,0]",\mathbb Z_{2},\mathbb Z_{2},\mathbb Z_{2},\mathbb Z_{2}^{5}\times\mathbb Z_{4},\mathbb Z_{2}^{4}\times\mathbb Z_{4}\times\mathbb Z_{16},
D8xC2_orbit_078,d4_D8xC2_orbit_078,d4_D8xC2_orbit_078,D_4\times\mathbb Z_2,16,32,y,\omega_{011000},nonsplit,"[0,1,1,0,0,0]",0,0,0,\mathbb Z_{2}^{7},\mathbb Z_{2}^{7},
D8xC2_orbit_079,d4_D8xC2_orbit_079,d4_D8xC2_orbit_079,D_4\times\mathbb Z_2,16,32,y,\omega_{011011},nonsplit,"[0,1,1,0,1,1]",0,0,0,\mathbb Z_{2}^{4}\times\mathbb Z_{4},\mathbb Z_{2}^{4}\times\mathbb Z_{4},
D8xC2_orbit_080,d4_D8xC2_orbit_080,d4_D8xC2_orbit_080,D_4\times\mathbb Z_2,16,32,y,\omega_{111011},nonsplit,"[1,1,1,0,1,1]",0,\mathbb Z_{2},\mathbb Z_{2},\mathbb Z_{2}^{4}\times\mathbb Z_{4},\mathbb Z_{2}^{5}\times\mathbb Z_{8},
D8xC2_orbit_081,d4_D8xC2_orbit_081,d4_D8xC2_orbit_081,D_4\times\mathbb Z_2,16,32,y,\omega_{010100},nonsplit,"[0,1,0,1,0,0]",0,\mathbb Z_{2},0,\mathbb Z_{2}^{6}\times\mathbb Z_{4},\mathbb Z_{2}^{7}\times\mathbb Z_{4},
D8xC2_orbit_082,d4_D8xC2_orbit_082,d4_D8xC2_orbit_082,D_4\times\mathbb Z_2,16,32,y,\omega_{110100},nonsplit,"[1,1,0,1,0,0]",\mathbb Z_{2},\mathbb Z_{2},\mathbb Z_{2},\mathbb Z_{2}^{4}\times\mathbb Z_{4},\mathbb Z_{2}^{5}\times\mathbb Z_{16},
D8xC2_orbit_083,d4_D8xC2_orbit_083,d4_D8xC2_orbit_083,D_4\times\mathbb Z_2,16,32,y,\omega_{001111},nonsplit,"[0,0,1,1,1,1]",0,0,0,\mathbb Z_{2}^{5}\times\mathbb Z_{4},\mathbb Z_{2}^{5}\times\mathbb Z_{4},
D8xC2_orbit_084,d4_D8xC2_orbit_084,d4_D8xC2_orbit_084,D_4\times\mathbb Z_2,16,32,y,\omega_{110111},nonsplit,"[1,1,0,1,1,1]",\mathbb Z_{2},\mathbb Z_{2},0,\mathbb Z_{2}^{5}\times\mathbb Z_{4},\mathbb Z_{2}^{5}\times\mathbb Z_{16},
D8xC2_orbit_085,d4_D8xC2_orbit_085,d4_D8xC2_orbit_085,D_4\times\mathbb Z_2,16,32,y,\omega_{010111},nonsplit,"[0,1,0,1,1,1]",0,\mathbb Z_{2},0,\mathbb Z_{2}^{7},\mathbb Z_{2}^{8},
D8xC2_orbit_086,d4_D8xC2_orbit_086,d4_D8xC2_orbit_086,D_4\times\mathbb Z_2,16,32,y,\omega_{000101},nonsplit,"[0,0,0,1,0,1]",0,\mathbb Z_{2}^{2},\mathbb Z_{2}^{2},\mathbb Z_{2}^{4}\times\mathbb Z_{4},\mathbb Z_{2}^{3}\times\mathbb Z_{4}^{2}\times\mathbb Z_{8},
D8xC2_orbit_087,d4_D8xC2_orbit_087,d4_D8xC2_orbit_087,D_4\times\mathbb Z_2,16,32,y,\omega_{011101},nonsplit,"[0,1,1,1,0,1]",0,\mathbb Z_{2}^{2},\mathbb Z_{2},\mathbb Z_{2}^{6},\mathbb Z_{2}^{4}\times\mathbb Z_{4}\times\mathbb Z_{8},
D8xC2_orbit_088,d4_D8xC2_orbit_088,d4_D8xC2_orbit_088,D_4\times\mathbb Z_2,16,32,y,\omega_{010010},nonsplit,"[0,1,0,0,1,0]",0,0,0,\mathbb Z_{2}^{7},\mathbb Z_{2}^{7},
D8xC2_orbit_089,d4_D8xC2_orbit_089,d4_D8xC2_orbit_089,D_4\times\mathbb Z_2,16,32,y,\omega_{010001},nonsplit,"[0,1,0,0,0,1]",0,\mathbb Z_{2},0,\mathbb Z_{2}^{3}\times\mathbb Z_{4},\mathbb Z_{2}^{4}\times\mathbb Z_{4},
D8xC2_orbit_090,d4_D8xC2_orbit_090,d4_D8xC2_orbit_090,D_4\times\mathbb Z_2,16,32,y,\omega_{010000},nonsplit,"[0,1,0,0,0,0]",\mathbb Z_{2},0,\mathbb Z_{2},\mathbb Z_{2}^{9},\mathbb Z_{2}^{9}\times\mathbb Z_{4},
D8xC2_orbit_091,d4_D8xC2_orbit_091,d4_D8xC2_orbit_091,D_4\times\mathbb Z_2,16,32,y,\omega_{110000},nonsplit,"[1,1,0,0,0,0]",\mathbb Z_{4},\mathbb Z_{2}^{2},\mathbb Z_{2}^{2},\mathbb Z_{2}^{6}\times\mathbb Z_{4},\mathbb Z_{2}^{6}\times\mathbb Z_{8}\times\mathbb Z_{32},
D8xC2_orbit_092,d4_D8xC2_orbit_092,d4_D8xC2_orbit_092,D_4\times\mathbb Z_2,16,32,y,\omega_{010101},nonsplit,"[0,1,0,1,0,1]",\mathbb Z_{2}^{2},\mathbb Z_{2}^{2},\mathbb Z_{2}^{2},\mathbb Z_{2}^{7},\mathbb Z_{2}^{6}\times\mathbb Z_{8}\times\mathbb Z_{16},
Q8xC2_orbit_000,d4_Q8xC2_orbit_000,d4_Q8xC2_orbit_000,Q_8\times\mathbb Z_2,16,32,0,0,split,"[0,0,0,0,0,0]",0,\mathbb Z_{2},\mathbb Z_{2}^{2},\mathbb Z_{2},\mathbb Z_{2}^{4},
Q8xC2_orbit_001,d4_Q8xC2_orbit_001,d4_Q8xC2_orbit_001,Q_8\times\mathbb Z_2,16,32,0,\omega_{001000},nonsplit,"[0,0,1,0,0,0]",\mathbb Z_{2},\mathbb Z_{2}^{2},\mathbb Z_{2}^{2},\mathbb Z_{2}^{2},\mathbb Z_{2}\times\mathbb Z_{4}^{3},
Q8xC2_orbit_002,d4_Q8xC2_orbit_002,d4_Q8xC2_orbit_002,Q_8\times\mathbb Z_2,16,32,0,\omega_{011011},nonsplit,"[0,1,1,0,1,1]",0,\mathbb Z_{2},0,\mathbb Z_{2}^{3},\mathbb Z_{2}^{2}\times\mathbb Z_{4},
Q8xC2_orbit_003,d4_Q8xC2_orbit_003,d4_Q8xC2_orbit_003,Q_8\times\mathbb Z_2,16,32,0,\omega_{010100},nonsplit,"[0,1,0,1,0,0]",\mathbb Z_{2},\mathbb Z_{2}^{3},\mathbb Z_{2}^{2},\mathbb Z_{2}^{4},\mathbb Z_{4}^{3}\times\mathbb Z_{16},
Q8xC2_orbit_004,d4_Q8xC2_orbit_004,d4_Q8xC2_orbit_004,Q_8\times\mathbb Z_2,16,32,0,\omega_{001111},nonsplit,"[0,0,1,1,1,1]",0,\mathbb Z_{2}^{2},0,\mathbb Z_{2}^{4},\mathbb Z_{2}^{4}\times\mathbb Z_{4},
Q8xC2_orbit_005,d4_Q8xC2_orbit_005,d4_Q8xC2_orbit_005,Q_8\times\mathbb Z_2,16,32,0,\omega_{011111},nonsplit,"[0,1,1,1,1,1]",0,\mathbb Z_{2}^{2},0,\mathbb Z_{2}^{4},\mathbb Z_{2}^{2}\times\mathbb Z_{4}^{2},
Q8xC2_orbit_006,d4_Q8xC2_orbit_006,d4_Q8xC2_orbit_006,Q_8\times\mathbb Z_2,16,32,x+y,0,split,"[0,0,0,0,0,0]",\mathbb Z_{2},\mathbb Z_{2}^{2},\mathbb Z_{2},\mathbb Z_{2},\mathbb Z_{2}\times\mathbb Z_{4}^{2},
Q8xC2_orbit_007,d4_Q8xC2_orbit_007,d4_Q8xC2_orbit_007,Q_8\times\mathbb Z_2,16,32,x+y,\omega_{001000},nonsplit,"[0,0,1,0,0,0]",0,0,\mathbb Z_{2}^{2},\mathbb Z_{2}^{3},\mathbb Z_{2}^{3}\times\mathbb Z_{4},
Q8xC2_orbit_008,d4_Q8xC2_orbit_008,d4_Q8xC2_orbit_008,Q_8\times\mathbb Z_2,16,32,x+y,\omega_{011011},nonsplit,"[0,1,1,0,1,1]",0,\mathbb Z_{2},0,\mathbb Z_{2},\mathbb Z_{4},
Q8xC2_orbit_009,d4_Q8xC2_orbit_009,d4_Q8xC2_orbit_009,Q_8\times\mathbb Z_2,16,32,x+y,\omega_{010000},nonsplit,"[0,1,0,0,0,0]",0,0,0,\mathbb Z_{2}^{2},\mathbb Z_{2}^{2},
Q8xC2_orbit_010,d4_Q8xC2_orbit_010,d4_Q8xC2_orbit_010,Q_8\times\mathbb Z_2,16,32,x+y,\omega_{010100},nonsplit,"[0,1,0,1,0,0]",0,\mathbb Z_{2},0,\mathbb Z_{2}^{3},\mathbb Z_{2}^{2}\times\mathbb Z_{4},
Q8xC2_orbit_011,d4_Q8xC2_orbit_011,d4_Q8xC2_orbit_011,Q_8\times\mathbb Z_2,16,32,x+y,\omega_{001111},nonsplit,"[0,0,1,1,1,1]",\mathbb Z_{2},\mathbb Z_{2}^{2},\mathbb Z_{2}^{2},\mathbb Z_{2}^{3},\mathbb Z_{2}^{2}\times\mathbb Z_{4}\times\mathbb Z_{16},
Q8xC2_orbit_012,d4_Q8xC2_orbit_012,d4_Q8xC2_orbit_012,Q_8\times\mathbb Z_2,16,32,x+y,\omega_{011111},nonsplit,"[0,1,1,1,1,1]",0,\mathbb Z_{2}^{2},\mathbb Z_{2},\mathbb Z_{2}^{2},\mathbb Z_{4}\times\mathbb Z_{8},
Q8xC2_orbit_013,d4_Q8xC2_orbit_013,d4_Q8xC2_orbit_013,Q_8\times\mathbb Z_2,16,32,x+y,\omega_{011110},nonsplit,"[0,1,1,1,1,0]",0,\mathbb Z_{2},0,\mathbb Z_{2}^{2},\mathbb Z_{2}^{3},
Q8xC2_orbit_014,d4_Q8xC2_orbit_014,d4_Q8xC2_orbit_014,Q_8\times\mathbb Z_2,16,32,x+y,\omega_{010110},nonsplit,"[0,1,0,1,1,0]",0,0,0,\mathbb Z_{2}^{3},\mathbb Z_{2}^{3},
Q8xC2_orbit_015,d4_Q8xC2_orbit_015,d4_Q8xC2_orbit_015,Q_8\times\mathbb Z_2,16,32,x+y,\omega_{001010},nonsplit,"[0,0,1,0,1,0]",0,0,0,\mathbb Z_{2}^{2},\mathbb Z_{2}^{2},
Q8xC2_orbit_016,d4_Q8xC2_orbit_016,d4_Q8xC2_orbit_016,Q_8\times\mathbb Z_2,16,32,y+z,0,split,"[0,0,0,0,0,0]",0,\mathbb Z_{2},\mathbb Z_{2}^{2},\mathbb Z_{2},\mathbb Z_{2}\times\mathbb Z_{8},
Q8xC2_orbit_017,d4_Q8xC2_orbit_017,d4_Q8xC2_orbit_017,Q_8\times\mathbb Z_2,16,32,y+z,\omega_{001000},nonsplit,"[0,0,1,0,0,0]",0,0,\mathbb Z_{2},\mathbb Z_{2}^{2},\mathbb Z_{2}\times\mathbb Z_{4},
Q8xC2_orbit_018,d4_Q8xC2_orbit_018,d4_Q8xC2_orbit_018,Q_8\times\mathbb Z_2,16,32,y+z,\omega_{011011},nonsplit,"[0,1,1,0,1,1]",0,0,0,\mathbb Z_{2},\mathbb Z_{2},
Q8xC2_orbit_019,d4_Q8xC2_orbit_019,d4_Q8xC2_orbit_019,Q_8\times\mathbb Z_2,16,32,y+z,\omega_{010011},nonsplit,"[0,1,0,0,1,1]",0,0,\mathbb Z_{2},\mathbb Z_{2}^{2},\mathbb Z_{2}\times\mathbb Z_{4},
Q8xC2_orbit_020,d4_Q8xC2_orbit_020,d4_Q8xC2_orbit_020,Q_8\times\mathbb Z_2,16,32,y+z,\omega_{001011},nonsplit,"[0,0,1,0,1,1]",0,\mathbb Z_{2},0,\mathbb Z_{2},\mathbb Z_{4},
Q8xC2_orbit_021,d4_Q8xC2_orbit_021,d4_Q8xC2_orbit_021,Q_8\times\mathbb Z_2,16,32,y+z,\omega_{010100},nonsplit,"[0,1,0,1,0,0]",0,0,\mathbb Z_{2},\mathbb Z_{2}^{4},\mathbb Z_{2}^{5},
Q8xC2_orbit_022,d4_Q8xC2_orbit_022,d4_Q8xC2_orbit_022,Q_8\times\mathbb Z_2,16,32,y+z,\omega_{011100},nonsplit,"[0,1,1,1,0,0]",0,0,0,\mathbb Z_{2}^{4},\mathbb Z_{2}^{4},
Q8xC2_orbit_023,d4_Q8xC2_orbit_023,d4_Q8xC2_orbit_023,Q_8\times\mathbb Z_2,16,32,y+z,\omega_{001111},nonsplit,"[0,0,1,1,1,1]",0,\mathbb Z_{2},0,\mathbb Z_{2}^{2},\mathbb Z_{2}^{3},
Q8xC2_orbit_024,d4_Q8xC2_orbit_024,d4_Q8xC2_orbit_024,Q_8\times\mathbb Z_2,16,32,y+z,\omega_{000111},nonsplit,"[0,0,0,1,1,1]",\mathbb Z_{2},\mathbb Z_{2}^{2},\mathbb Z_{2},\mathbb Z_{2}^{2},\mathbb Z_{2}^{2}\times\mathbb Z_{4}^{2},
Q8xC2_orbit_025,d4_Q8xC2_orbit_025,d4_Q8xC2_orbit_025,Q_8\times\mathbb Z_2,16,32,y+z,\omega_{011111},nonsplit,"[0,1,1,1,1,1]",0,\mathbb Z_{2},0,\mathbb Z_{2}^{3},\mathbb Z_{2}^{2}\times\mathbb Z_{4},
A4_orbit_000,d4_A4_w0_s0,d4_A4_w0_s0,A_4,12,24,0,0,split,[0],\mathbb Z_{3},0,0,\mathbb Z_{3},\mathbb Z_{9},
A4_orbit_001,d4_A4_orbit_001,d4_A4_orbit_001;d4_A4_wbinary_s0,A_4,12,24,0,\omega_{\rm tet},nonsplit,[1],\mathbb Z_{3},\mathbb Z_{2},0,\mathbb Z_{6},\mathbb Z_{2}\times\mathbb Z_{18},
S4_orbit_000,d4_S4_orbit_000,d4_S4_orbit_000,S_4,24,48,0,0,split,"[0,0]",0,0,0,0,0,
S4_orbit_001,d4_S4_orbit_001,d4_S4_orbit_001,S_4,24,48,0,\omega_{10},nonsplit,"[1,0]",\mathbb Z_{2},\mathbb Z_{2},\mathbb Z_{2}^{2},\mathbb Z_{2},\mathbb Z_{2}\times\mathbb Z_{16},
S4_orbit_002,d4_S4_orbit_002,d4_S4_orbit_002,S_4,24,48,0,\omega_{11},nonsplit,"[1,1]",0,\mathbb Z_{2}^{2},0,\mathbb Z_{2}^{3},\mathbb Z_{2}^{3}\times\mathbb Z_{4},
S4_orbit_003,d4_S4_orbit_003,d4_S4_orbit_003,S_4,24,48,0,\omega_{01},nonsplit,"[0,1]",0,\mathbb Z_{2},0,\mathbb Z_{2}^{2},\mathbb Z_{2}\times\mathbb Z_{4},
S4_orbit_004,d4_S4_orbit_004,d4_S4_orbit_004,S_4,24,48,x,0,split,"[0,0]",\mathbb Z_{3},0,0,\mathbb Z_{3},\mathbb Z_{9},
S4_orbit_005,d4_S4_orbit_005,d4_S4_orbit_005,S_4,24,48,x,\omega_{10},nonsplit,"[1,0]",\mathbb Z_{3},0,0,\mathbb Z_{6},\mathbb Z_{18},
S4_orbit_006,d4_S4_orbit_006,d4_S4_orbit_006,S_4,24,48,x,\omega_{11},nonsplit,"[1,1]",\mathbb Z_{3},\mathbb Z_{2},0,\mathbb Z_{3},\mathbb Z_{18},
S4_orbit_007,d4_S4_orbit_007,d4_S4_orbit_007,S_4,24,48,x,\omega_{01},nonsplit,"[0,1]",\mathbb Z_{3},0,0,\mathbb Z_{6},\mathbb Z_{18},
SL23_orbit_000,d4_SL23_w0_s0,d4_SL23_w0_s0,"\mathrm{SL}(2,\mathbb F_3)",24,48,0,0,split,[],\mathbb Z_{3},\mathbb Z_{2},\mathbb Z_{2},\mathbb Z_{3},\mathbb Z_{2}\times\mathbb Z_{18},
