space_group,classification_status,result_status,pip_orders,pip_group,majorana_orders,majorana_group,complex_fermion_orders,complex_fermion_group,bosonic_orders,bosonic_group,stacking_status,stacking_orders,stacking_group,torsion_upper_witness,upper_completion,free_pip_rank,free_pip_scope,free_pip_lattice_basis_available,free_pip_lattice_index,free_pip_lattice_basis,free_pip_h1_coordinates,free_pip_phase_witness,free_pip_certificate,free_pip_h1_orders,free_pip_certificate_level,free_pip_checked_comparison_support,stacking_scope,lower_scope,persisted_witness_type,full_bar_cochains_persisted,independent_audit,classification_cpu_ms,total_cpu_ms,post_classification_cpu_ms,wall_seconds,started_utc,finished_utc,stage_timings,resolution_timings,convention,formula_convention,classification_scope,mode,libraries,source_id,source_snapshot,accepted_result_file,accepted_result_sha256,assembly_selected_from,assembly_candidate_history
1,computed,computed,"[0,0,0]",Z^3,"[2,2,2]",(Z2)^3,[2],Z2,[],0,computed,"[0,0,0,2,2,2,2]",Z^3 + (Z2)^4,not-needed,,3,primitive surviving H1 lattice and actual complete defining towers,True,1,"[[1,0,0],[0,1,0],[0,0,1]]","[[1,0,0],[0,1,0],[0,0,1]]",True,s=B=C=0-identically-annihilates-full-normalized-O5,"[0,0,0]",explicit-universal-pullback-or-comparison-homotopy-primitive,False,full-3+1D-spin-half-affine-stacking,p+ip-zero-three-layer-extension,native-vectors-plus-explicit-comparison-homotopy-recipes,False,stacking-with-generator-relations,18305,18910,605,19.644360065460205,2026-09-26T17:39:33.857886+00:00,2026-09-26T17:39:53.502251+00:00,"[{""cpu_ms"":18210,""stage"":""cohomology""},{""cpu_ms"":18216,""stage"":""primary_cf""},{""cpu_ms"":18216,""stage"":""primary_mc_and_bos""},{""cpu_ms"":18217,""stage"":""incoming_mc""},{""cpu_ms"":18281,""stage"":""secondary_bos""},{""cpu_ms"":18281,""stage"":""secondary_mc""},{""cpu_ms"":18283,""stage"":""pip""},{""cpu_ms"":18287,""stage"":""classification_end""},{""cpu_ms"":18305,""stage"":""free_pip_classification_end""},{""cpu_ms"":18782,""stage"":""stack_lift_C1""},{""cpu_ms"":18785,""stage"":""stack_lift_B1""},{""cpu_ms"":18788,""stage"":""stack_lift_B2""},{""cpu_ms"":18792,""stage"":""stack_lift_B3""},{""cpu_ms"":18861,""stage"":""stack_relation_C1""},{""cpu_ms"":18864,""stage"":""stack_relation_B1""},{""cpu_ms"":18870,""stage"":""stack_relation_B2""},{""cpu_ms"":18875,""stage"":""stack_relation_B3""}]",{},physical-spin-half-det-sign-omega0,normalized-pip-aw-edge-transport-v2,3+1D-full-affine-associated-graded,full,"{""CrystCat"":""1.1.10"",""GAP"":""4.13.1"",""HAP"":""1.62"",""Polycyclic"":""2.16""}",9c16c0714da16a1ed5dc23b7830701afc01e6d7a37ee6d243f536ee4dc9ecd96,/home/user/xyren/AllFSPT/runs/closed_cf_v09_source,/home/xingyu/FSPT_AHSS/results/space_groups/sg1.json,895f035786d9abc045c7609c91b10a053e6197c830f3f323f93d01db1ab8cfb4,,[]
2,computed,computed,"[0,0,0]",Z^3,[],0,"[2,2,2,2]",(Z2)^4,[2],Z2,computed,"[0,0,0,2,2,2,2,2]",Z^3 + (Z2)^5,not-needed,,3,primitive surviving H1 lattice and actual complete defining towers,True,8,"[[2,0,0],[0,2,0],[0,0,2]]","[[0,2,0,0],[0,0,2,0],[0,0,0,2]]",True,universal-2H-survival-and-complete-joint-parity-kernel,"[2,0,0,0]",explicit-universal-pullback-or-comparison-homotopy-primitive,False,full-3+1D-spin-half-affine-stacking,p+ip-zero-three-layer-extension,native-vectors-plus-explicit-comparison-homotopy-recipes,False,stacking-with-generator-relations,19441,20051,610,20.824774980545044,2026-09-26T17:40:08.602597+00:00,2026-09-26T17:40:29.427378+00:00,"[{""cpu_ms"":18212,""stage"":""cohomology""},{""cpu_ms"":18268,""stage"":""primary_cf""},{""cpu_ms"":18268,""stage"":""primary_mc_and_bos""},{""cpu_ms"":18570,""stage"":""incoming_mc""},{""cpu_ms"":18684,""stage"":""secondary_bos""},{""cpu_ms"":18693,""stage"":""secondary_mc""},{""cpu_ms"":18693,""stage"":""pip""},{""cpu_ms"":18719,""stage"":""classification_end""},{""cpu_ms"":19054,""stage"":""free_pip_parity_candidates""},{""cpu_ms"":19054,""stage"":""free_pip_parity_1""},{""cpu_ms"":19076,""stage"":""free_pip_parity_2""},{""cpu_ms"":19098,""stage"":""free_pip_parity_3""},{""cpu_ms"":19120,""stage"":""free_pip_parity_4""},{""cpu_ms"":19142,""stage"":""free_pip_parity_5""},{""cpu_ms"":19163,""stage"":""free_pip_parity_6""},{""cpu_ms"":19185,""stage"":""free_pip_parity_7""},{""cpu_ms"":19207,""stage"":""free_pip_even_dihedral_pullback""},{""cpu_ms"":19441,""stage"":""free_pip_classification_end""},{""cpu_ms"":19907,""stage"":""stack_native_CF1""},{""cpu_ms"":20045,""stage"":""stack_native_CF2""},{""cpu_ms"":20046,""stage"":""stack_native_CF3""},{""cpu_ms"":20047,""stage"":""stack_native_CF4""}]","{""RL_ms"":237,""RP_ms"":7,""extension_ms"":369,""holonomy_ms"":103,""section_ms"":3}",physical-spin-half-det-sign-omega0,normalized-pip-aw-edge-transport-v2,3+1D-full-affine-associated-graded,full,"{""CrystCat"":""1.1.10"",""GAP"":""4.13.1"",""HAP"":""1.62"",""Polycyclic"":""2.16""}",9c16c0714da16a1ed5dc23b7830701afc01e6d7a37ee6d243f536ee4dc9ecd96,/home/user/xyren/AllFSPT/runs/closed_cf_v09_source,/home/xingyu/FSPT_AHSS/results/space_groups/sg2.json,ceabe7160389944b436c129b98af2c9e64ed66c6fed0c72f50bad553ee95c3bf,,[]
3,computed,computed,[0],Z,"[2,2,2]",(Z2)^3,"[2,2,2,2]",(Z2)^4,"[2,2,2,2]",(Z2)^4,computed,"[0,4,8,8,8]",Z + Z4 + (Z8)^3,not-needed,,1,primitive surviving H1 lattice and actual complete defining towers,True,1,[[1]],[[1]],True,s=B=C=0-identically-annihilates-full-normalized-O5,[0],explicit-universal-pullback-or-comparison-homotopy-primitive,False,full-3+1D-spin-half-affine-stacking,p+ip-zero-three-layer-extension,native-vectors-plus-explicit-comparison-homotopy-recipes,False,stacking-with-generator-relations,19904,28386,8482,29.11999773979187,2026-09-26T17:39:16.714300+00:00,2026-09-26T17:39:45.834303+00:00,"[{""cpu_ms"":18917,""stage"":""cohomology""},{""cpu_ms"":18972,""stage"":""primary_cf""},{""cpu_ms"":19310,""stage"":""primary_mc_and_bos""},{""cpu_ms"":19379,""stage"":""incoming_mc""},{""cpu_ms"":19464,""stage"":""secondary_bos""},{""cpu_ms"":19877,""stage"":""secondary_mc""},{""cpu_ms"":19879,""stage"":""pip""},{""cpu_ms"":19889,""stage"":""classification_end""},{""cpu_ms"":19904,""stage"":""free_pip_classification_end""},{""cpu_ms"":20440,""stage"":""stack_lift_D1""},{""cpu_ms"":20441,""stage"":""stack_lift_D2""},{""cpu_ms"":20447,""stage"":""stack_lift_D3""},{""cpu_ms"":20448,""stage"":""stack_lift_D4""},{""cpu_ms"":20449,""stage"":""stack_lift_C1""},{""cpu_ms"":20615,""stage"":""stack_lift_C2""},{""cpu_ms"":20649,""stage"":""stack_lift_C3""},{""cpu_ms"":21057,""stage"":""stack_lift_C4""},{""cpu_ms"":21091,""stage"":""stack_lift_B1""},{""cpu_ms"":21466,""stage"":""stack_lift_B2""},{""cpu_ms"":21766,""stage"":""stack_lift_B3""},{""cpu_ms"":23124,""stage"":""stack_relation_D1""},{""cpu_ms"":23124,""stage"":""stack_relation_D2""},{""cpu_ms"":23124,""stage"":""stack_relation_D3""},{""cpu_ms"":23124,""stage"":""stack_relation_D4""},{""cpu_ms"":23124,""stage"":""stack_relation_C1""},{""cpu_ms"":23393,""stage"":""stack_relation_C2""},{""cpu_ms"":23651,""stage"":""stack_relation_C3""},{""cpu_ms"":23926,""stage"":""stack_relation_C4""},{""cpu_ms"":24184,""stage"":""stack_relation_B1""},{""cpu_ms"":25352,""stage"":""stack_relation_B2""},{""cpu_ms"":26807,""stage"":""stack_relation_B3""}]","{""RL_ms"":247,""RP_ms"":9,""extension_ms"":373,""holonomy_ms"":43,""section_ms"":4}",physical-spin-half-det-sign-omega0,normalized-pip-aw-edge-transport-v2,3+1D-full-affine-associated-graded,full,"{""CrystCat"":""1.1.10"",""GAP"":""4.13.1"",""HAP"":""1.62"",""Polycyclic"":""2.16""}",9c16c0714da16a1ed5dc23b7830701afc01e6d7a37ee6d243f536ee4dc9ecd96,/home/user/xyren/AllFSPT/runs/closed_cf_v09_source,/home/xingyu/FSPT_AHSS/results/space_groups/sg3.json,d15d25a57a02317c8b02940600ddd7dddc5a9c1f120f4af5e13c2acb1f274c48,,[]
4,computed,computed,[0],Z,"[2,2,2]",(Z2)^3,[2],Z2,[],0,computed,"[0,2,2,2,2]",Z + (Z2)^4,not-needed,,1,primitive surviving H1 lattice and actual complete defining towers,True,1,[[1]],[[1]],True,s=B=C=0-identically-annihilates-full-normalized-O5,[0],explicit-universal-pullback-or-comparison-homotopy-primitive,False,full-3+1D-spin-half-affine-stacking,p+ip-zero-three-layer-extension,native-vectors-plus-explicit-comparison-homotopy-recipes,False,stacking-with-generator-relations,18804,26324,7520,27.06321954727173,2026-09-26T17:39:40.581225+00:00,2026-09-26T17:40:07.644450+00:00,"[{""cpu_ms"":18621,""stage"":""cohomology""},{""cpu_ms"":18672,""stage"":""primary_cf""},{""cpu_ms"":18672,""stage"":""primary_mc_and_bos""},{""cpu_ms"":18672,""stage"":""incoming_mc""},{""cpu_ms"":18779,""stage"":""secondary_bos""},{""cpu_ms"":18779,""stage"":""secondary_mc""},{""cpu_ms"":18780,""stage"":""pip""},{""cpu_ms"":18794,""stage"":""classification_end""},{""cpu_ms"":18804,""stage"":""free_pip_classification_end""},{""cpu_ms"":19278,""stage"":""stack_lift_C1""},{""cpu_ms"":20043,""stage"":""stack_lift_B1""},{""cpu_ms"":21587,""stage"":""stack_lift_B2""},{""cpu_ms"":22457,""stage"":""stack_lift_B3""},{""cpu_ms"":23931,""stage"":""stack_relation_C1""},{""cpu_ms"":24504,""stage"":""stack_relation_B1""},{""cpu_ms"":24943,""stage"":""stack_relation_B2""},{""cpu_ms"":25403,""stage"":""stack_relation_B3""}]","{""RL_ms"":234,""RP_ms"":7,""extension_ms"":437,""holonomy_ms"":39,""section_ms"":3}",physical-spin-half-det-sign-omega0,normalized-pip-aw-edge-transport-v2,3+1D-full-affine-associated-graded,full,"{""CrystCat"":""1.1.10"",""GAP"":""4.13.1"",""HAP"":""1.62"",""Polycyclic"":""2.16""}",9c16c0714da16a1ed5dc23b7830701afc01e6d7a37ee6d243f536ee4dc9ecd96,/home/user/xyren/AllFSPT/runs/closed_cf_v09_source,/home/xingyu/FSPT_AHSS/results/space_groups/sg4.json,f02448d52c11f1d9e5f7061b51251b985d5b062daee20602f011b7b0fc400103,,[]
5,computed,computed,[0],Z,"[2,2]",(Z2)^2,"[2,2]",(Z2)^2,"[2,2]",(Z2)^2,computed,"[0,2,4,8]",Z + Z2 + Z4 + Z8,not-needed,,1,primitive surviving H1 lattice and actual complete defining towers,True,1,[[1]],[[1]],True,s=B=C=0-identically-annihilates-full-normalized-O5,[0],explicit-universal-pullback-or-comparison-homotopy-primitive,False,full-3+1D-spin-half-affine-stacking,p+ip-zero-three-layer-extension,native-vectors-plus-explicit-comparison-homotopy-recipes,False,stacking-with-generator-relations,20143,24820,4677,25.599971294403076,2026-09-26T17:39:42.633863+00:00,2026-09-26T17:40:08.233839+00:00,"[{""cpu_ms"":19220,""stage"":""cohomology""},{""cpu_ms"":19271,""stage"":""primary_cf""},{""cpu_ms"":19638,""stage"":""primary_mc_and_bos""},{""cpu_ms"":19706,""stage"":""incoming_mc""},{""cpu_ms"":19786,""stage"":""secondary_bos""},{""cpu_ms"":20117,""stage"":""secondary_mc""},{""cpu_ms"":20118,""stage"":""pip""},{""cpu_ms"":20129,""stage"":""classification_end""},{""cpu_ms"":20143,""stage"":""free_pip_classification_end""},{""cpu_ms"":20620,""stage"":""stack_lift_D1""},{""cpu_ms"":20622,""stage"":""stack_lift_D2""},{""cpu_ms"":20623,""stage"":""stack_lift_C1""},{""cpu_ms"":20828,""stage"":""stack_lift_C2""},{""cpu_ms"":20869,""stage"":""stack_lift_B1""},{""cpu_ms"":21609,""stage"":""stack_lift_B2""},{""cpu_ms"":22595,""stage"":""stack_relation_D1""},{""cpu_ms"":22595,""stage"":""stack_relation_D2""},{""cpu_ms"":22595,""stage"":""stack_relation_C1""},{""cpu_ms"":22862,""stage"":""stack_relation_C2""},{""cpu_ms"":23116,""stage"":""stack_relation_B1""},{""cpu_ms"":24292,""stage"":""stack_relation_B2""}]","{""RL_ms"":235,""RP_ms"":7,""extension_ms"":367,""holonomy_ms"":35,""section_ms"":3}",physical-spin-half-det-sign-omega0,normalized-pip-aw-edge-transport-v2,3+1D-full-affine-associated-graded,full,"{""CrystCat"":""1.1.10"",""GAP"":""4.13.1"",""HAP"":""1.62"",""Polycyclic"":""2.16""}",9c16c0714da16a1ed5dc23b7830701afc01e6d7a37ee6d243f536ee4dc9ecd96,/home/user/xyren/AllFSPT/runs/closed_cf_v09_source,/home/xingyu/FSPT_AHSS/results/space_groups/sg5.json,5bdae19fd19a761452ec5c55a8a8d4e5567de5d477f40b52afc7579728f6bf4b,,[]
6,computed,computed,[0],Z,[2],Z2,"[2,2]",(Z2)^2,"[2,2]",(Z2)^2,computed,"[0,4,8]",Z + Z4 + Z8,not-needed,,1,primitive surviving H1 lattice and actual complete defining towers,True,2,[[2]],"[[0,2]]",True,universal-2H-survival-and-complete-joint-parity-kernel,"[2,0]",explicit-universal-pullback-or-comparison-homotopy-primitive,False,full-3+1D-spin-half-affine-stacking,p+ip-zero-three-layer-extension,native-vectors-plus-explicit-comparison-homotopy-recipes,False,stacking-with-generator-relations,21000,25347,4347,26.193429231643677,2026-09-26T17:39:27.789775+00:00,2026-09-26T17:39:53.983211+00:00,"[{""cpu_ms"":19929,""stage"":""cohomology""},{""cpu_ms"":19982,""stage"":""primary_cf""},{""cpu_ms"":20298,""stage"":""primary_mc_and_bos""},{""cpu_ms"":20361,""stage"":""incoming_mc""},{""cpu_ms"":20433,""stage"":""secondary_bos""},{""cpu_ms"":20735,""stage"":""secondary_mc""},{""cpu_ms"":20735,""stage"":""pip""},{""cpu_ms"":20760,""stage"":""classification_end""},{""cpu_ms"":20772,""stage"":""free_pip_parity_candidates""},{""cpu_ms"":20772,""stage"":""free_pip_parity_1""},{""cpu_ms"":20793,""stage"":""free_pip_even_dihedral_pullback""},{""cpu_ms"":21000,""stage"":""free_pip_classification_end""},{""cpu_ms"":21487,""stage"":""stack_lift_D1""},{""cpu_ms"":21488,""stage"":""stack_lift_D2""},{""cpu_ms"":21491,""stage"":""stack_lift_C1""},{""cpu_ms"":21992,""stage"":""stack_lift_C2""},{""cpu_ms"":22024,""stage"":""stack_lift_B1""},{""cpu_ms"":23427,""stage"":""stack_relation_D1""},{""cpu_ms"":23427,""stage"":""stack_relation_D2""},{""cpu_ms"":23427,""stage"":""stack_relation_C1""},{""cpu_ms"":23686,""stage"":""stack_relation_C2""},{""cpu_ms"":23950,""stage"":""stack_relation_B1""}]","{""RL_ms"":234,""RP_ms"":8,""extension_ms"":339,""holonomy_ms"":43,""section_ms"":3}",physical-spin-half-det-sign-omega0,normalized-pip-aw-edge-transport-v2,3+1D-full-affine-associated-graded,full,"{""CrystCat"":""1.1.10"",""GAP"":""4.13.1"",""HAP"":""1.62"",""Polycyclic"":""2.16""}",9c16c0714da16a1ed5dc23b7830701afc01e6d7a37ee6d243f536ee4dc9ecd96,/home/user/xyren/AllFSPT/runs/closed_cf_v09_source,/home/xingyu/FSPT_AHSS/results/space_groups/sg6.json,12f17de8737529a569978ebecd25ff0e709847a47df4b2bce9dae1310f714757,,[]
7,computed,computed,"[0,2]",Z + Z2,"[2,2,2]",(Z2)^3,[2],Z2,[],0,computed,"[0,2,2,2,2,2]",Z + (Z2)^5,actual-phase-witness,actual-marked-torsion-square-with-cochain-gauges,1,primitive surviving H1 lattice and actual complete defining towers,True,1,[[1]],"[[0,1]]",True,universal-2H-survival-and-complete-joint-parity-kernel,"[2,0]",explicit-universal-pullback-or-comparison-homotopy-primitive,False,full-3+1D-spin-half-affine-stacking,p+ip-zero-three-layer-extension,native-vectors-plus-explicit-comparison-homotopy-recipes,False,stacking-with-generator-relations,29067,37649,8582,38.532739877700806,2026-09-26T17:39:19.656252+00:00,2026-09-26T17:39:58.188998+00:00,"[{""cpu_ms"":24434,""stage"":""cohomology""},{""cpu_ms"":24484,""stage"":""primary_cf""},{""cpu_ms"":24484,""stage"":""primary_mc_and_bos""},{""cpu_ms"":24484,""stage"":""incoming_mc""},{""cpu_ms"":24625,""stage"":""secondary_bos""},{""cpu_ms"":24626,""stage"":""secondary_mc""},{""cpu_ms"":24628,""stage"":""pip""},{""cpu_ms"":24659,""stage"":""pip_d3""},{""cpu_ms"":25438,""stage"":""classification_end""},{""cpu_ms"":25447,""stage"":""free_pip_parity_candidates""},{""cpu_ms"":25447,""stage"":""free_pip_parity_1""},{""cpu_ms"":25460,""stage"":""pip_d3""},{""cpu_ms"":25604,""stage"":""free_pip_surviving_phase_lift""},{""cpu_ms"":29067,""stage"":""free_pip_classification_end""},{""cpu_ms"":29606,""stage"":""stack_lift_C1""},{""cpu_ms"":29678,""stage"":""stack_lift_B1""},{""cpu_ms"":30889,""stage"":""stack_lift_B2""},{""cpu_ms"":31840,""stage"":""stack_lift_B3""},{""cpu_ms"":33381,""stage"":""stack_relation_C1""},{""cpu_ms"":33840,""stage"":""stack_relation_B1""},{""cpu_ms"":34331,""stage"":""stack_relation_B2""},{""cpu_ms"":34827,""stage"":""stack_relation_B3""},{""cpu_ms"":35321,""stage"":""stack_pip_C4_pullback""},{""cpu_ms"":35321,""stage"":""stack_pip_square""}]","{""RL_ms"":235,""RP_ms"":7,""extension_ms"":414,""holonomy_ms"":40,""section_ms"":4}",physical-spin-half-det-sign-omega0,normalized-pip-aw-edge-transport-v2,3+1D-full-affine-associated-graded,full,"{""CrystCat"":""1.1.10"",""GAP"":""4.13.1"",""HAP"":""1.62"",""Polycyclic"":""2.16""}",9c16c0714da16a1ed5dc23b7830701afc01e6d7a37ee6d243f536ee4dc9ecd96,/home/user/xyren/AllFSPT/runs/closed_cf_v09_source,/home/xingyu/FSPT_AHSS/results/space_groups/sg7.json,f741dbaad799ac2425da982122cd625633f2444d45a9dd8ffdc81c7c4457b135,,[]
8,computed,computed,[0],Z,[2],Z2,[2],Z2,[2],Z2,computed,"[0,2,4]",Z + Z2 + Z4,not-needed,,1,primitive surviving H1 lattice and actual complete defining towers,True,1,[[1]],"[[1,1]]",True,universal-2H-survival-and-complete-joint-parity-kernel,"[2,0]",explicit-universal-pullback-or-comparison-homotopy-primitive,False,full-3+1D-spin-half-affine-stacking,p+ip-zero-three-layer-extension,native-vectors-plus-explicit-comparison-homotopy-recipes,False,stacking-with-generator-relations,24226,26280,2054,26.982823371887207,2026-09-26T17:39:27.715594+00:00,2026-09-26T17:39:54.698425+00:00,"[{""cpu_ms"":21146,""stage"":""cohomology""},{""cpu_ms"":21195,""stage"":""primary_cf""},{""cpu_ms"":21465,""stage"":""primary_mc_and_bos""},{""cpu_ms"":21515,""stage"":""incoming_mc""},{""cpu_ms"":21575,""stage"":""secondary_bos""},{""cpu_ms"":21842,""stage"":""secondary_mc""},{""cpu_ms"":21842,""stage"":""pip""},{""cpu_ms"":21864,""stage"":""classification_end""},{""cpu_ms"":21881,""stage"":""free_pip_parity_candidates""},{""cpu_ms"":21881,""stage"":""free_pip_parity_1""},{""cpu_ms"":21901,""stage"":""pip_d3""},{""cpu_ms"":22038,""stage"":""free_pip_surviving_phase_lift""},{""cpu_ms"":24226,""stage"":""free_pip_classification_end""},{""cpu_ms"":24691,""stage"":""stack_lift_D1""},{""cpu_ms"":24692,""stage"":""stack_lift_C1""},{""cpu_ms"":24711,""stage"":""stack_lift_B1""},{""cpu_ms"":25577,""stage"":""stack_relation_D1""},{""cpu_ms"":25577,""stage"":""stack_relation_C1""},{""cpu_ms"":25842,""stage"":""stack_relation_B1""}]","{""RL_ms"":227,""RP_ms"":7,""extension_ms"":298,""holonomy_ms"":48,""section_ms"":3}",physical-spin-half-det-sign-omega0,normalized-pip-aw-edge-transport-v2,3+1D-full-affine-associated-graded,full,"{""CrystCat"":""1.1.10"",""GAP"":""4.13.1"",""HAP"":""1.62"",""Polycyclic"":""2.16""}",9c16c0714da16a1ed5dc23b7830701afc01e6d7a37ee6d243f536ee4dc9ecd96,/home/user/xyren/AllFSPT/runs/closed_cf_v09_source,/home/xingyu/FSPT_AHSS/results/space_groups/sg8.json,0e804e5d8ed46fd774dc1640e5570024b67f3c61515be267454c7f77e8226fcc,,[]
9,computed,computed,"[0,2]",Z + Z2,"[2,2]",(Z2)^2,[2],Z2,[],0,computed,"[0,2,2,2,2]",Z + (Z2)^4,actual-phase-witness,actual-marked-torsion-square-with-cochain-gauges,1,primitive surviving H1 lattice and actual complete defining towers,True,1,[[1]],"[[0,1]]",True,universal-2H-survival-and-complete-joint-parity-kernel,"[2,0]",explicit-universal-pullback-or-comparison-homotopy-primitive,False,full-3+1D-spin-half-affine-stacking,p+ip-zero-three-layer-extension,native-vectors-plus-explicit-comparison-homotopy-recipes,False,stacking-with-generator-relations,23501,29868,6367,30.75630235671997,2026-09-26T17:39:41.617611+00:00,2026-09-26T17:40:12.373919+00:00,"[{""cpu_ms"":19009,""stage"":""cohomology""},{""cpu_ms"":19061,""stage"":""primary_cf""},{""cpu_ms"":19061,""stage"":""primary_mc_and_bos""},{""cpu_ms"":19061,""stage"":""incoming_mc""},{""cpu_ms"":19142,""stage"":""secondary_bos""},{""cpu_ms"":19142,""stage"":""secondary_mc""},{""cpu_ms"":19146,""stage"":""pip""},{""cpu_ms"":19166,""stage"":""pip_d3""},{""cpu_ms"":19607,""stage"":""classification_end""},{""cpu_ms"":19616,""stage"":""free_pip_parity_candidates""},{""cpu_ms"":19616,""stage"":""free_pip_parity_1""},{""cpu_ms"":19632,""stage"":""pip_d3""},{""cpu_ms"":19768,""stage"":""free_pip_surviving_phase_lift""},{""cpu_ms"":23501,""stage"":""free_pip_classification_end""},{""cpu_ms"":23972,""stage"":""stack_lift_C1""},{""cpu_ms"":24017,""stage"":""stack_lift_B1""},{""cpu_ms"":24964,""stage"":""stack_lift_B2""},{""cpu_ms"":26280,""stage"":""stack_relation_C1""},{""cpu_ms"":26740,""stage"":""stack_relation_B1""},{""cpu_ms"":27225,""stage"":""stack_relation_B2""},{""cpu_ms"":27706,""stage"":""stack_pip_C4_pullback""},{""cpu_ms"":27706,""stage"":""stack_pip_square""}]","{""RL_ms"":235,""RP_ms"":8,""extension_ms"":385,""holonomy_ms"":35,""section_ms"":3}",physical-spin-half-det-sign-omega0,normalized-pip-aw-edge-transport-v2,3+1D-full-affine-associated-graded,full,"{""CrystCat"":""1.1.10"",""GAP"":""4.13.1"",""HAP"":""1.62"",""Polycyclic"":""2.16""}",9c16c0714da16a1ed5dc23b7830701afc01e6d7a37ee6d243f536ee4dc9ecd96,/home/user/xyren/AllFSPT/runs/closed_cf_v09_source,/home/xingyu/FSPT_AHSS/results/space_groups/sg9.json,845a6ab20e7e62c64619197f6eccb6aa157c179a3d856c87151fb38152f0b95a,,[]
10,computed,computed,[0],Z,[],0,"[2,2,2,2,2]",(Z2)^5,"[2,2,2,2,2,2]",(Z2)^6,computed,"[0,2,4,4,4,4,4]",Z + Z2 + (Z4)^5,not-needed,,1,primitive surviving H1 lattice and actual complete defining towers,True,2,[[2]],"[[0,2]]",True,universal-2H-survival-and-complete-joint-parity-kernel,"[2,0]",explicit-universal-pullback-or-comparison-homotopy-primitive,False,full-3+1D-spin-half-affine-stacking,p+ip-zero-three-layer-extension,native-vectors-plus-explicit-comparison-homotopy-recipes,False,stacking-with-generator-relations,22764,23272,508,24.0169620513916,2026-09-26T17:40:07.590183+00:00,2026-09-26T17:40:31.607151+00:00,"[{""cpu_ms"":20236,""stage"":""cohomology""},{""cpu_ms"":20537,""stage"":""primary_cf""},{""cpu_ms"":21841,""stage"":""primary_mc_and_bos""},{""cpu_ms"":22141,""stage"":""incoming_mc""},{""cpu_ms"":22341,""stage"":""secondary_bos""},{""cpu_ms"":22395,""stage"":""secondary_mc""},{""cpu_ms"":22395,""stage"":""pip""},{""cpu_ms"":22436,""stage"":""classification_end""},{""cpu_ms"":22444,""stage"":""free_pip_parity_candidates""},{""cpu_ms"":22444,""stage"":""free_pip_parity_1""},{""cpu_ms"":22496,""stage"":""free_pip_even_dihedral_pullback""},{""cpu_ms"":22764,""stage"":""free_pip_classification_end""},{""cpu_ms"":23244,""stage"":""stack_native_CF1""},{""cpu_ms"":23254,""stage"":""stack_native_CF2""},{""cpu_ms"":23256,""stage"":""stack_native_CF3""},{""cpu_ms"":23258,""stage"":""stack_native_CF4""},{""cpu_ms"":23260,""stage"":""stack_native_CF5""}]","{""RL_ms"":230,""RP_ms"":54,""extension_ms"":1143,""holonomy_ms"":65,""section_ms"":6}",physical-spin-half-det-sign-omega0,normalized-pip-aw-edge-transport-v2,3+1D-full-affine-associated-graded,full,"{""CrystCat"":""1.1.10"",""GAP"":""4.13.1"",""HAP"":""1.62"",""Polycyclic"":""2.16""}",9c16c0714da16a1ed5dc23b7830701afc01e6d7a37ee6d243f536ee4dc9ecd96,/home/user/xyren/AllFSPT/runs/closed_cf_v09_source,/home/xingyu/FSPT_AHSS/results/space_groups/sg10.json,f7a2188d5a92dd361e7851f2befdb12ae50013086789d09fe174e8514b3c9152,,[]
11,computed,computed,[0],Z,[],0,"[2,2]",(Z2)^2,[2],Z2,computed,"[0,2,4]",Z + Z2 + Z4,not-needed,,1,primitive surviving H1 lattice and actual complete defining towers,True,2,[[2]],"[[0,2]]",True,universal-2H-survival-and-complete-joint-parity-kernel,"[2,0]",explicit-universal-pullback-or-comparison-homotopy-primitive,False,full-3+1D-spin-half-affine-stacking,p+ip-zero-three-layer-extension,native-vectors-plus-explicit-comparison-homotopy-recipes,False,stacking-with-generator-relations,25383,25873,490,26.61225128173828,2026-09-26T17:39:30.819734+00:00,2026-09-26T17:39:57.431991+00:00,"[{""cpu_ms"":20502,""stage"":""cohomology""},{""cpu_ms"":20699,""stage"":""primary_cf""},{""cpu_ms"":22973,""stage"":""primary_mc_and_bos""},{""cpu_ms"":23343,""stage"":""incoming_mc""},{""cpu_ms"":23546,""stage"":""secondary_bos""},{""cpu_ms"":23552,""stage"":""secondary_mc""},{""cpu_ms"":23552,""stage"":""pip""},{""cpu_ms"":23600,""stage"":""classification_end""},{""cpu_ms"":23608,""stage"":""free_pip_parity_candidates""},{""cpu_ms"":23608,""stage"":""free_pip_parity_1""},{""cpu_ms"":23675,""stage"":""free_pip_even_dihedral_pullback""},{""cpu_ms"":25383,""stage"":""free_pip_classification_end""},{""cpu_ms"":25859,""stage"":""stack_native_CF1""},{""cpu_ms"":25870,""stage"":""stack_native_CF2""}]","{""RL_ms"":237,""RP_ms"":57,""extension_ms"":1509,""holonomy_ms"":66,""section_ms"":6}",physical-spin-half-det-sign-omega0,normalized-pip-aw-edge-transport-v2,3+1D-full-affine-associated-graded,full,"{""CrystCat"":""1.1.10"",""GAP"":""4.13.1"",""HAP"":""1.62"",""Polycyclic"":""2.16""}",9c16c0714da16a1ed5dc23b7830701afc01e6d7a37ee6d243f536ee4dc9ecd96,/home/user/xyren/AllFSPT/runs/closed_cf_v09_source,/home/xingyu/FSPT_AHSS/results/space_groups/sg11.json,c45f7b38735cc89a5062b2b4491ebbe5ea6d64601fdcddb29aa7c0890c29fd48,,[]
12,computed,computed,[0],Z,[],0,"[2,2,2]",(Z2)^3,"[2,2,2]",(Z2)^3,computed,"[0,2,2,4,4]",Z + (Z2)^2 + (Z4)^2,not-needed,,1,primitive surviving H1 lattice and actual complete defining towers,True,2,[[2]],"[[0,2]]",True,universal-2H-survival-and-complete-joint-parity-kernel,"[2,0]",explicit-universal-pullback-or-comparison-homotopy-primitive,False,full-3+1D-spin-half-affine-stacking,p+ip-zero-three-layer-extension,native-vectors-plus-explicit-comparison-homotopy-recipes,False,stacking-with-generator-relations,22491,22988,497,23.71922779083252,2026-09-26T17:39:56.521788+00:00,2026-09-26T17:40:20.241021+00:00,"[{""cpu_ms"":19801,""stage"":""cohomology""},{""cpu_ms"":20025,""stage"":""primary_cf""},{""cpu_ms"":21246,""stage"":""primary_mc_and_bos""},{""cpu_ms"":21523,""stage"":""incoming_mc""},{""cpu_ms"":21705,""stage"":""secondary_bos""},{""cpu_ms"":21723,""stage"":""secondary_mc""},{""cpu_ms"":21724,""stage"":""pip""},{""cpu_ms"":21764,""stage"":""classification_end""},{""cpu_ms"":21773,""stage"":""free_pip_parity_candidates""},{""cpu_ms"":21773,""stage"":""free_pip_parity_1""},{""cpu_ms"":21826,""stage"":""free_pip_even_dihedral_pullback""},{""cpu_ms"":22491,""stage"":""free_pip_classification_end""},{""cpu_ms"":22970,""stage"":""stack_native_CF1""},{""cpu_ms"":22980,""stage"":""stack_native_CF2""},{""cpu_ms"":22982,""stage"":""stack_native_CF3""}]","{""RL_ms"":231,""RP_ms"":53,""extension_ms"":1127,""holonomy_ms"":62,""section_ms"":6}",physical-spin-half-det-sign-omega0,normalized-pip-aw-edge-transport-v2,3+1D-full-affine-associated-graded,full,"{""CrystCat"":""1.1.10"",""GAP"":""4.13.1"",""HAP"":""1.62"",""Polycyclic"":""2.16""}",9c16c0714da16a1ed5dc23b7830701afc01e6d7a37ee6d243f536ee4dc9ecd96,/home/user/xyren/AllFSPT/runs/closed_cf_v09_source,/home/xingyu/FSPT_AHSS/results/space_groups/sg12.json,a3f860ae6007fc2075b41b2fc8285327f523646a07553adc5713afb230e15640,,[]
13,computed,computed,[0],Z,[2],Z2,"[2,2,2]",(Z2)^3,"[2,2]",(Z2)^2,computed,"[0,2,4,8]",Z + Z2 + Z4 + Z8,not-needed,,1,primitive surviving H1 lattice and actual complete defining towers,True,2,[[2]],"[[0,2]]",True,universal-2H-survival-and-complete-joint-parity-kernel,"[2,0]",explicit-universal-pullback-or-comparison-homotopy-primitive,False,full-3+1D-spin-half-affine-stacking,p+ip-zero-three-layer-extension,native-vectors-plus-explicit-comparison-homotopy-recipes,False,stacking-with-generator-relations,24733,77743,53010,83.73652625083923,2026-09-26T17:36:54.617710+00:00,2026-09-26T17:38:18.354244+00:00,"[{""cpu_ms"":20845,""stage"":""cohomology""},{""cpu_ms"":21037,""stage"":""primary_cf""},{""cpu_ms"":22691,""stage"":""primary_mc_and_bos""},{""cpu_ms"":22939,""stage"":""incoming_mc""},{""cpu_ms"":23142,""stage"":""secondary_bos""},{""cpu_ms"":24375,""stage"":""secondary_mc""},{""cpu_ms"":24375,""stage"":""pip""},{""cpu_ms"":24418,""stage"":""classification_end""},{""cpu_ms"":24432,""stage"":""free_pip_parity_candidates""},{""cpu_ms"":24432,""stage"":""free_pip_parity_1""},{""cpu_ms"":24492,""stage"":""free_pip_even_dihedral_pullback""},{""cpu_ms"":24733,""stage"":""free_pip_classification_end""},{""cpu_ms"":25208,""stage"":""stack_lift_D1""},{""cpu_ms"":25209,""stage"":""stack_lift_D2""},{""cpu_ms"":25210,""stage"":""stack_lift_C1""},{""cpu_ms"":26700,""stage"":""stack_lift_C2""},{""cpu_ms"":27059,""stage"":""stack_lift_C3""},{""cpu_ms"":27306,""stage"":""stack_lift_B1""},{""cpu_ms"":38775,""stage"":""stack_relation_D1""},{""cpu_ms"":38775,""stage"":""stack_relation_D2""},{""cpu_ms"":38775,""stage"":""stack_relation_C1""},{""cpu_ms"":53040,""stage"":""stack_relation_C2""},{""cpu_ms"":54600,""stage"":""stack_relation_C3""},{""cpu_ms"":56129,""stage"":""stack_relation_B1""}]","{""RL_ms"":237,""RP_ms"":52,""extension_ms"":1385,""holonomy_ms"":66,""section_ms"":6}",physical-spin-half-det-sign-omega0,normalized-pip-aw-edge-transport-v2,3+1D-full-affine-associated-graded,full,"{""CrystCat"":""1.1.10"",""GAP"":""4.13.1"",""HAP"":""1.62"",""Polycyclic"":""2.16""}",9c16c0714da16a1ed5dc23b7830701afc01e6d7a37ee6d243f536ee4dc9ecd96,/home/user/xyren/AllFSPT/runs/closed_cf_v09_source,/home/xingyu/FSPT_AHSS/results/space_groups/sg13.json,8478105e675ba93ef3f06212eddf1ccc5c219f6503cb2da9e8d8861e0ca8859f,,[]
14,computed,computed,[0],Z,[2],Z2,"[2,2]",(Z2)^2,[2],Z2,computed,"[0,2,2,2,2]",Z + (Z2)^4,not-needed,,1,primitive surviving H1 lattice and actual complete defining towers,True,1,[[1]],"[[0,1]]",True,universal-2H-survival-and-complete-joint-parity-kernel,"[2,0]",explicit-universal-pullback-or-comparison-homotopy-primitive,False,full-3+1D-spin-half-affine-stacking,p+ip-zero-three-layer-extension,native-vectors-plus-explicit-comparison-homotopy-recipes,False,stacking-with-generator-relations,62974,90442,27468,96.36436033248901,2026-09-26T17:37:00.047955+00:00,2026-09-26T17:38:36.412322+00:00,"[{""cpu_ms"":21720,""stage"":""cohomology""},{""cpu_ms"":21906,""stage"":""primary_cf""},{""cpu_ms"":21906,""stage"":""primary_mc_and_bos""},{""cpu_ms"":23436,""stage"":""incoming_mc""},{""cpu_ms"":23641,""stage"":""secondary_bos""},{""cpu_ms"":25841,""stage"":""secondary_mc""},{""cpu_ms"":25842,""stage"":""pip""},{""cpu_ms"":25893,""stage"":""classification_end""},{""cpu_ms"":25902,""stage"":""free_pip_parity_candidates""},{""cpu_ms"":25902,""stage"":""free_pip_parity_1""},{""cpu_ms"":25939,""stage"":""pip_d3""},{""cpu_ms"":26752,""stage"":""free_pip_surviving_phase_lift""},{""cpu_ms"":62974,""stage"":""free_pip_classification_end""},{""cpu_ms"":63454,""stage"":""stack_lift_D1""},{""cpu_ms"":63455,""stage"":""stack_lift_C1""},{""cpu_ms"":63963,""stage"":""stack_lift_C2""},{""cpu_ms"":64484,""stage"":""stack_lift_B1""},{""cpu_ms"":79719,""stage"":""stack_relation_D1""},{""cpu_ms"":79719,""stage"":""stack_relation_C1""},{""cpu_ms"":82303,""stage"":""stack_relation_C2""},{""cpu_ms"":84837,""stage"":""stack_relation_B1""}]","{""RL_ms"":231,""RP_ms"":52,""extension_ms"":1781,""holonomy_ms"":66,""section_ms"":6}",physical-spin-half-det-sign-omega0,normalized-pip-aw-edge-transport-v2,3+1D-full-affine-associated-graded,full,"{""CrystCat"":""1.1.10"",""GAP"":""4.13.1"",""HAP"":""1.62"",""Polycyclic"":""2.16""}",9c16c0714da16a1ed5dc23b7830701afc01e6d7a37ee6d243f536ee4dc9ecd96,/home/user/xyren/AllFSPT/runs/closed_cf_v09_source,/home/xingyu/FSPT_AHSS/results/space_groups/sg14.json,0773a4740dd0564d26bfdd9e860608db23c82b024a17e3338e02d4326f10536d,,[]
15,computed,computed,[0],Z,[],0,"[2,2,2]",(Z2)^3,[2],Z2,computed,"[0,2,2,4]",Z + (Z2)^2 + Z4,not-needed,,1,primitive surviving H1 lattice and actual complete defining towers,True,2,[[2]],"[[0,2]]",True,universal-2H-survival-and-complete-joint-parity-kernel,"[2,0]",explicit-universal-pullback-or-comparison-homotopy-primitive,False,full-3+1D-spin-half-affine-stacking,p+ip-zero-three-layer-extension,native-vectors-plus-explicit-comparison-homotopy-recipes,False,stacking-with-generator-relations,24343,24827,484,25.55024003982544,2026-09-26T17:39:59.196878+00:00,2026-09-26T17:40:24.747125+00:00,"[{""cpu_ms"":20153,""stage"":""cohomology""},{""cpu_ms"":20350,""stage"":""primary_cf""},{""cpu_ms"":22034,""stage"":""primary_mc_and_bos""},{""cpu_ms"":22358,""stage"":""incoming_mc""},{""cpu_ms"":22525,""stage"":""secondary_bos""},{""cpu_ms"":23726,""stage"":""secondary_mc""},{""cpu_ms"":23726,""stage"":""pip""},{""cpu_ms"":23780,""stage"":""classification_end""},{""cpu_ms"":23788,""stage"":""free_pip_parity_candidates""},{""cpu_ms"":23788,""stage"":""free_pip_parity_1""},{""cpu_ms"":23848,""stage"":""free_pip_even_dihedral_pullback""},{""cpu_ms"":24343,""stage"":""free_pip_classification_end""},{""cpu_ms"":24810,""stage"":""stack_native_CF1""},{""cpu_ms"":24820,""stage"":""stack_native_CF2""},{""cpu_ms"":24822,""stage"":""stack_native_CF3""}]","{""RL_ms"":230,""RP_ms"":53,""extension_ms"":1353,""holonomy_ms"":62,""section_ms"":6}",physical-spin-half-det-sign-omega0,normalized-pip-aw-edge-transport-v2,3+1D-full-affine-associated-graded,full,"{""CrystCat"":""1.1.10"",""GAP"":""4.13.1"",""HAP"":""1.62"",""Polycyclic"":""2.16""}",9c16c0714da16a1ed5dc23b7830701afc01e6d7a37ee6d243f536ee4dc9ecd96,/home/user/xyren/AllFSPT/runs/closed_cf_v09_source,/home/xingyu/FSPT_AHSS/results/space_groups/sg15.json,7bd7c0f5b413a043c30a4bcab62b8f6a55d834ebd6fdd0849090782662c6e7f7,,[]
16,computed,computed,[],0,[],0,[],0,"[2,2,2,2,2,2,2,2,2,2,2,2,2,2,2,2]",(Z2)^16,computed,"[2,2,2,2,2,2,2,2,2,2,2,2,2,2,2,2]",(Z2)^16,not-needed,,0,no free p+ip factor,,,,,,,,,,full-3+1D-spin-half-affine-stacking,p+ip-zero-three-layer-extension,native-vectors-plus-explicit-comparison-homotopy-recipes,False,stacking-with-generator-relations,23989,24510,521,25.25193738937378,2026-09-26T17:40:01.214500+00:00,2026-09-26T17:40:26.466444+00:00,"[{""cpu_ms"":20180,""stage"":""cohomology""},{""cpu_ms"":20472,""stage"":""primary_cf""},{""cpu_ms"":21747,""stage"":""primary_mc_and_bos""},{""cpu_ms"":22009,""stage"":""incoming_mc""},{""cpu_ms"":22193,""stage"":""secondary_bos""},{""cpu_ms"":23977,""stage"":""secondary_mc""},{""cpu_ms"":23977,""stage"":""pip""},{""cpu_ms"":23989,""stage"":""classification_end""}]","{""RL_ms"":229,""RP_ms"":53,""extension_ms"":1141,""holonomy_ms"":65,""section_ms"":6}",physical-spin-half-det-sign-omega0,normalized-pip-aw-edge-transport-v2,3+1D-full-affine-associated-graded,full,"{""CrystCat"":""1.1.10"",""GAP"":""4.13.1"",""HAP"":""1.62"",""Polycyclic"":""2.16""}",9c16c0714da16a1ed5dc23b7830701afc01e6d7a37ee6d243f536ee4dc9ecd96,/home/user/xyren/AllFSPT/runs/closed_cf_v09_source,/home/xingyu/FSPT_AHSS/results/space_groups/sg16.json,3094a9d013a478bbf9b9980c15fdfd3971b22c7d91460c76694ea0d0af4ecd72,,[]
17,computed,computed,[],0,"[2,2,2]",(Z2)^3,"[2,2,2,2]",(Z2)^4,"[2,2,2,2]",(Z2)^4,computed,"[4,8,8,8]",Z4 + (Z8)^3,not-needed,,0,no free p+ip factor,,,,,,,,,,full-3+1D-spin-half-affine-stacking,p+ip-zero-three-layer-extension,native-vectors-plus-explicit-comparison-homotopy-recipes,False,stacking-with-generator-relations,25588,87354,61766,94.61057019233704,2026-09-26T17:37:05.662504+00:00,2026-09-26T17:38:40.273082+00:00,"[{""cpu_ms"":20540,""stage"":""cohomology""},{""cpu_ms"":20723,""stage"":""primary_cf""},{""cpu_ms"":22614,""stage"":""primary_mc_and_bos""},{""cpu_ms"":22834,""stage"":""incoming_mc""},{""cpu_ms"":23025,""stage"":""secondary_bos""},{""cpu_ms"":25566,""stage"":""secondary_mc""},{""cpu_ms"":25568,""stage"":""pip""},{""cpu_ms"":25588,""stage"":""classification_end""},{""cpu_ms"":26311,""stage"":""stack_lift_D1""},{""cpu_ms"":26313,""stage"":""stack_lift_D2""},{""cpu_ms"":26315,""stage"":""stack_lift_D3""},{""cpu_ms"":26317,""stage"":""stack_lift_D4""},{""cpu_ms"":26319,""stage"":""stack_lift_C1""},{""cpu_ms"":28185,""stage"":""stack_lift_C2""},{""cpu_ms"":28431,""stage"":""stack_lift_C3""},{""cpu_ms"":28765,""stage"":""stack_lift_C4""},{""cpu_ms"":29082,""stage"":""stack_lift_B1""},{""cpu_ms"":34772,""stage"":""stack_lift_B2""},{""cpu_ms"":39719,""stage"":""stack_lift_B3""},{""cpu_ms"":51355,""stage"":""stack_relation_D1""},{""cpu_ms"":51355,""stage"":""stack_relation_D2""},{""cpu_ms"":51355,""stage"":""stack_relation_D3""},{""cpu_ms"":51355,""stage"":""stack_relation_D4""},{""cpu_ms"":51355,""stage"":""stack_relation_C1""},{""cpu_ms"":53087,""stage"":""stack_relation_C2""},{""cpu_ms"":54760,""stage"":""stack_relation_C3""},{""cpu_ms"":56791,""stage"":""stack_relation_C4""},{""cpu_ms"":58389,""stage"":""stack_relation_B1""},{""cpu_ms"":65866,""stage"":""stack_relation_B2""},{""cpu_ms"":75785,""stage"":""stack_relation_B3""}]","{""RL_ms"":235,""RP_ms"":56,""extension_ms"":1417,""holonomy_ms"":67,""section_ms"":6}",physical-spin-half-det-sign-omega0,normalized-pip-aw-edge-transport-v2,3+1D-full-affine-associated-graded,full,"{""CrystCat"":""1.1.10"",""GAP"":""4.13.1"",""HAP"":""1.62"",""Polycyclic"":""2.16""}",9c16c0714da16a1ed5dc23b7830701afc01e6d7a37ee6d243f536ee4dc9ecd96,/home/user/xyren/AllFSPT/runs/closed_cf_v09_source,/home/xingyu/FSPT_AHSS/results/space_groups/sg17.json,e0b5e43062b107efad849fe9a82742f65189557bd1faec7d98a3d40d4f198c85,,[]
18,computed,computed,[],0,"[2,2]",(Z2)^2,"[2,2]",(Z2)^2,"[2,2]",(Z2)^2,computed,"[2,4,8]",Z2 + Z4 + Z8,not-needed,,0,no free p+ip factor,,,,,,,,,,full-3+1D-spin-half-affine-stacking,p+ip-zero-three-layer-extension,native-vectors-plus-explicit-comparison-homotopy-recipes,False,stacking-with-generator-relations,27628,83384,55756,89.7009425163269,2026-09-26T17:36:54.530135+00:00,2026-09-26T17:38:24.231102+00:00,"[{""cpu_ms"":21100,""stage"":""cohomology""},{""cpu_ms"":21272,""stage"":""primary_cf""},{""cpu_ms"":24096,""stage"":""primary_mc_and_bos""},{""cpu_ms"":24443,""stage"":""incoming_mc""},{""cpu_ms"":24632,""stage"":""secondary_bos""},{""cpu_ms"":27615,""stage"":""secondary_mc""},{""cpu_ms"":27616,""stage"":""pip""},{""cpu_ms"":27628,""stage"":""classification_end""},{""cpu_ms"":28109,""stage"":""stack_lift_D1""},{""cpu_ms"":28111,""stage"":""stack_lift_D2""},{""cpu_ms"":28112,""stage"":""stack_lift_C1""},{""cpu_ms"":31276,""stage"":""stack_lift_C2""},{""cpu_ms"":32619,""stage"":""stack_lift_B1""},{""cpu_ms"":45131,""stage"":""stack_lift_B2""},{""cpu_ms"":60701,""stage"":""stack_relation_D1""},{""cpu_ms"":60701,""stage"":""stack_relation_D2""},{""cpu_ms"":60701,""stage"":""stack_relation_C1""},{""cpu_ms"":63430,""stage"":""stack_relation_C2""},{""cpu_ms"":66507,""stage"":""stack_relation_B1""},{""cpu_ms"":78099,""stage"":""stack_relation_B2""}]","{""RL_ms"":240,""RP_ms"":57,""extension_ms"":1780,""holonomy_ms"":65,""section_ms"":7}",physical-spin-half-det-sign-omega0,normalized-pip-aw-edge-transport-v2,3+1D-full-affine-associated-graded,full,"{""CrystCat"":""1.1.10"",""GAP"":""4.13.1"",""HAP"":""1.62"",""Polycyclic"":""2.16""}",9c16c0714da16a1ed5dc23b7830701afc01e6d7a37ee6d243f536ee4dc9ecd96,/home/user/xyren/AllFSPT/runs/closed_cf_v09_source,/home/xingyu/FSPT_AHSS/results/space_groups/sg18.json,44dac8a227314069c8c9a13cdae4cec8672ff4b26982bd6e3c866dd7654bdc1f,,[]
19,computed,computed,[],0,"[2,2]",(Z2)^2,[2],Z2,[],0,computed,"[2,2,2]",(Z2)^3,not-needed,,0,no free p+ip factor,,,,,,,,,,full-3+1D-spin-half-affine-stacking,p+ip-zero-three-layer-extension,native-vectors-plus-explicit-comparison-homotopy-recipes,False,stacking-with-generator-relations,22599,103765,81166,110.6986083984375,2026-09-26T17:37:05.572216+00:00,2026-09-26T17:38:56.270831+00:00,"[{""cpu_ms"":22165,""stage"":""cohomology""},{""cpu_ms"":22331,""stage"":""primary_cf""},{""cpu_ms"":22331,""stage"":""primary_mc_and_bos""},{""cpu_ms"":22332,""stage"":""incoming_mc""},{""cpu_ms"":22586,""stage"":""secondary_bos""},{""cpu_ms"":22586,""stage"":""secondary_mc""},{""cpu_ms"":22587,""stage"":""pip""},{""cpu_ms"":22599,""stage"":""classification_end""},{""cpu_ms"":23209,""stage"":""stack_lift_C1""},{""cpu_ms"":35882,""stage"":""stack_lift_B1""},{""cpu_ms"":63595,""stage"":""stack_lift_B2""},{""cpu_ms"":87097,""stage"":""stack_relation_C1""},{""cpu_ms"":91979,""stage"":""stack_relation_B1""},{""cpu_ms"":96450,""stage"":""stack_relation_B2""}]","{""RL_ms"":235,""RP_ms"":57,""extension_ms"":2594,""holonomy_ms"":67,""section_ms"":6}",physical-spin-half-det-sign-omega0,normalized-pip-aw-edge-transport-v2,3+1D-full-affine-associated-graded,full,"{""CrystCat"":""1.1.10"",""GAP"":""4.13.1"",""HAP"":""1.62"",""Polycyclic"":""2.16""}",9c16c0714da16a1ed5dc23b7830701afc01e6d7a37ee6d243f536ee4dc9ecd96,/home/user/xyren/AllFSPT/runs/closed_cf_v09_source,/home/xingyu/FSPT_AHSS/results/space_groups/sg19.json,f4384472aea80592db2937266c4ef32f1f7c26886176a9e3eac94f4749319cfb,,[]
20,computed,computed,[],0,"[2,2]",(Z2)^2,"[2,2]",(Z2)^2,"[2,2]",(Z2)^2,computed,"[2,4,8]",Z2 + Z4 + Z8,not-needed,,0,no free p+ip factor,,,,,,,,,,full-3+1D-spin-half-affine-stacking,p+ip-zero-three-layer-extension,native-vectors-plus-explicit-comparison-homotopy-recipes,False,stacking-with-generator-relations,25457,66566,41109,73.96421766281128,2026-09-26T17:37:05.763163+00:00,2026-09-26T17:38:19.727388+00:00,"[{""cpu_ms"":20309,""stage"":""cohomology""},{""cpu_ms"":20483,""stage"":""primary_cf""},{""cpu_ms"":22825,""stage"":""primary_mc_and_bos""},{""cpu_ms"":23100,""stage"":""incoming_mc""},{""cpu_ms"":23264,""stage"":""secondary_bos""},{""cpu_ms"":25444,""stage"":""secondary_mc""},{""cpu_ms"":25445,""stage"":""pip""},{""cpu_ms"":25457,""stage"":""classification_end""},{""cpu_ms"":25956,""stage"":""stack_lift_D1""},{""cpu_ms"":25956,""stage"":""stack_lift_D2""},{""cpu_ms"":25958,""stage"":""stack_lift_C1""},{""cpu_ms"":28144,""stage"":""stack_lift_C2""},{""cpu_ms"":28476,""stage"":""stack_lift_B1""},{""cpu_ms"":36518,""stage"":""stack_lift_B2""},{""cpu_ms"":47054,""stage"":""stack_relation_D1""},{""cpu_ms"":47054,""stage"":""stack_relation_D2""},{""cpu_ms"":47054,""stage"":""stack_relation_C1""},{""cpu_ms"":49086,""stage"":""stack_relation_C2""},{""cpu_ms"":51078,""stage"":""stack_relation_B1""},{""cpu_ms"":53490,""stage"":""stack_relation_B2""}]","{""RL_ms"":236,""RP_ms"":58,""extension_ms"":1509,""holonomy_ms"":63,""section_ms"":6}",physical-spin-half-det-sign-omega0,normalized-pip-aw-edge-transport-v2,3+1D-full-affine-associated-graded,full,"{""CrystCat"":""1.1.10"",""GAP"":""4.13.1"",""HAP"":""1.62"",""Polycyclic"":""2.16""}",9c16c0714da16a1ed5dc23b7830701afc01e6d7a37ee6d243f536ee4dc9ecd96,/home/user/xyren/AllFSPT/runs/closed_cf_v09_source,/home/xingyu/FSPT_AHSS/results/space_groups/sg20.json,c95477828f6e3956658695c915c2ae1e7ce53a85466956c0f8ee898997e88fac,,[]
21,computed,computed,[],0,[2],Z2,[2],Z2,"[2,2,2,2,2,2,2,2,2]",(Z2)^9,computed,"[2,2,2,2,2,2,2,2,8]",(Z2)^8 + Z8,not-needed,,0,no free p+ip factor,,,,,,,,,,full-3+1D-spin-half-affine-stacking,p+ip-zero-three-layer-extension,native-vectors-plus-explicit-comparison-homotopy-recipes,False,stacking-with-generator-relations,23253,41055,17802,41.69194960594177,2026-09-26T17:39:11.418216+00:00,2026-09-26T17:39:53.110172+00:00,"[{""cpu_ms"":19399,""stage"":""cohomology""},{""cpu_ms"":19628,""stage"":""primary_cf""},{""cpu_ms"":21291,""stage"":""primary_mc_and_bos""},{""cpu_ms"":21594,""stage"":""incoming_mc""},{""cpu_ms"":21760,""stage"":""secondary_bos""},{""cpu_ms"":23240,""stage"":""secondary_mc""},{""cpu_ms"":23241,""stage"":""pip""},{""cpu_ms"":23253,""stage"":""classification_end""},{""cpu_ms"":23727,""stage"":""stack_lift_D1""},{""cpu_ms"":23728,""stage"":""stack_lift_D2""},{""cpu_ms"":23730,""stage"":""stack_lift_D3""},{""cpu_ms"":23731,""stage"":""stack_lift_D4""},{""cpu_ms"":23733,""stage"":""stack_lift_D5""},{""cpu_ms"":23734,""stage"":""stack_lift_D6""},{""cpu_ms"":23736,""stage"":""stack_lift_D7""},{""cpu_ms"":23737,""stage"":""stack_lift_D8""},{""cpu_ms"":23739,""stage"":""stack_lift_D9""},{""cpu_ms"":23740,""stage"":""stack_lift_C1""},{""cpu_ms"":24812,""stage"":""stack_lift_B1""},{""cpu_ms"":34200,""stage"":""stack_relation_D1""},{""cpu_ms"":34200,""stage"":""stack_relation_D2""},{""cpu_ms"":34200,""stage"":""stack_relation_D3""},{""cpu_ms"":34200,""stage"":""stack_relation_D4""},{""cpu_ms"":34200,""stage"":""stack_relation_D5""},{""cpu_ms"":34200,""stage"":""stack_relation_D6""},{""cpu_ms"":34200,""stage"":""stack_relation_D7""},{""cpu_ms"":34201,""stage"":""stack_relation_D8""},{""cpu_ms"":34201,""stage"":""stack_relation_D9""},{""cpu_ms"":34201,""stage"":""stack_relation_C1""},{""cpu_ms"":35393,""stage"":""stack_relation_B1""}]","{""RL_ms"":236,""RP_ms"":57,""extension_ms"":1152,""holonomy_ms"":63,""section_ms"":6}",physical-spin-half-det-sign-omega0,normalized-pip-aw-edge-transport-v2,3+1D-full-affine-associated-graded,full,"{""CrystCat"":""1.1.10"",""GAP"":""4.13.1"",""HAP"":""1.62"",""Polycyclic"":""2.16""}",9c16c0714da16a1ed5dc23b7830701afc01e6d7a37ee6d243f536ee4dc9ecd96,/home/user/xyren/AllFSPT/runs/closed_cf_v09_source,/home/xingyu/FSPT_AHSS/results/space_groups/sg21.json,32c62b4f2c0c702ba1307c9739b84f4a28b506e72fa91d47564a10af192a43e5,,[]
22,computed,computed,[],0,[2],Z2,[],0,"[2,2,2,2,2,2,2,2]",(Z2)^8,computed,"[2,2,2,2,2,2,2,2,2]",(Z2)^9,not-needed,,0,no free p+ip factor,,,,,,,,,,full-3+1D-spin-half-affine-stacking,p+ip-zero-three-layer-extension,native-vectors-plus-explicit-comparison-homotopy-recipes,False,stacking-with-generator-relations,29406,64881,35475,65.63395380973816,2026-09-26T17:38:26.995529+00:00,2026-09-26T17:39:32.629490+00:00,"[{""cpu_ms"":20527,""stage"":""cohomology""},{""cpu_ms"":20768,""stage"":""primary_cf""},{""cpu_ms"":24493,""stage"":""primary_mc_and_bos""},{""cpu_ms"":24985,""stage"":""incoming_mc""},{""cpu_ms"":25220,""stage"":""secondary_bos""},{""cpu_ms"":29393,""stage"":""secondary_mc""},{""cpu_ms"":29394,""stage"":""pip""},{""cpu_ms"":29406,""stage"":""classification_end""},{""cpu_ms"":29887,""stage"":""stack_lift_D1""},{""cpu_ms"":29889,""stage"":""stack_lift_D2""},{""cpu_ms"":29890,""stage"":""stack_lift_D3""},{""cpu_ms"":29892,""stage"":""stack_lift_D4""},{""cpu_ms"":29893,""stage"":""stack_lift_D5""},{""cpu_ms"":29895,""stage"":""stack_lift_D6""},{""cpu_ms"":29896,""stage"":""stack_lift_D7""},{""cpu_ms"":29898,""stage"":""stack_lift_D8""},{""cpu_ms"":29910,""stage"":""stack_lift_B1""},{""cpu_ms"":61209,""stage"":""stack_relation_D1""},{""cpu_ms"":61209,""stage"":""stack_relation_D2""},{""cpu_ms"":61210,""stage"":""stack_relation_D3""},{""cpu_ms"":61210,""stage"":""stack_relation_D4""},{""cpu_ms"":61210,""stage"":""stack_relation_D5""},{""cpu_ms"":61210,""stage"":""stack_relation_D6""},{""cpu_ms"":61210,""stage"":""stack_relation_D7""},{""cpu_ms"":61210,""stage"":""stack_relation_D8""},{""cpu_ms"":61210,""stage"":""stack_relation_B1""}]","{""RL_ms"":237,""RP_ms"":57,""extension_ms"":1669,""holonomy_ms"":68,""section_ms"":6}",physical-spin-half-det-sign-omega0,normalized-pip-aw-edge-transport-v2,3+1D-full-affine-associated-graded,full,"{""CrystCat"":""1.1.10"",""GAP"":""4.13.1"",""HAP"":""1.62"",""Polycyclic"":""2.16""}",9c16c0714da16a1ed5dc23b7830701afc01e6d7a37ee6d243f536ee4dc9ecd96,/home/user/xyren/AllFSPT/runs/closed_cf_v09_source,/home/xingyu/FSPT_AHSS/results/space_groups/sg22.json,71695daf4858a2e7e3bebbb77a3f8c02e20fe1bb273f52a1c219db399c3ab386,,[]
23,computed,computed,[],0,[],0,[],0,"[2,2,2,2,2,2,2,2]",(Z2)^8,computed,"[2,2,2,2,2,2,2,2]",(Z2)^8,not-needed,,0,no free p+ip factor,,,,,,,,,,full-3+1D-spin-half-affine-stacking,p+ip-zero-three-layer-extension,native-vectors-plus-explicit-comparison-homotopy-recipes,False,stacking-with-generator-relations,29961,30451,490,31.225595712661743,2026-09-26T17:39:37.587848+00:00,2026-09-26T17:40:08.813449+00:00,"[{""cpu_ms"":20682,""stage"":""cohomology""},{""cpu_ms"":20915,""stage"":""primary_cf""},{""cpu_ms"":24866,""stage"":""primary_mc_and_bos""},{""cpu_ms"":25757,""stage"":""incoming_mc""},{""cpu_ms"":25946,""stage"":""secondary_bos""},{""cpu_ms"":29948,""stage"":""secondary_mc""},{""cpu_ms"":29948,""stage"":""pip""},{""cpu_ms"":29961,""stage"":""classification_end""}]","{""RL_ms"":236,""RP_ms"":57,""extension_ms"":1923,""holonomy_ms"":68,""section_ms"":6}",physical-spin-half-det-sign-omega0,normalized-pip-aw-edge-transport-v2,3+1D-full-affine-associated-graded,full,"{""CrystCat"":""1.1.10"",""GAP"":""4.13.1"",""HAP"":""1.62"",""Polycyclic"":""2.16""}",9c16c0714da16a1ed5dc23b7830701afc01e6d7a37ee6d243f536ee4dc9ecd96,/home/user/xyren/AllFSPT/runs/closed_cf_v09_source,/home/xingyu/FSPT_AHSS/results/space_groups/sg23.json,e38d80ce237971cc53b77b9196e9bb7ebab800f3f6d25c5e4fd165d2d034c4c1,,[]
24,computed,computed,[],0,"[2,2]",(Z2)^2,"[2,2,2]",(Z2)^3,"[2,2,2]",(Z2)^3,computed,"[4,8,8]",Z4 + (Z8)^2,not-needed,,0,no free p+ip factor,,,,,,,,,,full-3+1D-spin-half-affine-stacking,p+ip-zero-three-layer-extension,native-vectors-plus-explicit-comparison-homotopy-recipes,False,stacking-with-generator-relations,43574,337394,293820,345.13383173942566,2026-09-26T17:37:05.064354+00:00,2026-09-26T17:42:50.198191+00:00,"[{""cpu_ms"":22430,""stage"":""cohomology""},{""cpu_ms"":22631,""stage"":""primary_cf""},{""cpu_ms"":33084,""stage"":""primary_mc_and_bos""},{""cpu_ms"":34016,""stage"":""incoming_mc""},{""cpu_ms"":34303,""stage"":""secondary_bos""},{""cpu_ms"":43560,""stage"":""secondary_mc""},{""cpu_ms"":43561,""stage"":""pip""},{""cpu_ms"":43574,""stage"":""classification_end""},{""cpu_ms"":44066,""stage"":""stack_lift_D1""},{""cpu_ms"":44067,""stage"":""stack_lift_D2""},{""cpu_ms"":44069,""stage"":""stack_lift_D3""},{""cpu_ms"":44070,""stage"":""stack_lift_C1""},{""cpu_ms"":66044,""stage"":""stack_lift_C2""},{""cpu_ms"":68397,""stage"":""stack_lift_C3""},{""cpu_ms"":71319,""stage"":""stack_lift_B1""},{""cpu_ms"":166739,""stage"":""stack_lift_B2""},{""cpu_ms"":235316,""stage"":""stack_relation_D1""},{""cpu_ms"":235316,""stage"":""stack_relation_D2""},{""cpu_ms"":235316,""stage"":""stack_relation_D3""},{""cpu_ms"":235316,""stage"":""stack_relation_C1""},{""cpu_ms"":242122,""stage"":""stack_relation_C2""},{""cpu_ms"":248711,""stage"":""stack_relation_C3""},{""cpu_ms"":255301,""stage"":""stack_relation_B1""},{""cpu_ms"":292394,""stage"":""stack_relation_B2""}]","{""RL_ms"":237,""RP_ms"":58,""extension_ms"":3610,""holonomy_ms"":69,""section_ms"":7}",physical-spin-half-det-sign-omega0,normalized-pip-aw-edge-transport-v2,3+1D-full-affine-associated-graded,full,"{""CrystCat"":""1.1.10"",""GAP"":""4.13.1"",""HAP"":""1.62"",""Polycyclic"":""2.16""}",9c16c0714da16a1ed5dc23b7830701afc01e6d7a37ee6d243f536ee4dc9ecd96,/home/user/xyren/AllFSPT/runs/closed_cf_v09_source,/home/xingyu/FSPT_AHSS/results/space_groups/sg24.json,0d8797e8cb39a89506adedfb882657e89a6086d26e5b86c94e3466b45e53c700,,[]
25,computed,computed,[],0,[],0,[],0,"[2,2,2,2,2,2,2,2]",(Z2)^8,computed,"[2,2,2,2,2,2,2,2]",(Z2)^8,not-needed,,0,no free p+ip factor,,,,,,,,,,full-3+1D-spin-half-affine-stacking,p+ip-zero-three-layer-extension,native-vectors-plus-explicit-comparison-homotopy-recipes,False,stacking-with-generator-relations,22501,22987,486,23.61237072944641,2026-09-26T17:40:19.290092+00:00,2026-09-26T17:40:42.902467+00:00,"[{""cpu_ms"":19730,""stage"":""cohomology""},{""cpu_ms"":20030,""stage"":""primary_cf""},{""cpu_ms"":21204,""stage"":""primary_mc_and_bos""},{""cpu_ms"":21453,""stage"":""incoming_mc""},{""cpu_ms"":21630,""stage"":""secondary_bos""},{""cpu_ms"":22463,""stage"":""secondary_mc""},{""cpu_ms"":22463,""stage"":""pip""},{""cpu_ms"":22501,""stage"":""classification_end""}]","{""RL_ms"":229,""RP_ms"":52,""extension_ms"":1095,""holonomy_ms"":68,""section_ms"":6}",physical-spin-half-det-sign-omega0,normalized-pip-aw-edge-transport-v2,3+1D-full-affine-associated-graded,full,"{""CrystCat"":""1.1.10"",""GAP"":""4.13.1"",""HAP"":""1.62"",""Polycyclic"":""2.16""}",9c16c0714da16a1ed5dc23b7830701afc01e6d7a37ee6d243f536ee4dc9ecd96,/home/user/xyren/AllFSPT/runs/closed_cf_v09_source,/home/xingyu/FSPT_AHSS/results/space_groups/sg25.json,1676eb21573b1d21f0cf4878601397b069a0637a6789f8cd94631b1427b65d2a,,[]
26,computed,computed,[],0,[2],Z2,[2],Z2,[],0,computed,"[2,2]",(Z2)^2,not-needed,,0,no free p+ip factor,,,,,,,,,,full-3+1D-spin-half-affine-stacking,p+ip-zero-three-layer-extension,native-vectors-plus-explicit-comparison-homotopy-recipes,False,stacking-with-generator-relations,23853,51510,27657,52.255834341049194,2026-09-26T17:38:42.099686+00:00,2026-09-26T17:39:34.355528+00:00,"[{""cpu_ms"":21727,""stage"":""cohomology""},{""cpu_ms"":21928,""stage"":""primary_cf""},{""cpu_ms"":23406,""stage"":""primary_mc_and_bos""},{""cpu_ms"":23618,""stage"":""incoming_mc""},{""cpu_ms"":23803,""stage"":""secondary_bos""},{""cpu_ms"":23806,""stage"":""secondary_mc""},{""cpu_ms"":23806,""stage"":""pip""},{""cpu_ms"":23853,""stage"":""classification_end""},{""cpu_ms"":24332,""stage"":""stack_lift_C1""},{""cpu_ms"":26810,""stage"":""stack_lift_B1""},{""cpu_ms"":37926,""stage"":""stack_relation_C1""},{""cpu_ms"":43518,""stage"":""stack_relation_B1""}]","{""RL_ms"":230,""RP_ms"":53,""extension_ms"":1290,""holonomy_ms"":66,""section_ms"":7}",physical-spin-half-det-sign-omega0,normalized-pip-aw-edge-transport-v2,3+1D-full-affine-associated-graded,full,"{""CrystCat"":""1.1.10"",""GAP"":""4.13.1"",""HAP"":""1.62"",""Polycyclic"":""2.16""}",9c16c0714da16a1ed5dc23b7830701afc01e6d7a37ee6d243f536ee4dc9ecd96,/home/user/xyren/AllFSPT/runs/closed_cf_v09_source,/home/xingyu/FSPT_AHSS/results/space_groups/sg26.json,16858c3054db219a2850fa2c6da064e82b32787917607137d545b4828878a57b,,[]
27,computed,computed,[2],Z2,"[2,2,2]",(Z2)^3,[2],Z2,[],0,computed,"[2,2,2,2,2]",(Z2)^5,actual-phase-witness,actual-marked-torsion-square-with-cochain-gauges,0,no free p+ip factor,,,,,,,,,,full-3+1D-spin-half-affine-stacking,p+ip-zero-three-layer-extension,native-vectors-plus-explicit-comparison-homotopy-recipes,False,stacking-with-generator-relations,24454,89724,65270,95.22077798843384,2026-09-26T17:37:06.763923+00:00,2026-09-26T17:38:41.984708+00:00,"[{""cpu_ms"":20793,""stage"":""cohomology""},{""cpu_ms"":20984,""stage"":""primary_cf""},{""cpu_ms"":22711,""stage"":""primary_mc_and_bos""},{""cpu_ms"":22944,""stage"":""incoming_mc""},{""cpu_ms"":23115,""stage"":""secondary_bos""},{""cpu_ms"":23118,""stage"":""secondary_mc""},{""cpu_ms"":23120,""stage"":""pip""},{""cpu_ms"":23160,""stage"":""pip_d3""},{""cpu_ms"":24454,""stage"":""classification_end""},{""cpu_ms"":24928,""stage"":""stack_lift_C1""},{""cpu_ms"":26454,""stage"":""stack_lift_B1""},{""cpu_ms"":33224,""stage"":""stack_lift_B2""},{""cpu_ms"":37889,""stage"":""stack_lift_B3""},{""cpu_ms"":46935,""stage"":""stack_relation_C1""},{""cpu_ms"":55358,""stage"":""stack_relation_B1""},{""cpu_ms"":59030,""stage"":""stack_relation_B2""},{""cpu_ms"":68467,""stage"":""stack_relation_B3""},{""cpu_ms"":77942,""stage"":""stack_pip_C4_pullback""},{""cpu_ms"":77942,""stage"":""stack_pip_square""}]","{""RL_ms"":229,""RP_ms"":53,""extension_ms"":1283,""holonomy_ms"":66,""section_ms"":6}",physical-spin-half-det-sign-omega0,normalized-pip-aw-edge-transport-v2,3+1D-full-affine-associated-graded,full,"{""CrystCat"":""1.1.10"",""GAP"":""4.13.1"",""HAP"":""1.62"",""Polycyclic"":""2.16""}",9c16c0714da16a1ed5dc23b7830701afc01e6d7a37ee6d243f536ee4dc9ecd96,/home/user/xyren/AllFSPT/runs/closed_cf_v09_source,/home/xingyu/FSPT_AHSS/results/space_groups/sg27.json,06c2060a0aa10b760a3a5d4d9af28dbf2788103cf650da6a08b5ebeb74299dcf,,[]
28,computed,computed,[],0,"[2,2]",(Z2)^2,"[2,2,2]",(Z2)^3,"[2,2,2]",(Z2)^3,computed,"[4,8,8]",Z4 + (Z8)^2,not-needed,,0,no free p+ip factor,,,,,,,,,,full-3+1D-spin-half-affine-stacking,p+ip-zero-three-layer-extension,native-vectors-plus-explicit-comparison-homotopy-recipes,False,stacking-with-generator-relations,26783,95792,69009,101.71057987213135,2026-09-26T17:37:00.127857+00:00,2026-09-26T17:38:41.838444+00:00,"[{""cpu_ms"":21929,""stage"":""cohomology""},{""cpu_ms"":22120,""stage"":""primary_cf""},{""cpu_ms"":23810,""stage"":""primary_mc_and_bos""},{""cpu_ms"":24078,""stage"":""incoming_mc""},{""cpu_ms"":24278,""stage"":""secondary_bos""},{""cpu_ms"":26736,""stage"":""secondary_mc""},{""cpu_ms"":26737,""stage"":""pip""},{""cpu_ms"":26783,""stage"":""classification_end""},{""cpu_ms"":27255,""stage"":""stack_lift_D1""},{""cpu_ms"":27256,""stage"":""stack_lift_D2""},{""cpu_ms"":27257,""stage"":""stack_lift_D3""},{""cpu_ms"":27259,""stage"":""stack_lift_C1""},{""cpu_ms"":28802,""stage"":""stack_lift_C2""},{""cpu_ms"":29286,""stage"":""stack_lift_C3""},{""cpu_ms"":29885,""stage"":""stack_lift_B1""},{""cpu_ms"":38987,""stage"":""stack_lift_B2""},{""cpu_ms"":53932,""stage"":""stack_relation_D1""},{""cpu_ms"":53932,""stage"":""stack_relation_D2""},{""cpu_ms"":53932,""stage"":""stack_relation_D3""},{""cpu_ms"":53932,""stage"":""stack_relation_C1""},{""cpu_ms"":56355,""stage"":""stack_relation_C2""},{""cpu_ms"":61526,""stage"":""stack_relation_C3""},{""cpu_ms"":72356,""stage"":""stack_relation_B1""},{""cpu_ms"":81538,""stage"":""stack_relation_B2""}]","{""RL_ms"":229,""RP_ms"":53,""extension_ms"":1454,""holonomy_ms"":65,""section_ms"":5}",physical-spin-half-det-sign-omega0,normalized-pip-aw-edge-transport-v2,3+1D-full-affine-associated-graded,full,"{""CrystCat"":""1.1.10"",""GAP"":""4.13.1"",""HAP"":""1.62"",""Polycyclic"":""2.16""}",9c16c0714da16a1ed5dc23b7830701afc01e6d7a37ee6d243f536ee4dc9ecd96,/home/user/xyren/AllFSPT/runs/closed_cf_v09_source,/home/xingyu/FSPT_AHSS/results/space_groups/sg28.json,5249bb264535636131d9140a54178c5d9bb75e19e5f2158c4eb962845992aeef,,[]
29,computed,computed,[2],Z2,"[2,2,2]",(Z2)^3,[2],Z2,[],0,computed,"[2,2,2,2,2]",(Z2)^5,actual-phase-witness,actual-marked-torsion-square-with-cochain-gauges,0,no free p+ip factor,,,,,,,,,,full-3+1D-spin-half-affine-stacking,p+ip-zero-three-layer-extension,native-vectors-plus-explicit-comparison-homotopy-recipes,False,stacking-with-generator-relations,23599,95555,71956,102.36659026145935,2026-09-26T17:37:05.377550+00:00,2026-09-26T17:38:47.744148+00:00,"[{""cpu_ms"":20599,""stage"":""cohomology""},{""cpu_ms"":20773,""stage"":""primary_cf""},{""cpu_ms"":20773,""stage"":""primary_mc_and_bos""},{""cpu_ms"":20773,""stage"":""incoming_mc""},{""cpu_ms"":20982,""stage"":""secondary_bos""},{""cpu_ms"":20982,""stage"":""secondary_mc""},{""cpu_ms"":20986,""stage"":""pip""},{""cpu_ms"":21034,""stage"":""pip_d3""},{""cpu_ms"":23599,""stage"":""classification_end""},{""cpu_ms"":24078,""stage"":""stack_lift_C1""},{""cpu_ms"":26245,""stage"":""stack_lift_B1""},{""cpu_ms"":39232,""stage"":""stack_lift_B2""},{""cpu_ms"":48344,""stage"":""stack_lift_B3""},{""cpu_ms"":60899,""stage"":""stack_relation_C1""},{""cpu_ms"":63845,""stage"":""stack_relation_B1""},{""cpu_ms"":66366,""stage"":""stack_relation_B2""},{""cpu_ms"":68914,""stage"":""stack_relation_B3""},{""cpu_ms"":71436,""stage"":""stack_pip_phase_lift""},{""cpu_ms"":82672,""stage"":""stack_pip_square""}]","{""RL_ms"":236,""RP_ms"":58,""extension_ms"":1664,""holonomy_ms"":70,""section_ms"":6}",physical-spin-half-det-sign-omega0,normalized-pip-aw-edge-transport-v2,3+1D-full-affine-associated-graded,full,"{""CrystCat"":""1.1.10"",""GAP"":""4.13.1"",""HAP"":""1.62"",""Polycyclic"":""2.16""}",9c16c0714da16a1ed5dc23b7830701afc01e6d7a37ee6d243f536ee4dc9ecd96,/home/user/xyren/AllFSPT/runs/closed_cf_v09_source,/home/xingyu/FSPT_AHSS/results/space_groups/sg29.json,6c1871209069ee5421c8255bcabddd0da023ca2811b7389727584b62e15e7422,,[]
30,computed,computed,[2],Z2,"[2,2]",(Z2)^2,"[2,2]",(Z2)^2,"[2,2]",(Z2)^2,computed,"[2,2,4,8]",(Z2)^2 + Z4 + Z8,actual-phase-witness,actual-marked-torsion-square-with-cochain-gauges,0,no free p+ip factor,,,,,,,,,,full-3+1D-spin-half-affine-stacking,p+ip-zero-three-layer-extension,native-vectors-plus-explicit-comparison-homotopy-recipes,False,stacking-with-generator-relations,33480,142901,109421,148.17607879638672,2026-09-26T17:37:06.632623+00:00,2026-09-26T17:39:34.808707+00:00,"[{""cpu_ms"":22349,""stage"":""cohomology""},{""cpu_ms"":22548,""stage"":""primary_cf""},{""cpu_ms"":26241,""stage"":""primary_mc_and_bos""},{""cpu_ms"":26702,""stage"":""incoming_mc""},{""cpu_ms"":26950,""stage"":""secondary_bos""},{""cpu_ms"":32187,""stage"":""secondary_mc""},{""cpu_ms"":32188,""stage"":""pip""},{""cpu_ms"":32245,""stage"":""pip_d3""},{""cpu_ms"":33480,""stage"":""classification_end""},{""cpu_ms"":33957,""stage"":""stack_lift_D1""},{""cpu_ms"":33958,""stage"":""stack_lift_D2""},{""cpu_ms"":33959,""stage"":""stack_lift_C1""},{""cpu_ms"":39582,""stage"":""stack_lift_C2""},{""cpu_ms"":41340,""stage"":""stack_lift_B1""},{""cpu_ms"":65296,""stage"":""stack_lift_B2""},{""cpu_ms"":93450,""stage"":""stack_relation_D1""},{""cpu_ms"":93450,""stage"":""stack_relation_D2""},{""cpu_ms"":93450,""stage"":""stack_relation_C1""},{""cpu_ms"":97450,""stage"":""stack_relation_C2""},{""cpu_ms"":101336,""stage"":""stack_relation_B1""},{""cpu_ms"":105448,""stage"":""stack_relation_B2""},{""cpu_ms"":123365,""stage"":""stack_pip_C4_pullback""},{""cpu_ms"":123365,""stage"":""stack_pip_square""}]","{""RL_ms"":230,""RP_ms"":53,""extension_ms"":2078,""holonomy_ms"":68,""section_ms"":6}",physical-spin-half-det-sign-omega0,normalized-pip-aw-edge-transport-v2,3+1D-full-affine-associated-graded,full,"{""CrystCat"":""1.1.10"",""GAP"":""4.13.1"",""HAP"":""1.62"",""Polycyclic"":""2.16""}",9c16c0714da16a1ed5dc23b7830701afc01e6d7a37ee6d243f536ee4dc9ecd96,/home/user/xyren/AllFSPT/runs/closed_cf_v09_source,/home/xingyu/FSPT_AHSS/results/space_groups/sg30.json,359ddeb76187e4a8709e03cda8f5ee18f2be760eb1b85c06b28c5e2ccadf9bbd,,[]
31,computed,computed,[],0,[2],Z2,[2],Z2,[2],Z2,computed,"[2,4]",Z2 + Z4,not-needed,,0,no free p+ip factor,,,,,,,,,,full-3+1D-spin-half-affine-stacking,p+ip-zero-three-layer-extension,native-vectors-plus-explicit-comparison-homotopy-recipes,False,stacking-with-generator-relations,27501,66466,38965,73.63614559173584,2026-09-26T17:37:05.808500+00:00,2026-09-26T17:38:19.444654+00:00,"[{""cpu_ms"":20928,""stage"":""cohomology""},{""cpu_ms"":21118,""stage"":""primary_cf""},{""cpu_ms"":24139,""stage"":""primary_mc_and_bos""},{""cpu_ms"":24449,""stage"":""incoming_mc""},{""cpu_ms"":24637,""stage"":""secondary_bos""},{""cpu_ms"":27449,""stage"":""secondary_mc""},{""cpu_ms"":27449,""stage"":""pip""},{""cpu_ms"":27501,""stage"":""classification_end""},{""cpu_ms"":27995,""stage"":""stack_lift_D1""},{""cpu_ms"":27996,""stage"":""stack_lift_C1""},{""cpu_ms"":31560,""stage"":""stack_lift_B1""},{""cpu_ms"":51830,""stage"":""stack_relation_D1""},{""cpu_ms"":51830,""stage"":""stack_relation_C1""},{""cpu_ms"":62103,""stage"":""stack_relation_B1""}]","{""RL_ms"":237,""RP_ms"":57,""extension_ms"":1788,""holonomy_ms"":70,""section_ms"":6}",physical-spin-half-det-sign-omega0,normalized-pip-aw-edge-transport-v2,3+1D-full-affine-associated-graded,full,"{""CrystCat"":""1.1.10"",""GAP"":""4.13.1"",""HAP"":""1.62"",""Polycyclic"":""2.16""}",9c16c0714da16a1ed5dc23b7830701afc01e6d7a37ee6d243f536ee4dc9ecd96,/home/user/xyren/AllFSPT/runs/closed_cf_v09_source,/home/xingyu/FSPT_AHSS/results/space_groups/sg31.json,8688767b7fb6baab0b909dc24c184dbc653247997304848c238d9b620a8015f9,,[]
32,computed,computed,[2],Z2,"[2,2]",(Z2)^2,"[2,2]",(Z2)^2,"[2,2]",(Z2)^2,computed,"[2,2,4,8]",(Z2)^2 + Z4 + Z8,actual-phase-witness,actual-marked-torsion-square-with-cochain-gauges,0,no free p+ip factor,,,,,,,,,,full-3+1D-spin-half-affine-stacking,p+ip-zero-three-layer-extension,native-vectors-plus-explicit-comparison-homotopy-recipes,False,stacking-with-generator-relations,29962,119777,89815,126.14055252075195,2026-09-26T17:36:54.383883+00:00,2026-09-26T17:39:00.524444+00:00,"[{""cpu_ms"":20734,""stage"":""cohomology""},{""cpu_ms"":20911,""stage"":""primary_cf""},{""cpu_ms"":23824,""stage"":""primary_mc_and_bos""},{""cpu_ms"":24198,""stage"":""incoming_mc""},{""cpu_ms"":24411,""stage"":""secondary_bos""},{""cpu_ms"":28318,""stage"":""secondary_mc""},{""cpu_ms"":28319,""stage"":""pip""},{""cpu_ms"":28368,""stage"":""pip_d3""},{""cpu_ms"":29962,""stage"":""classification_end""},{""cpu_ms"":30448,""stage"":""stack_lift_D1""},{""cpu_ms"":30449,""stage"":""stack_lift_D2""},{""cpu_ms"":30451,""stage"":""stack_lift_C1""},{""cpu_ms"":34537,""stage"":""stack_lift_C2""},{""cpu_ms"":35673,""stage"":""stack_lift_B1""},{""cpu_ms"":52357,""stage"":""stack_lift_B2""},{""cpu_ms"":72588,""stage"":""stack_relation_D1""},{""cpu_ms"":72588,""stage"":""stack_relation_D2""},{""cpu_ms"":72588,""stage"":""stack_relation_C1""},{""cpu_ms"":75601,""stage"":""stack_relation_C2""},{""cpu_ms"":78579,""stage"":""stack_relation_B1""},{""cpu_ms"":92135,""stage"":""stack_relation_B2""},{""cpu_ms"":104944,""stage"":""stack_pip_C4_pullback""},{""cpu_ms"":104944,""stage"":""stack_pip_square""}]","{""RL_ms"":239,""RP_ms"":53,""extension_ms"":1829,""holonomy_ms"":64,""section_ms"":7}",physical-spin-half-det-sign-omega0,normalized-pip-aw-edge-transport-v2,3+1D-full-affine-associated-graded,full,"{""CrystCat"":""1.1.10"",""GAP"":""4.13.1"",""HAP"":""1.62"",""Polycyclic"":""2.16""}",9c16c0714da16a1ed5dc23b7830701afc01e6d7a37ee6d243f536ee4dc9ecd96,/home/user/xyren/AllFSPT/runs/closed_cf_v09_source,/home/xingyu/FSPT_AHSS/results/space_groups/sg32.json,75d5bce6d7a76537caaa609689ff80ec9345ff5ae91c178a1479dd670b7a4c57,,[]
33,computed,computed,[2],Z2,"[2,2]",(Z2)^2,[2],Z2,[],0,computed,"[2,2,2,2]",(Z2)^4,actual-phase-witness,actual-marked-torsion-square-with-cochain-gauges,0,no free p+ip factor,,,,,,,,,,full-3+1D-spin-half-affine-stacking,p+ip-zero-three-layer-extension,native-vectors-plus-explicit-comparison-homotopy-recipes,False,stacking-with-generator-relations,28073,124372,96299,129.9434254169464,2026-09-26T17:37:06.651003+00:00,2026-09-26T17:39:16.594434+00:00,"[{""cpu_ms"":21709,""stage"":""cohomology""},{""cpu_ms"":21886,""stage"":""primary_cf""},{""cpu_ms"":21886,""stage"":""primary_mc_and_bos""},{""cpu_ms"":21886,""stage"":""incoming_mc""},{""cpu_ms"":22147,""stage"":""secondary_bos""},{""cpu_ms"":22148,""stage"":""secondary_mc""},{""cpu_ms"":22149,""stage"":""pip""},{""cpu_ms"":22212,""stage"":""pip_d3""},{""cpu_ms"":28073,""stage"":""classification_end""},{""cpu_ms"":28581,""stage"":""stack_lift_C1""},{""cpu_ms"":36845,""stage"":""stack_lift_B1""},{""cpu_ms"":67505,""stage"":""stack_lift_B2""},{""cpu_ms"":91556,""stage"":""stack_relation_C1""},{""cpu_ms"":96897,""stage"":""stack_relation_B1""},{""cpu_ms"":101128,""stage"":""stack_relation_B2""},{""cpu_ms"":105368,""stage"":""stack_pip_C4_pullback""},{""cpu_ms"":105368,""stage"":""stack_pip_square""}]","{""RL_ms"":230,""RP_ms"":53,""extension_ms"":2485,""holonomy_ms"":65,""section_ms"":6}",physical-spin-half-det-sign-omega0,normalized-pip-aw-edge-transport-v2,3+1D-full-affine-associated-graded,full,"{""CrystCat"":""1.1.10"",""GAP"":""4.13.1"",""HAP"":""1.62"",""Polycyclic"":""2.16""}",9c16c0714da16a1ed5dc23b7830701afc01e6d7a37ee6d243f536ee4dc9ecd96,/home/user/xyren/AllFSPT/runs/closed_cf_v09_source,/home/xingyu/FSPT_AHSS/results/space_groups/sg33.json,592217ddfd0d03546e2892aae3178881581c90ef6ec4021642017d85ff458dec,,[]
34,computed,computed,[2],Z2,"[2,2]",(Z2)^2,"[2,2]",(Z2)^2,"[2,2]",(Z2)^2,computed,"[2,2,4,8]",(Z2)^2 + Z4 + Z8,actual-phase-witness,actual-marked-torsion-square-with-cochain-gauges,0,no free p+ip factor,,,,,,,,,,full-3+1D-spin-half-affine-stacking,p+ip-zero-three-layer-extension,native-vectors-plus-explicit-comparison-homotopy-recipes,False,stacking-with-generator-relations,39794,239367,199573,245.7777328491211,2026-09-26T17:36:54.184937+00:00,2026-09-26T17:40:59.962675+00:00,"[{""cpu_ms"":21333,""stage"":""cohomology""},{""cpu_ms"":21537,""stage"":""primary_cf""},{""cpu_ms"":28229,""stage"":""primary_mc_and_bos""},{""cpu_ms"":28934,""stage"":""incoming_mc""},{""cpu_ms"":29244,""stage"":""secondary_bos""},{""cpu_ms"":36863,""stage"":""secondary_mc""},{""cpu_ms"":36864,""stage"":""pip""},{""cpu_ms"":36942,""stage"":""pip_d3""},{""cpu_ms"":39794,""stage"":""classification_end""},{""cpu_ms"":40281,""stage"":""stack_lift_D1""},{""cpu_ms"":40283,""stage"":""stack_lift_D2""},{""cpu_ms"":40284,""stage"":""stack_lift_C1""},{""cpu_ms"":51236,""stage"":""stack_lift_C2""},{""cpu_ms"":54505,""stage"":""stack_lift_B1""},{""cpu_ms"":111483,""stage"":""stack_lift_B2""},{""cpu_ms"":171493,""stage"":""stack_relation_D1""},{""cpu_ms"":171493,""stage"":""stack_relation_D2""},{""cpu_ms"":171493,""stage"":""stack_relation_C1""},{""cpu_ms"":176781,""stage"":""stack_relation_C2""},{""cpu_ms"":182082,""stage"":""stack_relation_B1""},{""cpu_ms"":206596,""stage"":""stack_relation_B2""},{""cpu_ms"":212310,""stage"":""stack_pip_C4_pullback""},{""cpu_ms"":212310,""stage"":""stack_pip_square""}]","{""RL_ms"":239,""RP_ms"":53,""extension_ms"":2551,""holonomy_ms"":64,""section_ms"":7}",physical-spin-half-det-sign-omega0,normalized-pip-aw-edge-transport-v2,3+1D-full-affine-associated-graded,full,"{""CrystCat"":""1.1.10"",""GAP"":""4.13.1"",""HAP"":""1.62"",""Polycyclic"":""2.16""}",9c16c0714da16a1ed5dc23b7830701afc01e6d7a37ee6d243f536ee4dc9ecd96,/home/user/xyren/AllFSPT/runs/closed_cf_v09_source,/home/xingyu/FSPT_AHSS/results/space_groups/sg34.json,0c8f475bbf50299ce6a806039bc6dede19232ac09ceab6f66072623f5d1e4090,,[]
35,computed,computed,[],0,[2],Z2,[2],Z2,"[2,2,2,2,2]",(Z2)^5,computed,"[2,2,2,2,8]",(Z2)^4 + Z8,not-needed,,0,no free p+ip factor,,,,,,,,,,full-3+1D-spin-half-affine-stacking,p+ip-zero-three-layer-extension,native-vectors-plus-explicit-comparison-homotopy-recipes,False,stacking-with-generator-relations,24877,46964,22087,47.68994927406311,2026-09-26T17:38:41.508680+00:00,2026-09-26T17:39:29.198637+00:00,"[{""cpu_ms"":19521,""stage"":""cohomology""},{""cpu_ms"":19749,""stage"":""primary_cf""},{""cpu_ms"":20875,""stage"":""primary_mc_and_bos""},{""cpu_ms"":21411,""stage"":""incoming_mc""},{""cpu_ms"":21557,""stage"":""secondary_bos""},{""cpu_ms"":22623,""stage"":""secondary_mc""},{""cpu_ms"":24826,""stage"":""pip""},{""cpu_ms"":24877,""stage"":""classification_end""},{""cpu_ms"":25364,""stage"":""stack_lift_D1""},{""cpu_ms"":25367,""stage"":""stack_lift_D2""},{""cpu_ms"":25369,""stage"":""stack_lift_D3""},{""cpu_ms"":25371,""stage"":""stack_lift_D4""},{""cpu_ms"":25373,""stage"":""stack_lift_D5""},{""cpu_ms"":25376,""stage"":""stack_lift_C1""},{""cpu_ms"":26016,""stage"":""stack_lift_B1""},{""cpu_ms"":35482,""stage"":""stack_relation_D1""},{""cpu_ms"":35483,""stage"":""stack_relation_D2""},{""cpu_ms"":35483,""stage"":""stack_relation_D3""},{""cpu_ms"":35483,""stage"":""stack_relation_D4""},{""cpu_ms"":35483,""stage"":""stack_relation_D5""},{""cpu_ms"":35483,""stage"":""stack_relation_C1""},{""cpu_ms"":36674,""stage"":""stack_relation_B1""}]","{""RL_ms"":241,""RP_ms"":67,""extension_ms"":1108,""holonomy_ms"":77,""section_ms"":6}",physical-spin-half-det-sign-omega0,normalized-pip-aw-edge-transport-v2,3+1D-full-affine-associated-graded,full,"{""CrystCat"":""1.1.10"",""GAP"":""4.13.1"",""HAP"":""1.62"",""Polycyclic"":""2.16""}",9c16c0714da16a1ed5dc23b7830701afc01e6d7a37ee6d243f536ee4dc9ecd96,/home/user/xyren/AllFSPT/runs/closed_cf_v09_source,/home/xingyu/FSPT_AHSS/results/space_groups/sg35.json,65e7a75758ea63b8cd6ae91fd1909d8ec67c536f8f7f15f19eca18ed30424ef3,,[]
36,computed,computed,[],0,[2],Z2,[2],Z2,[],0,computed,"[2,2]",(Z2)^2,not-needed,,0,no free p+ip factor,,,,,,,,,,full-3+1D-spin-half-affine-stacking,p+ip-zero-three-layer-extension,native-vectors-plus-explicit-comparison-homotopy-recipes,False,stacking-with-generator-relations,22048,43378,21330,44.16698980331421,2026-09-26T17:38:51.325294+00:00,2026-09-26T17:39:35.492290+00:00,"[{""cpu_ms"":19648,""stage"":""cohomology""},{""cpu_ms"":19826,""stage"":""primary_cf""},{""cpu_ms"":21354,""stage"":""primary_mc_and_bos""},{""cpu_ms"":21865,""stage"":""incoming_mc""},{""cpu_ms"":22000,""stage"":""secondary_bos""},{""cpu_ms"":22001,""stage"":""secondary_mc""},{""cpu_ms"":22002,""stage"":""pip""},{""cpu_ms"":22048,""stage"":""classification_end""},{""cpu_ms"":22521,""stage"":""stack_lift_C1""},{""cpu_ms"":24162,""stage"":""stack_lift_B1""},{""cpu_ms"":35586,""stage"":""stack_relation_C1""},{""cpu_ms"":40942,""stage"":""stack_relation_B1""}]","{""RL_ms"":236,""RP_ms"":57,""extension_ms"":1261,""holonomy_ms"":67,""section_ms"":6}",physical-spin-half-det-sign-omega0,normalized-pip-aw-edge-transport-v2,3+1D-full-affine-associated-graded,full,"{""CrystCat"":""1.1.10"",""GAP"":""4.13.1"",""HAP"":""1.62"",""Polycyclic"":""2.16""}",9c16c0714da16a1ed5dc23b7830701afc01e6d7a37ee6d243f536ee4dc9ecd96,/home/user/xyren/AllFSPT/runs/closed_cf_v09_source,/home/xingyu/FSPT_AHSS/results/space_groups/sg36.json,0ce8552cbc924d13ff45c7f2ff2d984eea3cfeba1db6ff62270d4a44bcf3f15c,,[]
37,computed,computed,[2],Z2,"[2,2]",(Z2)^2,"[2,2]",(Z2)^2,[2],Z2,computed,"[2,2,2,8]",(Z2)^3 + Z8,actual-phase-witness,actual-marked-torsion-square-with-cochain-gauges,0,no free p+ip factor,,,,,,,,,,full-3+1D-spin-half-affine-stacking,p+ip-zero-three-layer-extension,native-vectors-plus-explicit-comparison-homotopy-recipes,False,stacking-with-generator-relations,27945,97272,69327,102.5561671257019,2026-09-26T17:37:06.789933+00:00,2026-09-26T17:38:49.346107+00:00,"[{""cpu_ms"":23257,""stage"":""cohomology""},{""cpu_ms"":23478,""stage"":""primary_cf""},{""cpu_ms"":25383,""stage"":""primary_mc_and_bos""},{""cpu_ms"":25625,""stage"":""incoming_mc""},{""cpu_ms"":25763,""stage"":""secondary_bos""},{""cpu_ms"":27411,""stage"":""secondary_mc""},{""cpu_ms"":27412,""stage"":""pip""},{""cpu_ms"":27449,""stage"":""pip_d3""},{""cpu_ms"":27945,""stage"":""classification_end""},{""cpu_ms"":28422,""stage"":""stack_lift_D1""},{""cpu_ms"":28423,""stage"":""stack_lift_C1""},{""cpu_ms"":30386,""stage"":""stack_lift_C2""},{""cpu_ms"":30746,""stage"":""stack_lift_B1""},{""cpu_ms"":40081,""stage"":""stack_lift_B2""},{""cpu_ms"":50624,""stage"":""stack_relation_D1""},{""cpu_ms"":50624,""stage"":""stack_relation_C1""},{""cpu_ms"":57117,""stage"":""stack_relation_C2""},{""cpu_ms"":63419,""stage"":""stack_relation_B1""},{""cpu_ms"":73433,""stage"":""stack_relation_B2""},{""cpu_ms"":85686,""stage"":""stack_pip_C4_pullback""},{""cpu_ms"":85686,""stage"":""stack_pip_square""}]","{""RL_ms"":232,""RP_ms"":52,""extension_ms"":1279,""holonomy_ms"":64,""section_ms"":6}",physical-spin-half-det-sign-omega0,normalized-pip-aw-edge-transport-v2,3+1D-full-affine-associated-graded,full,"{""CrystCat"":""1.1.10"",""GAP"":""4.13.1"",""HAP"":""1.62"",""Polycyclic"":""2.16""}",9c16c0714da16a1ed5dc23b7830701afc01e6d7a37ee6d243f536ee4dc9ecd96,/home/user/xyren/AllFSPT/runs/closed_cf_v09_source,/home/xingyu/FSPT_AHSS/results/space_groups/sg37.json,1855da9f22ca83883e080fab9e2af0c386af1981f4b05b3411430dddea56f0c9,,[]
38,computed,computed,[],0,[],0,[],0,"[2,2,2,2]",(Z2)^4,computed,"[2,2,2,2]",(Z2)^4,not-needed,,0,no free p+ip factor,,,,,,,,,,full-3+1D-spin-half-affine-stacking,p+ip-zero-three-layer-extension,native-vectors-plus-explicit-comparison-homotopy-recipes,False,stacking-with-generator-relations,22700,23187,487,23.965369701385498,2026-09-26T17:39:44.653620+00:00,2026-09-26T17:40:08.618996+00:00,"[{""cpu_ms"":19570,""stage"":""cohomology""},{""cpu_ms"":19800,""stage"":""primary_cf""},{""cpu_ms"":21044,""stage"":""primary_mc_and_bos""},{""cpu_ms"":21651,""stage"":""incoming_mc""},{""cpu_ms"":21808,""stage"":""secondary_bos""},{""cpu_ms"":22659,""stage"":""secondary_mc""},{""cpu_ms"":22659,""stage"":""pip""},{""cpu_ms"":22700,""stage"":""classification_end""}]","{""RL_ms"":239,""RP_ms"":57,""extension_ms"":1153,""holonomy_ms"":68,""section_ms"":6}",physical-spin-half-det-sign-omega0,normalized-pip-aw-edge-transport-v2,3+1D-full-affine-associated-graded,full,"{""CrystCat"":""1.1.10"",""GAP"":""4.13.1"",""HAP"":""1.62"",""Polycyclic"":""2.16""}",9c16c0714da16a1ed5dc23b7830701afc01e6d7a37ee6d243f536ee4dc9ecd96,/home/user/xyren/AllFSPT/runs/closed_cf_v09_source,/home/xingyu/FSPT_AHSS/results/space_groups/sg38.json,ef4489b765af74fd3d3de4fa19de2b029833d323e6e29b490bb26b815616a263,,[]
39,computed,computed,[],0,"[2,2]",(Z2)^2,[2],Z2,[],0,computed,"[2,2,2]",(Z2)^3,not-needed,,0,no free p+ip factor,,,,,,,,,,full-3+1D-spin-half-affine-stacking,p+ip-zero-three-layer-extension,native-vectors-plus-explicit-comparison-homotopy-recipes,False,stacking-with-generator-relations,25988,117962,91974,124.55425691604614,2026-09-26T17:37:05.290948+00:00,2026-09-26T17:39:09.845211+00:00,"[{""cpu_ms"":21471,""stage"":""cohomology""},{""cpu_ms"":21675,""stage"":""primary_cf""},{""cpu_ms"":25195,""stage"":""primary_mc_and_bos""},{""cpu_ms"":25665,""stage"":""incoming_mc""},{""cpu_ms"":25926,""stage"":""secondary_bos""},{""cpu_ms"":25929,""stage"":""secondary_mc""},{""cpu_ms"":25930,""stage"":""pip""},{""cpu_ms"":25988,""stage"":""classification_end""},{""cpu_ms"":26464,""stage"":""stack_lift_C1""},{""cpu_ms"":32336,""stage"":""stack_lift_B1""},{""cpu_ms"":58102,""stage"":""stack_lift_B2""},{""cpu_ms"":79553,""stage"":""stack_relation_C1""},{""cpu_ms"":89883,""stage"":""stack_relation_B1""},{""cpu_ms"":97538,""stage"":""stack_relation_B2""}]","{""RL_ms"":236,""RP_ms"":56,""extension_ms"":1907,""holonomy_ms"":66,""section_ms"":6}",physical-spin-half-det-sign-omega0,normalized-pip-aw-edge-transport-v2,3+1D-full-affine-associated-graded,full,"{""CrystCat"":""1.1.10"",""GAP"":""4.13.1"",""HAP"":""1.62"",""Polycyclic"":""2.16""}",9c16c0714da16a1ed5dc23b7830701afc01e6d7a37ee6d243f536ee4dc9ecd96,/home/user/xyren/AllFSPT/runs/closed_cf_v09_source,/home/xingyu/FSPT_AHSS/results/space_groups/sg39.json,0dbaa6f268e917d47556cb75e12749c9d87a609e632f0aaaf09ba2dde7703196,,[]
40,computed,computed,[],0,[2],Z2,"[2,2]",(Z2)^2,"[2,2]",(Z2)^2,computed,"[4,8]",Z4 + Z8,not-needed,,0,no free p+ip factor,,,,,,,,,,full-3+1D-spin-half-affine-stacking,p+ip-zero-three-layer-extension,native-vectors-plus-explicit-comparison-homotopy-recipes,False,stacking-with-generator-relations,25059,62029,36970,68.36291790008545,2026-09-26T17:36:54.677835+00:00,2026-09-26T17:38:03.040760+00:00,"[{""cpu_ms"":20351,""stage"":""cohomology""},{""cpu_ms"":20540,""stage"":""primary_cf""},{""cpu_ms"":22564,""stage"":""primary_mc_and_bos""},{""cpu_ms"":22839,""stage"":""incoming_mc""},{""cpu_ms"":23021,""stage"":""secondary_bos""},{""cpu_ms"":25012,""stage"":""secondary_mc""},{""cpu_ms"":25012,""stage"":""pip""},{""cpu_ms"":25059,""stage"":""classification_end""},{""cpu_ms"":25532,""stage"":""stack_lift_D1""},{""cpu_ms"":25533,""stage"":""stack_lift_D2""},{""cpu_ms"":25534,""stage"":""stack_lift_C1""},{""cpu_ms"":27680,""stage"":""stack_lift_C2""},{""cpu_ms"":28023,""stage"":""stack_lift_B1""},{""cpu_ms"":41971,""stage"":""stack_relation_D1""},{""cpu_ms"":41971,""stage"":""stack_relation_D2""},{""cpu_ms"":41971,""stage"":""stack_relation_C1""},{""cpu_ms"":49349,""stage"":""stack_relation_C2""},{""cpu_ms"":51319,""stage"":""stack_relation_B1""}]","{""RL_ms"":240,""RP_ms"":52,""extension_ms"":1526,""holonomy_ms"":69,""section_ms"":7}",physical-spin-half-det-sign-omega0,normalized-pip-aw-edge-transport-v2,3+1D-full-affine-associated-graded,full,"{""CrystCat"":""1.1.10"",""GAP"":""4.13.1"",""HAP"":""1.62"",""Polycyclic"":""2.16""}",9c16c0714da16a1ed5dc23b7830701afc01e6d7a37ee6d243f536ee4dc9ecd96,/home/user/xyren/AllFSPT/runs/closed_cf_v09_source,/home/xingyu/FSPT_AHSS/results/space_groups/sg40.json,46ee10c290b72249c6560f7616279adf365da69d5e1f64e0e2d2fac67b432105,,[]
41,computed,computed,[2],Z2,"[2,2]",(Z2)^2,[2],Z2,[2],Z2,computed,"[2,2,2,4]",(Z2)^3 + Z4,actual-phase-witness,actual-marked-torsion-square-with-cochain-gauges,0,no free p+ip factor,,,,,,,,,,full-3+1D-spin-half-affine-stacking,p+ip-zero-three-layer-extension,native-vectors-plus-explicit-comparison-homotopy-recipes,False,stacking-with-generator-relations,36849,196442,159593,202.46490621566772,2026-09-26T17:36:59.833770+00:00,2026-09-26T17:40:22.298681+00:00,"[{""cpu_ms"":21911,""stage"":""cohomology""},{""cpu_ms"":22104,""stage"":""primary_cf""},{""cpu_ms"":28035,""stage"":""primary_mc_and_bos""},{""cpu_ms"":28593,""stage"":""incoming_mc""},{""cpu_ms"":28867,""stage"":""secondary_bos""},{""cpu_ms"":35328,""stage"":""secondary_mc""},{""cpu_ms"":35329,""stage"":""pip""},{""cpu_ms"":35388,""stage"":""pip_d3""},{""cpu_ms"":36849,""stage"":""classification_end""},{""cpu_ms"":37323,""stage"":""stack_lift_D1""},{""cpu_ms"":37325,""stage"":""stack_lift_C1""},{""cpu_ms"":47532,""stage"":""stack_lift_B1""},{""cpu_ms"":80164,""stage"":""stack_lift_B2""},{""cpu_ms"":128117,""stage"":""stack_relation_D1""},{""cpu_ms"":128117,""stage"":""stack_relation_C1""},{""cpu_ms"":133183,""stage"":""stack_relation_B1""},{""cpu_ms"":138067,""stage"":""stack_relation_B2""},{""cpu_ms"":142840,""stage"":""stack_pip_phase_lift""},{""cpu_ms"":175144,""stage"":""stack_pip_square""}]","{""RL_ms"":229,""RP_ms"":52,""extension_ms"":2501,""holonomy_ms"":66,""section_ms"":7}",physical-spin-half-det-sign-omega0,normalized-pip-aw-edge-transport-v2,3+1D-full-affine-associated-graded,full,"{""CrystCat"":""1.1.10"",""GAP"":""4.13.1"",""HAP"":""1.62"",""Polycyclic"":""2.16""}",9c16c0714da16a1ed5dc23b7830701afc01e6d7a37ee6d243f536ee4dc9ecd96,/home/user/xyren/AllFSPT/runs/closed_cf_v09_source,/home/xingyu/FSPT_AHSS/results/space_groups/sg41.json,c2ef39b05a41da99a108b5cb33e49a262adb7464417fc2675b4ee7e73e3515a1,,[]
42,computed,computed,[],0,[2],Z2,[],0,"[2,2]",(Z2)^2,computed,"[2,2,2]",(Z2)^3,not-needed,,0,no free p+ip factor,,,,,,,,,,full-3+1D-spin-half-affine-stacking,p+ip-zero-three-layer-extension,native-vectors-plus-explicit-comparison-homotopy-recipes,False,stacking-with-generator-relations,39299,82404,43105,89.2030885219574,2026-09-26T17:37:05.471476+00:00,2026-09-26T17:38:34.674572+00:00,"[{""cpu_ms"":20603,""stage"":""cohomology""},{""cpu_ms"":20820,""stage"":""primary_cf""},{""cpu_ms"":25131,""stage"":""primary_mc_and_bos""},{""cpu_ms"":25678,""stage"":""incoming_mc""},{""cpu_ms"":25900,""stage"":""secondary_bos""},{""cpu_ms"":28254,""stage"":""secondary_mc""},{""cpu_ms"":39251,""stage"":""pip""},{""cpu_ms"":39299,""stage"":""classification_end""},{""cpu_ms"":39772,""stage"":""stack_lift_D1""},{""cpu_ms"":39773,""stage"":""stack_lift_D2""},{""cpu_ms"":39780,""stage"":""stack_lift_B1""},{""cpu_ms"":72468,""stage"":""stack_relation_D1""},{""cpu_ms"":72468,""stage"":""stack_relation_D2""},{""cpu_ms"":72468,""stage"":""stack_relation_B1""}]","{""RL_ms"":240,""RP_ms"":62,""extension_ms"":1946,""holonomy_ms"":68,""section_ms"":6}",physical-spin-half-det-sign-omega0,normalized-pip-aw-edge-transport-v2,3+1D-full-affine-associated-graded,full,"{""CrystCat"":""1.1.10"",""GAP"":""4.13.1"",""HAP"":""1.62"",""Polycyclic"":""2.16""}",9c16c0714da16a1ed5dc23b7830701afc01e6d7a37ee6d243f536ee4dc9ecd96,/home/user/xyren/AllFSPT/runs/closed_cf_v09_source,/home/xingyu/FSPT_AHSS/results/space_groups/sg42.json,0d2b9c5d1fe95212fe0a743a6769121efd10385d2a9dfc4086f8f7b8d5944569,,[]
43,computed,computed,[2],Z2,[2],Z2,[2],Z2,[2],Z2,computed,"[2,2,4]",(Z2)^2 + Z4,actual-phase-witness,actual-marked-torsion-square-with-cochain-gauges,0,no free p+ip factor,,,,,,,,,,full-3+1D-spin-half-affine-stacking,p+ip-zero-three-layer-extension,native-vectors-plus-explicit-comparison-homotopy-recipes,False,stacking-with-generator-relations,47715,193554,145839,199.72622680664062,2026-09-26T17:36:59.895192+00:00,2026-09-26T17:40:19.621426+00:00,"[{""cpu_ms"":23677,""stage"":""cohomology""},{""cpu_ms"":23883,""stage"":""primary_cf""},{""cpu_ms"":35807,""stage"":""primary_mc_and_bos""},{""cpu_ms"":37164,""stage"":""incoming_mc""},{""cpu_ms"":37444,""stage"":""secondary_bos""},{""cpu_ms"":45507,""stage"":""secondary_mc""},{""cpu_ms"":45507,""stage"":""pip""},{""cpu_ms"":45577,""stage"":""pip_d3""},{""cpu_ms"":47715,""stage"":""classification_end""},{""cpu_ms"":48417,""stage"":""stack_lift_D1""},{""cpu_ms"":48419,""stage"":""stack_lift_C1""},{""cpu_ms"":70815,""stage"":""stack_lift_B1""},{""cpu_ms"":149466,""stage"":""stack_relation_D1""},{""cpu_ms"":149467,""stage"":""stack_relation_C1""},{""cpu_ms"":155639,""stage"":""stack_relation_B1""},{""cpu_ms"":162287,""stage"":""stack_pip_C4_pullback""},{""cpu_ms"":162287,""stage"":""stack_pip_square""}]","{""RL_ms"":229,""RP_ms"":52,""extension_ms"":4033,""holonomy_ms"":71,""section_ms"":6}",physical-spin-half-det-sign-omega0,normalized-pip-aw-edge-transport-v2,3+1D-full-affine-associated-graded,full,"{""CrystCat"":""1.1.10"",""GAP"":""4.13.1"",""HAP"":""1.62"",""Polycyclic"":""2.16""}",9c16c0714da16a1ed5dc23b7830701afc01e6d7a37ee6d243f536ee4dc9ecd96,/home/user/xyren/AllFSPT/runs/closed_cf_v09_source,/home/xingyu/FSPT_AHSS/results/space_groups/sg43.json,cd7abd1eeadf02192c74f7472b41fa332b61b9e0fcb661c894faffbb5e3daa44,,[]
44,computed,computed,[],0,[],0,[],0,"[2,2,2,2]",(Z2)^4,computed,"[2,2,2,2]",(Z2)^4,not-needed,,0,no free p+ip factor,,,,,,,,,,full-3+1D-spin-half-affine-stacking,p+ip-zero-three-layer-extension,native-vectors-plus-explicit-comparison-homotopy-recipes,False,stacking-with-generator-relations,30316,30795,479,31.59097647666931,2026-09-26T17:39:20.669971+00:00,2026-09-26T17:39:52.260955+00:00,"[{""cpu_ms"":23237,""stage"":""cohomology""},{""cpu_ms"":23478,""stage"":""primary_cf""},{""cpu_ms"":26655,""stage"":""primary_mc_and_bos""},{""cpu_ms"":27377,""stage"":""incoming_mc""},{""cpu_ms"":27594,""stage"":""secondary_bos""},{""cpu_ms"":30255,""stage"":""secondary_mc""},{""cpu_ms"":30255,""stage"":""pip""},{""cpu_ms"":30316,""stage"":""classification_end""}]","{""RL_ms"":231,""RP_ms"":52,""extension_ms"":1787,""holonomy_ms"":68,""section_ms"":6}",physical-spin-half-det-sign-omega0,normalized-pip-aw-edge-transport-v2,3+1D-full-affine-associated-graded,full,"{""CrystCat"":""1.1.10"",""GAP"":""4.13.1"",""HAP"":""1.62"",""Polycyclic"":""2.16""}",9c16c0714da16a1ed5dc23b7830701afc01e6d7a37ee6d243f536ee4dc9ecd96,/home/user/xyren/AllFSPT/runs/closed_cf_v09_source,/home/xingyu/FSPT_AHSS/results/space_groups/sg44.json,3b9f1f2f87c85f9b26f1a7fea21ec102acf89b309a7a562bb0292662b5c73255,,[]
45,computed,computed,[2],Z2,"[2,2]",(Z2)^2,[2],Z2,[],0,computed,"[2,2,2,2]",(Z2)^4,actual-phase-witness,actual-marked-torsion-square-with-cochain-gauges,0,no free p+ip factor,,,,,,,,,,full-3+1D-spin-half-affine-stacking,p+ip-zero-three-layer-extension,native-vectors-plus-explicit-comparison-homotopy-recipes,False,stacking-with-generator-relations,36184,307719,271535,314.1410686969757,2026-09-26T17:36:54.124570+00:00,2026-09-26T17:42:08.265645+00:00,"[{""cpu_ms"":21927,""stage"":""cohomology""},{""cpu_ms"":22135,""stage"":""primary_cf""},{""cpu_ms"":29567,""stage"":""primary_mc_and_bos""},{""cpu_ms"":30296,""stage"":""incoming_mc""},{""cpu_ms"":30565,""stage"":""secondary_bos""},{""cpu_ms"":30567,""stage"":""secondary_mc""},{""cpu_ms"":30568,""stage"":""pip""},{""cpu_ms"":30645,""stage"":""pip_d3""},{""cpu_ms"":36184,""stage"":""classification_end""},{""cpu_ms"":36672,""stage"":""stack_lift_C1""},{""cpu_ms"":50092,""stage"":""stack_lift_B1""},{""cpu_ms"":112605,""stage"":""stack_lift_B2""},{""cpu_ms"":154113,""stage"":""stack_relation_C1""},{""cpu_ms"":171068,""stage"":""stack_relation_B1""},{""cpu_ms"":194944,""stage"":""stack_relation_B2""},{""cpu_ms"":207491,""stage"":""stack_pip_phase_lift""},{""cpu_ms"":270171,""stage"":""stack_pip_square""}]","{""RL_ms"":230,""RP_ms"":52,""extension_ms"":2640,""holonomy_ms"":70,""section_ms"":7}",physical-spin-half-det-sign-omega0,normalized-pip-aw-edge-transport-v2,3+1D-full-affine-associated-graded,full,"{""CrystCat"":""1.1.10"",""GAP"":""4.13.1"",""HAP"":""1.62"",""Polycyclic"":""2.16""}",9c16c0714da16a1ed5dc23b7830701afc01e6d7a37ee6d243f536ee4dc9ecd96,/home/user/xyren/AllFSPT/runs/closed_cf_v09_source,/home/xingyu/FSPT_AHSS/results/space_groups/sg45.json,3d15e80104a84b2fea48c1d28293d1671519d145707355eb50f56da156da80bb,,[]
46,computed,computed,[],0,[2],Z2,"[2,2]",(Z2)^2,[2],Z2,computed,"[2,8]",Z2 + Z8,not-needed,,0,no free p+ip factor,,,,,,,,,,full-3+1D-spin-half-affine-stacking,p+ip-zero-three-layer-extension,native-vectors-plus-explicit-comparison-homotopy-recipes,False,stacking-with-generator-relations,34143,207112,172969,213.74935269355774,2026-09-26T17:36:54.211042+00:00,2026-09-26T17:40:27.960400+00:00,"[{""cpu_ms"":21817,""stage"":""cohomology""},{""cpu_ms"":22028,""stage"":""primary_cf""},{""cpu_ms"":27364,""stage"":""primary_mc_and_bos""},{""cpu_ms"":28003,""stage"":""incoming_mc""},{""cpu_ms"":28274,""stage"":""secondary_bos""},{""cpu_ms"":34076,""stage"":""secondary_mc""},{""cpu_ms"":34076,""stage"":""pip""},{""cpu_ms"":34143,""stage"":""classification_end""},{""cpu_ms"":34613,""stage"":""stack_lift_D1""},{""cpu_ms"":34614,""stage"":""stack_lift_C1""},{""cpu_ms"":47441,""stage"":""stack_lift_C2""},{""cpu_ms"":49254,""stage"":""stack_lift_B1""},{""cpu_ms"":121405,""stage"":""stack_relation_D1""},{""cpu_ms"":121405,""stage"":""stack_relation_C1""},{""cpu_ms"":162097,""stage"":""stack_relation_C2""},{""cpu_ms"":179336,""stage"":""stack_relation_B1""}]","{""RL_ms"":229,""RP_ms"":53,""extension_ms"":2597,""holonomy_ms"":68,""section_ms"":6}",physical-spin-half-det-sign-omega0,normalized-pip-aw-edge-transport-v2,3+1D-full-affine-associated-graded,full,"{""CrystCat"":""1.1.10"",""GAP"":""4.13.1"",""HAP"":""1.62"",""Polycyclic"":""2.16""}",9c16c0714da16a1ed5dc23b7830701afc01e6d7a37ee6d243f536ee4dc9ecd96,/home/user/xyren/AllFSPT/runs/closed_cf_v09_source,/home/xingyu/FSPT_AHSS/results/space_groups/sg46.json,88cdb30f5b85d34b49ae4599c6938fa7848295ebfb3fbc9171dc850f1090fe3e,,[]
47,computed,computed,[],0,[],0,[],0,"[2,2,2,2,2,2,2,2,2,2,2,2,2,2,2,2,2,2,2,2,2,2,2,2]",(Z2)^24,computed,"[2,2,2,2,2,2,2,2,2,2,2,2,2,2,2,2,2,2,2,2,2,2,2,2]",(Z2)^24,not-needed,,0,no free p+ip factor,,,,,,,,,,full-3+1D-spin-half-affine-stacking,p+ip-zero-three-layer-extension,native-vectors-plus-explicit-comparison-homotopy-recipes,False,stacking-with-generator-relations,34575,35172,597,35.83226752281189,2026-09-26T17:39:12.677372+00:00,2026-09-26T17:39:48.509646+00:00,"[{""cpu_ms"":23018,""stage"":""cohomology""},{""cpu_ms"":28053,""stage"":""primary_cf""},{""cpu_ms"":32726,""stage"":""primary_mc_and_bos""},{""cpu_ms"":33683,""stage"":""incoming_mc""},{""cpu_ms"":34084,""stage"":""secondary_bos""},{""cpu_ms"":34502,""stage"":""secondary_mc""},{""cpu_ms"":34502,""stage"":""pip""},{""cpu_ms"":34575,""stage"":""classification_end""}]","{""RL_ms"":242,""RP_ms"":862,""extension_ms"":3364,""holonomy_ms"":132,""section_ms"":12}",physical-spin-half-det-sign-omega0,normalized-pip-aw-edge-transport-v2,3+1D-full-affine-associated-graded,full,"{""CrystCat"":""1.1.10"",""GAP"":""4.13.1"",""HAP"":""1.62"",""Polycyclic"":""2.16""}",9c16c0714da16a1ed5dc23b7830701afc01e6d7a37ee6d243f536ee4dc9ecd96,/home/user/xyren/AllFSPT/runs/closed_cf_v09_source,/home/xingyu/FSPT_AHSS/results/space_groups/sg47.json,4474e9e8b095231833d0326e41c893418339624de33a52fafa5479188076ae46,,[]
48,computed,computed,[],0,[],0,[],0,"[2,2,2,2,2,2,2,2]",(Z2)^8,computed,"[2,2,2,2,2,2,2,2]",(Z2)^8,not-needed,,0,no free p+ip factor,,,,,,,,,,full-3+1D-spin-half-affine-stacking,p+ip-zero-three-layer-extension,native-vectors-plus-explicit-comparison-homotopy-recipes,False,stacking-with-generator-relations,78519,79014,495,84.86874723434448,2026-09-26T17:37:00.201942+00:00,2026-09-26T17:38:25.070696+00:00,"[{""cpu_ms"":31008,""stage"":""cohomology""},{""cpu_ms"":31991,""stage"":""primary_cf""},{""cpu_ms"":57080,""stage"":""primary_mc_and_bos""},{""cpu_ms"":59948,""stage"":""incoming_mc""},{""cpu_ms"":60712,""stage"":""secondary_bos""},{""cpu_ms"":78380,""stage"":""secondary_mc""},{""cpu_ms"":78380,""stage"":""pip""},{""cpu_ms"":78519,""stage"":""classification_end""}]","{""RL_ms"":235,""RP_ms"":850,""extension_ms"":10752,""holonomy_ms"":120,""section_ms"":13}",physical-spin-half-det-sign-omega0,normalized-pip-aw-edge-transport-v2,3+1D-full-affine-associated-graded,full,"{""CrystCat"":""1.1.10"",""GAP"":""4.13.1"",""HAP"":""1.62"",""Polycyclic"":""2.16""}",9c16c0714da16a1ed5dc23b7830701afc01e6d7a37ee6d243f536ee4dc9ecd96,/home/user/xyren/AllFSPT/runs/closed_cf_v09_source,/home/xingyu/FSPT_AHSS/results/space_groups/sg48.json,d7c605e2226abbcbd22b97adc3bb74c792323d7988ad37bbf871508001967ad8,,[]
49,computed,computed,[],0,[],0,[2],Z2,"[2,2,2,2,2,2,2,2,2]",(Z2)^9,computed,"[2,2,2,2,2,2,2,2,4]",(Z2)^8 + Z4,not-needed,,0,no free p+ip factor,,,,,,,,,,full-3+1D-spin-half-affine-stacking,p+ip-zero-three-layer-extension,native-vectors-plus-explicit-comparison-homotopy-recipes,False,stacking-with-generator-relations,34861,35391,530,36.11200547218323,2026-09-26T17:39:47.071114+00:00,2026-09-26T17:40:23.183126+00:00,"[{""cpu_ms"":24777,""stage"":""cohomology""},{""cpu_ms"":26113,""stage"":""primary_cf""},{""cpu_ms"":30557,""stage"":""primary_mc_and_bos""},{""cpu_ms"":31158,""stage"":""incoming_mc""},{""cpu_ms"":31562,""stage"":""secondary_bos""},{""cpu_ms"":34783,""stage"":""secondary_mc""},{""cpu_ms"":34783,""stage"":""pip""},{""cpu_ms"":34861,""stage"":""classification_end""},{""cpu_ms"":35362,""stage"":""stack_native_CF1""}]","{""RL_ms"":236,""RP_ms"":851,""extension_ms"":3942,""holonomy_ms"":168,""section_ms"":12}",physical-spin-half-det-sign-omega0,normalized-pip-aw-edge-transport-v2,3+1D-full-affine-associated-graded,full,"{""CrystCat"":""1.1.10"",""GAP"":""4.13.1"",""HAP"":""1.62"",""Polycyclic"":""2.16""}",9c16c0714da16a1ed5dc23b7830701afc01e6d7a37ee6d243f536ee4dc9ecd96,/home/user/xyren/AllFSPT/runs/closed_cf_v09_source,/home/xingyu/FSPT_AHSS/results/space_groups/sg49.json,9decfcf1483afe14cfa5f7d2844aa94354b9c121f48b8d23232a32ecdf4de0e3,,[]
50,computed,computed,[],0,[],0,[],0,"[2,2,2,2,2,2,2,2]",(Z2)^8,computed,"[2,2,2,2,2,2,2,2]",(Z2)^8,not-needed,,0,no free p+ip factor,,,,,,,,,,full-3+1D-spin-half-affine-stacking,p+ip-zero-three-layer-extension,native-vectors-plus-explicit-comparison-homotopy-recipes,False,stacking-with-generator-relations,49155,49651,496,50.565964460372925,2026-09-26T17:38:49.321269+00:00,2026-09-26T17:39:39.887239+00:00,"[{""cpu_ms"":28645,""stage"":""cohomology""},{""cpu_ms"":29917,""stage"":""primary_cf""},{""cpu_ms"":39152,""stage"":""primary_mc_and_bos""},{""cpu_ms"":40232,""stage"":""incoming_mc""},{""cpu_ms"":40719,""stage"":""secondary_bos""},{""cpu_ms"":49049,""stage"":""secondary_mc""},{""cpu_ms"":49049,""stage"":""pip""},{""cpu_ms"":49155,""stage"":""classification_end""}]","{""RL_ms"":244,""RP_ms"":876,""extension_ms"":6167,""holonomy_ms"":134,""section_ms"":15}",physical-spin-half-det-sign-omega0,normalized-pip-aw-edge-transport-v2,3+1D-full-affine-associated-graded,full,"{""CrystCat"":""1.1.10"",""GAP"":""4.13.1"",""HAP"":""1.62"",""Polycyclic"":""2.16""}",9c16c0714da16a1ed5dc23b7830701afc01e6d7a37ee6d243f536ee4dc9ecd96,/home/user/xyren/AllFSPT/runs/closed_cf_v09_source,/home/xingyu/FSPT_AHSS/results/space_groups/sg50.json,a4a3befe9bd2aeae671c917a6e95ea05feec33ed5f328c8697dfd2e858572ecd,,[]
51,computed,computed,[],0,[],0,"[2,2]",(Z2)^2,"[2,2,2,2,2,2]",(Z2)^6,computed,"[2,2,2,2,4,4]",(Z2)^4 + (Z4)^2,not-needed,,0,no free p+ip factor,,,,,,,,,,full-3+1D-spin-half-affine-stacking,p+ip-zero-three-layer-extension,native-vectors-plus-explicit-comparison-homotopy-recipes,False,stacking-with-generator-relations,32518,33032,514,33.889405250549316,2026-09-26T17:39:56.137404+00:00,2026-09-26T17:40:30.026814+00:00,"[{""cpu_ms"":24994,""stage"":""cohomology""},{""cpu_ms"":26325,""stage"":""primary_cf""},{""cpu_ms"":31214,""stage"":""primary_mc_and_bos""},{""cpu_ms"":31927,""stage"":""incoming_mc""},{""cpu_ms"":32383,""stage"":""secondary_bos""},{""cpu_ms"":32430,""stage"":""secondary_mc""},{""cpu_ms"":32430,""stage"":""pip""},{""cpu_ms"":32519,""stage"":""classification_end""},{""cpu_ms"":33001,""stage"":""stack_native_CF1""},{""cpu_ms"":33022,""stage"":""stack_native_CF2""}]","{""RL_ms"":234,""RP_ms"":853,""extension_ms"":4310,""holonomy_ms"":118,""section_ms"":12}",physical-spin-half-det-sign-omega0,normalized-pip-aw-edge-transport-v2,3+1D-full-affine-associated-graded,full,"{""CrystCat"":""1.1.10"",""GAP"":""4.13.1"",""HAP"":""1.62"",""Polycyclic"":""2.16""}",9c16c0714da16a1ed5dc23b7830701afc01e6d7a37ee6d243f536ee4dc9ecd96,/home/user/xyren/AllFSPT/runs/closed_cf_v09_source,/home/xingyu/FSPT_AHSS/results/space_groups/sg51.json,f516fa7a083030463d1afecc06c9d4e126e75f4b0c202ea59781baa1a15189b1,,[]
52,computed,computed,[],0,[2],Z2,"[2,2,2]",(Z2)^3,"[2,2]",(Z2)^2,computed,"[2,4,8]",Z2 + Z4 + Z8,not-needed,,0,no free p+ip factor,,,,,,,,,,full-3+1D-spin-half-affine-stacking,p+ip-zero-three-layer-extension,native-vectors-plus-explicit-comparison-homotopy-recipes,False,stacking-with-generator-relations,69623,518315,448692,525.5855040550232,2026-09-26T17:37:04.932339+00:00,2026-09-26T17:45:50.517849+00:00,"[{""cpu_ms"":30379,""stage"":""cohomology""},{""cpu_ms"":31429,""stage"":""primary_cf""},{""cpu_ms"":51985,""stage"":""primary_mc_and_bos""},{""cpu_ms"":53475,""stage"":""incoming_mc""},{""cpu_ms"":54067,""stage"":""secondary_bos""},{""cpu_ms"":69482,""stage"":""secondary_mc""},{""cpu_ms"":69483,""stage"":""pip""},{""cpu_ms"":69623,""stage"":""classification_end""},{""cpu_ms"":70104,""stage"":""stack_lift_D1""},{""cpu_ms"":70105,""stage"":""stack_lift_D2""},{""cpu_ms"":70107,""stage"":""stack_lift_C1""},{""cpu_ms"":109079,""stage"":""stack_lift_C2""},{""cpu_ms"":116095,""stage"":""stack_lift_C3""},{""cpu_ms"":121625,""stage"":""stack_lift_B1""},{""cpu_ms"":302213,""stage"":""stack_relation_D1""},{""cpu_ms"":302213,""stage"":""stack_relation_D2""},{""cpu_ms"":302213,""stage"":""stack_relation_C1""},{""cpu_ms"":338384,""stage"":""stack_relation_C2""},{""cpu_ms"":353367,""stage"":""stack_relation_C3""},{""cpu_ms"":367061,""stage"":""stack_relation_B1""}]","{""RL_ms"":239,""RP_ms"":858,""extension_ms"":9589,""holonomy_ms"":125,""section_ms"":13}",physical-spin-half-det-sign-omega0,normalized-pip-aw-edge-transport-v2,3+1D-full-affine-associated-graded,full,"{""CrystCat"":""1.1.10"",""GAP"":""4.13.1"",""HAP"":""1.62"",""Polycyclic"":""2.16""}",9c16c0714da16a1ed5dc23b7830701afc01e6d7a37ee6d243f536ee4dc9ecd96,/home/user/xyren/AllFSPT/runs/closed_cf_v09_source,/home/xingyu/FSPT_AHSS/results/space_groups/sg52.json,97b3c40be6e393ed7fa67eafb66249685fec05fcba1e51665e2d275e0b0404c9,,[]
53,computed,computed,[],0,[2],Z2,"[2,2,2]",(Z2)^3,"[2,2,2,2]",(Z2)^4,computed,"[2,4,4,8]",Z2 + (Z4)^2 + Z8,not-needed,,0,no free p+ip factor,,,,,,,,,,full-3+1D-spin-half-affine-stacking,p+ip-zero-three-layer-extension,native-vectors-plus-explicit-comparison-homotopy-recipes,False,stacking-with-generator-relations,112092,855595,743503,862.9320023059845,2026-09-26T17:37:04.882471+00:00,2026-09-26T17:51:27.814480+00:00,"[{""cpu_ms"":29690,""stage"":""cohomology""},{""cpu_ms"":31607,""stage"":""primary_cf""},{""cpu_ms"":43920,""stage"":""primary_mc_and_bos""},{""cpu_ms"":45423,""stage"":""incoming_mc""},{""cpu_ms"":45998,""stage"":""secondary_bos""},{""cpu_ms"":54533,""stage"":""secondary_mc""},{""cpu_ms"":111977,""stage"":""pip""},{""cpu_ms"":112092,""stage"":""classification_end""},{""cpu_ms"":112568,""stage"":""stack_lift_D1""},{""cpu_ms"":112569,""stage"":""stack_lift_D2""},{""cpu_ms"":112571,""stage"":""stack_lift_D3""},{""cpu_ms"":112573,""stage"":""stack_lift_D4""},{""cpu_ms"":112575,""stage"":""stack_lift_C1""},{""cpu_ms"":122649,""stage"":""stack_lift_C2""},{""cpu_ms"":126138,""stage"":""stack_lift_C3""},{""cpu_ms"":129902,""stage"":""stack_lift_B1""},{""cpu_ms"":242254,""stage"":""stack_relation_D1""},{""cpu_ms"":242254,""stage"":""stack_relation_D2""},{""cpu_ms"":242254,""stage"":""stack_relation_D3""},{""cpu_ms"":242254,""stage"":""stack_relation_D4""},{""cpu_ms"":242254,""stage"":""stack_relation_C1""},{""cpu_ms"":405418,""stage"":""stack_relation_C2""},{""cpu_ms"":565227,""stage"":""stack_relation_C3""},{""cpu_ms"":661866,""stage"":""stack_relation_B1""}]","{""RL_ms"":382,""RP_ms"":1345,""extension_ms"":8804,""holonomy_ms"":141,""section_ms"":23}",physical-spin-half-det-sign-omega0,normalized-pip-aw-edge-transport-v2,3+1D-full-affine-associated-graded,full,"{""CrystCat"":""1.1.10"",""GAP"":""4.13.1"",""HAP"":""1.62"",""Polycyclic"":""2.16""}",9c16c0714da16a1ed5dc23b7830701afc01e6d7a37ee6d243f536ee4dc9ecd96,/home/user/xyren/AllFSPT/runs/closed_cf_v09_source,/home/xingyu/FSPT_AHSS/results/space_groups/sg53.json,d641a3b657717aa3f2ccf8bb82f960df694dde4c43150474abc6f1f2c71c7ab3,,[]
54,computed,computed,[],0,"[2,2]",(Z2)^2,"[2,2]",(Z2)^2,[2],Z2,computed,"[2,2,8]",(Z2)^2 + Z8,not-needed,,0,no free p+ip factor,,,,,,,,,,full-3+1D-spin-half-affine-stacking,p+ip-zero-three-layer-extension,native-vectors-plus-explicit-comparison-homotopy-recipes,False,stacking-with-generator-relations,40148,330099,289951,337.7549252510071,2026-09-26T17:37:05.101129+00:00,2026-09-26T17:42:42.856060+00:00,"[{""cpu_ms"":25301,""stage"":""cohomology""},{""cpu_ms"":26286,""stage"":""primary_cf""},{""cpu_ms"":33789,""stage"":""primary_mc_and_bos""},{""cpu_ms"":34496,""stage"":""incoming_mc""},{""cpu_ms"":34943,""stage"":""secondary_bos""},{""cpu_ms"":40042,""stage"":""secondary_mc""},{""cpu_ms"":40043,""stage"":""pip""},{""cpu_ms"":40148,""stage"":""classification_end""},{""cpu_ms"":40626,""stage"":""stack_lift_D1""},{""cpu_ms"":40628,""stage"":""stack_lift_C1""},{""cpu_ms"":51143,""stage"":""stack_lift_C2""},{""cpu_ms"":53290,""stage"":""stack_lift_B1""},{""cpu_ms"":103282,""stage"":""stack_lift_B2""},{""cpu_ms"":163270,""stage"":""stack_relation_D1""},{""cpu_ms"":163270,""stage"":""stack_relation_C1""},{""cpu_ms"":193038,""stage"":""stack_relation_C2""},{""cpu_ms"":237959,""stage"":""stack_relation_B1""},{""cpu_ms"":282334,""stage"":""stack_relation_B2""}]","{""RL_ms"":238,""RP_ms"":873,""extension_ms"":5362,""holonomy_ms"":124,""section_ms"":15}",physical-spin-half-det-sign-omega0,normalized-pip-aw-edge-transport-v2,3+1D-full-affine-associated-graded,full,"{""CrystCat"":""1.1.10"",""GAP"":""4.13.1"",""HAP"":""1.62"",""Polycyclic"":""2.16""}",9c16c0714da16a1ed5dc23b7830701afc01e6d7a37ee6d243f536ee4dc9ecd96,/home/user/xyren/AllFSPT/runs/closed_cf_v09_source,/home/xingyu/FSPT_AHSS/results/space_groups/sg54.json,52dcd9943bced8024ca925aa47a6bdd1c59571e0a7e5f30fca64b0d372890457,,[]
55,computed,computed,[],0,[],0,"[2,2,2]",(Z2)^3,"[2,2,2]",(Z2)^3,computed,"[2,2,4,4]",(Z2)^2 + (Z4)^2,not-needed,,0,no free p+ip factor,,,,,,,,,,full-3+1D-spin-half-affine-stacking,p+ip-zero-three-layer-extension,native-vectors-plus-explicit-comparison-homotopy-recipes,False,stacking-with-generator-relations,38231,38757,526,39.600322008132935,2026-09-26T17:39:24.478444+00:00,2026-09-26T17:40:04.078771+00:00,"[{""cpu_ms"":25565,""stage"":""cohomology""},{""cpu_ms"":26819,""stage"":""primary_cf""},{""cpu_ms"":32622,""stage"":""primary_mc_and_bos""},{""cpu_ms"":33262,""stage"":""incoming_mc""},{""cpu_ms"":33640,""stage"":""secondary_bos""},{""cpu_ms"":38147,""stage"":""secondary_mc""},{""cpu_ms"":38147,""stage"":""pip""},{""cpu_ms"":38231,""stage"":""classification_end""},{""cpu_ms"":38722,""stage"":""stack_native_CF1""},{""cpu_ms"":38744,""stage"":""stack_native_CF2""},{""cpu_ms"":38748,""stage"":""stack_native_CF3""}]","{""RL_ms"":243,""RP_ms"":916,""extension_ms"":4718,""holonomy_ms"":172,""section_ms"":15}",physical-spin-half-det-sign-omega0,normalized-pip-aw-edge-transport-v2,3+1D-full-affine-associated-graded,full,"{""CrystCat"":""1.1.10"",""GAP"":""4.13.1"",""HAP"":""1.62"",""Polycyclic"":""2.16""}",9c16c0714da16a1ed5dc23b7830701afc01e6d7a37ee6d243f536ee4dc9ecd96,/home/user/xyren/AllFSPT/runs/closed_cf_v09_source,/home/xingyu/FSPT_AHSS/results/space_groups/sg55.json,5a1c6ab255ae582c25a37e23f7f7832c816f03bfeef7a8b977ade0cf07736612,,[]
56,computed,computed,[],0,[2],Z2,"[2,2]",(Z2)^2,[],0,computed,"[2,2,2]",(Z2)^3,not-needed,,0,no free p+ip factor,,,,,,,,,,full-3+1D-spin-half-affine-stacking,p+ip-zero-three-layer-extension,native-vectors-plus-explicit-comparison-homotopy-recipes,False,stacking-with-generator-relations,43700,337315,293615,343.72780776023865,2026-09-26T17:36:54.053876+00:00,2026-09-26T17:42:37.781689+00:00,"[{""cpu_ms"":27306,""stage"":""cohomology""},{""cpu_ms"":27994,""stage"":""primary_cf""},{""cpu_ms"":42070,""stage"":""primary_mc_and_bos""},{""cpu_ms"":43115,""stage"":""incoming_mc""},{""cpu_ms"":43571,""stage"":""secondary_bos""},{""cpu_ms"":43574,""stage"":""secondary_mc""},{""cpu_ms"":43575,""stage"":""pip""},{""cpu_ms"":43700,""stage"":""classification_end""},{""cpu_ms"":44173,""stage"":""stack_lift_C1""},{""cpu_ms"":71027,""stage"":""stack_lift_C2""},{""cpu_ms"":76012,""stage"":""stack_lift_B1""},{""cpu_ms"":222649,""stage"":""stack_relation_C1""},{""cpu_ms"":246300,""stage"":""stack_relation_C2""},{""cpu_ms"":256007,""stage"":""stack_relation_B1""}]","{""RL_ms"":236,""RP_ms"":853,""extension_ms"":7370,""holonomy_ms"":129,""section_ms"":12}",physical-spin-half-det-sign-omega0,normalized-pip-aw-edge-transport-v2,3+1D-full-affine-associated-graded,full,"{""CrystCat"":""1.1.10"",""GAP"":""4.13.1"",""HAP"":""1.62"",""Polycyclic"":""2.16""}",9c16c0714da16a1ed5dc23b7830701afc01e6d7a37ee6d243f536ee4dc9ecd96,/home/user/xyren/AllFSPT/runs/closed_cf_v09_source,/home/xingyu/FSPT_AHSS/results/space_groups/sg56.json,bad884fb4862c37e3e55c133f25406755d5b503c7d4b660ec221b70bd064e070,,[]
57,computed,computed,[],0,[2],Z2,"[2,2]",(Z2)^2,[2],Z2,computed,"[2,8]",Z2 + Z8,not-needed,,0,no free p+ip factor,,,,,,,,,,full-3+1D-spin-half-affine-stacking,p+ip-zero-three-layer-extension,native-vectors-plus-explicit-comparison-homotopy-recipes,False,stacking-with-generator-relations,39221,212479,173258,218.05505442619324,2026-09-26T17:37:06.456768+00:00,2026-09-26T17:40:44.511828+00:00,"[{""cpu_ms"":25674,""stage"":""cohomology""},{""cpu_ms"":26297,""stage"":""primary_cf""},{""cpu_ms"":32867,""stage"":""primary_mc_and_bos""},{""cpu_ms"":33517,""stage"":""incoming_mc""},{""cpu_ms"":33958,""stage"":""secondary_bos""},{""cpu_ms"":39127,""stage"":""secondary_mc""},{""cpu_ms"":39127,""stage"":""pip""},{""cpu_ms"":39221,""stage"":""classification_end""},{""cpu_ms"":39698,""stage"":""stack_lift_D1""},{""cpu_ms"":39699,""stage"":""stack_lift_C1""},{""cpu_ms"":48458,""stage"":""stack_lift_C2""},{""cpu_ms"":50857,""stage"":""stack_lift_B1""},{""cpu_ms"":120709,""stage"":""stack_relation_D1""},{""cpu_ms"":120709,""stage"":""stack_relation_C1""},{""cpu_ms"":146653,""stage"":""stack_relation_C2""},{""cpu_ms"":153353,""stage"":""stack_relation_B1""}]","{""RL_ms"":234,""RP_ms"":851,""extension_ms"":5057,""holonomy_ms"":120,""section_ms"":13}",physical-spin-half-det-sign-omega0,normalized-pip-aw-edge-transport-v2,3+1D-full-affine-associated-graded,full,"{""CrystCat"":""1.1.10"",""GAP"":""4.13.1"",""HAP"":""1.62"",""Polycyclic"":""2.16""}",9c16c0714da16a1ed5dc23b7830701afc01e6d7a37ee6d243f536ee4dc9ecd96,/home/user/xyren/AllFSPT/runs/closed_cf_v09_source,/home/xingyu/FSPT_AHSS/results/space_groups/sg57.json,d1d05174ddf5ee5378e3e536dcf80a1c003ec8d915323dae842cc87cd6c9b095,,[]
58,computed,computed,[],0,[],0,"[2,2,2]",(Z2)^3,"[2,2,2]",(Z2)^3,computed,"[2,2,4,4]",(Z2)^2 + (Z4)^2,not-needed,,0,no free p+ip factor,,,,,,,,,,full-3+1D-spin-half-affine-stacking,p+ip-zero-three-layer-extension,native-vectors-plus-explicit-comparison-homotopy-recipes,False,stacking-with-generator-relations,48337,48876,539,49.60092759132385,2026-09-26T17:39:17.924309+00:00,2026-09-26T17:40:07.525244+00:00,"[{""cpu_ms"":28137,""stage"":""cohomology""},{""cpu_ms"":28996,""stage"":""primary_cf""},{""cpu_ms"":39775,""stage"":""primary_mc_and_bos""},{""cpu_ms"":40669,""stage"":""incoming_mc""},{""cpu_ms"":41072,""stage"":""secondary_bos""},{""cpu_ms"":48233,""stage"":""secondary_mc""},{""cpu_ms"":48233,""stage"":""pip""},{""cpu_ms"":48337,""stage"":""classification_end""},{""cpu_ms"":48832,""stage"":""stack_native_CF1""},{""cpu_ms"":48857,""stage"":""stack_native_CF2""},{""cpu_ms"":48861,""stage"":""stack_native_CF3""}]","{""RL_ms"":234,""RP_ms"":857,""extension_ms"":6833,""holonomy_ms"":123,""section_ms"":13}",physical-spin-half-det-sign-omega0,normalized-pip-aw-edge-transport-v2,3+1D-full-affine-associated-graded,full,"{""CrystCat"":""1.1.10"",""GAP"":""4.13.1"",""HAP"":""1.62"",""Polycyclic"":""2.16""}",9c16c0714da16a1ed5dc23b7830701afc01e6d7a37ee6d243f536ee4dc9ecd96,/home/user/xyren/AllFSPT/runs/closed_cf_v09_source,/home/xingyu/FSPT_AHSS/results/space_groups/sg58.json,fbe24ef8fc7b2ea3b5d37fd49040b08f38be0524aec60b75f9ff0584bde96cd7,,[]
59,computed,computed,[],0,[],0,[],0,"[2,2,2,2]",(Z2)^4,computed,"[2,2,2,2]",(Z2)^4,not-needed,,0,no free p+ip factor,,,,,,,,,,full-3+1D-spin-half-affine-stacking,p+ip-zero-three-layer-extension,native-vectors-plus-explicit-comparison-homotopy-recipes,False,stacking-with-generator-relations,43797,44406,609,45.13394093513489,2026-09-26T17:39:03.381542+00:00,2026-09-26T17:39:48.515490+00:00,"[{""cpu_ms"":32264,""stage"":""cohomology""},{""cpu_ms"":33530,""stage"":""primary_cf""},{""cpu_ms"":42260,""stage"":""primary_mc_and_bos""},{""cpu_ms"":43175,""stage"":""incoming_mc""},{""cpu_ms"":43672,""stage"":""secondary_bos""},{""cpu_ms"":43688,""stage"":""secondary_mc""},{""cpu_ms"":43688,""stage"":""pip""},{""cpu_ms"":43797,""stage"":""classification_end""}]","{""RL_ms"":377,""RP_ms"":1324,""extension_ms"":7158,""holonomy_ms"":188,""section_ms"":20}",physical-spin-half-det-sign-omega0,normalized-pip-aw-edge-transport-v2,3+1D-full-affine-associated-graded,full,"{""CrystCat"":""1.1.10"",""GAP"":""4.13.1"",""HAP"":""1.62"",""Polycyclic"":""2.16""}",9c16c0714da16a1ed5dc23b7830701afc01e6d7a37ee6d243f536ee4dc9ecd96,/home/user/xyren/AllFSPT/runs/closed_cf_v09_source,/home/xingyu/FSPT_AHSS/results/space_groups/sg59.json,03ba58d845a6f024fbe7c2b9433284246b322fb4ef8b321870ba219c8abf31fe,,[]
60,computed,computed,[],0,[2],Z2,"[2,2]",(Z2)^2,[2],Z2,computed,"[2,2,4]",(Z2)^2 + Z4,not-needed,,0,no free p+ip factor,,,,,,,,,,full-3+1D-spin-half-affine-stacking,p+ip-zero-three-layer-extension,native-vectors-plus-explicit-comparison-homotopy-recipes,False,stacking-with-generator-relations,51764,252350,200586,259.42481088638306,2026-09-26T17:37:05.026599+00:00,2026-09-26T17:41:24.451416+00:00,"[{""cpu_ms"":27174,""stage"":""cohomology""},{""cpu_ms"":28161,""stage"":""primary_cf""},{""cpu_ms"":40101,""stage"":""primary_mc_and_bos""},{""cpu_ms"":40962,""stage"":""incoming_mc""},{""cpu_ms"":41414,""stage"":""secondary_bos""},{""cpu_ms"":51655,""stage"":""secondary_mc""},{""cpu_ms"":51656,""stage"":""pip""},{""cpu_ms"":51764,""stage"":""classification_end""},{""cpu_ms"":52255,""stage"":""stack_lift_D1""},{""cpu_ms"":52256,""stage"":""stack_lift_C1""},{""cpu_ms"":77388,""stage"":""stack_lift_C2""},{""cpu_ms"":82985,""stage"":""stack_lift_B1""},{""cpu_ms"":186657,""stage"":""stack_relation_D1""},{""cpu_ms"":186657,""stage"":""stack_relation_C1""},{""cpu_ms"":221622,""stage"":""stack_relation_C2""},{""cpu_ms"":231528,""stage"":""stack_relation_B1""}]","{""RL_ms"":241,""RP_ms"":871,""extension_ms"":7009,""holonomy_ms"":129,""section_ms"":16}",physical-spin-half-det-sign-omega0,normalized-pip-aw-edge-transport-v2,3+1D-full-affine-associated-graded,full,"{""CrystCat"":""1.1.10"",""GAP"":""4.13.1"",""HAP"":""1.62"",""Polycyclic"":""2.16""}",9c16c0714da16a1ed5dc23b7830701afc01e6d7a37ee6d243f536ee4dc9ecd96,/home/user/xyren/AllFSPT/runs/closed_cf_v09_source,/home/xingyu/FSPT_AHSS/results/space_groups/sg60.json,cf765b0f3be02364c4a4f12a1aaf8c17b04bc3457e97bfb54840b7f32a17823d,,[]
61,computed,computed,[],0,"[2,2]",(Z2)^2,[2],Z2,[2],Z2,computed,"[2,2,2,2]",(Z2)^4,not-needed,,0,no free p+ip factor,,,,,,,,,,full-3+1D-spin-half-affine-stacking,p+ip-zero-three-layer-extension,native-vectors-plus-explicit-comparison-homotopy-recipes,False,stacking-with-generator-relations,43993,260392,216399,266.03193831443787,2026-09-26T17:37:06.413363+00:00,2026-09-26T17:41:32.445306+00:00,"[{""cpu_ms"":28701,""stage"":""cohomology""},{""cpu_ms"":29244,""stage"":""primary_cf""},{""cpu_ms"":29244,""stage"":""primary_mc_and_bos""},{""cpu_ms"":32767,""stage"":""incoming_mc""},{""cpu_ms"":33216,""stage"":""secondary_bos""},{""cpu_ms"":43885,""stage"":""secondary_mc""},{""cpu_ms"":43886,""stage"":""pip""},{""cpu_ms"":43993,""stage"":""classification_end""},{""cpu_ms"":44556,""stage"":""stack_lift_D1""},{""cpu_ms"":44558,""stage"":""stack_lift_C1""},{""cpu_ms"":69185,""stage"":""stack_lift_B1""},{""cpu_ms"":148650,""stage"":""stack_lift_B2""},{""cpu_ms"":222426,""stage"":""stack_relation_D1""},{""cpu_ms"":222426,""stage"":""stack_relation_C1""},{""cpu_ms"":231451,""stage"":""stack_relation_B1""},{""cpu_ms"":241679,""stage"":""stack_relation_B2""}]","{""RL_ms"":374,""RP_ms"":1100,""extension_ms"":6819,""holonomy_ms"":121,""section_ms"":20}",physical-spin-half-det-sign-omega0,normalized-pip-aw-edge-transport-v2,3+1D-full-affine-associated-graded,full,"{""CrystCat"":""1.1.10"",""GAP"":""4.13.1"",""HAP"":""1.62"",""Polycyclic"":""2.16""}",9c16c0714da16a1ed5dc23b7830701afc01e6d7a37ee6d243f536ee4dc9ecd96,/home/user/xyren/AllFSPT/runs/closed_cf_v09_source,/home/xingyu/FSPT_AHSS/results/space_groups/sg61.json,ad0b15e4185b241d66af319c34dd6a8c3c5e79e4c60eb91a933700ceaadeab6a,,[]
62,computed,computed,[],0,[],0,"[2,2]",(Z2)^2,[],0,computed,"[2,2]",(Z2)^2,not-needed,,0,no free p+ip factor,,,,,,,,,,full-3+1D-spin-half-affine-stacking,p+ip-zero-three-layer-extension,native-vectors-plus-explicit-comparison-homotopy-recipes,False,stacking-with-generator-relations,47166,47673,507,48.429195404052734,2026-09-26T17:39:36.006937+00:00,2026-09-26T17:40:24.436139+00:00,"[{""cpu_ms"":28195,""stage"":""cohomology""},{""cpu_ms"":28831,""stage"":""primary_cf""},{""cpu_ms"":45157,""stage"":""primary_mc_and_bos""},{""cpu_ms"":46497,""stage"":""incoming_mc""},{""cpu_ms"":47031,""stage"":""secondary_bos""},{""cpu_ms"":47035,""stage"":""secondary_mc""},{""cpu_ms"":47035,""stage"":""pip""},{""cpu_ms"":47166,""stage"":""classification_end""},{""cpu_ms"":47638,""stage"":""stack_native_CF1""},{""cpu_ms"":47665,""stage"":""stack_native_CF2""}]","{""RL_ms"":236,""RP_ms"":860,""extension_ms"":7916,""holonomy_ms"":120,""section_ms"":12}",physical-spin-half-det-sign-omega0,normalized-pip-aw-edge-transport-v2,3+1D-full-affine-associated-graded,full,"{""CrystCat"":""1.1.10"",""GAP"":""4.13.1"",""HAP"":""1.62"",""Polycyclic"":""2.16""}",9c16c0714da16a1ed5dc23b7830701afc01e6d7a37ee6d243f536ee4dc9ecd96,/home/user/xyren/AllFSPT/runs/closed_cf_v09_source,/home/xingyu/FSPT_AHSS/results/space_groups/sg62.json,d51c449dc8292a81cc2f76a19878c544d0a0a1693e51454e7dbac7ea1ed53e5b,,[]
63,computed,computed,[],0,[],0,[2],Z2,"[2,2,2]",(Z2)^3,computed,"[2,2,4]",(Z2)^2 + Z4,not-needed,,0,no free p+ip factor,,,,,,,,,,full-3+1D-spin-half-affine-stacking,p+ip-zero-three-layer-extension,native-vectors-plus-explicit-comparison-homotopy-recipes,False,stacking-with-generator-relations,31584,32453,869,33.19750666618347,2026-09-26T17:39:17.622575+00:00,2026-09-26T17:39:50.820094+00:00,"[{""cpu_ms"":23535,""stage"":""cohomology""},{""cpu_ms"":24467,""stage"":""primary_cf""},{""cpu_ms"":30362,""stage"":""primary_mc_and_bos""},{""cpu_ms"":31064,""stage"":""incoming_mc""},{""cpu_ms"":31476,""stage"":""secondary_bos""},{""cpu_ms"":31488,""stage"":""secondary_mc""},{""cpu_ms"":31488,""stage"":""pip""},{""cpu_ms"":31584,""stage"":""classification_end""},{""cpu_ms"":32429,""stage"":""stack_native_CF1""}]","{""RL_ms"":233,""RP_ms"":859,""extension_ms"":4377,""holonomy_ms"":121,""section_ms"":12}",physical-spin-half-det-sign-omega0,normalized-pip-aw-edge-transport-v2,3+1D-full-affine-associated-graded,full,"{""CrystCat"":""1.1.10"",""GAP"":""4.13.1"",""HAP"":""1.62"",""Polycyclic"":""2.16""}",9c16c0714da16a1ed5dc23b7830701afc01e6d7a37ee6d243f536ee4dc9ecd96,/home/user/xyren/AllFSPT/runs/closed_cf_v09_source,/home/xingyu/FSPT_AHSS/results/space_groups/sg63.json,fae66358f4051c96bf0b6af857cfa100d006bdfea52ed149aeda548f021f5e90,,[]
64,computed,computed,[],0,[2],Z2,[2],Z2,"[2,2]",(Z2)^2,computed,"[2,2,4]",(Z2)^2 + Z4,not-needed,,0,no free p+ip factor,,,,,,,,,,full-3+1D-spin-half-affine-stacking,p+ip-zero-three-layer-extension,native-vectors-plus-explicit-comparison-homotopy-recipes,False,stacking-with-generator-relations,157445,481218,323773,486.81932306289673,2026-09-26T17:37:06.239589+00:00,2026-09-26T17:45:13.058918+00:00,"[{""cpu_ms"":29466,""stage"":""cohomology""},{""cpu_ms"":30307,""stage"":""primary_cf""},{""cpu_ms"":49072,""stage"":""primary_mc_and_bos""},{""cpu_ms"":50916,""stage"":""incoming_mc""},{""cpu_ms"":51550,""stage"":""secondary_bos""},{""cpu_ms"":51557,""stage"":""secondary_mc""},{""cpu_ms"":157253,""stage"":""pip""},{""cpu_ms"":157445,""stage"":""classification_end""},{""cpu_ms"":157924,""stage"":""stack_lift_D1""},{""cpu_ms"":157926,""stage"":""stack_lift_D2""},{""cpu_ms"":157927,""stage"":""stack_lift_C1""},{""cpu_ms"":172448,""stage"":""stack_lift_B1""},{""cpu_ms"":350584,""stage"":""stack_relation_D1""},{""cpu_ms"":350584,""stage"":""stack_relation_D2""},{""cpu_ms"":350584,""stage"":""stack_relation_C1""},{""cpu_ms"":362133,""stage"":""stack_relation_B1""}]","{""RL_ms"":274,""RP_ms"":1357,""extension_ms"":8318,""holonomy_ms"":190,""section_ms"":13}",physical-spin-half-det-sign-omega0,normalized-pip-aw-edge-transport-v2,3+1D-full-affine-associated-graded,full,"{""CrystCat"":""1.1.10"",""GAP"":""4.13.1"",""HAP"":""1.62"",""Polycyclic"":""2.16""}",9c16c0714da16a1ed5dc23b7830701afc01e6d7a37ee6d243f536ee4dc9ecd96,/home/user/xyren/AllFSPT/runs/closed_cf_v09_source,/home/xingyu/FSPT_AHSS/results/space_groups/sg64.json,0e700b3780dea6be14cd92588f28c8c533a6f6a5a684f98c961caa0aa45130fc,,[]
65,computed,computed,[],0,[],0,[2],Z2,"[2,2,2,2,2,2,2,2,2,2,2,2,2]",(Z2)^13,computed,"[2,2,2,2,2,2,2,2,2,2,2,2,4]",(Z2)^12 + Z4,not-needed,,0,no free p+ip factor,,,,,,,,,,full-3+1D-spin-half-affine-stacking,p+ip-zero-three-layer-extension,native-vectors-plus-explicit-comparison-homotopy-recipes,False,stacking-with-generator-relations,30125,30673,548,31.471514463424683,2026-09-26T17:39:35.387687+00:00,2026-09-26T17:40:06.859208+00:00,"[{""cpu_ms"":23325,""stage"":""cohomology""},{""cpu_ms"":25571,""stage"":""primary_cf""},{""cpu_ms"":28994,""stage"":""primary_mc_and_bos""},{""cpu_ms"":29584,""stage"":""incoming_mc""},{""cpu_ms"":29938,""stage"":""secondary_bos""},{""cpu_ms"":30053,""stage"":""secondary_mc""},{""cpu_ms"":30053,""stage"":""pip""},{""cpu_ms"":30125,""stage"":""classification_end""},{""cpu_ms"":30637,""stage"":""stack_native_CF1""}]","{""RL_ms"":233,""RP_ms"":853,""extension_ms"":3190,""holonomy_ms"":119,""section_ms"":12}",physical-spin-half-det-sign-omega0,normalized-pip-aw-edge-transport-v2,3+1D-full-affine-associated-graded,full,"{""CrystCat"":""1.1.10"",""GAP"":""4.13.1"",""HAP"":""1.62"",""Polycyclic"":""2.16""}",9c16c0714da16a1ed5dc23b7830701afc01e6d7a37ee6d243f536ee4dc9ecd96,/home/user/xyren/AllFSPT/runs/closed_cf_v09_source,/home/xingyu/FSPT_AHSS/results/space_groups/sg65.json,f0c955a7d2dc570b039dfe16e8164991ddd3ed5d59ebf763e383b32493efaa77,,[]
66,computed,computed,[],0,[],0,"[2,2]",(Z2)^2,"[2,2,2,2,2,2]",(Z2)^6,computed,"[2,2,2,2,4,4]",(Z2)^4 + (Z4)^2,not-needed,,0,no free p+ip factor,,,,,,,,,,full-3+1D-spin-half-affine-stacking,p+ip-zero-three-layer-extension,native-vectors-plus-explicit-comparison-homotopy-recipes,False,stacking-with-generator-relations,37597,38105,508,39.35571908950806,2026-09-26T17:39:05.653178+00:00,2026-09-26T17:39:45.008903+00:00,"[{""cpu_ms"":27298,""stage"":""cohomology""},{""cpu_ms"":28375,""stage"":""primary_cf""},{""cpu_ms"":32978,""stage"":""primary_mc_and_bos""},{""cpu_ms"":33547,""stage"":""incoming_mc""},{""cpu_ms"":33914,""stage"":""secondary_bos""},{""cpu_ms"":37518,""stage"":""secondary_mc""},{""cpu_ms"":37518,""stage"":""pip""},{""cpu_ms"":37597,""stage"":""classification_end""},{""cpu_ms"":38074,""stage"":""stack_native_CF1""},{""cpu_ms"":38095,""stage"":""stack_native_CF2""}]","{""RL_ms"":234,""RP_ms"":859,""extension_ms"":3900,""holonomy_ms"":121,""section_ms"":12}",physical-spin-half-det-sign-omega0,normalized-pip-aw-edge-transport-v2,3+1D-full-affine-associated-graded,full,"{""CrystCat"":""1.1.10"",""GAP"":""4.13.1"",""HAP"":""1.62"",""Polycyclic"":""2.16""}",9c16c0714da16a1ed5dc23b7830701afc01e6d7a37ee6d243f536ee4dc9ecd96,/home/user/xyren/AllFSPT/runs/closed_cf_v09_source,/home/xingyu/FSPT_AHSS/results/space_groups/sg66.json,8f6569c2f199520bb1eb409be02b3fc3f75e578893f0bd3c84e4bdb180c44328,,[]
67,computed,computed,[],0,[],0,[2],Z2,"[2,2,2,2,2,2]",(Z2)^6,computed,"[2,2,2,2,2,2,2]",(Z2)^7,not-needed,,0,no free p+ip factor,,,,,,,,,,full-3+1D-spin-half-affine-stacking,p+ip-zero-three-layer-extension,native-vectors-plus-explicit-comparison-homotopy-recipes,False,stacking-with-generator-relations,38937,39470,533,40.15919351577759,2026-09-26T17:38:57.602076+00:00,2026-09-26T17:39:37.761278+00:00,"[{""cpu_ms"":25877,""stage"":""cohomology""},{""cpu_ms"":27604,""stage"":""primary_cf""},{""cpu_ms"":36573,""stage"":""primary_mc_and_bos""},{""cpu_ms"":38164,""stage"":""incoming_mc""},{""cpu_ms"":38771,""stage"":""secondary_bos""},{""cpu_ms"":38821,""stage"":""secondary_mc""},{""cpu_ms"":38821,""stage"":""pip""},{""cpu_ms"":38937,""stage"":""classification_end""},{""cpu_ms"":39443,""stage"":""stack_native_CF1""}]","{""RL_ms"":240,""RP_ms"":860,""extension_ms"":5800,""holonomy_ms"":125,""section_ms"":12}",physical-spin-half-det-sign-omega0,normalized-pip-aw-edge-transport-v2,3+1D-full-affine-associated-graded,full,"{""CrystCat"":""1.1.10"",""GAP"":""4.13.1"",""HAP"":""1.62"",""Polycyclic"":""2.16""}",9c16c0714da16a1ed5dc23b7830701afc01e6d7a37ee6d243f536ee4dc9ecd96,/home/user/xyren/AllFSPT/runs/closed_cf_v09_source,/home/xingyu/FSPT_AHSS/results/space_groups/sg67.json,3bd02e76b7756883cb14f7390c17df3b03b636ae7ca1f21ff33865b65257dc37,,[]
68,computed,computed,[],0,[2],Z2,[],0,"[2,2,2,2]",(Z2)^4,computed,"[2,2,2,2,2]",(Z2)^5,not-needed,,0,no free p+ip factor,,,,,,,,,,full-3+1D-spin-half-affine-stacking,p+ip-zero-three-layer-extension,native-vectors-plus-explicit-comparison-homotopy-recipes,False,stacking-with-generator-relations,55900,385503,329603,392.455331325531,2026-09-26T17:37:04.811311+00:00,2026-09-26T17:43:37.266649+00:00,"[{""cpu_ms"":28435,""stage"":""cohomology""},{""cpu_ms"":29604,""stage"":""primary_cf""},{""cpu_ms"":45005,""stage"":""primary_mc_and_bos""},{""cpu_ms"":46920,""stage"":""incoming_mc""},{""cpu_ms"":47514,""stage"":""secondary_bos""},{""cpu_ms"":55770,""stage"":""secondary_mc""},{""cpu_ms"":55771,""stage"":""pip""},{""cpu_ms"":55900,""stage"":""classification_end""},{""cpu_ms"":56381,""stage"":""stack_lift_D1""},{""cpu_ms"":56382,""stage"":""stack_lift_D2""},{""cpu_ms"":56383,""stage"":""stack_lift_D3""},{""cpu_ms"":56385,""stage"":""stack_lift_D4""},{""cpu_ms"":56391,""stage"":""stack_lift_B1""},{""cpu_ms"":257342,""stage"":""stack_relation_D1""},{""cpu_ms"":257342,""stage"":""stack_relation_D2""},{""cpu_ms"":257342,""stage"":""stack_relation_D3""},{""cpu_ms"":257342,""stage"":""stack_relation_D4""},{""cpu_ms"":257342,""stage"":""stack_relation_B1""}]","{""RL_ms"":241,""RP_ms"":860,""extension_ms"":7599,""holonomy_ms"":129,""section_ms"":16}",physical-spin-half-det-sign-omega0,normalized-pip-aw-edge-transport-v2,3+1D-full-affine-associated-graded,full,"{""CrystCat"":""1.1.10"",""GAP"":""4.13.1"",""HAP"":""1.62"",""Polycyclic"":""2.16""}",9c16c0714da16a1ed5dc23b7830701afc01e6d7a37ee6d243f536ee4dc9ecd96,/home/user/xyren/AllFSPT/runs/closed_cf_v09_source,/home/xingyu/FSPT_AHSS/results/space_groups/sg68.json,877b7465a13e19dd18497e83c89ad9fd58b9cac98fc4b801d026f0f2238d1c67,,[]
69,computed,computed,[],0,[],0,[2],Z2,"[2,2,2,2,2,2,2,2]",(Z2)^8,computed,"[2,2,2,2,2,2,2,2,2]",(Z2)^9,not-needed,,0,no free p+ip factor,,,,,,,,,,full-3+1D-spin-half-affine-stacking,p+ip-zero-three-layer-extension,native-vectors-plus-explicit-comparison-homotopy-recipes,False,stacking-with-generator-relations,40693,41270,577,42.30203199386597,2026-09-26T17:38:49.550490+00:00,2026-09-26T17:39:31.852528+00:00,"[{""cpu_ms"":25755,""stage"":""cohomology""},{""cpu_ms"":27739,""stage"":""primary_cf""},{""cpu_ms"":38782,""stage"":""primary_mc_and_bos""},{""cpu_ms"":39989,""stage"":""incoming_mc""},{""cpu_ms"":40530,""stage"":""secondary_bos""},{""cpu_ms"":40596,""stage"":""secondary_mc""},{""cpu_ms"":40596,""stage"":""pip""},{""cpu_ms"":40693,""stage"":""classification_end""},{""cpu_ms"":41223,""stage"":""stack_native_CF1""}]","{""RL_ms"":375,""RP_ms"":1073,""extension_ms"":6184,""holonomy_ms"":135,""section_ms"":15}",physical-spin-half-det-sign-omega0,normalized-pip-aw-edge-transport-v2,3+1D-full-affine-associated-graded,full,"{""CrystCat"":""1.1.10"",""GAP"":""4.13.1"",""HAP"":""1.62"",""Polycyclic"":""2.16""}",9c16c0714da16a1ed5dc23b7830701afc01e6d7a37ee6d243f536ee4dc9ecd96,/home/user/xyren/AllFSPT/runs/closed_cf_v09_source,/home/xingyu/FSPT_AHSS/results/space_groups/sg69.json,1b9d7b5f881734b340a7f1a18c97303115e8337a08d8c2ee96e9eda340d97fa5,,[]
70,computed,computed,[],0,[],0,[2],Z2,"[2,2,2,2]",(Z2)^4,computed,"[2,2,2,2,2]",(Z2)^5,not-needed,,0,no free p+ip factor,,,,,,,,,,full-3+1D-spin-half-affine-stacking,p+ip-zero-three-layer-extension,native-vectors-plus-explicit-comparison-homotopy-recipes,False,stacking-with-generator-relations,119245,119774,529,126.97160601615906,2026-09-26T17:37:05.509991+00:00,2026-09-26T17:39:12.481603+00:00,"[{""cpu_ms"":35473,""stage"":""cohomology""},{""cpu_ms"":36998,""stage"":""primary_cf""},{""cpu_ms"":87905,""stage"":""primary_mc_and_bos""},{""cpu_ms"":91881,""stage"":""incoming_mc""},{""cpu_ms"":92673,""stage"":""secondary_bos""},{""cpu_ms"":119086,""stage"":""secondary_mc""},{""cpu_ms"":119086,""stage"":""pip""},{""cpu_ms"":119245,""stage"":""classification_end""},{""cpu_ms"":119733,""stage"":""stack_native_CF1""}]","{""RL_ms"":240,""RP_ms"":859,""extension_ms"":15321,""holonomy_ms"":139,""section_ms"":12}",physical-spin-half-det-sign-omega0,normalized-pip-aw-edge-transport-v2,3+1D-full-affine-associated-graded,full,"{""CrystCat"":""1.1.10"",""GAP"":""4.13.1"",""HAP"":""1.62"",""Polycyclic"":""2.16""}",9c16c0714da16a1ed5dc23b7830701afc01e6d7a37ee6d243f536ee4dc9ecd96,/home/user/xyren/AllFSPT/runs/closed_cf_v09_source,/home/xingyu/FSPT_AHSS/results/space_groups/sg70.json,4c50a3b2a4bf5e1d16a02257f4ddda905aa5ece448945dbfa2a7a9db0077e02a,,[]
71,computed,computed,[],0,[],0,[],0,"[2,2,2,2,2,2,2,2,2,2,2,2]",(Z2)^12,computed,"[2,2,2,2,2,2,2,2,2,2,2,2]",(Z2)^12,not-needed,,0,no free p+ip factor,,,,,,,,,,full-3+1D-spin-half-affine-stacking,p+ip-zero-three-layer-extension,native-vectors-plus-explicit-comparison-homotopy-recipes,False,stacking-with-generator-relations,48627,49138,511,49.851988792419434,2026-09-26T17:39:06.215003+00:00,2026-09-26T17:39:56.066999+00:00,"[{""cpu_ms"":31634,""stage"":""cohomology""},{""cpu_ms"":33591,""stage"":""primary_cf""},{""cpu_ms"":46266,""stage"":""primary_mc_and_bos""},{""cpu_ms"":47958,""stage"":""incoming_mc""},{""cpu_ms"":48452,""stage"":""secondary_bos""},{""cpu_ms"":48519,""stage"":""secondary_mc""},{""cpu_ms"":48519,""stage"":""pip""},{""cpu_ms"":48627,""stage"":""classification_end""}]","{""RL_ms"":235,""RP_ms"":855,""extension_ms"":7208,""holonomy_ms"":127,""section_ms"":12}",physical-spin-half-det-sign-omega0,normalized-pip-aw-edge-transport-v2,3+1D-full-affine-associated-graded,full,"{""CrystCat"":""1.1.10"",""GAP"":""4.13.1"",""HAP"":""1.62"",""Polycyclic"":""2.16""}",9c16c0714da16a1ed5dc23b7830701afc01e6d7a37ee6d243f536ee4dc9ecd96,/home/user/xyren/AllFSPT/runs/closed_cf_v09_source,/home/xingyu/FSPT_AHSS/results/space_groups/sg71.json,82ce37b88b01398e55a1eda23137a0634e3798af98fdc06d0a60a6b945c42c33,,[]
72,computed,computed,[],0,[],0,[2],Z2,"[2,2,2,2]",(Z2)^4,computed,"[2,2,2,2,2]",(Z2)^5,not-needed,,0,no free p+ip factor,,,,,,,,,,full-3+1D-spin-half-affine-stacking,p+ip-zero-three-layer-extension,native-vectors-plus-explicit-comparison-homotopy-recipes,False,stacking-with-generator-relations,60506,61032,526,61.73779344558716,2026-09-26T17:38:55.825813+00:00,2026-09-26T17:39:57.563614+00:00,"[{""cpu_ms"":29210,""stage"":""cohomology""},{""cpu_ms"":30259,""stage"":""primary_cf""},{""cpu_ms"":47956,""stage"":""primary_mc_and_bos""},{""cpu_ms"":49442,""stage"":""incoming_mc""},{""cpu_ms"":50084,""stage"":""secondary_bos""},{""cpu_ms"":60380,""stage"":""secondary_mc""},{""cpu_ms"":60380,""stage"":""pip""},{""cpu_ms"":60506,""stage"":""classification_end""},{""cpu_ms"":60987,""stage"":""stack_native_CF1""}]","{""RL_ms"":233,""RP_ms"":850,""extension_ms"":8296,""holonomy_ms"":127,""section_ms"":12}",physical-spin-half-det-sign-omega0,normalized-pip-aw-edge-transport-v2,3+1D-full-affine-associated-graded,full,"{""CrystCat"":""1.1.10"",""GAP"":""4.13.1"",""HAP"":""1.62"",""Polycyclic"":""2.16""}",9c16c0714da16a1ed5dc23b7830701afc01e6d7a37ee6d243f536ee4dc9ecd96,/home/user/xyren/AllFSPT/runs/closed_cf_v09_source,/home/xingyu/FSPT_AHSS/results/space_groups/sg72.json,60f444940bd2e97e12d824da0134b35e254982bbc911a8af32f52d023dfcfb7c,,[]
73,computed,computed,[],0,"[2,2]",(Z2)^2,[2],Z2,[],0,computed,"[2,2,2]",(Z2)^3,not-needed,,0,no free p+ip factor,,,,,,,,,,full-3+1D-spin-half-affine-stacking,p+ip-zero-three-layer-extension,native-vectors-plus-explicit-comparison-homotopy-recipes,False,stacking-with-generator-relations,103137,2137251,2034114,2142.7153611183167,2026-09-26T17:36:53.871160+00:00,2026-09-26T18:12:36.586526+00:00,"[{""cpu_ms"":38784,""stage"":""cohomology""},{""cpu_ms"":39879,""stage"":""primary_cf""},{""cpu_ms"":97594,""stage"":""primary_mc_and_bos""},{""cpu_ms"":101307,""stage"":""incoming_mc""},{""cpu_ms"":102829,""stage"":""secondary_bos""},{""cpu_ms"":102836,""stage"":""secondary_mc""},{""cpu_ms"":102837,""stage"":""pip""},{""cpu_ms"":103137,""stage"":""classification_end""},{""cpu_ms"":103719,""stage"":""stack_lift_C1""},{""cpu_ms"":235674,""stage"":""stack_lift_B1""},{""cpu_ms"":739046,""stage"":""stack_lift_B2""},{""cpu_ms"":1348919,""stage"":""stack_relation_C1""},{""cpu_ms"":1383524,""stage"":""stack_relation_B1""},{""cpu_ms"":1631055,""stage"":""stack_relation_B2""}]","{""RL_ms"":240,""RP_ms"":909,""extension_ms"":19115,""holonomy_ms"":130,""section_ms"":12}",physical-spin-half-det-sign-omega0,normalized-pip-aw-edge-transport-v2,3+1D-full-affine-associated-graded,full,"{""CrystCat"":""1.1.10"",""GAP"":""4.13.1"",""HAP"":""1.62"",""Polycyclic"":""2.16""}",9c16c0714da16a1ed5dc23b7830701afc01e6d7a37ee6d243f536ee4dc9ecd96,/home/user/xyren/AllFSPT/runs/closed_cf_v09_source,/home/xingyu/FSPT_AHSS/results/space_groups/sg73.json,9acd69d4e5acebcdc9feb5172732a42eb838428901c8e423020d0d6e80ac0562,,[]
74,computed,computed,[],0,[],0,"[2,2]",(Z2)^2,"[2,2,2,2]",(Z2)^4,computed,"[2,2,4,4]",(Z2)^2 + (Z4)^2,not-needed,,0,no free p+ip factor,,,,,,,,,,full-3+1D-spin-half-affine-stacking,p+ip-zero-three-layer-extension,native-vectors-plus-explicit-comparison-homotopy-recipes,False,stacking-with-generator-relations,76374,76911,537,82.34644556045532,2026-09-26T17:37:06.845674+00:00,2026-09-26T17:38:29.192127+00:00,"[{""cpu_ms"":33720,""stage"":""cohomology""},{""cpu_ms"":34946,""stage"":""primary_cf""},{""cpu_ms"":72426,""stage"":""primary_mc_and_bos""},{""cpu_ms"":75365,""stage"":""incoming_mc""},{""cpu_ms"":76197,""stage"":""secondary_bos""},{""cpu_ms"":76223,""stage"":""secondary_mc""},{""cpu_ms"":76223,""stage"":""pip""},{""cpu_ms"":76374,""stage"":""classification_end""},{""cpu_ms"":76862,""stage"":""stack_native_CF1""},{""cpu_ms"":76898,""stage"":""stack_native_CF2""}]","{""RL_ms"":235,""RP_ms"":856,""extension_ms"":13208,""holonomy_ms"":130,""section_ms"":12}",physical-spin-half-det-sign-omega0,normalized-pip-aw-edge-transport-v2,3+1D-full-affine-associated-graded,full,"{""CrystCat"":""1.1.10"",""GAP"":""4.13.1"",""HAP"":""1.62"",""Polycyclic"":""2.16""}",9c16c0714da16a1ed5dc23b7830701afc01e6d7a37ee6d243f536ee4dc9ecd96,/home/user/xyren/AllFSPT/runs/closed_cf_v09_source,/home/xingyu/FSPT_AHSS/results/space_groups/sg74.json,425002b6e0664b2546e10e6cea5375567f44cf531b65ee5401c0788f9691b2e7,,[]
75,computed,computed,[0],Z,"[2,2]",(Z2)^2,"[2,2,2]",(Z2)^3,"[2,4,4]",Z2 + (Z4)^2,computed,"[0,2,8,8,8]",Z + Z2 + (Z8)^3,not-needed,,1,primitive surviving H1 lattice and actual complete defining towers,True,1,[[1]],[[1]],True,s=B=C=0-identically-annihilates-full-normalized-O5,[0],explicit-universal-pullback-or-comparison-homotopy-primitive,False,full-3+1D-spin-half-affine-stacking,p+ip-zero-three-layer-extension,native-vectors-plus-explicit-comparison-homotopy-recipes,False,stacking-with-generator-relations,22132,36646,14514,37.4795925617218,2026-09-26T17:39:43.048035+00:00,2026-09-26T17:40:20.527635+00:00,"[{""cpu_ms"":19219,""stage"":""cohomology""},{""cpu_ms"":19267,""stage"":""primary_cf""},{""cpu_ms"":19865,""stage"":""primary_mc_and_bos""},{""cpu_ms"":19972,""stage"":""incoming_mc""},{""cpu_ms"":20077,""stage"":""secondary_bos""},{""cpu_ms"":20913,""stage"":""secondary_mc""},{""cpu_ms"":22110,""stage"":""pip""},{""cpu_ms"":22121,""stage"":""classification_end""},{""cpu_ms"":22132,""stage"":""free_pip_classification_end""},{""cpu_ms"":22599,""stage"":""stack_lift_D1""},{""cpu_ms"":22601,""stage"":""stack_lift_D2""},{""cpu_ms"":22602,""stage"":""stack_lift_D3""},{""cpu_ms"":22603,""stage"":""stack_lift_C1""},{""cpu_ms"":22916,""stage"":""stack_lift_C2""},{""cpu_ms"":23073,""stage"":""stack_lift_C3""},{""cpu_ms"":23214,""stage"":""stack_lift_B1""},{""cpu_ms"":25144,""stage"":""stack_lift_B2""},{""cpu_ms"":28592,""stage"":""stack_relation_D1""},{""cpu_ms"":28592,""stage"":""stack_relation_D2""},{""cpu_ms"":28592,""stage"":""stack_relation_D3""},{""cpu_ms"":28592,""stage"":""stack_relation_C1""},{""cpu_ms"":29347,""stage"":""stack_relation_C2""},{""cpu_ms"":30077,""stage"":""stack_relation_C3""},{""cpu_ms"":31015,""stage"":""stack_relation_B1""},{""cpu_ms"":31861,""stage"":""stack_relation_B2""}]","{""RL_ms"":231,""RP_ms"":13,""extension_ms"":482,""holonomy_ms"":55,""section_ms"":6}",physical-spin-half-det-sign-omega0,normalized-pip-aw-edge-transport-v2,3+1D-full-affine-associated-graded,full,"{""CrystCat"":""1.1.10"",""GAP"":""4.13.1"",""HAP"":""1.62"",""Polycyclic"":""2.16""}",9c16c0714da16a1ed5dc23b7830701afc01e6d7a37ee6d243f536ee4dc9ecd96,/home/user/xyren/AllFSPT/runs/closed_cf_v09_source,/home/xingyu/FSPT_AHSS/results/space_groups/sg75.json,22d5b260c60e8a6a7de60d676b283739a06f040423c46ca6621accab91912226,,[]
76,computed,computed,[0],Z,"[2,2]",(Z2)^2,[2],Z2,[],0,computed,"[0,2,2,2]",Z + (Z2)^3,not-needed,,1,primitive surviving H1 lattice and actual complete defining towers,True,1,[[1]],[[1]],True,s=B=C=0-identically-annihilates-full-normalized-O5,[0],explicit-universal-pullback-or-comparison-homotopy-primitive,False,full-3+1D-spin-half-affine-stacking,p+ip-zero-three-layer-extension,native-vectors-plus-explicit-comparison-homotopy-recipes,False,stacking-with-generator-relations,21455,32984,11529,33.64532470703125,2026-09-26T17:39:57.154005+00:00,2026-09-26T17:40:30.799335+00:00,"[{""cpu_ms"":21257,""stage"":""cohomology""},{""cpu_ms"":21304,""stage"":""primary_cf""},{""cpu_ms"":21304,""stage"":""primary_mc_and_bos""},{""cpu_ms"":21305,""stage"":""incoming_mc""},{""cpu_ms"":21433,""stage"":""secondary_bos""},{""cpu_ms"":21433,""stage"":""secondary_mc""},{""cpu_ms"":21434,""stage"":""pip""},{""cpu_ms"":21445,""stage"":""classification_end""},{""cpu_ms"":21455,""stage"":""free_pip_classification_end""},{""cpu_ms"":21927,""stage"":""stack_lift_C1""},{""cpu_ms"":23486,""stage"":""stack_lift_B1""},{""cpu_ms"":26638,""stage"":""stack_lift_B2""},{""cpu_ms"":29583,""stage"":""stack_relation_C1""},{""cpu_ms"":30627,""stage"":""stack_relation_B1""},{""cpu_ms"":31479,""stage"":""stack_relation_B2""}]","{""RL_ms"":230,""RP_ms"":14,""extension_ms"":551,""holonomy_ms"":56,""section_ms"":6}",physical-spin-half-det-sign-omega0,normalized-pip-aw-edge-transport-v2,3+1D-full-affine-associated-graded,full,"{""CrystCat"":""1.1.10"",""GAP"":""4.13.1"",""HAP"":""1.62"",""Polycyclic"":""2.16""}",9c16c0714da16a1ed5dc23b7830701afc01e6d7a37ee6d243f536ee4dc9ecd96,/home/user/xyren/AllFSPT/runs/closed_cf_v09_source,/home/xingyu/FSPT_AHSS/results/space_groups/sg76.json,f83dd1f6a0d80b92bb4d04bcc8612663eb1c365258503fee58c01c3f86fceb87,,[]
77,computed,computed,[0],Z,"[2,2]",(Z2)^2,"[2,2,2]",(Z2)^3,"[2,2,2]",(Z2)^3,computed,"[0,4,8,8]",Z + Z4 + (Z8)^2,not-needed,,1,primitive surviving H1 lattice and actual complete defining towers,True,1,[[1]],[[1]],True,s=B=C=0-identically-annihilates-full-normalized-O5,[0],explicit-universal-pullback-or-comparison-homotopy-primitive,False,full-3+1D-spin-half-affine-stacking,p+ip-zero-three-layer-extension,native-vectors-plus-explicit-comparison-homotopy-recipes,False,stacking-with-generator-relations,24416,59835,35419,60.627986431121826,2026-09-26T17:38:38.088842+00:00,2026-09-26T17:39:38.716837+00:00,"[{""cpu_ms"":21405,""stage"":""cohomology""},{""cpu_ms"":21454,""stage"":""primary_cf""},{""cpu_ms"":22621,""stage"":""primary_mc_and_bos""},{""cpu_ms"":22769,""stage"":""incoming_mc""},{""cpu_ms"":22925,""stage"":""secondary_bos""},{""cpu_ms"":24394,""stage"":""secondary_mc""},{""cpu_ms"":24395,""stage"":""pip""},{""cpu_ms"":24406,""stage"":""classification_end""},{""cpu_ms"":24416,""stage"":""free_pip_classification_end""},{""cpu_ms"":24903,""stage"":""stack_lift_D1""},{""cpu_ms"":24904,""stage"":""stack_lift_D2""},{""cpu_ms"":24905,""stage"":""stack_lift_D3""},{""cpu_ms"":24907,""stage"":""stack_lift_C1""},{""cpu_ms"":26333,""stage"":""stack_lift_C2""},{""cpu_ms"":26665,""stage"":""stack_lift_C3""},{""cpu_ms"":26950,""stage"":""stack_lift_B1""},{""cpu_ms"":33622,""stage"":""stack_lift_B2""},{""cpu_ms"":42932,""stage"":""stack_relation_D1""},{""cpu_ms"":42932,""stage"":""stack_relation_D2""},{""cpu_ms"":42932,""stage"":""stack_relation_D3""},{""cpu_ms"":42932,""stage"":""stack_relation_C1""},{""cpu_ms"":44212,""stage"":""stack_relation_C2""},{""cpu_ms"":45442,""stage"":""stack_relation_C3""},{""cpu_ms"":46678,""stage"":""stack_relation_B1""},{""cpu_ms"":51095,""stage"":""stack_relation_B2""}]","{""RL_ms"":233,""RP_ms"":13,""extension_ms"":675,""holonomy_ms"":56,""section_ms"":6}",physical-spin-half-det-sign-omega0,normalized-pip-aw-edge-transport-v2,3+1D-full-affine-associated-graded,full,"{""CrystCat"":""1.1.10"",""GAP"":""4.13.1"",""HAP"":""1.62"",""Polycyclic"":""2.16""}",9c16c0714da16a1ed5dc23b7830701afc01e6d7a37ee6d243f536ee4dc9ecd96,/home/user/xyren/AllFSPT/runs/closed_cf_v09_source,/home/xingyu/FSPT_AHSS/results/space_groups/sg77.json,144d363d78e6df64a891250acc6ccfb103a087bd87e1e2a4d454a09655a83da6,,[]
78,computed,computed,[0],Z,"[2,2]",(Z2)^2,[2],Z2,[],0,computed,"[0,2,2,2]",Z + (Z2)^3,not-needed,,1,primitive surviving H1 lattice and actual complete defining towers,True,1,[[1]],[[1]],True,s=B=C=0-identically-annihilates-full-normalized-O5,[0],explicit-universal-pullback-or-comparison-homotopy-primitive,False,full-3+1D-spin-half-affine-stacking,p+ip-zero-three-layer-extension,native-vectors-plus-explicit-comparison-homotopy-recipes,False,stacking-with-generator-relations,20063,31519,11456,32.31604242324829,2026-09-26T17:39:54.140940+00:00,2026-09-26T17:40:26.456989+00:00,"[{""cpu_ms"":19865,""stage"":""cohomology""},{""cpu_ms"":19913,""stage"":""primary_cf""},{""cpu_ms"":19913,""stage"":""primary_mc_and_bos""},{""cpu_ms"":19913,""stage"":""incoming_mc""},{""cpu_ms"":20041,""stage"":""secondary_bos""},{""cpu_ms"":20041,""stage"":""secondary_mc""},{""cpu_ms"":20042,""stage"":""pip""},{""cpu_ms"":20052,""stage"":""classification_end""},{""cpu_ms"":20063,""stage"":""free_pip_classification_end""},{""cpu_ms"":20531,""stage"":""stack_lift_C1""},{""cpu_ms"":22076,""stage"":""stack_lift_B1""},{""cpu_ms"":25203,""stage"":""stack_lift_B2""},{""cpu_ms"":28134,""stage"":""stack_relation_C1""},{""cpu_ms"":29173,""stage"":""stack_relation_B1""},{""cpu_ms"":30024,""stage"":""stack_relation_B2""}]","{""RL_ms"":233,""RP_ms"":13,""extension_ms"":543,""holonomy_ms"":57,""section_ms"":6}",physical-spin-half-det-sign-omega0,normalized-pip-aw-edge-transport-v2,3+1D-full-affine-associated-graded,full,"{""CrystCat"":""1.1.10"",""GAP"":""4.13.1"",""HAP"":""1.62"",""Polycyclic"":""2.16""}",9c16c0714da16a1ed5dc23b7830701afc01e6d7a37ee6d243f536ee4dc9ecd96,/home/user/xyren/AllFSPT/runs/closed_cf_v09_source,/home/xingyu/FSPT_AHSS/results/space_groups/sg78.json,37ac2c5dcdf80b7c2cb4ffee30667d3376d4421570e50b7c94592632cca1cabd,,[]
79,computed,computed,[0],Z,[2],Z2,"[2,2]",(Z2)^2,"[2,4]",Z2 + Z4,computed,"[0,8,8]",Z + (Z8)^2,not-needed,,1,primitive surviving H1 lattice and actual complete defining towers,True,1,[[1]],[[1]],True,s=B=C=0-identically-annihilates-full-normalized-O5,[0],explicit-universal-pullback-or-comparison-homotopy-primitive,False,full-3+1D-spin-half-affine-stacking,p+ip-zero-three-layer-extension,native-vectors-plus-explicit-comparison-homotopy-recipes,False,stacking-with-generator-relations,44152,91123,46971,97.88329339027405,2026-09-26T17:37:05.452189+00:00,2026-09-26T17:38:43.335489+00:00,"[{""cpu_ms"":19574,""stage"":""cohomology""},{""cpu_ms"":19626,""stage"":""primary_cf""},{""cpu_ms"":22795,""stage"":""primary_mc_and_bos""},{""cpu_ms"":23144,""stage"":""incoming_mc""},{""cpu_ms"":23327,""stage"":""secondary_bos""},{""cpu_ms"":25491,""stage"":""secondary_mc""},{""cpu_ms"":44126,""stage"":""pip""},{""cpu_ms"":44142,""stage"":""classification_end""},{""cpu_ms"":44152,""stage"":""free_pip_classification_end""},{""cpu_ms"":44818,""stage"":""stack_lift_D1""},{""cpu_ms"":44820,""stage"":""stack_lift_D2""},{""cpu_ms"":44822,""stage"":""stack_lift_C1""},{""cpu_ms"":47077,""stage"":""stack_lift_C2""},{""cpu_ms"":48704,""stage"":""stack_lift_B1""},{""cpu_ms"":73738,""stage"":""stack_relation_D1""},{""cpu_ms"":73738,""stage"":""stack_relation_D2""},{""cpu_ms"":73738,""stage"":""stack_relation_C1""},{""cpu_ms"":76989,""stage"":""stack_relation_C2""},{""cpu_ms"":79697,""stage"":""stack_relation_B1""}]","{""RL_ms"":237,""RP_ms"":13,""extension_ms"":979,""holonomy_ms"":57,""section_ms"":6}",physical-spin-half-det-sign-omega0,normalized-pip-aw-edge-transport-v2,3+1D-full-affine-associated-graded,full,"{""CrystCat"":""1.1.10"",""GAP"":""4.13.1"",""HAP"":""1.62"",""Polycyclic"":""2.16""}",9c16c0714da16a1ed5dc23b7830701afc01e6d7a37ee6d243f536ee4dc9ecd96,/home/user/xyren/AllFSPT/runs/closed_cf_v09_source,/home/xingyu/FSPT_AHSS/results/space_groups/sg79.json,484956eb77d9e5ba77764c5e7d9dad3d068baeebdfd15ae43a922c02eaa94cad,,[]
80,computed,computed,[0],Z,[2],Z2,[2],Z2,[2],Z2,computed,"[0,2,4]",Z + Z2 + Z4,not-needed,,1,primitive surviving H1 lattice and actual complete defining towers,True,1,[[1]],[[1]],True,s=B=C=0-identically-annihilates-full-normalized-O5,[0],explicit-universal-pullback-or-comparison-homotopy-primitive,False,full-3+1D-spin-half-affine-stacking,p+ip-zero-three-layer-extension,native-vectors-plus-explicit-comparison-homotopy-recipes,False,stacking-with-generator-relations,31674,94928,63254,100.58111047744751,2026-09-26T17:37:00.105132+00:00,2026-09-26T17:38:40.686249+00:00,"[{""cpu_ms"":21871,""stage"":""cohomology""},{""cpu_ms"":21920,""stage"":""primary_cf""},{""cpu_ms"":27027,""stage"":""primary_mc_and_bos""},{""cpu_ms"":27481,""stage"":""incoming_mc""},{""cpu_ms"":27723,""stage"":""secondary_bos""},{""cpu_ms"":31652,""stage"":""secondary_mc""},{""cpu_ms"":31653,""stage"":""pip""},{""cpu_ms"":31663,""stage"":""classification_end""},{""cpu_ms"":31674,""stage"":""free_pip_classification_end""},{""cpu_ms"":32142,""stage"":""stack_lift_D1""},{""cpu_ms"":32143,""stage"":""stack_lift_C1""},{""cpu_ms"":43555,""stage"":""stack_lift_B1""},{""cpu_ms"":84364,""stage"":""stack_relation_D1""},{""cpu_ms"":84364,""stage"":""stack_relation_C1""},{""cpu_ms"":88604,""stage"":""stack_relation_B1""}]","{""RL_ms"":228,""RP_ms"":14,""extension_ms"":1410,""holonomy_ms"":57,""section_ms"":6}",physical-spin-half-det-sign-omega0,normalized-pip-aw-edge-transport-v2,3+1D-full-affine-associated-graded,full,"{""CrystCat"":""1.1.10"",""GAP"":""4.13.1"",""HAP"":""1.62"",""Polycyclic"":""2.16""}",9c16c0714da16a1ed5dc23b7830701afc01e6d7a37ee6d243f536ee4dc9ecd96,/home/user/xyren/AllFSPT/runs/closed_cf_v09_source,/home/xingyu/FSPT_AHSS/results/space_groups/sg80.json,04ebfbd57150f61d660e9ee469eac60170023915cc9308625dd20530e74da5c8,,[]
81,computed,computed,"[0,2]",Z + Z2,"[2,2]",(Z2)^2,"[2,2,2,2,2]",(Z2)^5,"[2,4,4]",Z2 + (Z4)^2,computed,"[0,2,2,4,8,8,8]",Z + (Z2)^2 + Z4 + (Z8)^3,actual-phase-witness,actual-marked-torsion-square-with-cochain-gauges,1,primitive surviving H1 lattice and actual complete defining towers,True,1,[[1]],"[[0,1]]",True,universal-2H-survival-and-complete-joint-parity-kernel,"[2,0]",explicit-universal-pullback-or-comparison-homotopy-primitive,False,full-3+1D-spin-half-affine-stacking,p+ip-zero-three-layer-extension,native-vectors-plus-explicit-comparison-homotopy-recipes,False,stacking-with-generator-relations,27085,53212,26127,54.01843476295471,2026-09-26T17:38:45.259875+00:00,2026-09-26T17:39:39.278316+00:00,"[{""cpu_ms"":19393,""stage"":""cohomology""},{""cpu_ms"":19451,""stage"":""primary_cf""},{""cpu_ms"":20152,""stage"":""primary_mc_and_bos""},{""cpu_ms"":20295,""stage"":""incoming_mc""},{""cpu_ms"":20427,""stage"":""secondary_bos""},{""cpu_ms"":21750,""stage"":""secondary_mc""},{""cpu_ms"":21751,""stage"":""pip""},{""cpu_ms"":21772,""stage"":""pip_d3""},{""cpu_ms"":21988,""stage"":""classification_end""},{""cpu_ms"":21997,""stage"":""free_pip_parity_candidates""},{""cpu_ms"":21997,""stage"":""free_pip_parity_1""},{""cpu_ms"":22014,""stage"":""pip_d3""},{""cpu_ms"":22221,""stage"":""free_pip_surviving_phase_lift""},{""cpu_ms"":27085,""stage"":""free_pip_classification_end""},{""cpu_ms"":27562,""stage"":""stack_lift_D1""},{""cpu_ms"":27563,""stage"":""stack_lift_D2""},{""cpu_ms"":27564,""stage"":""stack_lift_D3""},{""cpu_ms"":27566,""stage"":""stack_lift_C1""},{""cpu_ms"":27640,""stage"":""stack_lift_C2""},{""cpu_ms"":27713,""stage"":""stack_lift_C3""},{""cpu_ms"":27789,""stage"":""stack_lift_C4""},{""cpu_ms"":27865,""stage"":""stack_lift_C5""},{""cpu_ms"":27940,""stage"":""stack_lift_B1""},{""cpu_ms"":29359,""stage"":""stack_lift_B2""},{""cpu_ms"":32643,""stage"":""stack_relation_D1""},{""cpu_ms"":32643,""stage"":""stack_relation_D2""},{""cpu_ms"":32643,""stage"":""stack_relation_D3""},{""cpu_ms"":32644,""stage"":""stack_relation_C1""},{""cpu_ms"":35160,""stage"":""stack_relation_C2""},{""cpu_ms"":38431,""stage"":""stack_relation_C3""},{""cpu_ms"":40547,""stage"":""stack_relation_C4""},{""cpu_ms"":41228,""stage"":""stack_relation_C5""},{""cpu_ms"":41936,""stage"":""stack_relation_B1""},{""cpu_ms"":42692,""stage"":""stack_relation_B2""},{""cpu_ms"":45855,""stage"":""stack_pip_C4_pullback""},{""cpu_ms"":45855,""stage"":""stack_pip_square""}]","{""RL_ms"":237,""RP_ms"":14,""extension_ms"":533,""holonomy_ms"":60,""section_ms"":5}",physical-spin-half-det-sign-omega0,normalized-pip-aw-edge-transport-v2,3+1D-full-affine-associated-graded,full,"{""CrystCat"":""1.1.10"",""GAP"":""4.13.1"",""HAP"":""1.62"",""Polycyclic"":""2.16""}",9c16c0714da16a1ed5dc23b7830701afc01e6d7a37ee6d243f536ee4dc9ecd96,/home/user/xyren/AllFSPT/runs/closed_cf_v09_source,/home/xingyu/FSPT_AHSS/results/space_groups/sg81.json,0ca24f8f69480ca769f6e706136b68fc2cef792f3284b667ad3ab7e359aa7bd3,,[]
82,computed,computed,"[0,2]",Z + Z2,[2],Z2,"[2,2,2,2]",(Z2)^4,"[4,4]",(Z4)^2,computed,"[0,2,2,4,8,8]",Z + (Z2)^2 + Z4 + (Z8)^2,actual-phase-witness,actual-marked-torsion-square-with-cochain-gauges,1,primitive surviving H1 lattice and actual complete defining towers,True,1,[[1]],"[[0,1]]",True,universal-2H-survival-and-complete-joint-parity-kernel,"[2,0]",explicit-universal-pullback-or-comparison-homotopy-primitive,False,full-3+1D-spin-half-affine-stacking,p+ip-zero-three-layer-extension,native-vectors-plus-explicit-comparison-homotopy-recipes,False,stacking-with-generator-relations,46716,87426,40710,93.53046321868896,2026-09-26T17:36:54.580160+00:00,2026-09-26T17:38:28.110630+00:00,"[{""cpu_ms"":19949,""stage"":""cohomology""},{""cpu_ms"":20005,""stage"":""primary_cf""},{""cpu_ms"":20005,""stage"":""primary_mc_and_bos""},{""cpu_ms"":20798,""stage"":""incoming_mc""},{""cpu_ms"":20938,""stage"":""secondary_bos""},{""cpu_ms"":22827,""stage"":""secondary_mc""},{""cpu_ms"":22827,""stage"":""pip""},{""cpu_ms"":22858,""stage"":""pip_d3""},{""cpu_ms"":23380,""stage"":""classification_end""},{""cpu_ms"":23389,""stage"":""free_pip_parity_candidates""},{""cpu_ms"":23389,""stage"":""free_pip_parity_1""},{""cpu_ms"":23416,""stage"":""pip_d3""},{""cpu_ms"":23919,""stage"":""free_pip_surviving_phase_lift""},{""cpu_ms"":46716,""stage"":""free_pip_classification_end""},{""cpu_ms"":47180,""stage"":""stack_lift_D1""},{""cpu_ms"":47181,""stage"":""stack_lift_D2""},{""cpu_ms"":47183,""stage"":""stack_lift_C1""},{""cpu_ms"":47482,""stage"":""stack_lift_C2""},{""cpu_ms"":47774,""stage"":""stack_lift_C3""},{""cpu_ms"":48081,""stage"":""stack_lift_C4""},{""cpu_ms"":48378,""stage"":""stack_lift_B1""},{""cpu_ms"":57436,""stage"":""stack_relation_D1""},{""cpu_ms"":57436,""stage"":""stack_relation_D2""},{""cpu_ms"":57436,""stage"":""stack_relation_C1""},{""cpu_ms"":60753,""stage"":""stack_relation_C2""},{""cpu_ms"":64127,""stage"":""stack_relation_C3""},{""cpu_ms"":66532,""stage"":""stack_relation_C4""},{""cpu_ms"":68536,""stage"":""stack_relation_B1""},{""cpu_ms"":73079,""stage"":""stack_pip_C4_pullback""},{""cpu_ms"":73079,""stage"":""stack_pip_square""}]","{""RL_ms"":229,""RP_ms"":13,""extension_ms"":746,""holonomy_ms"":58,""section_ms"":6}",physical-spin-half-det-sign-omega0,normalized-pip-aw-edge-transport-v2,3+1D-full-affine-associated-graded,full,"{""CrystCat"":""1.1.10"",""GAP"":""4.13.1"",""HAP"":""1.62"",""Polycyclic"":""2.16""}",9c16c0714da16a1ed5dc23b7830701afc01e6d7a37ee6d243f536ee4dc9ecd96,/home/user/xyren/AllFSPT/runs/closed_cf_v09_source,/home/xingyu/FSPT_AHSS/results/space_groups/sg82.json,99ac87880c0ded36700414053c47370fcfb33646dcf2935dac379e4d15e02875,,[]
83,computed,computed,[0],Z,[],0,"[2,2,2,2,2]",(Z2)^5,"[2,2,2,2,4,4]",(Z2)^4 + (Z4)^2,computed,"[0,2,2,2,4,4,8,8]",Z + (Z2)^3 + (Z4)^2 + (Z8)^2,not-needed,,1,primitive surviving H1 lattice and actual complete defining towers,True,2,[[2]],"[[0,2]]",True,universal-2H-survival-and-complete-joint-parity-kernel,"[2,0]",explicit-universal-pullback-or-comparison-homotopy-primitive,False,full-3+1D-spin-half-affine-stacking,p+ip-zero-three-layer-extension,native-vectors-plus-explicit-comparison-homotopy-recipes,False,stacking-with-generator-relations,26871,27392,521,28.128586292266846,2026-09-26T17:39:40.491947+00:00,2026-09-26T17:40:08.620540+00:00,"[{""cpu_ms"":21426,""stage"":""cohomology""},{""cpu_ms"":21701,""stage"":""primary_cf""},{""cpu_ms"":23994,""stage"":""primary_mc_and_bos""},{""cpu_ms"":24497,""stage"":""incoming_mc""},{""cpu_ms"":24745,""stage"":""secondary_bos""},{""cpu_ms"":26469,""stage"":""secondary_mc""},{""cpu_ms"":26469,""stage"":""pip""},{""cpu_ms"":26519,""stage"":""classification_end""},{""cpu_ms"":26527,""stage"":""free_pip_parity_candidates""},{""cpu_ms"":26527,""stage"":""free_pip_parity_1""},{""cpu_ms"":26600,""stage"":""free_pip_even_dihedral_pullback""},{""cpu_ms"":26871,""stage"":""free_pip_classification_end""},{""cpu_ms"":27347,""stage"":""stack_native_CF1""},{""cpu_ms"":27374,""stage"":""stack_native_CF2""},{""cpu_ms"":27376,""stage"":""stack_native_CF3""},{""cpu_ms"":27378,""stage"":""stack_native_CF4""},{""cpu_ms"":27380,""stage"":""stack_native_CF5""}]","{""RL_ms"":233,""RP_ms"":112,""extension_ms"":1543,""holonomy_ms"":93,""section_ms"":12}",physical-spin-half-det-sign-omega0,normalized-pip-aw-edge-transport-v2,3+1D-full-affine-associated-graded,full,"{""CrystCat"":""1.1.10"",""GAP"":""4.13.1"",""HAP"":""1.62"",""Polycyclic"":""2.16""}",9c16c0714da16a1ed5dc23b7830701afc01e6d7a37ee6d243f536ee4dc9ecd96,/home/user/xyren/AllFSPT/runs/closed_cf_v09_source,/home/xingyu/FSPT_AHSS/results/space_groups/sg83.json,d3cf5754ac524c14b0eff1debb03b8c227981b0f05e10603afe8d7436dab3a58,,[]
84,computed,computed,[0],Z,[],0,"[2,2,2,2,2]",(Z2)^5,"[2,2,2,2]",(Z2)^4,computed,"[0,2,4,4,4,4]",Z + Z2 + (Z4)^4,not-needed,,1,primitive surviving H1 lattice and actual complete defining towers,True,1,[[1]],"[[1,1]]",True,universal-2H-survival-and-complete-joint-parity-kernel,"[2,0]",explicit-universal-pullback-or-comparison-homotopy-primitive,False,full-3+1D-spin-half-affine-stacking,p+ip-zero-three-layer-extension,native-vectors-plus-explicit-comparison-homotopy-recipes,False,stacking-with-generator-relations,162868,163387,519,168.9503002166748,2026-09-26T17:37:06.602201+00:00,2026-09-26T17:39:55.552506+00:00,"[{""cpu_ms"":21668,""stage"":""cohomology""},{""cpu_ms"":21921,""stage"":""primary_cf""},{""cpu_ms"":27284,""stage"":""primary_mc_and_bos""},{""cpu_ms"":28684,""stage"":""incoming_mc""},{""cpu_ms"":28980,""stage"":""secondary_bos""},{""cpu_ms"":32497,""stage"":""secondary_mc""},{""cpu_ms"":32497,""stage"":""pip""},{""cpu_ms"":32559,""stage"":""classification_end""},{""cpu_ms"":32567,""stage"":""free_pip_parity_candidates""},{""cpu_ms"":32567,""stage"":""free_pip_parity_1""},{""cpu_ms"":32665,""stage"":""pip_d3""},{""cpu_ms"":34857,""stage"":""pip_d4""},{""cpu_ms"":65663,""stage"":""free_pip_surviving_phase_lift""},{""cpu_ms"":162868,""stage"":""free_pip_classification_end""},{""cpu_ms"":163364,""stage"":""stack_native_CF1""},{""cpu_ms"":163369,""stage"":""stack_native_CF2""},{""cpu_ms"":163372,""stage"":""stack_native_CF3""},{""cpu_ms"":163375,""stage"":""stack_native_CF4""},{""cpu_ms"":163377,""stage"":""stack_native_CF5""}]","{""RL_ms"":236,""RP_ms"":112,""extension_ms"":2352,""holonomy_ms"":98,""section_ms"":13}",physical-spin-half-det-sign-omega0,normalized-pip-aw-edge-transport-v2,3+1D-full-affine-associated-graded,full,"{""CrystCat"":""1.1.10"",""GAP"":""4.13.1"",""HAP"":""1.62"",""Polycyclic"":""2.16""}",9c16c0714da16a1ed5dc23b7830701afc01e6d7a37ee6d243f536ee4dc9ecd96,/home/user/xyren/AllFSPT/runs/closed_cf_v09_source,/home/xingyu/FSPT_AHSS/results/space_groups/sg84.json,704febacd965e2ac4dbd038e553aed786511c256dc940bd04a8b2a453f3066d5,,[]
85,computed,computed,[0],Z,[2],Z2,"[2,2,2]",(Z2)^3,"[4,4]",(Z4)^2,computed,"[0,2,2,8,8]",Z + (Z2)^2 + (Z8)^2,not-needed,,1,primitive surviving H1 lattice and actual complete defining towers,True,2,[[2]],"[[0,2]]",True,universal-2H-survival-and-complete-joint-parity-kernel,"[2,0]",explicit-universal-pullback-or-comparison-homotopy-primitive,False,full-3+1D-spin-half-affine-stacking,p+ip-zero-three-layer-extension,native-vectors-plus-explicit-comparison-homotopy-recipes,False,stacking-with-generator-relations,47790,229008,181218,234.62864232063293,2026-09-26T17:37:06.432647+00:00,2026-09-26T17:41:01.061295+00:00,"[{""cpu_ms"":23112,""stage"":""cohomology""},{""cpu_ms"":23331,""stage"":""primary_cf""},{""cpu_ms"":34289,""stage"":""primary_mc_and_bos""},{""cpu_ms"":35820,""stage"":""incoming_mc""},{""cpu_ms"":36239,""stage"":""secondary_bos""},{""cpu_ms"":43963,""stage"":""secondary_mc""},{""cpu_ms"":47118,""stage"":""pip""},{""cpu_ms"":47201,""stage"":""classification_end""},{""cpu_ms"":47209,""stage"":""free_pip_parity_candidates""},{""cpu_ms"":47209,""stage"":""free_pip_parity_1""},{""cpu_ms"":47347,""stage"":""free_pip_even_dihedral_pullback""},{""cpu_ms"":47790,""stage"":""free_pip_classification_end""},{""cpu_ms"":48257,""stage"":""stack_lift_D1""},{""cpu_ms"":48258,""stage"":""stack_lift_D2""},{""cpu_ms"":48260,""stage"":""stack_lift_C1""},{""cpu_ms"":65714,""stage"":""stack_lift_C2""},{""cpu_ms"":69548,""stage"":""stack_lift_C3""},{""cpu_ms"":72544,""stage"":""stack_lift_B1""},{""cpu_ms"":145542,""stage"":""stack_relation_D1""},{""cpu_ms"":145543,""stage"":""stack_relation_D2""},{""cpu_ms"":145543,""stage"":""stack_relation_C1""},{""cpu_ms"":160546,""stage"":""stack_relation_C2""},{""cpu_ms"":175805,""stage"":""stack_relation_C3""},{""cpu_ms"":184007,""stage"":""stack_relation_B1""}]","{""RL_ms"":233,""RP_ms"":111,""extension_ms"":3487,""holonomy_ms"":91,""section_ms"":12}",physical-spin-half-det-sign-omega0,normalized-pip-aw-edge-transport-v2,3+1D-full-affine-associated-graded,full,"{""CrystCat"":""1.1.10"",""GAP"":""4.13.1"",""HAP"":""1.62"",""Polycyclic"":""2.16""}",9c16c0714da16a1ed5dc23b7830701afc01e6d7a37ee6d243f536ee4dc9ecd96,/home/user/xyren/AllFSPT/runs/closed_cf_v09_source,/home/xingyu/FSPT_AHSS/results/space_groups/sg85.json,c7ac7f830562104d85d261c09e3edb82d1f3c7b1d1ef1a559330b3ac0a030153,,[]
86,computed,computed,[0],Z,[2],Z2,"[2,2,2]",(Z2)^3,"[2,4]",Z2 + Z4,computed,"[0,2,8,8]",Z + Z2 + (Z8)^2,not-needed,,1,primitive surviving H1 lattice and actual complete defining towers,True,1,[[1]],"[[1,1]]",True,universal-2H-survival-and-complete-joint-parity-kernel,"[2,0]",explicit-universal-pullback-or-comparison-homotopy-primitive,False,full-3+1D-spin-half-affine-stacking,p+ip-zero-three-layer-extension,native-vectors-plus-explicit-comparison-homotopy-recipes,False,stacking-with-generator-relations,375362,851227,475865,857.1891543865204,2026-09-26T17:36:53.882103+00:00,2026-09-26T17:51:11.071264+00:00,"[{""cpu_ms"":24379,""stage"":""cohomology""},{""cpu_ms"":24638,""stage"":""primary_cf""},{""cpu_ms"":49863,""stage"":""primary_mc_and_bos""},{""cpu_ms"":53024,""stage"":""incoming_mc""},{""cpu_ms"":53601,""stage"":""secondary_bos""},{""cpu_ms"":65180,""stage"":""secondary_mc""},{""cpu_ms"":65181,""stage"":""pip""},{""cpu_ms"":65294,""stage"":""classification_end""},{""cpu_ms"":65302,""stage"":""free_pip_parity_candidates""},{""cpu_ms"":65302,""stage"":""free_pip_parity_1""},{""cpu_ms"":65484,""stage"":""pip_d3""},{""cpu_ms"":71801,""stage"":""free_pip_surviving_phase_lift""},{""cpu_ms"":375362,""stage"":""free_pip_classification_end""},{""cpu_ms"":375831,""stage"":""stack_lift_D1""},{""cpu_ms"":375832,""stage"":""stack_lift_D2""},{""cpu_ms"":375834,""stage"":""stack_lift_C1""},{""cpu_ms"":380753,""stage"":""stack_lift_C2""},{""cpu_ms"":386370,""stage"":""stack_lift_C3""},{""cpu_ms"":391407,""stage"":""stack_lift_B1""},{""cpu_ms"":571166,""stage"":""stack_relation_D1""},{""cpu_ms"":571166,""stage"":""stack_relation_D2""},{""cpu_ms"":571166,""stage"":""stack_relation_C1""},{""cpu_ms"":631567,""stage"":""stack_relation_C2""},{""cpu_ms"":708081,""stage"":""stack_relation_C3""},{""cpu_ms"":791985,""stage"":""stack_relation_B1""}]","{""RL_ms"":235,""RP_ms"":121,""extension_ms"":5289,""holonomy_ms"":93,""section_ms"":13}",physical-spin-half-det-sign-omega0,normalized-pip-aw-edge-transport-v2,3+1D-full-affine-associated-graded,full,"{""CrystCat"":""1.1.10"",""GAP"":""4.13.1"",""HAP"":""1.62"",""Polycyclic"":""2.16""}",9c16c0714da16a1ed5dc23b7830701afc01e6d7a37ee6d243f536ee4dc9ecd96,/home/user/xyren/AllFSPT/runs/closed_cf_v09_source,/home/xingyu/FSPT_AHSS/results/space_groups/sg86.json,ddb1afc0b5176bff9e5b0472c0dff59462f1b72cc11b8000697c997ef3df78cb,,[]
87,computed,computed,[0],Z,[],0,"[2,2,2,2]",(Z2)^4,"[2,2,4]",(Z2)^2 + Z4,computed,"[0,2,2,2,4,8]",Z + (Z2)^3 + Z4 + Z8,not-needed,,1,primitive surviving H1 lattice and actual complete defining towers,True,2,[[2]],"[[0,2]]",True,universal-2H-survival-and-complete-joint-parity-kernel,"[2,0]",explicit-universal-pullback-or-comparison-homotopy-primitive,False,full-3+1D-spin-half-affine-stacking,p+ip-zero-three-layer-extension,native-vectors-plus-explicit-comparison-homotopy-recipes,False,stacking-with-generator-relations,49365,50133,768,50.82394337654114,2026-09-26T17:39:04.228540+00:00,2026-09-26T17:39:55.052490+00:00,"[{""cpu_ms"":23596,""stage"":""cohomology""},{""cpu_ms"":23854,""stage"":""primary_cf""},{""cpu_ms"":37305,""stage"":""primary_mc_and_bos""},{""cpu_ms"":39522,""stage"":""incoming_mc""},{""cpu_ms"":39917,""stage"":""secondary_bos""},{""cpu_ms"":46615,""stage"":""secondary_mc""},{""cpu_ms"":46615,""stage"":""pip""},{""cpu_ms"":46694,""stage"":""classification_end""},{""cpu_ms"":46703,""stage"":""free_pip_parity_candidates""},{""cpu_ms"":46703,""stage"":""free_pip_parity_1""},{""cpu_ms"":46849,""stage"":""free_pip_even_dihedral_pullback""},{""cpu_ms"":49365,""stage"":""free_pip_classification_end""},{""cpu_ms"":50082,""stage"":""stack_native_CF1""},{""cpu_ms"":50108,""stage"":""stack_native_CF2""},{""cpu_ms"":50114,""stage"":""stack_native_CF3""},{""cpu_ms"":50119,""stage"":""stack_native_CF4""}]","{""RL_ms"":233,""RP_ms"":112,""extension_ms"":3752,""holonomy_ms"":94,""section_ms"":13}",physical-spin-half-det-sign-omega0,normalized-pip-aw-edge-transport-v2,3+1D-full-affine-associated-graded,full,"{""CrystCat"":""1.1.10"",""GAP"":""4.13.1"",""HAP"":""1.62"",""Polycyclic"":""2.16""}",9c16c0714da16a1ed5dc23b7830701afc01e6d7a37ee6d243f536ee4dc9ecd96,/home/user/xyren/AllFSPT/runs/closed_cf_v09_source,/home/xingyu/FSPT_AHSS/results/space_groups/sg87.json,cd91b005ab973ba55c3b8386879de42eccecd8167dae75e21d18c4caeca71eb2,,[]
88,computed,computed,[0],Z,[],0,"[2,2,2]",(Z2)^3,[4],Z4,computed,"[0,2,2,8]",Z + (Z2)^2 + Z8,not-needed,,1,primitive surviving H1 lattice and actual complete defining towers,True,1,[[1]],"[[1,1]]",True,universal-2H-survival-and-complete-joint-parity-kernel,"[2,0]",explicit-universal-pullback-or-comparison-homotopy-primitive,False,full-3+1D-spin-half-affine-stacking,p+ip-zero-three-layer-extension,native-vectors-plus-explicit-comparison-homotopy-recipes,False,stacking-with-generator-relations,455363,479136,23773,485.70038318634033,2026-09-26T17:36:53.957715+00:00,2026-09-26T17:44:59.658104+00:00,"[{""cpu_ms"":25203,""stage"":""cohomology""},{""cpu_ms"":25471,""stage"":""primary_cf""},{""cpu_ms"":25471,""stage"":""primary_mc_and_bos""},{""cpu_ms"":33716,""stage"":""incoming_mc""},{""cpu_ms"":34170,""stage"":""secondary_bos""},{""cpu_ms"":47832,""stage"":""secondary_mc""},{""cpu_ms"":47832,""stage"":""pip""},{""cpu_ms"":47939,""stage"":""classification_end""},{""cpu_ms"":47947,""stage"":""free_pip_parity_candidates""},{""cpu_ms"":47947,""stage"":""free_pip_parity_1""},{""cpu_ms"":48119,""stage"":""pip_d3""},{""cpu_ms"":54981,""stage"":""free_pip_surviving_phase_lift""},{""cpu_ms"":455363,""stage"":""free_pip_classification_end""},{""cpu_ms"":455831,""stage"":""stack_native_CF1""},{""cpu_ms"":479125,""stage"":""stack_native_CF2""},{""cpu_ms"":479129,""stage"":""stack_native_CF3""}]","{""RL_ms"":243,""RP_ms"":112,""extension_ms"":5825,""holonomy_ms"":102,""section_ms"":14}",physical-spin-half-det-sign-omega0,normalized-pip-aw-edge-transport-v2,3+1D-full-affine-associated-graded,full,"{""CrystCat"":""1.1.10"",""GAP"":""4.13.1"",""HAP"":""1.62"",""Polycyclic"":""2.16""}",9c16c0714da16a1ed5dc23b7830701afc01e6d7a37ee6d243f536ee4dc9ecd96,/home/user/xyren/AllFSPT/runs/closed_cf_v09_source,/home/xingyu/FSPT_AHSS/results/space_groups/sg88.json,f7057fbf2ff9208c69eb4fec1e7a4ac579908f20cb5da350ef7f8608c670c262,,[]
89,computed,computed,[],0,[],0,[],0,"[2,2,2,2,2,2,2,2,2,2,2,2]",(Z2)^12,computed,"[2,2,2,2,2,2,2,2,2,2,2,2]",(Z2)^12,not-needed,,0,no free p+ip factor,,,,,,,,,,full-3+1D-spin-half-affine-stacking,p+ip-zero-three-layer-extension,native-vectors-plus-explicit-comparison-homotopy-recipes,False,stacking-with-generator-relations,35974,36879,905,37.709341526031494,2026-09-26T17:39:19.675956+00:00,2026-09-26T17:39:57.385303+00:00,"[{""cpu_ms"":26361,""stage"":""cohomology""},{""cpu_ms"":27129,""stage"":""primary_cf""},{""cpu_ms"":31033,""stage"":""primary_mc_and_bos""},{""cpu_ms"":31604,""stage"":""incoming_mc""},{""cpu_ms"":31893,""stage"":""secondary_bos""},{""cpu_ms"":35956,""stage"":""secondary_mc""},{""cpu_ms"":35956,""stage"":""pip""},{""cpu_ms"":35974,""stage"":""classification_end""}]","{""RL_ms"":240,""RP_ms"":530,""extension_ms"":3181,""holonomy_ms"":103,""section_ms"":12}",physical-spin-half-det-sign-omega0,normalized-pip-aw-edge-transport-v2,3+1D-full-affine-associated-graded,full,"{""CrystCat"":""1.1.10"",""GAP"":""4.13.1"",""HAP"":""1.62"",""Polycyclic"":""2.16""}",9c16c0714da16a1ed5dc23b7830701afc01e6d7a37ee6d243f536ee4dc9ecd96,/home/user/xyren/AllFSPT/runs/closed_cf_v09_source,/home/xingyu/FSPT_AHSS/results/space_groups/sg89.json,5343d95a1544b6606bca3b7976e6a42f82b4ee636190309cf1a425afbe6fed5f,,[]
90,computed,computed,[],0,[2],Z2,[2],Z2,"[2,2,2,2,4]",(Z2)^4 + Z4,computed,"[2,2,2,2,2,8]",(Z2)^5 + Z8,not-needed,,0,no free p+ip factor,,,,,,,,,,full-3+1D-spin-half-affine-stacking,p+ip-zero-three-layer-extension,native-vectors-plus-explicit-comparison-homotopy-recipes,False,stacking-with-generator-relations,93638,244161,150523,250.72586345672607,2026-09-26T17:36:54.159448+00:00,2026-09-26T17:41:04.885318+00:00,"[{""cpu_ms"":28940,""stage"":""cohomology""},{""cpu_ms"":29435,""stage"":""primary_cf""},{""cpu_ms"":42243,""stage"":""primary_mc_and_bos""},{""cpu_ms"":43332,""stage"":""incoming_mc""},{""cpu_ms"":43767,""stage"":""secondary_bos""},{""cpu_ms"":54227,""stage"":""secondary_mc""},{""cpu_ms"":93622,""stage"":""pip""},{""cpu_ms"":93638,""stage"":""classification_end""},{""cpu_ms"":94114,""stage"":""stack_lift_D1""},{""cpu_ms"":94116,""stage"":""stack_lift_D2""},{""cpu_ms"":94117,""stage"":""stack_lift_D3""},{""cpu_ms"":94119,""stage"":""stack_lift_D4""},{""cpu_ms"":94120,""stage"":""stack_lift_D5""},{""cpu_ms"":94122,""stage"":""stack_lift_C1""},{""cpu_ms"":107609,""stage"":""stack_lift_B1""},{""cpu_ms"":219742,""stage"":""stack_relation_D1""},{""cpu_ms"":219742,""stage"":""stack_relation_D2""},{""cpu_ms"":219742,""stage"":""stack_relation_D3""},{""cpu_ms"":219742,""stage"":""stack_relation_D4""},{""cpu_ms"":219742,""stage"":""stack_relation_D5""},{""cpu_ms"":219742,""stage"":""stack_relation_C1""},{""cpu_ms"":229134,""stage"":""stack_relation_B1""}]","{""RL_ms"":382,""RP_ms"":832,""extension_ms"":8862,""holonomy_ms"":163,""section_ms"":20}",physical-spin-half-det-sign-omega0,normalized-pip-aw-edge-transport-v2,3+1D-full-affine-associated-graded,full,"{""CrystCat"":""1.1.10"",""GAP"":""4.13.1"",""HAP"":""1.62"",""Polycyclic"":""2.16""}",9c16c0714da16a1ed5dc23b7830701afc01e6d7a37ee6d243f536ee4dc9ecd96,/home/user/xyren/AllFSPT/runs/closed_cf_v09_source,/home/xingyu/FSPT_AHSS/results/space_groups/sg90.json,c88b04872ac4b19f90e3cfc57c22f74c14c955d69b200bdfddac69e38700f3bb,,[]
91,computed,computed,[],0,"[2,2]",(Z2)^2,"[2,2,2]",(Z2)^3,"[2,2,2]",(Z2)^3,computed,"[4,8,8]",Z4 + (Z8)^2,not-needed,,0,no free p+ip factor,,,,,,,,,,full-3+1D-spin-half-affine-stacking,p+ip-zero-three-layer-extension,native-vectors-plus-explicit-comparison-homotopy-recipes,False,stacking-with-generator-relations,37157,189442,152285,197.05333757400513,2026-09-26T17:37:05.355160+00:00,2026-09-26T17:40:22.408503+00:00,"[{""cpu_ms"":23898,""stage"":""cohomology""},{""cpu_ms"":24666,""stage"":""primary_cf""},{""cpu_ms"":30941,""stage"":""primary_mc_and_bos""},{""cpu_ms"":31548,""stage"":""incoming_mc""},{""cpu_ms"":31862,""stage"":""secondary_bos""},{""cpu_ms"":37139,""stage"":""secondary_mc""},{""cpu_ms"":37140,""stage"":""pip""},{""cpu_ms"":37157,""stage"":""classification_end""},{""cpu_ms"":37642,""stage"":""stack_lift_D1""},{""cpu_ms"":37643,""stage"":""stack_lift_D2""},{""cpu_ms"":37645,""stage"":""stack_lift_D3""},{""cpu_ms"":37646,""stage"":""stack_lift_C1""},{""cpu_ms"":46079,""stage"":""stack_lift_C2""},{""cpu_ms"":47528,""stage"":""stack_lift_C3""},{""cpu_ms"":49214,""stage"":""stack_lift_B1""},{""cpu_ms"":86420,""stage"":""stack_lift_B2""},{""cpu_ms"":118601,""stage"":""stack_relation_D1""},{""cpu_ms"":118601,""stage"":""stack_relation_D2""},{""cpu_ms"":118601,""stage"":""stack_relation_D3""},{""cpu_ms"":118601,""stage"":""stack_relation_C1""},{""cpu_ms"":124102,""stage"":""stack_relation_C2""},{""cpu_ms"":128932,""stage"":""stack_relation_C3""},{""cpu_ms"":133805,""stage"":""stack_relation_B1""},{""cpu_ms"":155498,""stage"":""stack_relation_B2""}]","{""RL_ms"":241,""RP_ms"":538,""extension_ms"":4203,""holonomy_ms"":94,""section_ms"":12}",physical-spin-half-det-sign-omega0,normalized-pip-aw-edge-transport-v2,3+1D-full-affine-associated-graded,full,"{""CrystCat"":""1.1.10"",""GAP"":""4.13.1"",""HAP"":""1.62"",""Polycyclic"":""2.16""}",9c16c0714da16a1ed5dc23b7830701afc01e6d7a37ee6d243f536ee4dc9ecd96,/home/user/xyren/AllFSPT/runs/closed_cf_v09_source,/home/xingyu/FSPT_AHSS/results/space_groups/sg91.json,bd87e8dda137d624cdcffcf5754a53d312fb4c24d16f1adb69bd7c3c9ec55c9b,,[]
92,computed,computed,[],0,[2],Z2,[2],Z2,[2],Z2,computed,"[2,4]",Z2 + Z4,not-needed,,0,no free p+ip factor,,,,,,,,,,full-3+1D-spin-half-affine-stacking,p+ip-zero-three-layer-extension,native-vectors-plus-explicit-comparison-homotopy-recipes,False,stacking-with-generator-relations,76040,354249,278209,361.25522661209106,2026-09-26T17:37:04.842357+00:00,2026-09-26T17:43:06.097589+00:00,"[{""cpu_ms"":34695,""stage"":""cohomology""},{""cpu_ms"":35111,""stage"":""primary_cf""},{""cpu_ms"":60625,""stage"":""primary_mc_and_bos""},{""cpu_ms"":62151,""stage"":""incoming_mc""},{""cpu_ms"":62618,""stage"":""secondary_bos""},{""cpu_ms"":76012,""stage"":""secondary_mc""},{""cpu_ms"":76013,""stage"":""pip""},{""cpu_ms"":76040,""stage"":""classification_end""},{""cpu_ms"":76519,""stage"":""stack_lift_D1""},{""cpu_ms"":76520,""stage"":""stack_lift_C1""},{""cpu_ms"":123250,""stage"":""stack_lift_B1""},{""cpu_ms"":319827,""stage"":""stack_relation_D1""},{""cpu_ms"":319827,""stage"":""stack_relation_C1""},{""cpu_ms"":332640,""stage"":""stack_relation_B1""}]","{""RL_ms"":382,""RP_ms"":756,""extension_ms"":14173,""holonomy_ms"":97,""section_ms"":21}",physical-spin-half-det-sign-omega0,normalized-pip-aw-edge-transport-v2,3+1D-full-affine-associated-graded,full,"{""CrystCat"":""1.1.10"",""GAP"":""4.13.1"",""HAP"":""1.62"",""Polycyclic"":""2.16""}",9c16c0714da16a1ed5dc23b7830701afc01e6d7a37ee6d243f536ee4dc9ecd96,/home/user/xyren/AllFSPT/runs/closed_cf_v09_source,/home/xingyu/FSPT_AHSS/results/space_groups/sg92.json,15ab355d2c74c9b84bf79414039ecf300610c4a9ba066b144123b59208f09e66,,[]
93,computed,computed,[],0,[],0,[],0,"[2,2,2,2,2,2,2,2,2,2,2,2]",(Z2)^12,computed,"[2,2,2,2,2,2,2,2,2,2,2,2]",(Z2)^12,not-needed,,0,no free p+ip factor,,,,,,,,,,full-3+1D-spin-half-affine-stacking,p+ip-zero-three-layer-extension,native-vectors-plus-explicit-comparison-homotopy-recipes,False,stacking-with-generator-relations,41191,41726,535,42.45690155029297,2026-09-26T17:39:28.320209+00:00,2026-09-26T17:40:10.777118+00:00,"[{""cpu_ms"":26224,""stage"":""cohomology""},{""cpu_ms"":27002,""stage"":""primary_cf""},{""cpu_ms"":33559,""stage"":""primary_mc_and_bos""},{""cpu_ms"":34438,""stage"":""incoming_mc""},{""cpu_ms"":34806,""stage"":""secondary_bos""},{""cpu_ms"":41174,""stage"":""secondary_mc""},{""cpu_ms"":41174,""stage"":""pip""},{""cpu_ms"":41191,""stage"":""classification_end""}]","{""RL_ms"":367,""RP_ms"":831,""extension_ms"":5572,""holonomy_ms"":147,""section_ms"":19}",physical-spin-half-det-sign-omega0,normalized-pip-aw-edge-transport-v2,3+1D-full-affine-associated-graded,full,"{""CrystCat"":""1.1.10"",""GAP"":""4.13.1"",""HAP"":""1.62"",""Polycyclic"":""2.16""}",9c16c0714da16a1ed5dc23b7830701afc01e6d7a37ee6d243f536ee4dc9ecd96,/home/user/xyren/AllFSPT/runs/closed_cf_v09_source,/home/xingyu/FSPT_AHSS/results/space_groups/sg93.json,9cbefb794d3ba1513d618fabf6c7799289c0d89e575299dd2177c8e249cfe51f,,[]
94,computed,computed,[],0,[2],Z2,[2],Z2,"[2,2,2,2,2]",(Z2)^5,computed,"[2,2,2,2,8]",(Z2)^4 + Z8,not-needed,,0,no free p+ip factor,,,,,,,,,,full-3+1D-spin-half-affine-stacking,p+ip-zero-three-layer-extension,native-vectors-plus-explicit-comparison-homotopy-recipes,False,stacking-with-generator-relations,76437,396353,319916,402.6627793312073,2026-09-26T17:36:54.030689+00:00,2026-09-26T17:43:36.693474+00:00,"[{""cpu_ms"":30155,""stage"":""cohomology""},{""cpu_ms"":31018,""stage"":""primary_cf""},{""cpu_ms"":58587,""stage"":""primary_mc_and_bos""},{""cpu_ms"":60411,""stage"":""incoming_mc""},{""cpu_ms"":60937,""stage"":""secondary_bos""},{""cpu_ms"":76420,""stage"":""secondary_mc""},{""cpu_ms"":76420,""stage"":""pip""},{""cpu_ms"":76437,""stage"":""classification_end""},{""cpu_ms"":76921,""stage"":""stack_lift_D1""},{""cpu_ms"":76922,""stage"":""stack_lift_D2""},{""cpu_ms"":76924,""stage"":""stack_lift_D3""},{""cpu_ms"":76925,""stage"":""stack_lift_D4""},{""cpu_ms"":76927,""stage"":""stack_lift_D5""},{""cpu_ms"":76928,""stage"":""stack_lift_C1""},{""cpu_ms"":116185,""stage"":""stack_lift_B1""},{""cpu_ms"":321202,""stage"":""stack_relation_D1""},{""cpu_ms"":321202,""stage"":""stack_relation_D2""},{""cpu_ms"":321202,""stage"":""stack_relation_D3""},{""cpu_ms"":321202,""stage"":""stack_relation_D4""},{""cpu_ms"":321202,""stage"":""stack_relation_D5""},{""cpu_ms"":321202,""stage"":""stack_relation_C1""},{""cpu_ms"":333461,""stage"":""stack_relation_B1""}]","{""RL_ms"":339,""RP_ms"":532,""extension_ms"":10509,""holonomy_ms"":111,""section_ms"":13}",physical-spin-half-det-sign-omega0,normalized-pip-aw-edge-transport-v2,3+1D-full-affine-associated-graded,full,"{""CrystCat"":""1.1.10"",""GAP"":""4.13.1"",""HAP"":""1.62"",""Polycyclic"":""2.16""}",9c16c0714da16a1ed5dc23b7830701afc01e6d7a37ee6d243f536ee4dc9ecd96,/home/user/xyren/AllFSPT/runs/closed_cf_v09_source,/home/xingyu/FSPT_AHSS/results/space_groups/sg94.json,4006a6ed53b00a976ce739ac12a7807e41ae00959a429a362dc947c47c65dec3,,[]
95,computed,computed,[],0,"[2,2]",(Z2)^2,"[2,2,2]",(Z2)^3,"[2,2,2]",(Z2)^3,computed,"[4,8,8]",Z4 + (Z8)^2,not-needed,,0,no free p+ip factor,,,,,,,,,,full-3+1D-spin-half-affine-stacking,p+ip-zero-three-layer-extension,native-vectors-plus-explicit-comparison-homotopy-recipes,False,stacking-with-generator-relations,37269,189332,152063,195.94680857658386,2026-09-26T17:36:54.232715+00:00,2026-09-26T17:40:10.179529+00:00,"[{""cpu_ms"":23881,""stage"":""cohomology""},{""cpu_ms"":24293,""stage"":""primary_cf""},{""cpu_ms"":31048,""stage"":""primary_mc_and_bos""},{""cpu_ms"":31662,""stage"":""incoming_mc""},{""cpu_ms"":31965,""stage"":""secondary_bos""},{""cpu_ms"":37251,""stage"":""secondary_mc""},{""cpu_ms"":37252,""stage"":""pip""},{""cpu_ms"":37269,""stage"":""classification_end""},{""cpu_ms"":37744,""stage"":""stack_lift_D1""},{""cpu_ms"":37745,""stage"":""stack_lift_D2""},{""cpu_ms"":37746,""stage"":""stack_lift_D3""},{""cpu_ms"":37748,""stage"":""stack_lift_C1""},{""cpu_ms"":46179,""stage"":""stack_lift_C2""},{""cpu_ms"":47637,""stage"":""stack_lift_C3""},{""cpu_ms"":48925,""stage"":""stack_lift_B1""},{""cpu_ms"":85705,""stage"":""stack_lift_B2""},{""cpu_ms"":118412,""stage"":""stack_relation_D1""},{""cpu_ms"":118412,""stage"":""stack_relation_D2""},{""cpu_ms"":118412,""stage"":""stack_relation_D3""},{""cpu_ms"":118412,""stage"":""stack_relation_C1""},{""cpu_ms"":123328,""stage"":""stack_relation_C2""},{""cpu_ms"":128214,""stage"":""stack_relation_C3""},{""cpu_ms"":133599,""stage"":""stack_relation_B1""},{""cpu_ms"":155224,""stage"":""stack_relation_B2""}]","{""RL_ms"":243,""RP_ms"":529,""extension_ms"":4148,""holonomy_ms"":105,""section_ms"":12}",physical-spin-half-det-sign-omega0,normalized-pip-aw-edge-transport-v2,3+1D-full-affine-associated-graded,full,"{""CrystCat"":""1.1.10"",""GAP"":""4.13.1"",""HAP"":""1.62"",""Polycyclic"":""2.16""}",9c16c0714da16a1ed5dc23b7830701afc01e6d7a37ee6d243f536ee4dc9ecd96,/home/user/xyren/AllFSPT/runs/closed_cf_v09_source,/home/xingyu/FSPT_AHSS/results/space_groups/sg95.json,abd7e3849e587ff620a041cd6ec6b469338d42e64971aa35fa7456299813536f,,[]
96,computed,computed,[],0,[2],Z2,[2],Z2,[2],Z2,computed,"[2,4]",Z2 + Z4,not-needed,,0,no free p+ip factor,,,,,,,,,,full-3+1D-spin-half-affine-stacking,p+ip-zero-three-layer-extension,native-vectors-plus-explicit-comparison-homotopy-recipes,False,stacking-with-generator-relations,70560,338103,267543,344.12471318244934,2026-09-26T17:36:59.695079+00:00,2026-09-26T17:42:43.819798+00:00,"[{""cpu_ms"":29677,""stage"":""cohomology""},{""cpu_ms"":30091,""stage"":""primary_cf""},{""cpu_ms"":55248,""stage"":""primary_mc_and_bos""},{""cpu_ms"":56783,""stage"":""incoming_mc""},{""cpu_ms"":57235,""stage"":""secondary_bos""},{""cpu_ms"":70543,""stage"":""secondary_mc""},{""cpu_ms"":70543,""stage"":""pip""},{""cpu_ms"":70560,""stage"":""classification_end""},{""cpu_ms"":71030,""stage"":""stack_lift_D1""},{""cpu_ms"":71031,""stage"":""stack_lift_C1""},{""cpu_ms"":115615,""stage"":""stack_lift_B1""},{""cpu_ms"":303807,""stage"":""stack_relation_D1""},{""cpu_ms"":303807,""stage"":""stack_relation_C1""},{""cpu_ms"":317380,""stage"":""stack_relation_B1""}]","{""RL_ms"":235,""RP_ms"":534,""extension_ms"":9523,""holonomy_ms"":96,""section_ms"":13}",physical-spin-half-det-sign-omega0,normalized-pip-aw-edge-transport-v2,3+1D-full-affine-associated-graded,full,"{""CrystCat"":""1.1.10"",""GAP"":""4.13.1"",""HAP"":""1.62"",""Polycyclic"":""2.16""}",9c16c0714da16a1ed5dc23b7830701afc01e6d7a37ee6d243f536ee4dc9ecd96,/home/user/xyren/AllFSPT/runs/closed_cf_v09_source,/home/xingyu/FSPT_AHSS/results/space_groups/sg96.json,c07dddc7f4bb9916746e4fa00cb9912176210f34566beb21ea49ee7afbab1bcb,,[]
97,computed,computed,[],0,[],0,[],0,"[2,2,2,2,2,2,2,2]",(Z2)^8,computed,"[2,2,2,2,2,2,2,2]",(Z2)^8,not-needed,,0,no free p+ip factor,,,,,,,,,,full-3+1D-spin-half-affine-stacking,p+ip-zero-three-layer-extension,native-vectors-plus-explicit-comparison-homotopy-recipes,False,stacking-with-generator-relations,52789,53284,495,54.00717806816101,2026-09-26T17:39:02.854126+00:00,2026-09-26T17:39:56.861312+00:00,"[{""cpu_ms"":27984,""stage"":""cohomology""},{""cpu_ms"":28649,""stage"":""primary_cf""},{""cpu_ms"":42034,""stage"":""primary_mc_and_bos""},{""cpu_ms"":43137,""stage"":""incoming_mc""},{""cpu_ms"":43536,""stage"":""secondary_bos""},{""cpu_ms"":52772,""stage"":""secondary_mc""},{""cpu_ms"":52772,""stage"":""pip""},{""cpu_ms"":52789,""stage"":""classification_end""}]","{""RL_ms"":252,""RP_ms"":531,""extension_ms"":6591,""holonomy_ms"":102,""section_ms"":12}",physical-spin-half-det-sign-omega0,normalized-pip-aw-edge-transport-v2,3+1D-full-affine-associated-graded,full,"{""CrystCat"":""1.1.10"",""GAP"":""4.13.1"",""HAP"":""1.62"",""Polycyclic"":""2.16""}",9c16c0714da16a1ed5dc23b7830701afc01e6d7a37ee6d243f536ee4dc9ecd96,/home/user/xyren/AllFSPT/runs/closed_cf_v09_source,/home/xingyu/FSPT_AHSS/results/space_groups/sg97.json,a3fdc2ea112e95b58896e32522957641c79679ccd2bbce1811945b0d37f2474a,,[]
98,computed,computed,[],0,[2],Z2,[2],Z2,"[2,2,2,2,2]",(Z2)^5,computed,"[2,2,2,2,8]",(Z2)^4 + Z8,not-needed,,0,no free p+ip factor,,,,,,,,,,full-3+1D-spin-half-affine-stacking,p+ip-zero-three-layer-extension,native-vectors-plus-explicit-comparison-homotopy-recipes,False,stacking-with-generator-relations,78798,451755,372957,459.38302516937256,2026-09-26T17:37:04.987744+00:00,2026-09-26T17:44:44.370775+00:00,"[{""cpu_ms"":31115,""stage"":""cohomology""},{""cpu_ms"":31685,""stage"":""primary_cf""},{""cpu_ms"":59016,""stage"":""primary_mc_and_bos""},{""cpu_ms"":60676,""stage"":""incoming_mc""},{""cpu_ms"":61293,""stage"":""secondary_bos""},{""cpu_ms"":78780,""stage"":""secondary_mc""},{""cpu_ms"":78781,""stage"":""pip""},{""cpu_ms"":78798,""stage"":""classification_end""},{""cpu_ms"":79292,""stage"":""stack_lift_D1""},{""cpu_ms"":79293,""stage"":""stack_lift_D2""},{""cpu_ms"":79295,""stage"":""stack_lift_D3""},{""cpu_ms"":79296,""stage"":""stack_lift_D4""},{""cpu_ms"":79298,""stage"":""stack_lift_D5""},{""cpu_ms"":79299,""stage"":""stack_lift_C1""},{""cpu_ms"":132546,""stage"":""stack_lift_B1""},{""cpu_ms"":366412,""stage"":""stack_relation_D1""},{""cpu_ms"":366412,""stage"":""stack_relation_D2""},{""cpu_ms"":366412,""stage"":""stack_relation_D3""},{""cpu_ms"":366412,""stage"":""stack_relation_D4""},{""cpu_ms"":366412,""stage"":""stack_relation_D5""},{""cpu_ms"":366412,""stage"":""stack_relation_C1""},{""cpu_ms"":378886,""stage"":""stack_relation_B1""}]","{""RL_ms"":241,""RP_ms"":536,""extension_ms"":11476,""holonomy_ms"":107,""section_ms"":16}",physical-spin-half-det-sign-omega0,normalized-pip-aw-edge-transport-v2,3+1D-full-affine-associated-graded,full,"{""CrystCat"":""1.1.10"",""GAP"":""4.13.1"",""HAP"":""1.62"",""Polycyclic"":""2.16""}",9c16c0714da16a1ed5dc23b7830701afc01e6d7a37ee6d243f536ee4dc9ecd96,/home/user/xyren/AllFSPT/runs/closed_cf_v09_source,/home/xingyu/FSPT_AHSS/results/space_groups/sg98.json,d7fa62127a1ec4a0b432d5e0d3adf943073c124d7ac9d063c84488d229053d44,,[]
99,computed,computed,[],0,[],0,[],0,"[2,2,2,2,2,2]",(Z2)^6,computed,"[2,2,2,2,2,2]",(Z2)^6,not-needed,,0,no free p+ip factor,,,,,,,,,,full-3+1D-spin-half-affine-stacking,p+ip-zero-three-layer-extension,native-vectors-plus-explicit-comparison-homotopy-recipes,False,stacking-with-generator-relations,31036,31523,487,32.227115869522095,2026-09-26T17:39:58.197048+00:00,2026-09-26T17:40:30.424170+00:00,"[{""cpu_ms"":23574,""stage"":""cohomology""},{""cpu_ms"":24353,""stage"":""primary_cf""},{""cpu_ms"":27935,""stage"":""primary_mc_and_bos""},{""cpu_ms"":28469,""stage"":""incoming_mc""},{""cpu_ms"":28767,""stage"":""secondary_bos""},{""cpu_ms"":30953,""stage"":""secondary_mc""},{""cpu_ms"":30953,""stage"":""pip""},{""cpu_ms"":31036,""stage"":""classification_end""}]","{""RL_ms"":234,""RP_ms"":534,""extension_ms"":3111,""holonomy_ms"":95,""section_ms"":12}",physical-spin-half-det-sign-omega0,normalized-pip-aw-edge-transport-v2,3+1D-full-affine-associated-graded,full,"{""CrystCat"":""1.1.10"",""GAP"":""4.13.1"",""HAP"":""1.62"",""Polycyclic"":""2.16""}",9c16c0714da16a1ed5dc23b7830701afc01e6d7a37ee6d243f536ee4dc9ecd96,/home/user/xyren/AllFSPT/runs/closed_cf_v09_source,/home/xingyu/FSPT_AHSS/results/space_groups/sg99.json,25ed5ee496479e5ef33b721deeaf8924816e38d52d1b2b618118aa07ec4ce860,,[]
100,computed,computed,[],0,[2],Z2,[2],Z2,"[2,2,4]",(Z2)^2 + Z4,computed,"[2,2,2,8]",(Z2)^3 + Z8,not-needed,,0,no free p+ip factor,,,,,,,,,,full-3+1D-spin-half-affine-stacking,p+ip-zero-three-layer-extension,native-vectors-plus-explicit-comparison-homotopy-recipes,False,stacking-with-generator-relations,108551,247981,139430,255.56998658180237,2026-09-26T17:37:05.158051+00:00,2026-09-26T17:41:20.728044+00:00,"[{""cpu_ms"":27170,""stage"":""cohomology""},{""cpu_ms"":28133,""stage"":""primary_cf""},{""cpu_ms"":42473,""stage"":""primary_mc_and_bos""},{""cpu_ms"":43681,""stage"":""incoming_mc""},{""cpu_ms"":44120,""stage"":""secondary_bos""},{""cpu_ms"":54391,""stage"":""secondary_mc""},{""cpu_ms"":108440,""stage"":""pip""},{""cpu_ms"":108551,""stage"":""classification_end""},{""cpu_ms"":109030,""stage"":""stack_lift_D1""},{""cpu_ms"":109031,""stage"":""stack_lift_D2""},{""cpu_ms"":109033,""stage"":""stack_lift_D3""},{""cpu_ms"":109034,""stage"":""stack_lift_C1""},{""cpu_ms"":123464,""stage"":""stack_lift_B1""},{""cpu_ms"":221080,""stage"":""stack_relation_D1""},{""cpu_ms"":221080,""stage"":""stack_relation_D2""},{""cpu_ms"":221080,""stage"":""stack_relation_D3""},{""cpu_ms"":221080,""stage"":""stack_relation_C1""},{""cpu_ms"":231155,""stage"":""stack_relation_B1""}]","{""RL_ms"":238,""RP_ms"":535,""extension_ms"":7286,""holonomy_ms"":95,""section_ms"":13}",physical-spin-half-det-sign-omega0,normalized-pip-aw-edge-transport-v2,3+1D-full-affine-associated-graded,full,"{""CrystCat"":""1.1.10"",""GAP"":""4.13.1"",""HAP"":""1.62"",""Polycyclic"":""2.16""}",9c16c0714da16a1ed5dc23b7830701afc01e6d7a37ee6d243f536ee4dc9ecd96,/home/user/xyren/AllFSPT/runs/closed_cf_v09_source,/home/xingyu/FSPT_AHSS/results/space_groups/sg100.json,3909d797f03628e012485e21ef2303ebf6d497d7490ba1ce25b3bcd9677ab57f,,[]
101,computed,computed,[],0,[2],Z2,[],0,"[2,2]",(Z2)^2,computed,"[2,2,2]",(Z2)^3,not-needed,,0,no free p+ip factor,,,,,,,,,,full-3+1D-spin-half-affine-stacking,p+ip-zero-three-layer-extension,native-vectors-plus-explicit-comparison-homotopy-recipes,False,stacking-with-generator-relations,38873,110062,71189,116.5460422039032,2026-09-26T17:36:54.443707+00:00,2026-09-26T17:38:50.989757+00:00,"[{""cpu_ms"":23797,""stage"":""cohomology""},{""cpu_ms"":24359,""stage"":""primary_cf""},{""cpu_ms"":29753,""stage"":""primary_mc_and_bos""},{""cpu_ms"":30299,""stage"":""incoming_mc""},{""cpu_ms"":30596,""stage"":""secondary_bos""},{""cpu_ms"":34228,""stage"":""secondary_mc""},{""cpu_ms"":38798,""stage"":""pip""},{""cpu_ms"":38873,""stage"":""classification_end""},{""cpu_ms"":39346,""stage"":""stack_lift_D1""},{""cpu_ms"":39347,""stage"":""stack_lift_D2""},{""cpu_ms"":39354,""stage"":""stack_lift_B1""},{""cpu_ms"":89044,""stage"":""stack_relation_D1""},{""cpu_ms"":89044,""stage"":""stack_relation_D2""},{""cpu_ms"":89044,""stage"":""stack_relation_B1""}]","{""RL_ms"":243,""RP_ms"":530,""extension_ms"":4214,""holonomy_ms"":103,""section_ms"":13}",physical-spin-half-det-sign-omega0,normalized-pip-aw-edge-transport-v2,3+1D-full-affine-associated-graded,full,"{""CrystCat"":""1.1.10"",""GAP"":""4.13.1"",""HAP"":""1.62"",""Polycyclic"":""2.16""}",9c16c0714da16a1ed5dc23b7830701afc01e6d7a37ee6d243f536ee4dc9ecd96,/home/user/xyren/AllFSPT/runs/closed_cf_v09_source,/home/xingyu/FSPT_AHSS/results/space_groups/sg101.json,c1699fc0f162560556c360e9ca2480d24ee86bb1ab6e69bb64b585b2cddbe7bb,,[]
102,computed,computed,[],0,[2],Z2,[2],Z2,"[2,2,2]",(Z2)^3,computed,"[2,2,8]",(Z2)^2 + Z8,not-needed,,0,no free p+ip factor,,,,,,,,,,full-3+1D-spin-half-affine-stacking,p+ip-zero-three-layer-extension,native-vectors-plus-explicit-comparison-homotopy-recipes,False,stacking-with-generator-relations,142637,545809,403172,551.7585327625275,2026-09-26T17:36:59.589515+00:00,2026-09-26T17:46:11.348054+00:00,"[{""cpu_ms"":31453,""stage"":""cohomology""},{""cpu_ms"":32143,""stage"":""primary_cf""},{""cpu_ms"":56041,""stage"":""primary_mc_and_bos""},{""cpu_ms"":58160,""stage"":""incoming_mc""},{""cpu_ms"":58678,""stage"":""secondary_bos""},{""cpu_ms"":72466,""stage"":""secondary_mc""},{""cpu_ms"":142516,""stage"":""pip""},{""cpu_ms"":142637,""stage"":""classification_end""},{""cpu_ms"":143113,""stage"":""stack_lift_D1""},{""cpu_ms"":143115,""stage"":""stack_lift_D2""},{""cpu_ms"":143116,""stage"":""stack_lift_D3""},{""cpu_ms"":143118,""stage"":""stack_lift_C1""},{""cpu_ms"":170698,""stage"":""stack_lift_B1""},{""cpu_ms"":368699,""stage"":""stack_relation_D1""},{""cpu_ms"":368699,""stage"":""stack_relation_D2""},{""cpu_ms"":368699,""stage"":""stack_relation_D3""},{""cpu_ms"":368700,""stage"":""stack_relation_C1""},{""cpu_ms"":430639,""stage"":""stack_relation_B1""}]","{""RL_ms"":245,""RP_ms"":536,""extension_ms"":11212,""holonomy_ms"":101,""section_ms"":14}",physical-spin-half-det-sign-omega0,normalized-pip-aw-edge-transport-v2,3+1D-full-affine-associated-graded,full,"{""CrystCat"":""1.1.10"",""GAP"":""4.13.1"",""HAP"":""1.62"",""Polycyclic"":""2.16""}",9c16c0714da16a1ed5dc23b7830701afc01e6d7a37ee6d243f536ee4dc9ecd96,/home/user/xyren/AllFSPT/runs/closed_cf_v09_source,/home/xingyu/FSPT_AHSS/results/space_groups/sg102.json,379462986710989bb9d1de6a95dfd0ed02f56646a22891a86f7b7ee3a59e7c0f,,[]
103,computed,computed,[2],Z2,"[2,2]",(Z2)^2,"[2,2]",(Z2)^2,[],0,computed,"[2,2,2,2,2]",(Z2)^5,actual-phase-witness,actual-marked-torsion-square-with-cochain-gauges,0,no free p+ip factor,,,,,,,,,,full-3+1D-spin-half-affine-stacking,p+ip-zero-three-layer-extension,native-vectors-plus-explicit-comparison-homotopy-recipes,False,stacking-with-generator-relations,68295,274083,205788,280.10550713539124,2026-09-26T17:36:59.763783+00:00,2026-09-26T17:41:39.869295+00:00,"[{""cpu_ms"":24385,""stage"":""cohomology""},{""cpu_ms"":25192,""stage"":""primary_cf""},{""cpu_ms"":31382,""stage"":""primary_mc_and_bos""},{""cpu_ms"":31942,""stage"":""incoming_mc""},{""cpu_ms"":32244,""stage"":""secondary_bos""},{""cpu_ms"":32246,""stage"":""secondary_mc""},{""cpu_ms"":57983,""stage"":""pip""},{""cpu_ms"":58058,""stage"":""pip_d3""},{""cpu_ms"":59486,""stage"":""pip_d4""},{""cpu_ms"":68295,""stage"":""classification_end""},{""cpu_ms"":68769,""stage"":""stack_lift_C1""},{""cpu_ms"":73193,""stage"":""stack_lift_C2""},{""cpu_ms"":74634,""stage"":""stack_lift_B1""},{""cpu_ms"":100925,""stage"":""stack_lift_B2""},{""cpu_ms"":145203,""stage"":""stack_relation_C1""},{""cpu_ms"":164663,""stage"":""stack_relation_C2""},{""cpu_ms"":180965,""stage"":""stack_relation_B1""},{""cpu_ms"":198866,""stage"":""stack_relation_B2""},{""cpu_ms"":246487,""stage"":""stack_pip_C4_pullback""},{""cpu_ms"":246487,""stage"":""stack_pip_square""}]","{""RL_ms"":243,""RP_ms"":536,""extension_ms"":4333,""holonomy_ms"":97,""section_ms"":12}",physical-spin-half-det-sign-omega0,normalized-pip-aw-edge-transport-v2,3+1D-full-affine-associated-graded,full,"{""CrystCat"":""1.1.10"",""GAP"":""4.13.1"",""HAP"":""1.62"",""Polycyclic"":""2.16""}",9c16c0714da16a1ed5dc23b7830701afc01e6d7a37ee6d243f536ee4dc9ecd96,/home/user/xyren/AllFSPT/runs/closed_cf_v09_source,/home/xingyu/FSPT_AHSS/results/space_groups/sg103.json,e0a2950b112f5911609b5b658aab9e23f96d539711abdf8c8ea539ae0788158f,,[]
104,computed,computed,[2],Z2,[2],Z2,"[2,2]",(Z2)^2,[4],Z4,computed,"[2,4,8]",Z2 + Z4 + Z8,actual-phase-witness,actual-marked-torsion-square-with-cochain-gauges,0,no free p+ip factor,,,,,,,,,,full-3+1D-spin-half-affine-stacking,p+ip-zero-three-layer-extension,native-vectors-plus-explicit-comparison-homotopy-recipes,False,stacking-with-generator-relations,243552,753790,510238,760.7738733291626,2026-09-26T17:37:04.667120+00:00,2026-09-26T17:49:45.440999+00:00,"[{""cpu_ms"":38379,""stage"":""cohomology""},{""cpu_ms"":39517,""stage"":""primary_cf""},{""cpu_ms"":72812,""stage"":""primary_mc_and_bos""},{""cpu_ms"":75018,""stage"":""incoming_mc""},{""cpu_ms"":75567,""stage"":""secondary_bos""},{""cpu_ms"":95285,""stage"":""secondary_mc""},{""cpu_ms"":184947,""stage"":""pip""},{""cpu_ms"":185092,""stage"":""pip_d3""},{""cpu_ms"":190030,""stage"":""pip_d4""},{""cpu_ms"":243552,""stage"":""classification_end""},{""cpu_ms"":244029,""stage"":""stack_lift_D1""},{""cpu_ms"":244030,""stage"":""stack_lift_C1""},{""cpu_ms"":281617,""stage"":""stack_lift_C2""},{""cpu_ms"":295845,""stage"":""stack_lift_B1""},{""cpu_ms"":489254,""stage"":""stack_relation_D1""},{""cpu_ms"":489254,""stage"":""stack_relation_C1""},{""cpu_ms"":547758,""stage"":""stack_relation_C2""},{""cpu_ms"":605068,""stage"":""stack_relation_B1""},{""cpu_ms"":676169,""stage"":""stack_pip_C4_pullback""},{""cpu_ms"":676169,""stage"":""stack_pip_square""}]","{""RL_ms"":375,""RP_ms"":823,""extension_ms"":17275,""holonomy_ms"":145,""section_ms"":21}",physical-spin-half-det-sign-omega0,normalized-pip-aw-edge-transport-v2,3+1D-full-affine-associated-graded,full,"{""CrystCat"":""1.1.10"",""GAP"":""4.13.1"",""HAP"":""1.62"",""Polycyclic"":""2.16""}",9c16c0714da16a1ed5dc23b7830701afc01e6d7a37ee6d243f536ee4dc9ecd96,/home/user/xyren/AllFSPT/runs/closed_cf_v09_source,/home/xingyu/FSPT_AHSS/results/space_groups/sg104.json,6a6d60e5097fcf69597a60d3003409e614825489131c4351febb740fc01f0865,,[]
105,computed,computed,[],0,[],0,[],0,"[2,2,2,2]",(Z2)^4,computed,"[2,2,2,2]",(Z2)^4,not-needed,,0,no free p+ip factor,,,,,,,,,,full-3+1D-spin-half-affine-stacking,p+ip-zero-three-layer-extension,native-vectors-plus-explicit-comparison-homotopy-recipes,False,stacking-with-generator-relations,35982,36473,491,37.209343910217285,2026-09-26T17:39:30.341280+00:00,2026-09-26T17:40:07.550631+00:00,"[{""cpu_ms"":23607,""stage"":""cohomology""},{""cpu_ms"":24635,""stage"":""primary_cf""},{""cpu_ms"":31115,""stage"":""primary_mc_and_bos""},{""cpu_ms"":31787,""stage"":""incoming_mc""},{""cpu_ms"":32065,""stage"":""secondary_bos""},{""cpu_ms"":35904,""stage"":""secondary_mc""},{""cpu_ms"":35904,""stage"":""pip""},{""cpu_ms"":35982,""stage"":""classification_end""}]","{""RL_ms"":247,""RP_ms"":545,""extension_ms"":4402,""holonomy_ms"":101,""section_ms"":12}",physical-spin-half-det-sign-omega0,normalized-pip-aw-edge-transport-v2,3+1D-full-affine-associated-graded,full,"{""CrystCat"":""1.1.10"",""GAP"":""4.13.1"",""HAP"":""1.62"",""Polycyclic"":""2.16""}",9c16c0714da16a1ed5dc23b7830701afc01e6d7a37ee6d243f536ee4dc9ecd96,/home/user/xyren/AllFSPT/runs/closed_cf_v09_source,/home/xingyu/FSPT_AHSS/results/space_groups/sg105.json,618fc80610ac6d861a96d7ec5d0666f80cb057afbe6e3fccf0ff3dc4c16f51dd,,[]
106,computed,computed,[2],Z2,[2],Z2,"[2,2]",(Z2)^2,[2],Z2,computed,"[2,2,8]",(Z2)^2 + Z8,actual-phase-witness,actual-marked-torsion-square-with-cochain-gauges,0,no free p+ip factor,,,,,,,,,,full-3+1D-spin-half-affine-stacking,p+ip-zero-three-layer-extension,native-vectors-plus-explicit-comparison-homotopy-recipes,False,stacking-with-generator-relations,102490,698939,596449,704.869775056839,2026-09-26T17:36:59.558818+00:00,2026-09-26T17:48:44.428599+00:00,"[{""cpu_ms"":32635,""stage"":""cohomology""},{""cpu_ms"":33218,""stage"":""primary_cf""},{""cpu_ms"":71090,""stage"":""primary_mc_and_bos""},{""cpu_ms"":74172,""stage"":""incoming_mc""},{""cpu_ms"":74726,""stage"":""secondary_bos""},{""cpu_ms"":96590,""stage"":""secondary_mc""},{""cpu_ms"":96591,""stage"":""pip""},{""cpu_ms"":96733,""stage"":""pip_d3""},{""cpu_ms"":102490,""stage"":""classification_end""},{""cpu_ms"":102968,""stage"":""stack_lift_D1""},{""cpu_ms"":102970,""stage"":""stack_lift_C1""},{""cpu_ms"":174324,""stage"":""stack_lift_C2""},{""cpu_ms"":182483,""stage"":""stack_lift_B1""},{""cpu_ms"":502386,""stage"":""stack_relation_D1""},{""cpu_ms"":502386,""stage"":""stack_relation_C1""},{""cpu_ms"":519732,""stage"":""stack_relation_C2""},{""cpu_ms"":555598,""stage"":""stack_relation_B1""},{""cpu_ms"":612467,""stage"":""stack_pip_C4_pullback""},{""cpu_ms"":612467,""stage"":""stack_pip_square""}]","{""RL_ms"":243,""RP_ms"":537,""extension_ms"":11627,""holonomy_ms"":102,""section_ms"":13}",physical-spin-half-det-sign-omega0,normalized-pip-aw-edge-transport-v2,3+1D-full-affine-associated-graded,full,"{""CrystCat"":""1.1.10"",""GAP"":""4.13.1"",""HAP"":""1.62"",""Polycyclic"":""2.16""}",9c16c0714da16a1ed5dc23b7830701afc01e6d7a37ee6d243f536ee4dc9ecd96,/home/user/xyren/AllFSPT/runs/closed_cf_v09_source,/home/xingyu/FSPT_AHSS/results/space_groups/sg106.json,466a02a1f697373c504efb8a3744b062d680e5e6d8dfb6927ba60e75f06c5fc8,,[]
107,computed,computed,[],0,[],0,[],0,"[2,2,2]",(Z2)^3,computed,"[2,2,2]",(Z2)^3,not-needed,,0,no free p+ip factor,,,,,,,,,,full-3+1D-spin-half-affine-stacking,p+ip-zero-three-layer-extension,native-vectors-plus-explicit-comparison-homotopy-recipes,False,stacking-with-generator-relations,48029,48525,496,49.335715770721436,2026-09-26T17:38:36.327903+00:00,2026-09-26T17:39:25.663626+00:00,"[{""cpu_ms"":27069,""stage"":""cohomology""},{""cpu_ms"":27720,""stage"":""primary_cf""},{""cpu_ms"":40208,""stage"":""primary_mc_and_bos""},{""cpu_ms"":41163,""stage"":""incoming_mc""},{""cpu_ms"":41550,""stage"":""secondary_bos""},{""cpu_ms"":47925,""stage"":""secondary_mc""},{""cpu_ms"":47925,""stage"":""pip""},{""cpu_ms"":48029,""stage"":""classification_end""}]","{""RL_ms"":239,""RP_ms"":530,""extension_ms"":6740,""holonomy_ms"":102,""section_ms"":11}",physical-spin-half-det-sign-omega0,normalized-pip-aw-edge-transport-v2,3+1D-full-affine-associated-graded,full,"{""CrystCat"":""1.1.10"",""GAP"":""4.13.1"",""HAP"":""1.62"",""Polycyclic"":""2.16""}",9c16c0714da16a1ed5dc23b7830701afc01e6d7a37ee6d243f536ee4dc9ecd96,/home/user/xyren/AllFSPT/runs/closed_cf_v09_source,/home/xingyu/FSPT_AHSS/results/space_groups/sg107.json,8c0ae6a9d7504690a2dfe6e7bdfc8d8b9f1b07d8874706fe195cdb671f6cd616,,[]
108,computed,computed,[],0,[2],Z2,[2],Z2,[2],Z2,computed,"[2,2,2]",(Z2)^3,not-needed,,0,no free p+ip factor,,,,,,,,,,full-3+1D-spin-half-affine-stacking,p+ip-zero-three-layer-extension,native-vectors-plus-explicit-comparison-homotopy-recipes,False,stacking-with-generator-relations,166762,622149,455387,629.0384783744812,2026-09-26T17:37:04.681174+00:00,2026-09-26T17:47:33.719657+00:00,"[{""cpu_ms"":30797,""stage"":""cohomology""},{""cpu_ms"":31762,""stage"":""primary_cf""},{""cpu_ms"":57364,""stage"":""primary_mc_and_bos""},{""cpu_ms"":58837,""stage"":""incoming_mc""},{""cpu_ms"":59384,""stage"":""secondary_bos""},{""cpu_ms"":75022,""stage"":""secondary_mc""},{""cpu_ms"":166639,""stage"":""pip""},{""cpu_ms"":166762,""stage"":""classification_end""},{""cpu_ms"":167264,""stage"":""stack_lift_D1""},{""cpu_ms"":167265,""stage"":""stack_lift_C1""},{""cpu_ms"":203995,""stage"":""stack_lift_B1""},{""cpu_ms"":453664,""stage"":""stack_relation_D1""},{""cpu_ms"":453664,""stage"":""stack_relation_C1""},{""cpu_ms"":518147,""stage"":""stack_relation_B1""}]","{""RL_ms"":242,""RP_ms"":533,""extension_ms"":11110,""holonomy_ms"":111,""section_ms"":13}",physical-spin-half-det-sign-omega0,normalized-pip-aw-edge-transport-v2,3+1D-full-affine-associated-graded,full,"{""CrystCat"":""1.1.10"",""GAP"":""4.13.1"",""HAP"":""1.62"",""Polycyclic"":""2.16""}",9c16c0714da16a1ed5dc23b7830701afc01e6d7a37ee6d243f536ee4dc9ecd96,/home/user/xyren/AllFSPT/runs/closed_cf_v09_source,/home/xingyu/FSPT_AHSS/results/space_groups/sg108.json,b494a4d21578ddf0b49444f84da099dac2c4f29db4437b13109675d957b090b5,,[]
109,computed,computed,[],0,[],0,[],0,"[2,2]",(Z2)^2,computed,"[2,2]",(Z2)^2,not-needed,,0,no free p+ip factor,,,,,,,,,,full-3+1D-spin-half-affine-stacking,p+ip-zero-three-layer-extension,native-vectors-plus-explicit-comparison-homotopy-recipes,False,stacking-with-generator-relations,122512,122998,486,129.3619453907013,2026-09-26T17:36:54.411546+00:00,2026-09-26T17:39:03.773498+00:00,"[{""cpu_ms"":37025,""stage"":""cohomology""},{""cpu_ms"":37727,""stage"":""primary_cf""},{""cpu_ms"":97113,""stage"":""primary_mc_and_bos""},{""cpu_ms"":100770,""stage"":""incoming_mc""},{""cpu_ms"":101370,""stage"":""secondary_bos""},{""cpu_ms"":122364,""stage"":""secondary_mc""},{""cpu_ms"":122364,""stage"":""pip""},{""cpu_ms"":122512,""stage"":""classification_end""}]","{""RL_ms"":241,""RP_ms"":532,""extension_ms"":17197,""holonomy_ms"":104,""section_ms"":13}",physical-spin-half-det-sign-omega0,normalized-pip-aw-edge-transport-v2,3+1D-full-affine-associated-graded,full,"{""CrystCat"":""1.1.10"",""GAP"":""4.13.1"",""HAP"":""1.62"",""Polycyclic"":""2.16""}",9c16c0714da16a1ed5dc23b7830701afc01e6d7a37ee6d243f536ee4dc9ecd96,/home/user/xyren/AllFSPT/runs/closed_cf_v09_source,/home/xingyu/FSPT_AHSS/results/space_groups/sg109.json,0a3c6390c6a435bf070be1fd97f2ae43f080f8f3fa7c657597f4ba4803fa4d2b,,[]
110,computed,computed,[2],Z2,[2],Z2,[2],Z2,[],0,computed,"[2,2,2]",(Z2)^3,actual-phase-witness,actual-marked-torsion-square-with-cochain-gauges,0,no free p+ip factor,,,,,,,,,,full-3+1D-spin-half-affine-stacking,p+ip-zero-three-layer-extension,native-vectors-plus-explicit-comparison-homotopy-recipes,False,stacking-with-generator-relations,139012,1409764,1270752,1416.694551229477,2026-09-26T17:37:04.647756+00:00,2026-09-26T18:00:41.342314+00:00,"[{""cpu_ms"":40337,""stage"":""cohomology""},{""cpu_ms"":41178,""stage"":""primary_cf""},{""cpu_ms"":105162,""stage"":""primary_mc_and_bos""},{""cpu_ms"":109128,""stage"":""incoming_mc""},{""cpu_ms"":109841,""stage"":""secondary_bos""},{""cpu_ms"":109841,""stage"":""secondary_mc""},{""cpu_ms"":109842,""stage"":""pip""},{""cpu_ms"":110007,""stage"":""pip_d3""},{""cpu_ms"":139012,""stage"":""classification_end""},{""cpu_ms"":139495,""stage"":""stack_lift_C1""},{""cpu_ms"":260766,""stage"":""stack_lift_B1""},{""cpu_ms"":830810,""stage"":""stack_relation_C1""},{""cpu_ms"":888153,""stage"":""stack_relation_B1""},{""cpu_ms"":913624,""stage"":""stack_pip_phase_lift""},{""cpu_ms"":1294471,""stage"":""stack_pip_square""}]","{""RL_ms"":243,""RP_ms"":590,""extension_ms"":20054,""holonomy_ms"":170,""section_ms"":13}",physical-spin-half-det-sign-omega0,normalized-pip-aw-edge-transport-v2,3+1D-full-affine-associated-graded,full,"{""CrystCat"":""1.1.10"",""GAP"":""4.13.1"",""HAP"":""1.62"",""Polycyclic"":""2.16""}",9c16c0714da16a1ed5dc23b7830701afc01e6d7a37ee6d243f536ee4dc9ecd96,/home/user/xyren/AllFSPT/runs/closed_cf_v09_source,/home/xingyu/FSPT_AHSS/results/space_groups/sg110.json,1e949c0c79f9962ba9888f1df78b3311579664d45dbff150046a1cd28fed5d1b,,[]
111,computed,computed,[],0,[],0,[],0,"[2,2,2,2,2,2,2,2,2,2]",(Z2)^10,computed,"[2,2,2,2,2,2,2,2,2,2]",(Z2)^10,not-needed,,0,no free p+ip factor,,,,,,,,,,full-3+1D-spin-half-affine-stacking,p+ip-zero-three-layer-extension,native-vectors-plus-explicit-comparison-homotopy-recipes,False,stacking-with-generator-relations,32306,32803,497,33.633267402648926,2026-09-26T17:39:52.120507+00:00,2026-09-26T17:40:25.753782+00:00,"[{""cpu_ms"":22703,""stage"":""cohomology""},{""cpu_ms"":23806,""stage"":""primary_cf""},{""cpu_ms"":27580,""stage"":""primary_mc_and_bos""},{""cpu_ms"":28135,""stage"":""incoming_mc""},{""cpu_ms"":28423,""stage"":""secondary_bos""},{""cpu_ms"":32236,""stage"":""secondary_mc""},{""cpu_ms"":32237,""stage"":""pip""},{""cpu_ms"":32306,""stage"":""classification_end""}]","{""RL_ms"":241,""RP_ms"":536,""extension_ms"":3213,""holonomy_ms"":98,""section_ms"":12}",physical-spin-half-det-sign-omega0,normalized-pip-aw-edge-transport-v2,3+1D-full-affine-associated-graded,full,"{""CrystCat"":""1.1.10"",""GAP"":""4.13.1"",""HAP"":""1.62"",""Polycyclic"":""2.16""}",9c16c0714da16a1ed5dc23b7830701afc01e6d7a37ee6d243f536ee4dc9ecd96,/home/user/xyren/AllFSPT/runs/closed_cf_v09_source,/home/xingyu/FSPT_AHSS/results/space_groups/sg111.json,1db7843e18ed8a295b58b8bdbf782effdc3f65b3d309c7a3c7326360cd6654f1,,[]
112,computed,computed,[2],Z2,[],0,"[2,2]",(Z2)^2,"[2,2,2,2,2,2,2,2]",(Z2)^8,computed,"[2,2,2,2,2,2,2,2,2,4]",(Z2)^9 + Z4,actual-phase-witness,actual-marked-torsion-square-with-cochain-gauges,0,no free p+ip factor,,,,,,,,,,full-3+1D-spin-half-affine-stacking,p+ip-zero-three-layer-extension,native-vectors-plus-explicit-comparison-homotopy-recipes,False,stacking-with-generator-relations,48176,185060,136884,190.96974539756775,2026-09-26T17:37:06.504849+00:00,2026-09-26T17:40:17.474602+00:00,"[{""cpu_ms"":25727,""stage"":""cohomology""},{""cpu_ms"":27192,""stage"":""primary_cf""},{""cpu_ms"":36370,""stage"":""primary_mc_and_bos""},{""cpu_ms"":37241,""stage"":""incoming_mc""},{""cpu_ms"":37588,""stage"":""secondary_bos""},{""cpu_ms"":45052,""stage"":""secondary_mc""},{""cpu_ms"":45052,""stage"":""pip""},{""cpu_ms"":45134,""stage"":""pip_d3""},{""cpu_ms"":48176,""stage"":""classification_end""},{""cpu_ms"":48649,""stage"":""stack_lift_D1""},{""cpu_ms"":48650,""stage"":""stack_lift_D2""},{""cpu_ms"":48652,""stage"":""stack_lift_D3""},{""cpu_ms"":48654,""stage"":""stack_lift_D4""},{""cpu_ms"":48656,""stage"":""stack_lift_D5""},{""cpu_ms"":48657,""stage"":""stack_lift_D6""},{""cpu_ms"":48659,""stage"":""stack_lift_D7""},{""cpu_ms"":48661,""stage"":""stack_lift_D8""},{""cpu_ms"":48662,""stage"":""stack_lift_C1""},{""cpu_ms"":60256,""stage"":""stack_lift_C2""},{""cpu_ms"":86024,""stage"":""stack_relation_D1""},{""cpu_ms"":86024,""stage"":""stack_relation_D2""},{""cpu_ms"":86024,""stage"":""stack_relation_D3""},{""cpu_ms"":86025,""stage"":""stack_relation_D4""},{""cpu_ms"":86025,""stage"":""stack_relation_D5""},{""cpu_ms"":86025,""stage"":""stack_relation_D6""},{""cpu_ms"":86025,""stage"":""stack_relation_D7""},{""cpu_ms"":86025,""stage"":""stack_relation_D8""},{""cpu_ms"":86025,""stage"":""stack_relation_C1""},{""cpu_ms"":98254,""stage"":""stack_relation_C2""},{""cpu_ms"":119430,""stage"":""stack_pip_C4_pullback""},{""cpu_ms"":119430,""stage"":""stack_pip_square""}]","{""RL_ms"":241,""RP_ms"":535,""extension_ms"":5666,""holonomy_ms"":97,""section_ms"":16}",physical-spin-half-det-sign-omega0,normalized-pip-aw-edge-transport-v2,3+1D-full-affine-associated-graded,full,"{""CrystCat"":""1.1.10"",""GAP"":""4.13.1"",""HAP"":""1.62"",""Polycyclic"":""2.16""}",9c16c0714da16a1ed5dc23b7830701afc01e6d7a37ee6d243f536ee4dc9ecd96,/home/user/xyren/AllFSPT/runs/closed_cf_v09_source,/home/xingyu/FSPT_AHSS/results/space_groups/sg112.json,99674bf3117078f62ef9cdbb96ebe102e469000e26cf63cb8cb2d098aa90348d,,[]
113,computed,computed,[],0,[2],Z2,"[2,2]",(Z2)^2,"[2,2,4]",(Z2)^2 + Z4,computed,"[2,2,2,2,8]",(Z2)^4 + Z8,not-needed,,0,no free p+ip factor,,,,,,,,,,full-3+1D-spin-half-affine-stacking,p+ip-zero-three-layer-extension,native-vectors-plus-explicit-comparison-homotopy-recipes,False,stacking-with-generator-relations,49441,167402,117961,173.0191752910614,2026-09-26T17:37:06.542056+00:00,2026-09-26T17:39:59.561237+00:00,"[{""cpu_ms"":25584,""stage"":""cohomology""},{""cpu_ms"":26468,""stage"":""primary_cf""},{""cpu_ms"":34793,""stage"":""primary_mc_and_bos""},{""cpu_ms"":35487,""stage"":""incoming_mc""},{""cpu_ms"":35833,""stage"":""secondary_bos""},{""cpu_ms"":41541,""stage"":""secondary_mc""},{""cpu_ms"":49349,""stage"":""pip""},{""cpu_ms"":49441,""stage"":""classification_end""},{""cpu_ms"":49917,""stage"":""stack_lift_D1""},{""cpu_ms"":49918,""stage"":""stack_lift_D2""},{""cpu_ms"":49920,""stage"":""stack_lift_D3""},{""cpu_ms"":49921,""stage"":""stack_lift_C1""},{""cpu_ms"":62391,""stage"":""stack_lift_C2""},{""cpu_ms"":64288,""stage"":""stack_lift_B1""},{""cpu_ms"":130540,""stage"":""stack_relation_D1""},{""cpu_ms"":130540,""stage"":""stack_relation_D2""},{""cpu_ms"":130540,""stage"":""stack_relation_D3""},{""cpu_ms"":130540,""stage"":""stack_relation_C1""},{""cpu_ms"":149325,""stage"":""stack_relation_C2""},{""cpu_ms"":154939,""stage"":""stack_relation_B1""}]","{""RL_ms"":243,""RP_ms"":535,""extension_ms"":5572,""holonomy_ms"":100,""section_ms"":13}",physical-spin-half-det-sign-omega0,normalized-pip-aw-edge-transport-v2,3+1D-full-affine-associated-graded,full,"{""CrystCat"":""1.1.10"",""GAP"":""4.13.1"",""HAP"":""1.62"",""Polycyclic"":""2.16""}",9c16c0714da16a1ed5dc23b7830701afc01e6d7a37ee6d243f536ee4dc9ecd96,/home/user/xyren/AllFSPT/runs/closed_cf_v09_source,/home/xingyu/FSPT_AHSS/results/space_groups/sg113.json,19cc1f3688a89affbe569f8b3254ca6bdc60d7aa3ef21af6a5e437eb9781dbff,,[]
114,computed,computed,[2],Z2,[2],Z2,"[2,2,2]",(Z2)^3,[4],Z4,computed,"[4,4,8]",(Z4)^2 + Z8,actual-phase-witness,actual-marked-torsion-square-with-cochain-gauges,0,no free p+ip factor,,,,,,,,,,full-3+1D-spin-half-affine-stacking,p+ip-zero-three-layer-extension,native-vectors-plus-explicit-comparison-homotopy-recipes,False,stacking-with-generator-relations,66440,474393,407953,481.37097668647766,2026-09-26T17:37:04.734486+00:00,2026-09-26T17:45:06.105469+00:00,"[{""cpu_ms"":28910,""stage"":""cohomology""},{""cpu_ms"":29757,""stage"":""primary_cf""},{""cpu_ms"":49279,""stage"":""primary_mc_and_bos""},{""cpu_ms"":50527,""stage"":""incoming_mc""},{""cpu_ms"":50914,""stage"":""secondary_bos""},{""cpu_ms"":61444,""stage"":""secondary_mc""},{""cpu_ms"":61444,""stage"":""pip""},{""cpu_ms"":61550,""stage"":""pip_d3""},{""cpu_ms"":66440,""stage"":""classification_end""},{""cpu_ms"":66924,""stage"":""stack_lift_D1""},{""cpu_ms"":66931,""stage"":""stack_lift_C1""},{""cpu_ms"":104239,""stage"":""stack_lift_C2""},{""cpu_ms"":107674,""stage"":""stack_lift_C3""},{""cpu_ms"":114431,""stage"":""stack_lift_B1""},{""cpu_ms"":252452,""stage"":""stack_relation_D1""},{""cpu_ms"":252452,""stage"":""stack_relation_C1""},{""cpu_ms"":272271,""stage"":""stack_relation_C2""},{""cpu_ms"":292744,""stage"":""stack_relation_C3""},{""cpu_ms"":326301,""stage"":""stack_relation_B1""},{""cpu_ms"":377921,""stage"":""stack_pip_C4_pullback""},{""cpu_ms"":377921,""stage"":""stack_pip_square""}]","{""RL_ms"":242,""RP_ms"":532,""extension_ms"":8786,""holonomy_ms"":100,""section_ms"":13}",physical-spin-half-det-sign-omega0,normalized-pip-aw-edge-transport-v2,3+1D-full-affine-associated-graded,full,"{""CrystCat"":""1.1.10"",""GAP"":""4.13.1"",""HAP"":""1.62"",""Polycyclic"":""2.16""}",9c16c0714da16a1ed5dc23b7830701afc01e6d7a37ee6d243f536ee4dc9ecd96,/home/user/xyren/AllFSPT/runs/closed_cf_v09_source,/home/xingyu/FSPT_AHSS/results/space_groups/sg114.json,e6d2767df05d54bfee9562b073bb9771b171994c1ccb0d8e23c5131b9d43028b,,[]
115,computed,computed,[],0,[],0,[],0,"[2,2,2,2,2,2,2,2]",(Z2)^8,computed,"[2,2,2,2,2,2,2,2]",(Z2)^8,not-needed,,0,no free p+ip factor,,,,,,,,,,full-3+1D-spin-half-affine-stacking,p+ip-zero-three-layer-extension,native-vectors-plus-explicit-comparison-homotopy-recipes,False,stacking-with-generator-relations,32819,33315,496,34.15207362174988,2026-09-26T17:39:36.602617+00:00,2026-09-26T17:40:10.754696+00:00,"[{""cpu_ms"":23762,""stage"":""cohomology""},{""cpu_ms"":24896,""stage"":""primary_cf""},{""cpu_ms"":28838,""stage"":""primary_mc_and_bos""},{""cpu_ms"":29370,""stage"":""incoming_mc""},{""cpu_ms"":29680,""stage"":""secondary_bos""},{""cpu_ms"":32750,""stage"":""secondary_mc""},{""cpu_ms"":32750,""stage"":""pip""},{""cpu_ms"":32819,""stage"":""classification_end""}]","{""RL_ms"":241,""RP_ms"":537,""extension_ms"":3232,""holonomy_ms"":94,""section_ms"":12}",physical-spin-half-det-sign-omega0,normalized-pip-aw-edge-transport-v2,3+1D-full-affine-associated-graded,full,"{""CrystCat"":""1.1.10"",""GAP"":""4.13.1"",""HAP"":""1.62"",""Polycyclic"":""2.16""}",9c16c0714da16a1ed5dc23b7830701afc01e6d7a37ee6d243f536ee4dc9ecd96,/home/user/xyren/AllFSPT/runs/closed_cf_v09_source,/home/xingyu/FSPT_AHSS/results/space_groups/sg115.json,3fa83da6bc335363dbb08f11ff02c35228b2d07466dccfd2428bcb2109956505,,[]
116,computed,computed,[2],Z2,[2],Z2,"[2,2]",(Z2)^2,"[2,2,2,2]",(Z2)^4,computed,"[2,2,2,2,2,2,4]",(Z2)^6 + Z4,actual-phase-witness,actual-marked-torsion-square-with-cochain-gauges,0,no free p+ip factor,,,,,,,,,,full-3+1D-spin-half-affine-stacking,p+ip-zero-three-layer-extension,native-vectors-plus-explicit-comparison-homotopy-recipes,False,stacking-with-generator-relations,38879,188760,149881,195.691823720932,2026-09-26T17:37:05.087426+00:00,2026-09-26T17:40:20.779255+00:00,"[{""cpu_ms"":24272,""stage"":""cohomology""},{""cpu_ms"":25145,""stage"":""primary_cf""},{""cpu_ms"":31146,""stage"":""primary_mc_and_bos""},{""cpu_ms"":31772,""stage"":""incoming_mc""},{""cpu_ms"":32084,""stage"":""secondary_bos""},{""cpu_ms"":36473,""stage"":""secondary_mc""},{""cpu_ms"":36474,""stage"":""pip""},{""cpu_ms"":36546,""stage"":""pip_d3""},{""cpu_ms"":38879,""stage"":""classification_end""},{""cpu_ms"":39594,""stage"":""stack_lift_D1""},{""cpu_ms"":39597,""stage"":""stack_lift_D2""},{""cpu_ms"":39599,""stage"":""stack_lift_D3""},{""cpu_ms"":39602,""stage"":""stack_lift_D4""},{""cpu_ms"":39605,""stage"":""stack_lift_C1""},{""cpu_ms"":48861,""stage"":""stack_lift_C2""},{""cpu_ms"":50192,""stage"":""stack_lift_B1""},{""cpu_ms"":88749,""stage"":""stack_relation_D1""},{""cpu_ms"":88749,""stage"":""stack_relation_D2""},{""cpu_ms"":88749,""stage"":""stack_relation_D3""},{""cpu_ms"":88749,""stage"":""stack_relation_D4""},{""cpu_ms"":88749,""stage"":""stack_relation_C1""},{""cpu_ms"":93901,""stage"":""stack_relation_C2""},{""cpu_ms"":110147,""stage"":""stack_relation_B1""},{""cpu_ms"":156842,""stage"":""stack_pip_C4_pullback""},{""cpu_ms"":156842,""stage"":""stack_pip_square""}]","{""RL_ms"":241,""RP_ms"":537,""extension_ms"":4210,""holonomy_ms"":97,""section_ms"":13}",physical-spin-half-det-sign-omega0,normalized-pip-aw-edge-transport-v2,3+1D-full-affine-associated-graded,full,"{""CrystCat"":""1.1.10"",""GAP"":""4.13.1"",""HAP"":""1.62"",""Polycyclic"":""2.16""}",9c16c0714da16a1ed5dc23b7830701afc01e6d7a37ee6d243f536ee4dc9ecd96,/home/user/xyren/AllFSPT/runs/closed_cf_v09_source,/home/xingyu/FSPT_AHSS/results/space_groups/sg116.json,40d65b6e807e42165de1a24bd253ba8c604cde25604fbd8a3f5687738fcdcafb,,[]
117,computed,computed,[2],Z2,[2],Z2,"[2,2]",(Z2)^2,"[2,2,2,2,4]",(Z2)^4 + Z4,computed,"[2,2,2,2,2,4,8]",(Z2)^5 + Z4 + Z8,actual-phase-witness,actual-marked-torsion-square-with-cochain-gauges,0,no free p+ip factor,,,,,,,,,,full-3+1D-spin-half-affine-stacking,p+ip-zero-three-layer-extension,native-vectors-plus-explicit-comparison-homotopy-recipes,False,stacking-with-generator-relations,47373,224840,177467,231.00646424293518,2026-09-26T17:36:59.783880+00:00,2026-09-26T17:40:50.790350+00:00,"[{""cpu_ms"":25643,""stage"":""cohomology""},{""cpu_ms"":26518,""stage"":""primary_cf""},{""cpu_ms"":35652,""stage"":""primary_mc_and_bos""},{""cpu_ms"":36403,""stage"":""incoming_mc""},{""cpu_ms"":36760,""stage"":""secondary_bos""},{""cpu_ms"":44326,""stage"":""secondary_mc""},{""cpu_ms"":44326,""stage"":""pip""},{""cpu_ms"":44405,""stage"":""pip_d3""},{""cpu_ms"":47373,""stage"":""classification_end""},{""cpu_ms"":47852,""stage"":""stack_lift_D1""},{""cpu_ms"":47853,""stage"":""stack_lift_D2""},{""cpu_ms"":47855,""stage"":""stack_lift_D3""},{""cpu_ms"":47856,""stage"":""stack_lift_D4""},{""cpu_ms"":47858,""stage"":""stack_lift_D5""},{""cpu_ms"":47860,""stage"":""stack_lift_C1""},{""cpu_ms"":62716,""stage"":""stack_lift_C2""},{""cpu_ms"":64859,""stage"":""stack_lift_B1""},{""cpu_ms"":137160,""stage"":""stack_relation_D1""},{""cpu_ms"":137160,""stage"":""stack_relation_D2""},{""cpu_ms"":137160,""stage"":""stack_relation_D3""},{""cpu_ms"":137160,""stage"":""stack_relation_D4""},{""cpu_ms"":137160,""stage"":""stack_relation_D5""},{""cpu_ms"":137160,""stage"":""stack_relation_C1""},{""cpu_ms"":149527,""stage"":""stack_relation_C2""},{""cpu_ms"":155414,""stage"":""stack_relation_B1""},{""cpu_ms"":168489,""stage"":""stack_pip_C4_pullback""},{""cpu_ms"":168489,""stage"":""stack_pip_square""}]","{""RL_ms"":242,""RP_ms"":538,""extension_ms"":5870,""holonomy_ms"":95,""section_ms"":13}",physical-spin-half-det-sign-omega0,normalized-pip-aw-edge-transport-v2,3+1D-full-affine-associated-graded,full,"{""CrystCat"":""1.1.10"",""GAP"":""4.13.1"",""HAP"":""1.62"",""Polycyclic"":""2.16""}",9c16c0714da16a1ed5dc23b7830701afc01e6d7a37ee6d243f536ee4dc9ecd96,/home/user/xyren/AllFSPT/runs/closed_cf_v09_source,/home/xingyu/FSPT_AHSS/results/space_groups/sg117.json,1e3a02a50f74bfd6c1a137465342b0fe1482a1b3db1a5c8ae3daefa53f455896,,[]
118,computed,computed,[2],Z2,[2],Z2,"[2,2]",(Z2)^2,"[2,2,2,2,4]",(Z2)^4 + Z4,computed,"[2,2,2,2,2,4,8]",(Z2)^5 + Z4 + Z8,actual-phase-witness,actual-marked-torsion-square-with-cochain-gauges,0,no free p+ip factor,,,,,,,,,,full-3+1D-spin-half-affine-stacking,p+ip-zero-three-layer-extension,native-vectors-plus-explicit-comparison-homotopy-recipes,False,stacking-with-generator-relations,66610,363477,296867,369.39748764038086,2026-09-26T17:36:59.654504+00:00,2026-09-26T17:43:09.051997+00:00,"[{""cpu_ms"":31711,""stage"":""cohomology""},{""cpu_ms"":32317,""stage"":""primary_cf""},{""cpu_ms"":49863,""stage"":""primary_mc_and_bos""},{""cpu_ms"":50935,""stage"":""incoming_mc""},{""cpu_ms"":51393,""stage"":""secondary_bos""},{""cpu_ms"":62338,""stage"":""secondary_mc""},{""cpu_ms"":62339,""stage"":""pip""},{""cpu_ms"":62432,""stage"":""pip_d3""},{""cpu_ms"":66610,""stage"":""classification_end""},{""cpu_ms"":67085,""stage"":""stack_lift_D1""},{""cpu_ms"":67086,""stage"":""stack_lift_D2""},{""cpu_ms"":67088,""stage"":""stack_lift_D3""},{""cpu_ms"":67089,""stage"":""stack_lift_D4""},{""cpu_ms"":67091,""stage"":""stack_lift_D5""},{""cpu_ms"":67093,""stage"":""stack_lift_C1""},{""cpu_ms"":94843,""stage"":""stack_lift_C2""},{""cpu_ms"":99168,""stage"":""stack_lift_B1""},{""cpu_ms"":224646,""stage"":""stack_relation_D1""},{""cpu_ms"":224647,""stage"":""stack_relation_D2""},{""cpu_ms"":224647,""stage"":""stack_relation_D3""},{""cpu_ms"":224647,""stage"":""stack_relation_D4""},{""cpu_ms"":224647,""stage"":""stack_relation_D5""},{""cpu_ms"":224647,""stage"":""stack_relation_C1""},{""cpu_ms"":241790,""stage"":""stack_relation_C2""},{""cpu_ms"":259634,""stage"":""stack_relation_B1""},{""cpu_ms"":276492,""stage"":""stack_pip_C4_pullback""},{""cpu_ms"":276492,""stage"":""stack_pip_square""}]","{""RL_ms"":245,""RP_ms"":537,""extension_ms"":9472,""holonomy_ms"":101,""section_ms"":14}",physical-spin-half-det-sign-omega0,normalized-pip-aw-edge-transport-v2,3+1D-full-affine-associated-graded,full,"{""CrystCat"":""1.1.10"",""GAP"":""4.13.1"",""HAP"":""1.62"",""Polycyclic"":""2.16""}",9c16c0714da16a1ed5dc23b7830701afc01e6d7a37ee6d243f536ee4dc9ecd96,/home/user/xyren/AllFSPT/runs/closed_cf_v09_source,/home/xingyu/FSPT_AHSS/results/space_groups/sg118.json,3a467eb57e11b046fa37dd0e5d386b88f06efb45abe65cde9fff921ffaeed68a,,[]
119,computed,computed,[],0,[],0,[],0,"[2,2,2,2,2,2]",(Z2)^6,computed,"[2,2,2,2,2,2]",(Z2)^6,not-needed,,0,no free p+ip factor,,,,,,,,,,full-3+1D-spin-half-affine-stacking,p+ip-zero-three-layer-extension,native-vectors-plus-explicit-comparison-homotopy-recipes,False,stacking-with-generator-relations,50330,50814,484,51.50538468360901,2026-09-26T17:38:26.258580+00:00,2026-09-26T17:39:17.763972+00:00,"[{""cpu_ms"":25402,""stage"":""cohomology""},{""cpu_ms"":26137,""stage"":""primary_cf""},{""cpu_ms"":39687,""stage"":""primary_mc_and_bos""},{""cpu_ms"":41045,""stage"":""incoming_mc""},{""cpu_ms"":41466,""stage"":""secondary_bos""},{""cpu_ms"":50226,""stage"":""secondary_mc""},{""cpu_ms"":50226,""stage"":""pip""},{""cpu_ms"":50330,""stage"":""classification_end""}]","{""RL_ms"":241,""RP_ms"":528,""extension_ms"":6736,""holonomy_ms"":100,""section_ms"":11}",physical-spin-half-det-sign-omega0,normalized-pip-aw-edge-transport-v2,3+1D-full-affine-associated-graded,full,"{""CrystCat"":""1.1.10"",""GAP"":""4.13.1"",""HAP"":""1.62"",""Polycyclic"":""2.16""}",9c16c0714da16a1ed5dc23b7830701afc01e6d7a37ee6d243f536ee4dc9ecd96,/home/user/xyren/AllFSPT/runs/closed_cf_v09_source,/home/xingyu/FSPT_AHSS/results/space_groups/sg119.json,74e975b194ea3efb769b721de0fad0f03bddaf9ec161818e83e2c27794cd019e,,[]
120,computed,computed,[2],Z2,[2],Z2,"[2,2]",(Z2)^2,"[2,2,2,2]",(Z2)^4,computed,"[2,2,2,2,2,2,4]",(Z2)^6 + Z4,actual-phase-witness,actual-marked-torsion-square-with-cochain-gauges,0,no free p+ip factor,,,,,,,,,,full-3+1D-spin-half-affine-stacking,p+ip-zero-three-layer-extension,native-vectors-plus-explicit-comparison-homotopy-recipes,False,stacking-with-generator-relations,82615,723010,640395,728.5673696994781,2026-09-26T17:37:06.223612+00:00,2026-09-26T17:49:14.790987+00:00,"[{""cpu_ms"":32810,""stage"":""cohomology""},{""cpu_ms"":33488,""stage"":""primary_cf""},{""cpu_ms"":58211,""stage"":""primary_mc_and_bos""},{""cpu_ms"":59836,""stage"":""incoming_mc""},{""cpu_ms"":60383,""stage"":""secondary_bos""},{""cpu_ms"":76105,""stage"":""secondary_mc""},{""cpu_ms"":76105,""stage"":""pip""},{""cpu_ms"":76218,""stage"":""pip_d3""},{""cpu_ms"":82615,""stage"":""classification_end""},{""cpu_ms"":83096,""stage"":""stack_lift_D1""},{""cpu_ms"":83098,""stage"":""stack_lift_D2""},{""cpu_ms"":83099,""stage"":""stack_lift_D3""},{""cpu_ms"":83101,""stage"":""stack_lift_D4""},{""cpu_ms"":83102,""stage"":""stack_lift_C1""},{""cpu_ms"":125459,""stage"":""stack_lift_C2""},{""cpu_ms"":133439,""stage"":""stack_lift_B1""},{""cpu_ms"":365791,""stage"":""stack_relation_D1""},{""cpu_ms"":365791,""stage"":""stack_relation_D2""},{""cpu_ms"":365791,""stage"":""stack_relation_D3""},{""cpu_ms"":365791,""stage"":""stack_relation_D4""},{""cpu_ms"":365791,""stage"":""stack_relation_C1""},{""cpu_ms"":392206,""stage"":""stack_relation_C2""},{""cpu_ms"":404224,""stage"":""stack_relation_B1""},{""cpu_ms"":430056,""stage"":""stack_pip_phase_lift""},{""cpu_ms"":634203,""stage"":""stack_pip_square""}]","{""RL_ms"":243,""RP_ms"":539,""extension_ms"":13088,""holonomy_ms"":111,""section_ms"":12}",physical-spin-half-det-sign-omega0,normalized-pip-aw-edge-transport-v2,3+1D-full-affine-associated-graded,full,"{""CrystCat"":""1.1.10"",""GAP"":""4.13.1"",""HAP"":""1.62"",""Polycyclic"":""2.16""}",9c16c0714da16a1ed5dc23b7830701afc01e6d7a37ee6d243f536ee4dc9ecd96,/home/user/xyren/AllFSPT/runs/closed_cf_v09_source,/home/xingyu/FSPT_AHSS/results/space_groups/sg120.json,3192d17261224e47cfbfb11705b1b1fd7255dbc9c0eea57f3bd5f003340b745d,,[]
121,computed,computed,[],0,[],0,[2],Z2,"[2,2,2,2,2]",(Z2)^5,computed,"[2,2,2,2,2,2]",(Z2)^6,not-needed,,0,no free p+ip factor,,,,,,,,,,full-3+1D-spin-half-affine-stacking,p+ip-zero-three-layer-extension,native-vectors-plus-explicit-comparison-homotopy-recipes,False,stacking-with-generator-relations,43523,44036,513,44.84125781059265,2026-09-26T17:38:50.330681+00:00,2026-09-26T17:39:35.171944+00:00,"[{""cpu_ms"":24955,""stage"":""cohomology""},{""cpu_ms"":25882,""stage"":""primary_cf""},{""cpu_ms"":34893,""stage"":""primary_mc_and_bos""},{""cpu_ms"":35773,""stage"":""incoming_mc""},{""cpu_ms"":36125,""stage"":""secondary_bos""},{""cpu_ms"":43424,""stage"":""secondary_mc""},{""cpu_ms"":43424,""stage"":""pip""},{""cpu_ms"":43523,""stage"":""classification_end""},{""cpu_ms"":44007,""stage"":""stack_native_CF1""}]","{""RL_ms"":240,""RP_ms"":534,""extension_ms"":5320,""holonomy_ms"":105,""section_ms"":11}",physical-spin-half-det-sign-omega0,normalized-pip-aw-edge-transport-v2,3+1D-full-affine-associated-graded,full,"{""CrystCat"":""1.1.10"",""GAP"":""4.13.1"",""HAP"":""1.62"",""Polycyclic"":""2.16""}",9c16c0714da16a1ed5dc23b7830701afc01e6d7a37ee6d243f536ee4dc9ecd96,/home/user/xyren/AllFSPT/runs/closed_cf_v09_source,/home/xingyu/FSPT_AHSS/results/space_groups/sg121.json,f0a646aaa1ad086c02c17a038a88c9741008158af3b276d489ed4f285fde4ab5,,[]
122,computed,computed,[2],Z2,[2],Z2,"[2,2,2]",(Z2)^3,"[2,4]",Z2 + Z4,computed,"[4,8,8]",Z4 + (Z8)^2,actual-phase-witness,actual-marked-torsion-square-with-cochain-gauges,0,no free p+ip factor,,,,,,,,,,full-3+1D-spin-half-affine-stacking,p+ip-zero-three-layer-extension,native-vectors-plus-explicit-comparison-homotopy-recipes,False,stacking-with-generator-relations,126951,1189909,1062958,1195.7209253311157,2026-09-26T17:36:59.552200+00:00,2026-09-26T17:56:55.273130+00:00,"[{""cpu_ms"":33812,""stage"":""cohomology""},{""cpu_ms"":34391,""stage"":""primary_cf""},{""cpu_ms"":87447,""stage"":""primary_mc_and_bos""},{""cpu_ms"":90769,""stage"":""incoming_mc""},{""cpu_ms"":91349,""stage"":""secondary_bos""},{""cpu_ms"":115625,""stage"":""secondary_mc""},{""cpu_ms"":115626,""stage"":""pip""},{""cpu_ms"":115779,""stage"":""pip_d3""},{""cpu_ms"":126951,""stage"":""classification_end""},{""cpu_ms"":127670,""stage"":""stack_lift_D1""},{""cpu_ms"":127672,""stage"":""stack_lift_D2""},{""cpu_ms"":127693,""stage"":""stack_lift_C1""},{""cpu_ms"":218280,""stage"":""stack_lift_C2""},{""cpu_ms"":232415,""stage"":""stack_lift_C3""},{""cpu_ms"":249601,""stage"":""stack_lift_B1""},{""cpu_ms"":677439,""stage"":""stack_relation_D1""},{""cpu_ms"":677439,""stage"":""stack_relation_D2""},{""cpu_ms"":677439,""stage"":""stack_relation_C1""},{""cpu_ms"":716929,""stage"":""stack_relation_C2""},{""cpu_ms"":786327,""stage"":""stack_relation_C3""},{""cpu_ms"":853872,""stage"":""stack_relation_B1""},{""cpu_ms"":1011224,""stage"":""stack_pip_C4_pullback""},{""cpu_ms"":1011224,""stage"":""stack_pip_square""}]","{""RL_ms"":383,""RP_ms"":736,""extension_ms"":13777,""holonomy_ms"":111,""section_ms"":19}",physical-spin-half-det-sign-omega0,normalized-pip-aw-edge-transport-v2,3+1D-full-affine-associated-graded,full,"{""CrystCat"":""1.1.10"",""GAP"":""4.13.1"",""HAP"":""1.62"",""Polycyclic"":""2.16""}",9c16c0714da16a1ed5dc23b7830701afc01e6d7a37ee6d243f536ee4dc9ecd96,/home/user/xyren/AllFSPT/runs/closed_cf_v09_source,/home/xingyu/FSPT_AHSS/results/space_groups/sg122.json,0224eda69c83ad97a8a7968e41535f3e6d4e56321481161b3c773c500bb00147,,[]
123,computed,computed,[],0,[],0,[],0,"[2,2,2,2,2,2,2,2,2,2,2,2,2,2,2,2,2,2]",(Z2)^18,computed,"[2,2,2,2,2,2,2,2,2,2,2,2,2,2,2,2,2,2]",(Z2)^18,not-needed,,0,no free p+ip factor,,,,,,,,,,full-3+1D-spin-half-affine-stacking,p+ip-zero-three-layer-extension,native-vectors-plus-explicit-comparison-homotopy-recipes,False,stacking-with-generator-relations,43210,43801,591,44.49421310424805,2026-09-26T17:38:52.423361+00:00,2026-09-26T17:39:36.917581+00:00,"[{""cpu_ms"":28248,""stage"":""cohomology""},{""cpu_ms"":31777,""stage"":""primary_cf""},{""cpu_ms"":40911,""stage"":""primary_mc_and_bos""},{""cpu_ms"":42347,""stage"":""incoming_mc""},{""cpu_ms"":42900,""stage"":""secondary_bos""},{""cpu_ms"":43116,""stage"":""secondary_mc""},{""cpu_ms"":43116,""stage"":""pip""},{""cpu_ms"":43210,""stage"":""classification_end""}]","{""RL_ms"":246,""RP_ms"":2833,""extension_ms"":5822,""holonomy_ms"":168,""section_ms"":26}",physical-spin-half-det-sign-omega0,normalized-pip-aw-edge-transport-v2,3+1D-full-affine-associated-graded,full,"{""CrystCat"":""1.1.10"",""GAP"":""4.13.1"",""HAP"":""1.62"",""Polycyclic"":""2.16""}",9c16c0714da16a1ed5dc23b7830701afc01e6d7a37ee6d243f536ee4dc9ecd96,/home/user/xyren/AllFSPT/runs/closed_cf_v09_source,/home/xingyu/FSPT_AHSS/results/space_groups/sg123.json,6f82be87986a3011afa2747313fc84f1e3176cc06288d71de6dfae5ce51d5f5d,,[]
124,computed,computed,[],0,[],0,"[2,2]",(Z2)^2,"[2,2,2,2,2,2,2]",(Z2)^7,computed,"[2,2,2,2,2,2,2,4]",(Z2)^7 + Z4,not-needed,,0,no free p+ip factor,,,,,,,,,,full-3+1D-spin-half-affine-stacking,p+ip-zero-three-layer-extension,native-vectors-plus-explicit-comparison-homotopy-recipes,False,stacking-with-generator-relations,58714,59244,530,59.906102418899536,2026-09-26T17:38:19.210778+00:00,2026-09-26T17:39:19.116888+00:00,"[{""cpu_ms"":30268,""stage"":""cohomology""},{""cpu_ms"":31494,""stage"":""primary_cf""},{""cpu_ms"":47031,""stage"":""primary_mc_and_bos""},{""cpu_ms"":48432,""stage"":""incoming_mc""},{""cpu_ms"":48970,""stage"":""secondary_bos""},{""cpu_ms"":58606,""stage"":""secondary_mc""},{""cpu_ms"":58606,""stage"":""pip""},{""cpu_ms"":58714,""stage"":""classification_end""},{""cpu_ms"":59197,""stage"":""stack_native_CF1""},{""cpu_ms"":59230,""stage"":""stack_native_CF2""}]","{""RL_ms"":251,""RP_ms"":2893,""extension_ms"":8812,""holonomy_ms"":170,""section_ms"":26}",physical-spin-half-det-sign-omega0,normalized-pip-aw-edge-transport-v2,3+1D-full-affine-associated-graded,full,"{""CrystCat"":""1.1.10"",""GAP"":""4.13.1"",""HAP"":""1.62"",""Polycyclic"":""2.16""}",9c16c0714da16a1ed5dc23b7830701afc01e6d7a37ee6d243f536ee4dc9ecd96,/home/user/xyren/AllFSPT/runs/closed_cf_v09_source,/home/xingyu/FSPT_AHSS/results/space_groups/sg124.json,81298a7ea9c3b2575b0e40c113f55f7b0aa7b80549dfe2bd3842ed6a71b5e663,,[]
125,computed,computed,[],0,[],0,[],0,"[2,2,2,2,2,2,2]",(Z2)^7,computed,"[2,2,2,2,2,2,2]",(Z2)^7,not-needed,,0,no free p+ip factor,,,,,,,,,,full-3+1D-spin-half-affine-stacking,p+ip-zero-three-layer-extension,native-vectors-plus-explicit-comparison-homotopy-recipes,False,stacking-with-generator-relations,118447,118937,490,124.95864224433899,2026-09-26T17:37:00.028824+00:00,2026-09-26T17:39:04.987473+00:00,"[{""cpu_ms"":45684,""stage"":""cohomology""},{""cpu_ms"":47129,""stage"":""primary_cf""},{""cpu_ms"":95813,""stage"":""primary_mc_and_bos""},{""cpu_ms"":99346,""stage"":""incoming_mc""},{""cpu_ms"":100227,""stage"":""secondary_bos""},{""cpu_ms"":118308,""stage"":""secondary_mc""},{""cpu_ms"":118308,""stage"":""pip""},{""cpu_ms"":118447,""stage"":""classification_end""}]","{""RL_ms"":258,""RP_ms"":3443,""extension_ms"":23196,""holonomy_ms"":168,""section_ms"":31}",physical-spin-half-det-sign-omega0,normalized-pip-aw-edge-transport-v2,3+1D-full-affine-associated-graded,full,"{""CrystCat"":""1.1.10"",""GAP"":""4.13.1"",""HAP"":""1.62"",""Polycyclic"":""2.16""}",9c16c0714da16a1ed5dc23b7830701afc01e6d7a37ee6d243f536ee4dc9ecd96,/home/user/xyren/AllFSPT/runs/closed_cf_v09_source,/home/xingyu/FSPT_AHSS/results/space_groups/sg125.json,1f366897820af084cefb3d45c7b4ab6ba88025c722a673541a3b34e82d89075d,,[]
126,computed,computed,[],0,[],0,[2],Z2,"[2,2,2,2,2,2]",(Z2)^6,computed,"[2,2,2,2,2,2,2]",(Z2)^7,not-needed,,0,no free p+ip factor,,,,,,,,,,full-3+1D-spin-half-affine-stacking,p+ip-zero-three-layer-extension,native-vectors-plus-explicit-comparison-homotopy-recipes,False,stacking-with-generator-relations,207100,207671,571,213.33914518356323,2026-09-26T17:37:06.487666+00:00,2026-09-26T17:40:39.826818+00:00,"[{""cpu_ms"":67847,""stage"":""cohomology""},{""cpu_ms"":69128,""stage"":""primary_cf""},{""cpu_ms"":167615,""stage"":""primary_mc_and_bos""},{""cpu_ms"":172657,""stage"":""incoming_mc""},{""cpu_ms"":173477,""stage"":""secondary_bos""},{""cpu_ms"":206944,""stage"":""secondary_mc""},{""cpu_ms"":206944,""stage"":""pip""},{""cpu_ms"":207100,""stage"":""classification_end""},{""cpu_ms"":207595,""stage"":""stack_native_CF1""}]","{""RL_ms"":249,""RP_ms"":2852,""extension_ms"":45724,""holonomy_ms"":165,""section_ms"":31}",physical-spin-half-det-sign-omega0,normalized-pip-aw-edge-transport-v2,3+1D-full-affine-associated-graded,full,"{""CrystCat"":""1.1.10"",""GAP"":""4.13.1"",""HAP"":""1.62"",""Polycyclic"":""2.16""}",9c16c0714da16a1ed5dc23b7830701afc01e6d7a37ee6d243f536ee4dc9ecd96,/home/user/xyren/AllFSPT/runs/closed_cf_v09_source,/home/xingyu/FSPT_AHSS/results/space_groups/sg126.json,090e1548ee03e2d47bb22586425b711382dd01969be1e0a3a578390f3a9aa712,,[]
127,computed,computed,[],0,[],0,"[2,2]",(Z2)^2,"[2,2,2,2,2,2,2,4]",(Z2)^7 + Z4,computed,"[2,2,2,2,2,2,2,2,8]",(Z2)^8 + Z8,not-needed,,0,no free p+ip factor,,,,,,,,,,full-3+1D-spin-half-affine-stacking,p+ip-zero-three-layer-extension,native-vectors-plus-explicit-comparison-homotopy-recipes,False,stacking-with-generator-relations,89710,90425,715,96.14356112480164,2026-09-26T17:37:00.149134+00:00,2026-09-26T17:38:36.292704+00:00,"[{""cpu_ms"":38795,""stage"":""cohomology""},{""cpu_ms"":40460,""stage"":""primary_cf""},{""cpu_ms"":71723,""stage"":""primary_mc_and_bos""},{""cpu_ms"":74532,""stage"":""incoming_mc""},{""cpu_ms"":75216,""stage"":""secondary_bos""},{""cpu_ms"":89584,""stage"":""secondary_mc""},{""cpu_ms"":89584,""stage"":""pip""},{""cpu_ms"":89710,""stage"":""classification_end""},{""cpu_ms"":90319,""stage"":""stack_native_CF1""},{""cpu_ms"":90398,""stage"":""stack_native_CF2""}]","{""RL_ms"":256,""RP_ms"":2890,""extension_ms"":15326,""holonomy_ms"":164,""section_ms"":29}",physical-spin-half-det-sign-omega0,normalized-pip-aw-edge-transport-v2,3+1D-full-affine-associated-graded,full,"{""CrystCat"":""1.1.10"",""GAP"":""4.13.1"",""HAP"":""1.62"",""Polycyclic"":""2.16""}",9c16c0714da16a1ed5dc23b7830701afc01e6d7a37ee6d243f536ee4dc9ecd96,/home/user/xyren/AllFSPT/runs/closed_cf_v09_source,/home/xingyu/FSPT_AHSS/results/space_groups/sg127.json,533daef8a6e44c8a24526bc7ab26d1c57c78e63e49320f8d879855b3fbc04193,,[]
128,computed,computed,[],0,[],0,"[2,2,2]",(Z2)^3,"[2,2,2,4]",(Z2)^3 + Z4,computed,"[2,2,2,2,2,8]",(Z2)^5 + Z8,not-needed,,0,no free p+ip factor,,,,,,,,,,full-3+1D-spin-half-affine-stacking,p+ip-zero-three-layer-extension,native-vectors-plus-explicit-comparison-homotopy-recipes,False,stacking-with-generator-relations,152835,153889,1054,160.41654324531555,2026-09-26T17:36:54.357842+00:00,2026-09-26T17:39:34.774394+00:00,"[{""cpu_ms"":53112,""stage"":""cohomology""},{""cpu_ms"":54359,""stage"":""primary_cf""},{""cpu_ms"":120025,""stage"":""primary_mc_and_bos""},{""cpu_ms"":123325,""stage"":""incoming_mc""},{""cpu_ms"":124006,""stage"":""secondary_bos""},{""cpu_ms"":152696,""stage"":""secondary_mc""},{""cpu_ms"":152696,""stage"":""pip""},{""cpu_ms"":152835,""stage"":""classification_end""},{""cpu_ms"":153800,""stage"":""stack_native_CF1""},{""cpu_ms"":153859,""stage"":""stack_native_CF2""},{""cpu_ms"":153871,""stage"":""stack_native_CF3""}]","{""RL_ms"":248,""RP_ms"":2820,""extension_ms"":31522,""holonomy_ms"":168,""section_ms"":27}",physical-spin-half-det-sign-omega0,normalized-pip-aw-edge-transport-v2,3+1D-full-affine-associated-graded,full,"{""CrystCat"":""1.1.10"",""GAP"":""4.13.1"",""HAP"":""1.62"",""Polycyclic"":""2.16""}",9c16c0714da16a1ed5dc23b7830701afc01e6d7a37ee6d243f536ee4dc9ecd96,/home/user/xyren/AllFSPT/runs/closed_cf_v09_source,/home/xingyu/FSPT_AHSS/results/space_groups/sg128.json,e873c037cfc683c5f080088139d20f69ac11b1e448872f1ed5a723460a351d12,,[]
129,computed,computed,[],0,[],0,[],0,"[2,2,2,2,2]",(Z2)^5,computed,"[2,2,2,2,2]",(Z2)^5,not-needed,,0,no free p+ip factor,,,,,,,,,,full-3+1D-spin-half-affine-stacking,p+ip-zero-three-layer-extension,native-vectors-plus-explicit-comparison-homotopy-recipes,False,stacking-with-generator-relations,80313,80802,489,87.74009776115417,2026-09-26T17:37:05.689018+00:00,2026-09-26T17:38:33.429123+00:00,"[{""cpu_ms"":39274,""stage"":""cohomology""},{""cpu_ms"":40619,""stage"":""primary_cf""},{""cpu_ms"":75338,""stage"":""primary_mc_and_bos""},{""cpu_ms"":79414,""stage"":""incoming_mc""},{""cpu_ms"":80159,""stage"":""secondary_bos""},{""cpu_ms"":80184,""stage"":""secondary_mc""},{""cpu_ms"":80184,""stage"":""pip""},{""cpu_ms"":80313,""stage"":""classification_end""}]","{""RL_ms"":248,""RP_ms"":2848,""extension_ms"":16819,""holonomy_ms"":165,""section_ms"":28}",physical-spin-half-det-sign-omega0,normalized-pip-aw-edge-transport-v2,3+1D-full-affine-associated-graded,full,"{""CrystCat"":""1.1.10"",""GAP"":""4.13.1"",""HAP"":""1.62"",""Polycyclic"":""2.16""}",9c16c0714da16a1ed5dc23b7830701afc01e6d7a37ee6d243f536ee4dc9ecd96,/home/user/xyren/AllFSPT/runs/closed_cf_v09_source,/home/xingyu/FSPT_AHSS/results/space_groups/sg129.json,8e33fda872ed1deb86a1d8f1289c9a5ff99438fe90a64afdbd6f214e3bbe9045,,[]
130,computed,computed,[],0,[2],Z2,"[2,2]",(Z2)^2,"[2,2]",(Z2)^2,computed,"[2,2,2,2,2]",(Z2)^5,not-needed,,0,no free p+ip factor,,,,,,,,,,full-3+1D-spin-half-affine-stacking,p+ip-zero-three-layer-extension,native-vectors-plus-explicit-comparison-homotopy-recipes,False,stacking-with-generator-relations,441879,1326940,885061,1331.94979262352,2026-09-26T17:37:06.218575+00:00,2026-09-26T17:59:18.168373+00:00,"[{""cpu_ms"":60872,""stage"":""cohomology""},{""cpu_ms"":61933,""stage"":""primary_cf""},{""cpu_ms"":137510,""stage"":""primary_mc_and_bos""},{""cpu_ms"":142417,""stage"":""incoming_mc""},{""cpu_ms"":143189,""stage"":""secondary_bos""},{""cpu_ms"":170103,""stage"":""secondary_mc""},{""cpu_ms"":441736,""stage"":""pip""},{""cpu_ms"":441879,""stage"":""classification_end""},{""cpu_ms"":442356,""stage"":""stack_lift_D1""},{""cpu_ms"":442357,""stage"":""stack_lift_D2""},{""cpu_ms"":442358,""stage"":""stack_lift_C1""},{""cpu_ms"":533503,""stage"":""stack_lift_C2""},{""cpu_ms"":548018,""stage"":""stack_lift_B1""},{""cpu_ms"":1040009,""stage"":""stack_relation_D1""},{""cpu_ms"":1040009,""stage"":""stack_relation_D2""},{""cpu_ms"":1040010,""stage"":""stack_relation_C1""},{""cpu_ms"":1206824,""stage"":""stack_relation_C2""},{""cpu_ms"":1267844,""stage"":""stack_relation_B1""}]","{""RL_ms"":392,""RP_ms"":3628,""extension_ms"":36083,""holonomy_ms"":238,""section_ms"":47}",physical-spin-half-det-sign-omega0,normalized-pip-aw-edge-transport-v2,3+1D-full-affine-associated-graded,full,"{""CrystCat"":""1.1.10"",""GAP"":""4.13.1"",""HAP"":""1.62"",""Polycyclic"":""2.16""}",9c16c0714da16a1ed5dc23b7830701afc01e6d7a37ee6d243f536ee4dc9ecd96,/home/user/xyren/AllFSPT/runs/closed_cf_v09_source,/home/xingyu/FSPT_AHSS/results/space_groups/sg130.json,017967676f488eb64a3b69378b8fe48709866aa1cc4243889b87835bbb632088,,[]
131,computed,computed,[],0,[],0,[],0,"[2,2,2,2,2,2,2,2,2,2,2,2,2,2]",(Z2)^14,computed,"[2,2,2,2,2,2,2,2,2,2,2,2,2,2]",(Z2)^14,not-needed,,0,no free p+ip factor,,,,,,,,,,full-3+1D-spin-half-affine-stacking,p+ip-zero-three-layer-extension,native-vectors-plus-explicit-comparison-homotopy-recipes,False,stacking-with-generator-relations,79353,80023,670,86.71309304237366,2026-09-26T17:37:05.511886+00:00,2026-09-26T17:38:32.224986+00:00,"[{""cpu_ms"":38603,""stage"":""cohomology""},{""cpu_ms"":40997,""stage"":""primary_cf""},{""cpu_ms"":64599,""stage"":""primary_mc_and_bos""},{""cpu_ms"":67110,""stage"":""incoming_mc""},{""cpu_ms"":67786,""stage"":""secondary_bos""},{""cpu_ms"":79203,""stage"":""secondary_mc""},{""cpu_ms"":79203,""stage"":""pip""},{""cpu_ms"":79353,""stage"":""classification_end""}]","{""RL_ms"":395,""RP_ms"":4391,""extension_ms"":14004,""holonomy_ms"":242,""section_ms"":44}",physical-spin-half-det-sign-omega0,normalized-pip-aw-edge-transport-v2,3+1D-full-affine-associated-graded,full,"{""CrystCat"":""1.1.10"",""GAP"":""4.13.1"",""HAP"":""1.62"",""Polycyclic"":""2.16""}",9c16c0714da16a1ed5dc23b7830701afc01e6d7a37ee6d243f536ee4dc9ecd96,/home/user/xyren/AllFSPT/runs/closed_cf_v09_source,/home/xingyu/FSPT_AHSS/results/space_groups/sg131.json,d5dee9d8e14d14a62232eed843aece33e6f39f3ededf257d69acd2f0919a5f56,,[]
132,computed,computed,[],0,[],0,[],0,"[2,2,2,2,2,2,2,2,2,2]",(Z2)^10,computed,"[2,2,2,2,2,2,2,2,2,2]",(Z2)^10,not-needed,,0,no free p+ip factor,,,,,,,,,,full-3+1D-spin-half-affine-stacking,p+ip-zero-three-layer-extension,native-vectors-plus-explicit-comparison-homotopy-recipes,False,stacking-with-generator-relations,71356,71900,544,72.94475221633911,2026-09-26T17:38:25.996688+00:00,2026-09-26T17:39:38.941447+00:00,"[{""cpu_ms"":32919,""stage"":""cohomology""},{""cpu_ms"":34614,""stage"":""primary_cf""},{""cpu_ms"":56975,""stage"":""primary_mc_and_bos""},{""cpu_ms"":60083,""stage"":""incoming_mc""},{""cpu_ms"":60730,""stage"":""secondary_bos""},{""cpu_ms"":71243,""stage"":""secondary_mc""},{""cpu_ms"":71243,""stage"":""pip""},{""cpu_ms"":71356,""stage"":""classification_end""}]","{""RL_ms"":253,""RP_ms"":2863,""extension_ms"":10776,""holonomy_ms"":166,""section_ms"":29}",physical-spin-half-det-sign-omega0,normalized-pip-aw-edge-transport-v2,3+1D-full-affine-associated-graded,full,"{""CrystCat"":""1.1.10"",""GAP"":""4.13.1"",""HAP"":""1.62"",""Polycyclic"":""2.16""}",9c16c0714da16a1ed5dc23b7830701afc01e6d7a37ee6d243f536ee4dc9ecd96,/home/user/xyren/AllFSPT/runs/closed_cf_v09_source,/home/xingyu/FSPT_AHSS/results/space_groups/sg132.json,3599ae290fddfc65c9e93996e7dacd18d358d4d9110a204c005d36281b72a37c,,[]
133,computed,computed,[],0,[],0,[2],Z2,"[2,2,2,2,2,2]",(Z2)^6,computed,"[2,2,2,2,2,2,2]",(Z2)^7,not-needed,,0,no free p+ip factor,,,,,,,,,,full-3+1D-spin-half-affine-stacking,p+ip-zero-three-layer-extension,native-vectors-plus-explicit-comparison-homotopy-recipes,False,stacking-with-generator-relations,308093,308678,585,314.8091835975647,2026-09-26T17:36:59.725991+00:00,2026-09-26T17:42:14.535181+00:00,"[{""cpu_ms"":88850,""stage"":""cohomology""},{""cpu_ms"":90167,""stage"":""primary_cf""},{""cpu_ms"":247097,""stage"":""primary_mc_and_bos""},{""cpu_ms"":258062,""stage"":""incoming_mc""},{""cpu_ms"":259170,""stage"":""secondary_bos""},{""cpu_ms"":307888,""stage"":""secondary_mc""},{""cpu_ms"":307888,""stage"":""pip""},{""cpu_ms"":308093,""stage"":""classification_end""},{""cpu_ms"":308584,""stage"":""stack_native_CF1""}]","{""RL_ms"":255,""RP_ms"":2866,""extension_ms"":66584,""holonomy_ms"":165,""section_ms"":31}",physical-spin-half-det-sign-omega0,normalized-pip-aw-edge-transport-v2,3+1D-full-affine-associated-graded,full,"{""CrystCat"":""1.1.10"",""GAP"":""4.13.1"",""HAP"":""1.62"",""Polycyclic"":""2.16""}",9c16c0714da16a1ed5dc23b7830701afc01e6d7a37ee6d243f536ee4dc9ecd96,/home/user/xyren/AllFSPT/runs/closed_cf_v09_source,/home/xingyu/FSPT_AHSS/results/space_groups/sg133.json,a59d418387b63c0906031efb06453177e8fd0dde3879c8f84b5825fac402cd3e,,[]
134,computed,computed,[],0,[],0,[],0,"[2,2,2,2,2,2,2]",(Z2)^7,computed,"[2,2,2,2,2,2,2]",(Z2)^7,not-needed,,0,no free p+ip factor,,,,,,,,,,full-3+1D-spin-half-affine-stacking,p+ip-zero-three-layer-extension,native-vectors-plus-explicit-comparison-homotopy-recipes,False,stacking-with-generator-relations,249861,250351,490,257.7959520816803,2026-09-26T17:37:05.201161+00:00,2026-09-26T17:41:22.997119+00:00,"[{""cpu_ms"":76421,""stage"":""cohomology""},{""cpu_ms"":78105,""stage"":""primary_cf""},{""cpu_ms"":207530,""stage"":""primary_mc_and_bos""},{""cpu_ms"":216160,""stage"":""incoming_mc""},{""cpu_ms"":217349,""stage"":""secondary_bos""},{""cpu_ms"":249688,""stage"":""secondary_mc""},{""cpu_ms"":249688,""stage"":""pip""},{""cpu_ms"":249861,""stage"":""classification_end""}]","{""RL_ms"":249,""RP_ms"":2854,""extension_ms"":53661,""holonomy_ms"":166,""section_ms"":32}",physical-spin-half-det-sign-omega0,normalized-pip-aw-edge-transport-v2,3+1D-full-affine-associated-graded,full,"{""CrystCat"":""1.1.10"",""GAP"":""4.13.1"",""HAP"":""1.62"",""Polycyclic"":""2.16""}",9c16c0714da16a1ed5dc23b7830701afc01e6d7a37ee6d243f536ee4dc9ecd96,/home/user/xyren/AllFSPT/runs/closed_cf_v09_source,/home/xingyu/FSPT_AHSS/results/space_groups/sg134.json,5bf02ae1caf8b51fca57407f9c431e2e94e8c807e674251c1dfc73865472d598,,[]
135,computed,computed,[],0,[],0,"[2,2,2]",(Z2)^3,"[2,2,2]",(Z2)^3,computed,"[2,2,2,2,4]",(Z2)^4 + Z4,not-needed,,0,no free p+ip factor,,,,,,,,,,full-3+1D-spin-half-affine-stacking,p+ip-zero-three-layer-extension,native-vectors-plus-explicit-comparison-homotopy-recipes,False,stacking-with-generator-relations,209266,209849,583,216.75025248527527,2026-09-26T17:37:05.108002+00:00,2026-09-26T17:40:41.858260+00:00,"[{""cpu_ms"":64030,""stage"":""cohomology""},{""cpu_ms"":65290,""stage"":""primary_cf""},{""cpu_ms"":159401,""stage"":""primary_mc_and_bos""},{""cpu_ms"":166126,""stage"":""incoming_mc""},{""cpu_ms"":167015,""stage"":""secondary_bos""},{""cpu_ms"":209090,""stage"":""secondary_mc""},{""cpu_ms"":209090,""stage"":""pip""},{""cpu_ms"":209266,""stage"":""classification_end""},{""cpu_ms"":209752,""stage"":""stack_native_CF1""},{""cpu_ms"":209819,""stage"":""stack_native_CF2""},{""cpu_ms"":209832,""stage"":""stack_native_CF3""}]","{""RL_ms"":247,""RP_ms"":2851,""extension_ms"":41860,""holonomy_ms"":166,""section_ms"":28}",physical-spin-half-det-sign-omega0,normalized-pip-aw-edge-transport-v2,3+1D-full-affine-associated-graded,full,"{""CrystCat"":""1.1.10"",""GAP"":""4.13.1"",""HAP"":""1.62"",""Polycyclic"":""2.16""}",9c16c0714da16a1ed5dc23b7830701afc01e6d7a37ee6d243f536ee4dc9ecd96,/home/user/xyren/AllFSPT/runs/closed_cf_v09_source,/home/xingyu/FSPT_AHSS/results/space_groups/sg135.json,e454fc9d4b4c4a6152a4843a5868f4e73d68978c492935dc841662fb4687bc49,,[]
136,computed,computed,[],0,[],0,"[2,2]",(Z2)^2,"[2,2,2,2,2,2,2]",(Z2)^7,computed,"[2,2,2,2,2,2,2,4]",(Z2)^7 + Z4,not-needed,,0,no free p+ip factor,,,,,,,,,,full-3+1D-spin-half-affine-stacking,p+ip-zero-three-layer-extension,native-vectors-plus-explicit-comparison-homotopy-recipes,False,stacking-with-generator-relations,180831,181416,585,188.45667839050293,2026-09-26T17:37:05.205588+00:00,2026-09-26T17:40:13.662272+00:00,"[{""cpu_ms"":62267,""stage"":""cohomology""},{""cpu_ms"":64437,""stage"":""primary_cf""},{""cpu_ms"":144038,""stage"":""primary_mc_and_bos""},{""cpu_ms"":151611,""stage"":""incoming_mc""},{""cpu_ms"":152398,""stage"":""secondary_bos""},{""cpu_ms"":180684,""stage"":""secondary_mc""},{""cpu_ms"":180684,""stage"":""pip""},{""cpu_ms"":180831,""stage"":""classification_end""},{""cpu_ms"":181333,""stage"":""stack_native_CF1""},{""cpu_ms"":181395,""stage"":""stack_native_CF2""}]","{""RL_ms"":391,""RP_ms"":4281,""extension_ms"":38673,""holonomy_ms"":168,""section_ms"":45}",physical-spin-half-det-sign-omega0,normalized-pip-aw-edge-transport-v2,3+1D-full-affine-associated-graded,full,"{""CrystCat"":""1.1.10"",""GAP"":""4.13.1"",""HAP"":""1.62"",""Polycyclic"":""2.16""}",9c16c0714da16a1ed5dc23b7830701afc01e6d7a37ee6d243f536ee4dc9ecd96,/home/user/xyren/AllFSPT/runs/closed_cf_v09_source,/home/xingyu/FSPT_AHSS/results/space_groups/sg136.json,5dd9a25bf9999d9d93b6a207271dfe50c77f0681f99b5f1ab24a34c38fc6e692,,[]
137,computed,computed,[],0,[],0,[],0,"[2,2,2,2]",(Z2)^4,computed,"[2,2,2,2]",(Z2)^4,not-needed,,0,no free p+ip factor,,,,,,,,,,full-3+1D-spin-half-affine-stacking,p+ip-zero-three-layer-extension,native-vectors-plus-explicit-comparison-homotopy-recipes,False,stacking-with-generator-relations,210670,211155,485,218.69555163383484,2026-09-26T17:37:05.320224+00:00,2026-09-26T17:40:44.015781+00:00,"[{""cpu_ms"":66340,""stage"":""cohomology""},{""cpu_ms"":67609,""stage"":""primary_cf""},{""cpu_ms"":173620,""stage"":""primary_mc_and_bos""},{""cpu_ms"":179768,""stage"":""incoming_mc""},{""cpu_ms"":180715,""stage"":""secondary_bos""},{""cpu_ms"":210490,""stage"":""secondary_mc""},{""cpu_ms"":210490,""stage"":""pip""},{""cpu_ms"":210670,""stage"":""classification_end""}]","{""RL_ms"":248,""RP_ms"":2843,""extension_ms"":44484,""holonomy_ms"":168,""section_ms"":32}",physical-spin-half-det-sign-omega0,normalized-pip-aw-edge-transport-v2,3+1D-full-affine-associated-graded,full,"{""CrystCat"":""1.1.10"",""GAP"":""4.13.1"",""HAP"":""1.62"",""Polycyclic"":""2.16""}",9c16c0714da16a1ed5dc23b7830701afc01e6d7a37ee6d243f536ee4dc9ecd96,/home/user/xyren/AllFSPT/runs/closed_cf_v09_source,/home/xingyu/FSPT_AHSS/results/space_groups/sg137.json,0fee2ea970d1a621e47f451bfef34623603378f09725ce1779143981466e72f7,,[]
138,computed,computed,[],0,[],0,"[2,2]",(Z2)^2,"[2,2,2]",(Z2)^3,computed,"[2,2,2,2,2]",(Z2)^5,not-needed,,0,no free p+ip factor,,,,,,,,,,full-3+1D-spin-half-affine-stacking,p+ip-zero-three-layer-extension,native-vectors-plus-explicit-comparison-homotopy-recipes,False,stacking-with-generator-relations,194112,194692,580,201.62271928787231,2026-09-26T17:37:05.139096+00:00,2026-09-26T17:40:26.761821+00:00,"[{""cpu_ms"":62241,""stage"":""cohomology""},{""cpu_ms"":63645,""stage"":""primary_cf""},{""cpu_ms"":160322,""stage"":""primary_mc_and_bos""},{""cpu_ms"":166982,""stage"":""incoming_mc""},{""cpu_ms"":167860,""stage"":""secondary_bos""},{""cpu_ms"":193950,""stage"":""secondary_mc""},{""cpu_ms"":193950,""stage"":""pip""},{""cpu_ms"":194112,""stage"":""classification_end""},{""cpu_ms"":194596,""stage"":""stack_native_CF1""},{""cpu_ms"":194672,""stage"":""stack_native_CF2""}]","{""RL_ms"":249,""RP_ms"":2848,""extension_ms"":40224,""holonomy_ms"":167,""section_ms"":32}",physical-spin-half-det-sign-omega0,normalized-pip-aw-edge-transport-v2,3+1D-full-affine-associated-graded,full,"{""CrystCat"":""1.1.10"",""GAP"":""4.13.1"",""HAP"":""1.62"",""Polycyclic"":""2.16""}",9c16c0714da16a1ed5dc23b7830701afc01e6d7a37ee6d243f536ee4dc9ecd96,/home/user/xyren/AllFSPT/runs/closed_cf_v09_source,/home/xingyu/FSPT_AHSS/results/space_groups/sg138.json,07996ce57d945e94449da62122bbaeba3602c83007d424f63cbc7fd7c122d28e,,[]
139,computed,computed,[],0,[],0,[],0,"[2,2,2,2,2,2,2,2,2,2]",(Z2)^10,computed,"[2,2,2,2,2,2,2,2,2,2]",(Z2)^10,not-needed,,0,no free p+ip factor,,,,,,,,,,full-3+1D-spin-half-affine-stacking,p+ip-zero-three-layer-extension,native-vectors-plus-explicit-comparison-homotopy-recipes,False,stacking-with-generator-relations,75788,76291,503,82.5600643157959,2026-09-26T17:36:54.644311+00:00,2026-09-26T17:38:17.204382+00:00,"[{""cpu_ms"":36463,""stage"":""cohomology""},{""cpu_ms"":38461,""stage"":""primary_cf""},{""cpu_ms"":72357,""stage"":""primary_mc_and_bos""},{""cpu_ms"":74886,""stage"":""incoming_mc""},{""cpu_ms"":75604,""stage"":""secondary_bos""},{""cpu_ms"":75666,""stage"":""secondary_mc""},{""cpu_ms"":75666,""stage"":""pip""},{""cpu_ms"":75788,""stage"":""classification_end""}]","{""RL_ms"":241,""RP_ms"":3084,""extension_ms"":14922,""holonomy_ms"":171,""section_ms"":34}",physical-spin-half-det-sign-omega0,normalized-pip-aw-edge-transport-v2,3+1D-full-affine-associated-graded,full,"{""CrystCat"":""1.1.10"",""GAP"":""4.13.1"",""HAP"":""1.62"",""Polycyclic"":""2.16""}",9c16c0714da16a1ed5dc23b7830701afc01e6d7a37ee6d243f536ee4dc9ecd96,/home/user/xyren/AllFSPT/runs/closed_cf_v09_source,/home/xingyu/FSPT_AHSS/results/space_groups/sg139.json,9d3931d13aa07ea45fa23d6bf9836404ccebb92735dac4b68d910a957ea06e55,,[]
140,computed,computed,[],0,[],0,[2],Z2,"[2,2,2,2,2,2]",(Z2)^6,computed,"[2,2,2,2,2,2,2]",(Z2)^7,not-needed,,0,no free p+ip factor,,,,,,,,,,full-3+1D-spin-half-affine-stacking,p+ip-zero-three-layer-extension,native-vectors-plus-explicit-comparison-homotopy-recipes,False,stacking-with-generator-relations,238124,238700,576,245.63442039489746,2026-09-26T17:37:05.058580+00:00,2026-09-26T17:41:10.693006+00:00,"[{""cpu_ms"":62065,""stage"":""cohomology""},{""cpu_ms"":63973,""stage"":""primary_cf""},{""cpu_ms"":193444,""stage"":""primary_mc_and_bos""},{""cpu_ms"":205545,""stage"":""incoming_mc""},{""cpu_ms"":206805,""stage"":""secondary_bos""},{""cpu_ms"":237945,""stage"":""secondary_mc""},{""cpu_ms"":237945,""stage"":""pip""},{""cpu_ms"":238124,""stage"":""classification_end""},{""cpu_ms"":238611,""stage"":""stack_native_CF1""}]","{""RL_ms"":244,""RP_ms"":3061,""extension_ms"":39755,""holonomy_ms"":180,""section_ms"":30}",physical-spin-half-det-sign-omega0,normalized-pip-aw-edge-transport-v2,3+1D-full-affine-associated-graded,full,"{""CrystCat"":""1.1.10"",""GAP"":""4.13.1"",""HAP"":""1.62"",""Polycyclic"":""2.16""}",9c16c0714da16a1ed5dc23b7830701afc01e6d7a37ee6d243f536ee4dc9ecd96,/home/user/xyren/AllFSPT/runs/closed_cf_v09_source,/home/xingyu/FSPT_AHSS/results/space_groups/sg140.json,b020b86ba8a49c9d59ecf7d6e50fce5b4761a7fb9e12174c97c5be3edd46752e,,[]
141,computed,computed,[],0,[],0,[2],Z2,"[2,2,2,2]",(Z2)^4,computed,"[2,2,2,4]",(Z2)^3 + Z4,not-needed,,0,no free p+ip factor,,,,,,,,,,full-3+1D-spin-half-affine-stacking,p+ip-zero-three-layer-extension,native-vectors-plus-explicit-comparison-homotopy-recipes,False,stacking-with-generator-relations,188820,189392,572,195.81819796562195,2026-09-26T17:36:54.304755+00:00,2026-09-26T17:40:10.122959+00:00,"[{""cpu_ms"":55651,""stage"":""cohomology""},{""cpu_ms"":57548,""stage"":""primary_cf""},{""cpu_ms"":156859,""stage"":""primary_mc_and_bos""},{""cpu_ms"":162469,""stage"":""incoming_mc""},{""cpu_ms"":163321,""stage"":""secondary_bos""},{""cpu_ms"":188666,""stage"":""secondary_mc""},{""cpu_ms"":188666,""stage"":""pip""},{""cpu_ms"":188820,""stage"":""classification_end""},{""cpu_ms"":189311,""stage"":""stack_native_CF1""}]","{""RL_ms"":239,""RP_ms"":3049,""extension_ms"":33672,""holonomy_ms"":176,""section_ms"":34}",physical-spin-half-det-sign-omega0,normalized-pip-aw-edge-transport-v2,3+1D-full-affine-associated-graded,full,"{""CrystCat"":""1.1.10"",""GAP"":""4.13.1"",""HAP"":""1.62"",""Polycyclic"":""2.16""}",9c16c0714da16a1ed5dc23b7830701afc01e6d7a37ee6d243f536ee4dc9ecd96,/home/user/xyren/AllFSPT/runs/closed_cf_v09_source,/home/xingyu/FSPT_AHSS/results/space_groups/sg141.json,c9006c9df779914754948107bd6b8db2d0c471123bb168e4e03ef59ddb50cdad,,[]
142,computed,computed,[],0,[2],Z2,[2],Z2,"[2,2]",(Z2)^2,computed,"[2,2,2,2]",(Z2)^4,not-needed,,0,no free p+ip factor,,,,,,,,,,full-3+1D-spin-half-affine-stacking,p+ip-zero-three-layer-extension,native-vectors-plus-explicit-comparison-homotopy-recipes,False,stacking-with-generator-relations,385015,3021812,2636797,3027.6287088394165,2026-09-26T17:37:04.651803+00:00,2026-09-26T18:27:32.280518+00:00,"[{""cpu_ms"":93486,""stage"":""cohomology""},{""cpu_ms"":95306,""stage"":""primary_cf""},{""cpu_ms"":326329,""stage"":""primary_mc_and_bos""},{""cpu_ms"":338715,""stage"":""incoming_mc""},{""cpu_ms"":340053,""stage"":""secondary_bos""},{""cpu_ms"":384793,""stage"":""secondary_mc""},{""cpu_ms"":384794,""stage"":""pip""},{""cpu_ms"":385015,""stage"":""classification_end""},{""cpu_ms"":385491,""stage"":""stack_lift_D1""},{""cpu_ms"":385492,""stage"":""stack_lift_D2""},{""cpu_ms"":385494,""stage"":""stack_lift_C1""},{""cpu_ms"":821512,""stage"":""stack_lift_B1""},{""cpu_ms"":2603187,""stage"":""stack_relation_D1""},{""cpu_ms"":2603187,""stage"":""stack_relation_D2""},{""cpu_ms"":2603187,""stage"":""stack_relation_C1""},{""cpu_ms"":2692616,""stage"":""stack_relation_B1""}]","{""RL_ms"":381,""RP_ms"":4633,""extension_ms"":69041,""holonomy_ms"":293,""section_ms"":45}",physical-spin-half-det-sign-omega0,normalized-pip-aw-edge-transport-v2,3+1D-full-affine-associated-graded,full,"{""CrystCat"":""1.1.10"",""GAP"":""4.13.1"",""HAP"":""1.62"",""Polycyclic"":""2.16""}",9c16c0714da16a1ed5dc23b7830701afc01e6d7a37ee6d243f536ee4dc9ecd96,/home/user/xyren/AllFSPT/runs/closed_cf_v09_source,/home/xingyu/FSPT_AHSS/results/space_groups/sg142.json,1bf836b09faa161c4f60282d92f05f24f3c0c06ed1b6512c1b3eaaff114ec0ab,,[]
143,computed,computed,[0],Z,[2],Z2,[2],Z2,"[3,3,3]",(Z3)^3,computed,"[0,3,6,6]",Z + Z3 + (Z6)^2,not-needed,,1,primitive surviving H1 lattice and actual complete defining towers,True,1,[[1]],[[1]],True,s=B=C=0-identically-annihilates-full-normalized-O5,[0],explicit-universal-pullback-or-comparison-homotopy-primitive,False,full-3+1D-spin-half-affine-stacking,p+ip-zero-three-layer-extension,native-vectors-plus-explicit-comparison-homotopy-recipes,False,stacking-with-generator-relations,19905,25911,6006,26.66701054573059,2026-09-26T17:39:30.816651+00:00,2026-09-26T17:39:57.483667+00:00,"[{""cpu_ms"":19732,""stage"":""cohomology""},{""cpu_ms"":19783,""stage"":""primary_cf""},{""cpu_ms"":19784,""stage"":""primary_mc_and_bos""},{""cpu_ms"":19785,""stage"":""incoming_mc""},{""cpu_ms"":19882,""stage"":""secondary_bos""},{""cpu_ms"":19884,""stage"":""secondary_mc""},{""cpu_ms"":19884,""stage"":""pip""},{""cpu_ms"":19895,""stage"":""classification_end""},{""cpu_ms"":19905,""stage"":""free_pip_classification_end""},{""cpu_ms"":20387,""stage"":""stack_lift_D1""},{""cpu_ms"":20387,""stage"":""stack_lift_D2""},{""cpu_ms"":20389,""stage"":""stack_lift_D3""},{""cpu_ms"":20390,""stage"":""stack_lift_C1""},{""cpu_ms"":21421,""stage"":""stack_lift_B1""},{""cpu_ms"":24236,""stage"":""stack_relation_D1""},{""cpu_ms"":24236,""stage"":""stack_relation_D2""},{""cpu_ms"":24236,""stage"":""stack_relation_D3""},{""cpu_ms"":24236,""stage"":""stack_relation_C1""},{""cpu_ms"":24906,""stage"":""stack_relation_B1""}]","{""RL_ms"":235,""RP_ms"":9,""extension_ms"":431,""holonomy_ms"":36,""section_ms"":4}",physical-spin-half-det-sign-omega0,normalized-pip-aw-edge-transport-v2,3+1D-full-affine-associated-graded,full,"{""CrystCat"":""1.1.10"",""GAP"":""4.13.1"",""HAP"":""1.62"",""Polycyclic"":""2.16""}",9c16c0714da16a1ed5dc23b7830701afc01e6d7a37ee6d243f536ee4dc9ecd96,/home/user/xyren/AllFSPT/runs/closed_cf_v09_source,/home/xingyu/FSPT_AHSS/results/space_groups/sg143.json,9e76d0b27bafe77a18d450ad1f4ad1e623bdccdaae988cfcd025277095a3b4a3,,[]
144,computed,computed,[0],Z,[2],Z2,[2],Z2,[],0,computed,"[0,2,2]",Z + (Z2)^2,not-needed,,1,primitive surviving H1 lattice and actual complete defining towers,True,1,[[1]],[[1]],True,s=B=C=0-identically-annihilates-full-normalized-O5,[0],explicit-universal-pullback-or-comparison-homotopy-primitive,False,full-3+1D-spin-half-affine-stacking,p+ip-zero-three-layer-extension,native-vectors-plus-explicit-comparison-homotopy-recipes,False,stacking-with-generator-relations,21018,30694,9676,31.50715661048889,2026-09-26T17:39:40.491016+00:00,2026-09-26T17:40:11.998178+00:00,"[{""cpu_ms"":20829,""stage"":""cohomology""},{""cpu_ms"":20882,""stage"":""primary_cf""},{""cpu_ms"":20882,""stage"":""primary_mc_and_bos""},{""cpu_ms"":20882,""stage"":""incoming_mc""},{""cpu_ms"":20993,""stage"":""secondary_bos""},{""cpu_ms"":20993,""stage"":""secondary_mc""},{""cpu_ms"":20994,""stage"":""pip""},{""cpu_ms"":21004,""stage"":""classification_end""},{""cpu_ms"":21018,""stage"":""free_pip_classification_end""},{""cpu_ms"":21496,""stage"":""stack_lift_C1""},{""cpu_ms"":23688,""stage"":""stack_lift_B1""},{""cpu_ms"":28172,""stage"":""stack_relation_C1""},{""cpu_ms"":28981,""stage"":""stack_relation_B1""}]","{""RL_ms"":238,""RP_ms"":10,""extension_ms"":525,""holonomy_ms"":36,""section_ms"":4}",physical-spin-half-det-sign-omega0,normalized-pip-aw-edge-transport-v2,3+1D-full-affine-associated-graded,full,"{""CrystCat"":""1.1.10"",""GAP"":""4.13.1"",""HAP"":""1.62"",""Polycyclic"":""2.16""}",9c16c0714da16a1ed5dc23b7830701afc01e6d7a37ee6d243f536ee4dc9ecd96,/home/user/xyren/AllFSPT/runs/closed_cf_v09_source,/home/xingyu/FSPT_AHSS/results/space_groups/sg144.json,ee60e0bdfe43e3da583afa6806ca5872ec94961a87d0cb8fd654ad3d4d0a443c,,[]
145,computed,computed,[0],Z,[2],Z2,[2],Z2,[],0,computed,"[0,2,2]",Z + (Z2)^2,not-needed,,1,primitive surviving H1 lattice and actual complete defining towers,True,1,[[1]],[[1]],True,s=B=C=0-identically-annihilates-full-normalized-O5,[0],explicit-universal-pullback-or-comparison-homotopy-primitive,False,full-3+1D-spin-half-affine-stacking,p+ip-zero-three-layer-extension,native-vectors-plus-explicit-comparison-homotopy-recipes,False,stacking-with-generator-relations,18694,28136,9442,28.833709001541138,2026-09-26T17:39:13.689721+00:00,2026-09-26T17:39:42.523438+00:00,"[{""cpu_ms"":18511,""stage"":""cohomology""},{""cpu_ms"":18558,""stage"":""primary_cf""},{""cpu_ms"":18558,""stage"":""primary_mc_and_bos""},{""cpu_ms"":18562,""stage"":""incoming_mc""},{""cpu_ms"":18669,""stage"":""secondary_bos""},{""cpu_ms"":18669,""stage"":""secondary_mc""},{""cpu_ms"":18670,""stage"":""pip""},{""cpu_ms"":18684,""stage"":""classification_end""},{""cpu_ms"":18694,""stage"":""free_pip_classification_end""},{""cpu_ms"":19170,""stage"":""stack_lift_C1""},{""cpu_ms"":21339,""stage"":""stack_lift_B1""},{""cpu_ms"":25682,""stage"":""stack_relation_C1""},{""cpu_ms"":26500,""stage"":""stack_relation_B1""}]","{""RL_ms"":236,""RP_ms"":9,""extension_ms"":515,""holonomy_ms"":35,""section_ms"":4}",physical-spin-half-det-sign-omega0,normalized-pip-aw-edge-transport-v2,3+1D-full-affine-associated-graded,full,"{""CrystCat"":""1.1.10"",""GAP"":""4.13.1"",""HAP"":""1.62"",""Polycyclic"":""2.16""}",9c16c0714da16a1ed5dc23b7830701afc01e6d7a37ee6d243f536ee4dc9ecd96,/home/user/xyren/AllFSPT/runs/closed_cf_v09_source,/home/xingyu/FSPT_AHSS/results/space_groups/sg145.json,8a7271e04453a1ff8f6d5d354e345ab8783ba8c64847cf13a8c491ea1c7374d4,,[]
146,computed,computed,[0],Z,[2],Z2,[2],Z2,[3],Z3,computed,"[0,2,6]",Z + Z2 + Z6,not-needed,,1,primitive surviving H1 lattice and actual complete defining towers,True,1,[[1]],[[1]],True,s=B=C=0-identically-annihilates-full-normalized-O5,[0],explicit-universal-pullback-or-comparison-homotopy-primitive,False,full-3+1D-spin-half-affine-stacking,p+ip-zero-three-layer-extension,native-vectors-plus-explicit-comparison-homotopy-recipes,False,stacking-with-generator-relations,18908,22728,3820,23.534614324569702,2026-09-26T17:39:57.531036+00:00,2026-09-26T17:40:21.065657+00:00,"[{""cpu_ms"":18758,""stage"":""cohomology""},{""cpu_ms"":18812,""stage"":""primary_cf""},{""cpu_ms"":18812,""stage"":""primary_mc_and_bos""},{""cpu_ms"":18813,""stage"":""incoming_mc""},{""cpu_ms"":18883,""stage"":""secondary_bos""},{""cpu_ms"":18883,""stage"":""secondary_mc""},{""cpu_ms"":18884,""stage"":""pip""},{""cpu_ms"":18898,""stage"":""classification_end""},{""cpu_ms"":18908,""stage"":""free_pip_classification_end""},{""cpu_ms"":19386,""stage"":""stack_lift_D1""},{""cpu_ms"":19387,""stage"":""stack_lift_C1""},{""cpu_ms"":19839,""stage"":""stack_lift_B1""},{""cpu_ms"":21609,""stage"":""stack_relation_D1""},{""cpu_ms"":21609,""stage"":""stack_relation_C1""},{""cpu_ms"":22052,""stage"":""stack_relation_B1""}]","{""RL_ms"":234,""RP_ms"":9,""extension_ms"":350,""holonomy_ms"":36,""section_ms"":4}",physical-spin-half-det-sign-omega0,normalized-pip-aw-edge-transport-v2,3+1D-full-affine-associated-graded,full,"{""CrystCat"":""1.1.10"",""GAP"":""4.13.1"",""HAP"":""1.62"",""Polycyclic"":""2.16""}",9c16c0714da16a1ed5dc23b7830701afc01e6d7a37ee6d243f536ee4dc9ecd96,/home/user/xyren/AllFSPT/runs/closed_cf_v09_source,/home/xingyu/FSPT_AHSS/results/space_groups/sg146.json,87cdd03727bc16c9ecc9842ca6e7d9fd9edf0c768504bf67775932bb7cfce214,,[]
147,computed,computed,[0],Z,[],0,"[2,2]",(Z2)^2,"[3,6]",Z3 + Z6,computed,"[0,2,6,6]",Z + Z2 + (Z6)^2,not-needed,,1,primitive surviving H1 lattice and actual complete defining towers,True,2,[[2]],"[[0,2]]",True,universal-2H-survival-and-complete-joint-parity-kernel,"[2,0]",explicit-universal-pullback-or-comparison-homotopy-primitive,False,full-3+1D-spin-half-affine-stacking,p+ip-zero-three-layer-extension,native-vectors-plus-explicit-comparison-homotopy-recipes,False,stacking-with-generator-relations,20979,23109,2130,23.822644233703613,2026-09-26T17:39:36.777443+00:00,2026-09-26T17:40:00.600093+00:00,"[{""cpu_ms"":19114,""stage"":""cohomology""},{""cpu_ms"":19217,""stage"":""primary_cf""},{""cpu_ms"":19218,""stage"":""primary_mc_and_bos""},{""cpu_ms"":20355,""stage"":""incoming_mc""},{""cpu_ms"":20516,""stage"":""secondary_bos""},{""cpu_ms"":20519,""stage"":""secondary_mc""},{""cpu_ms"":20519,""stage"":""pip""},{""cpu_ms"":20564,""stage"":""classification_end""},{""cpu_ms"":20579,""stage"":""free_pip_parity_candidates""},{""cpu_ms"":20579,""stage"":""free_pip_parity_1""},{""cpu_ms"":20640,""stage"":""free_pip_even_dihedral_pullback""},{""cpu_ms"":20979,""stage"":""free_pip_classification_end""},{""cpu_ms"":21448,""stage"":""stack_native_CF1""},{""cpu_ms"":23106,""stage"":""stack_native_CF2""}]","{""RL_ms"":228,""RP_ms"":26,""extension_ms"":1211,""holonomy_ms"":59,""section_ms"":9}",physical-spin-half-det-sign-omega0,normalized-pip-aw-edge-transport-v2,3+1D-full-affine-associated-graded,full,"{""CrystCat"":""1.1.10"",""GAP"":""4.13.1"",""HAP"":""1.62"",""Polycyclic"":""2.16""}",9c16c0714da16a1ed5dc23b7830701afc01e6d7a37ee6d243f536ee4dc9ecd96,/home/user/xyren/AllFSPT/runs/closed_cf_v09_source,/home/xingyu/FSPT_AHSS/results/space_groups/sg147.json,4850f48b573773a4924c7aefc8c85f719d88a85657b7c26cb99cea5140111487,,[]
148,computed,computed,[0],Z,[],0,"[2,2]",(Z2)^2,[6],Z6,computed,"[0,2,2,6]",Z + (Z2)^2 + Z6,not-needed,,1,primitive surviving H1 lattice and actual complete defining towers,True,2,[[2]],"[[0,2]]",True,universal-2H-survival-and-complete-joint-parity-kernel,"[2,0]",explicit-universal-pullback-or-comparison-homotopy-primitive,False,full-3+1D-spin-half-affine-stacking,p+ip-zero-three-layer-extension,native-vectors-plus-explicit-comparison-homotopy-recipes,False,stacking-with-generator-relations,22434,23759,1325,24.44342041015625,2026-09-26T17:40:09.262369+00:00,2026-09-26T17:40:33.705794+00:00,"[{""cpu_ms"":20622,""stage"":""cohomology""},{""cpu_ms"":20724,""stage"":""primary_cf""},{""cpu_ms"":20724,""stage"":""primary_mc_and_bos""},{""cpu_ms"":21453,""stage"":""incoming_mc""},{""cpu_ms"":21948,""stage"":""secondary_bos""},{""cpu_ms"":21950,""stage"":""secondary_mc""},{""cpu_ms"":21950,""stage"":""pip""},{""cpu_ms"":21989,""stage"":""classification_end""},{""cpu_ms"":21997,""stage"":""free_pip_parity_candidates""},{""cpu_ms"":21997,""stage"":""free_pip_parity_1""},{""cpu_ms"":22044,""stage"":""free_pip_even_dihedral_pullback""},{""cpu_ms"":22434,""stage"":""free_pip_classification_end""},{""cpu_ms"":22903,""stage"":""stack_native_CF1""},{""cpu_ms"":23756,""stage"":""stack_native_CF2""}]","{""RL_ms"":240,""RP_ms"":26,""extension_ms"":870,""holonomy_ms"":67,""section_ms"":8}",physical-spin-half-det-sign-omega0,normalized-pip-aw-edge-transport-v2,3+1D-full-affine-associated-graded,full,"{""CrystCat"":""1.1.10"",""GAP"":""4.13.1"",""HAP"":""1.62"",""Polycyclic"":""2.16""}",9c16c0714da16a1ed5dc23b7830701afc01e6d7a37ee6d243f536ee4dc9ecd96,/home/user/xyren/AllFSPT/runs/closed_cf_v09_source,/home/xingyu/FSPT_AHSS/results/space_groups/sg148.json,a1156958c5b42e216cdae11ac2823af31a8f67cce71190b4dda4f07ef3a5943e,,[]
149,computed,computed,[],0,[2],Z2,"[2,2]",(Z2)^2,"[2,2]",(Z2)^2,computed,"[4,8]",Z4 + Z8,not-needed,,0,no free p+ip factor,,,,,,,,,,full-3+1D-spin-half-affine-stacking,p+ip-zero-three-layer-extension,native-vectors-plus-explicit-comparison-homotopy-recipes,False,stacking-with-generator-relations,27030,69085,42055,76.44064164161682,2026-09-26T17:37:05.727124+00:00,2026-09-26T17:38:22.167774+00:00,"[{""cpu_ms"":20607,""stage"":""cohomology""},{""cpu_ms"":20783,""stage"":""primary_cf""},{""cpu_ms"":23996,""stage"":""primary_mc_and_bos""},{""cpu_ms"":24324,""stage"":""incoming_mc""},{""cpu_ms"":24516,""stage"":""secondary_bos""},{""cpu_ms"":27017,""stage"":""secondary_mc""},{""cpu_ms"":27017,""stage"":""pip""},{""cpu_ms"":27030,""stage"":""classification_end""},{""cpu_ms"":27523,""stage"":""stack_lift_D1""},{""cpu_ms"":27525,""stage"":""stack_lift_D2""},{""cpu_ms"":27526,""stage"":""stack_lift_C1""},{""cpu_ms"":31736,""stage"":""stack_lift_C2""},{""cpu_ms"":32656,""stage"":""stack_lift_B1""},{""cpu_ms"":49750,""stage"":""stack_relation_D1""},{""cpu_ms"":49750,""stage"":""stack_relation_D2""},{""cpu_ms"":49750,""stage"":""stack_relation_C1""},{""cpu_ms"":52858,""stage"":""stack_relation_C2""},{""cpu_ms"":55419,""stage"":""stack_relation_B1""}]","{""RL_ms"":234,""RP_ms"":75,""extension_ms"":1754,""holonomy_ms"":56,""section_ms"":12}",physical-spin-half-det-sign-omega0,normalized-pip-aw-edge-transport-v2,3+1D-full-affine-associated-graded,full,"{""CrystCat"":""1.1.10"",""GAP"":""4.13.1"",""HAP"":""1.62"",""Polycyclic"":""2.16""}",9c16c0714da16a1ed5dc23b7830701afc01e6d7a37ee6d243f536ee4dc9ecd96,/home/user/xyren/AllFSPT/runs/closed_cf_v09_source,/home/xingyu/FSPT_AHSS/results/space_groups/sg149.json,b5cf72f26f7fc1512e4d184918ece72570151c0cddbb0aebe992ab59f6ebefae,,[]
150,computed,computed,[],0,[2],Z2,"[2,2]",(Z2)^2,"[2,6]",Z2 + Z6,computed,"[4,24]",Z4 + Z24,not-needed,,0,no free p+ip factor,,,,,,,,,,full-3+1D-spin-half-affine-stacking,p+ip-zero-three-layer-extension,native-vectors-plus-explicit-comparison-homotopy-recipes,False,stacking-with-generator-relations,27528,71553,44025,77.069650888443,2026-09-26T17:37:06.823238+00:00,2026-09-26T17:38:23.892896+00:00,"[{""cpu_ms"":21260,""stage"":""cohomology""},{""cpu_ms"":21446,""stage"":""primary_cf""},{""cpu_ms"":24568,""stage"":""primary_mc_and_bos""},{""cpu_ms"":24871,""stage"":""incoming_mc""},{""cpu_ms"":25048,""stage"":""secondary_bos""},{""cpu_ms"":27515,""stage"":""secondary_mc""},{""cpu_ms"":27515,""stage"":""pip""},{""cpu_ms"":27528,""stage"":""classification_end""},{""cpu_ms"":28006,""stage"":""stack_lift_D1""},{""cpu_ms"":28007,""stage"":""stack_lift_D2""},{""cpu_ms"":28008,""stage"":""stack_lift_C1""},{""cpu_ms"":32654,""stage"":""stack_lift_C2""},{""cpu_ms"":33505,""stage"":""stack_lift_B1""},{""cpu_ms"":51499,""stage"":""stack_relation_D1""},{""cpu_ms"":51499,""stage"":""stack_relation_D2""},{""cpu_ms"":51500,""stage"":""stack_relation_C1""},{""cpu_ms"":55125,""stage"":""stack_relation_C2""},{""cpu_ms"":57782,""stage"":""stack_relation_B1""}]","{""RL_ms"":380,""RP_ms"":77,""extension_ms"":1867,""holonomy_ms"":57,""section_ms"":14}",physical-spin-half-det-sign-omega0,normalized-pip-aw-edge-transport-v2,3+1D-full-affine-associated-graded,full,"{""CrystCat"":""1.1.10"",""GAP"":""4.13.1"",""HAP"":""1.62"",""Polycyclic"":""2.16""}",9c16c0714da16a1ed5dc23b7830701afc01e6d7a37ee6d243f536ee4dc9ecd96,/home/user/xyren/AllFSPT/runs/closed_cf_v09_source,/home/xingyu/FSPT_AHSS/results/space_groups/sg150.json,6caa511df83f88b3450b24d62a837b24f8da9068b3d6f8c5dae6361adcc5169c,,[]
151,computed,computed,[],0,[2],Z2,"[2,2]",(Z2)^2,"[2,2]",(Z2)^2,computed,"[4,8]",Z4 + Z8,not-needed,,0,no free p+ip factor,,,,,,,,,,full-3+1D-spin-half-affine-stacking,p+ip-zero-three-layer-extension,native-vectors-plus-explicit-comparison-homotopy-recipes,False,stacking-with-generator-relations,34694,116006,81312,122.04016208648682,2026-09-26T17:37:00.072365+00:00,2026-09-26T17:39:02.112533+00:00,"[{""cpu_ms"":23758,""stage"":""cohomology""},{""cpu_ms"":23945,""stage"":""primary_cf""},{""cpu_ms"":30190,""stage"":""primary_mc_and_bos""},{""cpu_ms"":30721,""stage"":""incoming_mc""},{""cpu_ms"":30943,""stage"":""secondary_bos""},{""cpu_ms"":34680,""stage"":""secondary_mc""},{""cpu_ms"":34680,""stage"":""pip""},{""cpu_ms"":34694,""stage"":""classification_end""},{""cpu_ms"":35407,""stage"":""stack_lift_D1""},{""cpu_ms"":35409,""stage"":""stack_lift_D2""},{""cpu_ms"":35411,""stage"":""stack_lift_C1""},{""cpu_ms"":47106,""stage"":""stack_lift_C2""},{""cpu_ms"":48793,""stage"":""stack_lift_B1""},{""cpu_ms"":88233,""stage"":""stack_relation_D1""},{""cpu_ms"":88233,""stage"":""stack_relation_D2""},{""cpu_ms"":88233,""stage"":""stack_relation_C1""},{""cpu_ms"":91933,""stage"":""stack_relation_C2""},{""cpu_ms"":95654,""stage"":""stack_relation_B1""}]","{""RL_ms"":378,""RP_ms"":116,""extension_ms"":2559,""holonomy_ms"":86,""section_ms"":14}",physical-spin-half-det-sign-omega0,normalized-pip-aw-edge-transport-v2,3+1D-full-affine-associated-graded,full,"{""CrystCat"":""1.1.10"",""GAP"":""4.13.1"",""HAP"":""1.62"",""Polycyclic"":""2.16""}",9c16c0714da16a1ed5dc23b7830701afc01e6d7a37ee6d243f536ee4dc9ecd96,/home/user/xyren/AllFSPT/runs/closed_cf_v09_source,/home/xingyu/FSPT_AHSS/results/space_groups/sg151.json,4eeafecb73b9359ce0a2473f068935dcdb36696ae02cb6e408455394ff7fc320,,[]
152,computed,computed,[],0,[2],Z2,"[2,2]",(Z2)^2,"[2,2]",(Z2)^2,computed,"[4,8]",Z4 + Z8,not-needed,,0,no free p+ip factor,,,,,,,,,,full-3+1D-spin-half-affine-stacking,p+ip-zero-three-layer-extension,native-vectors-plus-explicit-comparison-homotopy-recipes,False,stacking-with-generator-relations,30391,93574,63183,99.97921204566956,2026-09-26T17:36:54.504846+00:00,2026-09-26T17:38:34.484066+00:00,"[{""cpu_ms"":21137,""stage"":""cohomology""},{""cpu_ms"":21319,""stage"":""primary_cf""},{""cpu_ms"":26171,""stage"":""primary_mc_and_bos""},{""cpu_ms"":26678,""stage"":""incoming_mc""},{""cpu_ms"":26904,""stage"":""secondary_bos""},{""cpu_ms"":30377,""stage"":""secondary_mc""},{""cpu_ms"":30378,""stage"":""pip""},{""cpu_ms"":30391,""stage"":""classification_end""},{""cpu_ms"":31289,""stage"":""stack_lift_D1""},{""cpu_ms"":31290,""stage"":""stack_lift_D2""},{""cpu_ms"":31292,""stage"":""stack_lift_C1""},{""cpu_ms"":39021,""stage"":""stack_lift_C2""},{""cpu_ms"":40605,""stage"":""stack_lift_B1""},{""cpu_ms"":67942,""stage"":""stack_relation_D1""},{""cpu_ms"":67942,""stage"":""stack_relation_D2""},{""cpu_ms"":67942,""stage"":""stack_relation_C1""},{""cpu_ms"":71388,""stage"":""stack_relation_C2""},{""cpu_ms"":74760,""stage"":""stack_relation_B1""}]","{""RL_ms"":241,""RP_ms"":71,""extension_ms"":2088,""holonomy_ms"":56,""section_ms"":8}",physical-spin-half-det-sign-omega0,normalized-pip-aw-edge-transport-v2,3+1D-full-affine-associated-graded,full,"{""CrystCat"":""1.1.10"",""GAP"":""4.13.1"",""HAP"":""1.62"",""Polycyclic"":""2.16""}",9c16c0714da16a1ed5dc23b7830701afc01e6d7a37ee6d243f536ee4dc9ecd96,/home/user/xyren/AllFSPT/runs/closed_cf_v09_source,/home/xingyu/FSPT_AHSS/results/space_groups/sg152.json,6868d19ea310be68cbcba12efaa92a75d4b0559b180c0d5127ea6c0fc95c70ad,,[]
153,computed,computed,[],0,[2],Z2,"[2,2]",(Z2)^2,"[2,2]",(Z2)^2,computed,"[4,8]",Z4 + Z8,not-needed,,0,no free p+ip factor,,,,,,,,,,full-3+1D-spin-half-affine-stacking,p+ip-zero-three-layer-extension,native-vectors-plus-explicit-comparison-homotopy-recipes,False,stacking-with-generator-relations,31254,97764,66510,104.66556215286255,2026-09-26T17:37:05.344769+00:00,2026-09-26T17:38:50.010339+00:00,"[{""cpu_ms"":21169,""stage"":""cohomology""},{""cpu_ms"":21349,""stage"":""primary_cf""},{""cpu_ms"":26824,""stage"":""primary_mc_and_bos""},{""cpu_ms"":27357,""stage"":""incoming_mc""},{""cpu_ms"":27579,""stage"":""secondary_bos""},{""cpu_ms"":31240,""stage"":""secondary_mc""},{""cpu_ms"":31241,""stage"":""pip""},{""cpu_ms"":31254,""stage"":""classification_end""},{""cpu_ms"":31731,""stage"":""stack_lift_D1""},{""cpu_ms"":31733,""stage"":""stack_lift_D2""},{""cpu_ms"":31734,""stage"":""stack_lift_C1""},{""cpu_ms"":40490,""stage"":""stack_lift_C2""},{""cpu_ms"":42049,""stage"":""stack_lift_B1""},{""cpu_ms"":71171,""stage"":""stack_relation_D1""},{""cpu_ms"":71171,""stage"":""stack_relation_D2""},{""cpu_ms"":71171,""stage"":""stack_relation_C1""},{""cpu_ms"":74802,""stage"":""stack_relation_C2""},{""cpu_ms"":78350,""stage"":""stack_relation_B1""}]","{""RL_ms"":236,""RP_ms"":75,""extension_ms"":2311,""holonomy_ms"":56,""section_ms"":13}",physical-spin-half-det-sign-omega0,normalized-pip-aw-edge-transport-v2,3+1D-full-affine-associated-graded,full,"{""CrystCat"":""1.1.10"",""GAP"":""4.13.1"",""HAP"":""1.62"",""Polycyclic"":""2.16""}",9c16c0714da16a1ed5dc23b7830701afc01e6d7a37ee6d243f536ee4dc9ecd96,/home/user/xyren/AllFSPT/runs/closed_cf_v09_source,/home/xingyu/FSPT_AHSS/results/space_groups/sg153.json,14148fcfb3a11dbc75cdbedef7a2b7b350c4fb48f95e3efc09b0a15e1e4242a7,,[]
154,computed,computed,[],0,[2],Z2,"[2,2]",(Z2)^2,"[2,2]",(Z2)^2,computed,"[4,8]",Z4 + Z8,not-needed,,0,no free p+ip factor,,,,,,,,,,full-3+1D-spin-half-affine-stacking,p+ip-zero-three-layer-extension,native-vectors-plus-explicit-comparison-homotopy-recipes,False,stacking-with-generator-relations,31190,103700,72510,111.196772813797,2026-09-26T17:37:05.603295+00:00,2026-09-26T17:38:56.800075+00:00,"[{""cpu_ms"":21276,""stage"":""cohomology""},{""cpu_ms"":21458,""stage"":""primary_cf""},{""cpu_ms"":26758,""stage"":""primary_mc_and_bos""},{""cpu_ms"":27267,""stage"":""incoming_mc""},{""cpu_ms"":27491,""stage"":""secondary_bos""},{""cpu_ms"":31176,""stage"":""secondary_mc""},{""cpu_ms"":31177,""stage"":""pip""},{""cpu_ms"":31190,""stage"":""classification_end""},{""cpu_ms"":31670,""stage"":""stack_lift_D1""},{""cpu_ms"":31672,""stage"":""stack_lift_D2""},{""cpu_ms"":31673,""stage"":""stack_lift_C1""},{""cpu_ms"":39514,""stage"":""stack_lift_C2""},{""cpu_ms"":41128,""stage"":""stack_lift_B1""},{""cpu_ms"":76754,""stage"":""stack_relation_D1""},{""cpu_ms"":76754,""stage"":""stack_relation_D2""},{""cpu_ms"":76754,""stage"":""stack_relation_C1""},{""cpu_ms"":81505,""stage"":""stack_relation_C2""},{""cpu_ms"":84890,""stage"":""stack_relation_B1""}]","{""RL_ms"":291,""RP_ms"":75,""extension_ms"":2769,""holonomy_ms"":58,""section_ms"":14}",physical-spin-half-det-sign-omega0,normalized-pip-aw-edge-transport-v2,3+1D-full-affine-associated-graded,full,"{""CrystCat"":""1.1.10"",""GAP"":""4.13.1"",""HAP"":""1.62"",""Polycyclic"":""2.16""}",9c16c0714da16a1ed5dc23b7830701afc01e6d7a37ee6d243f536ee4dc9ecd96,/home/user/xyren/AllFSPT/runs/closed_cf_v09_source,/home/xingyu/FSPT_AHSS/results/space_groups/sg154.json,82a8e1f1e8d9cfbdf1649a7efeaa0f41ed2c10852972414284f1b542e7066177,,[]
155,computed,computed,[],0,[2],Z2,"[2,2]",(Z2)^2,"[2,2]",(Z2)^2,computed,"[4,8]",Z4 + Z8,not-needed,,0,no free p+ip factor,,,,,,,,,,full-3+1D-spin-half-affine-stacking,p+ip-zero-three-layer-extension,native-vectors-plus-explicit-comparison-homotopy-recipes,False,stacking-with-generator-relations,23625,46992,23367,47.66504764556885,2026-09-26T17:38:23.410977+00:00,2026-09-26T17:39:11.076032+00:00,"[{""cpu_ms"":19531,""stage"":""cohomology""},{""cpu_ms"":19705,""stage"":""primary_cf""},{""cpu_ms"":21732,""stage"":""primary_mc_and_bos""},{""cpu_ms"":21966,""stage"":""incoming_mc""},{""cpu_ms"":22102,""stage"":""secondary_bos""},{""cpu_ms"":23612,""stage"":""secondary_mc""},{""cpu_ms"":23612,""stage"":""pip""},{""cpu_ms"":23625,""stage"":""classification_end""},{""cpu_ms"":24101,""stage"":""stack_lift_D1""},{""cpu_ms"":24102,""stage"":""stack_lift_D2""},{""cpu_ms"":24103,""stage"":""stack_lift_C1""},{""cpu_ms"":25833,""stage"":""stack_lift_C2""},{""cpu_ms"":26158,""stage"":""stack_lift_B1""},{""cpu_ms"":34646,""stage"":""stack_relation_D1""},{""cpu_ms"":34646,""stage"":""stack_relation_D2""},{""cpu_ms"":34647,""stage"":""stack_relation_C1""},{""cpu_ms"":36403,""stage"":""stack_relation_C2""},{""cpu_ms"":38106,""stage"":""stack_relation_B1""}]","{""RL_ms"":238,""RP_ms"":75,""extension_ms"":1257,""holonomy_ms"":56,""section_ms"":8}",physical-spin-half-det-sign-omega0,normalized-pip-aw-edge-transport-v2,3+1D-full-affine-associated-graded,full,"{""CrystCat"":""1.1.10"",""GAP"":""4.13.1"",""HAP"":""1.62"",""Polycyclic"":""2.16""}",9c16c0714da16a1ed5dc23b7830701afc01e6d7a37ee6d243f536ee4dc9ecd96,/home/user/xyren/AllFSPT/runs/closed_cf_v09_source,/home/xingyu/FSPT_AHSS/results/space_groups/sg155.json,cb1fbbad6ab0c37a69e22dd5e41889d34f9699f0eae30b64a98d324e9e7acd9e,,[]
156,computed,computed,[],0,[],0,[2],Z2,[2],Z2,computed,[4],Z4,not-needed,,0,no free p+ip factor,,,,,,,,,,full-3+1D-spin-half-affine-stacking,p+ip-zero-three-layer-extension,native-vectors-plus-explicit-comparison-homotopy-recipes,False,stacking-with-generator-relations,28894,29393,499,30.104818105697632,2026-09-26T17:39:26.697158+00:00,2026-09-26T17:39:56.801982+00:00,"[{""cpu_ms"":23530,""stage"":""cohomology""},{""cpu_ms"":23740,""stage"":""primary_cf""},{""cpu_ms"":26261,""stage"":""primary_mc_and_bos""},{""cpu_ms"":26616,""stage"":""incoming_mc""},{""cpu_ms"":26786,""stage"":""secondary_bos""},{""cpu_ms"":28841,""stage"":""secondary_mc""},{""cpu_ms"":28841,""stage"":""pip""},{""cpu_ms"":28894,""stage"":""classification_end""},{""cpu_ms"":29372,""stage"":""stack_native_CF1""}]","{""RL_ms"":381,""RP_ms"":71,""extension_ms"":2066,""holonomy_ms"":58,""section_ms"":14}",physical-spin-half-det-sign-omega0,normalized-pip-aw-edge-transport-v2,3+1D-full-affine-associated-graded,full,"{""CrystCat"":""1.1.10"",""GAP"":""4.13.1"",""HAP"":""1.62"",""Polycyclic"":""2.16""}",9c16c0714da16a1ed5dc23b7830701afc01e6d7a37ee6d243f536ee4dc9ecd96,/home/user/xyren/AllFSPT/runs/closed_cf_v09_source,/home/xingyu/FSPT_AHSS/results/space_groups/sg156.json,06056d35bae867da0a0212934a285a12a106014b61ab5b841ac9aa1173cacb68,,[]
157,computed,computed,[],0,[],0,[2],Z2,[6],Z6,computed,[12],Z12,not-needed,,0,no free p+ip factor,,,,,,,,,,full-3+1D-spin-half-affine-stacking,p+ip-zero-three-layer-extension,native-vectors-plus-explicit-comparison-homotopy-recipes,False,stacking-with-generator-relations,25908,26399,491,27.13991618156433,2026-09-26T17:39:20.740262+00:00,2026-09-26T17:39:47.880183+00:00,"[{""cpu_ms"":20437,""stage"":""cohomology""},{""cpu_ms"":20634,""stage"":""primary_cf""},{""cpu_ms"":23407,""stage"":""primary_mc_and_bos""},{""cpu_ms"":23712,""stage"":""incoming_mc""},{""cpu_ms"":23886,""stage"":""secondary_bos""},{""cpu_ms"":25855,""stage"":""secondary_mc""},{""cpu_ms"":25855,""stage"":""pip""},{""cpu_ms"":25908,""stage"":""classification_end""},{""cpu_ms"":26387,""stage"":""stack_native_CF1""}]","{""RL_ms"":232,""RP_ms"":74,""extension_ms"":1588,""holonomy_ms"":62,""section_ms"":9}",physical-spin-half-det-sign-omega0,normalized-pip-aw-edge-transport-v2,3+1D-full-affine-associated-graded,full,"{""CrystCat"":""1.1.10"",""GAP"":""4.13.1"",""HAP"":""1.62"",""Polycyclic"":""2.16""}",9c16c0714da16a1ed5dc23b7830701afc01e6d7a37ee6d243f536ee4dc9ecd96,/home/user/xyren/AllFSPT/runs/closed_cf_v09_source,/home/xingyu/FSPT_AHSS/results/space_groups/sg157.json,2b82436e46b62a69eb55fbb30f6c352d502d5c9d37ba6f4d0605c8dddf19cc20,,[]
158,computed,computed,[2],Z2,[2],Z2,[2],Z2,[],0,computed,"[2,2,2]",(Z2)^3,actual-phase-witness,actual-marked-torsion-square-with-cochain-gauges,0,no free p+ip factor,,,,,,,,,,full-3+1D-spin-half-affine-stacking,p+ip-zero-three-layer-extension,native-vectors-plus-explicit-comparison-homotopy-recipes,False,stacking-with-generator-relations,26060,102257,76197,107.84006810188293,2026-09-26T17:37:06.726267+00:00,2026-09-26T17:38:54.566343+00:00,"[{""cpu_ms"":21293,""stage"":""cohomology""},{""cpu_ms"":21496,""stage"":""primary_cf""},{""cpu_ms"":21497,""stage"":""primary_mc_and_bos""},{""cpu_ms"":21497,""stage"":""incoming_mc""},{""cpu_ms"":21722,""stage"":""secondary_bos""},{""cpu_ms"":21722,""stage"":""secondary_mc""},{""cpu_ms"":21722,""stage"":""pip""},{""cpu_ms"":21786,""stage"":""pip_d3""},{""cpu_ms"":26060,""stage"":""classification_end""},{""cpu_ms"":26532,""stage"":""stack_lift_C1""},{""cpu_ms"":36710,""stage"":""stack_lift_B1""},{""cpu_ms"":74030,""stage"":""stack_relation_C1""},{""cpu_ms"":78916,""stage"":""stack_relation_B1""},{""cpu_ms"":83305,""stage"":""stack_pip_C4_pullback""},{""cpu_ms"":83305,""stage"":""stack_pip_square""}]","{""RL_ms"":241,""RP_ms"":75,""extension_ms"":2211,""holonomy_ms"":56,""section_ms"":9}",physical-spin-half-det-sign-omega0,normalized-pip-aw-edge-transport-v2,3+1D-full-affine-associated-graded,full,"{""CrystCat"":""1.1.10"",""GAP"":""4.13.1"",""HAP"":""1.62"",""Polycyclic"":""2.16""}",9c16c0714da16a1ed5dc23b7830701afc01e6d7a37ee6d243f536ee4dc9ecd96,/home/user/xyren/AllFSPT/runs/closed_cf_v09_source,/home/xingyu/FSPT_AHSS/results/space_groups/sg158.json,91e1c756e1b045a89d41ea3333ebcfdb7e373126017acac5e83070e24a483187,,[]
159,computed,computed,[2],Z2,[2],Z2,[2],Z2,[3],Z3,computed,"[2,2,6]",(Z2)^2 + Z6,actual-phase-witness,actual-marked-torsion-square-with-cochain-gauges,0,no free p+ip factor,,,,,,,,,,full-3+1D-spin-half-affine-stacking,p+ip-zero-three-layer-extension,native-vectors-plus-explicit-comparison-homotopy-recipes,False,stacking-with-generator-relations,24913,100551,75638,106.91564059257507,2026-09-26T17:36:54.473005+00:00,2026-09-26T17:38:41.388654+00:00,"[{""cpu_ms"":20590,""stage"":""cohomology""},{""cpu_ms"":20779,""stage"":""primary_cf""},{""cpu_ms"":20780,""stage"":""primary_mc_and_bos""},{""cpu_ms"":20781,""stage"":""incoming_mc""},{""cpu_ms"":21049,""stage"":""secondary_bos""},{""cpu_ms"":21049,""stage"":""secondary_mc""},{""cpu_ms"":21050,""stage"":""pip""},{""cpu_ms"":21115,""stage"":""pip_d3""},{""cpu_ms"":24913,""stage"":""classification_end""},{""cpu_ms"":25382,""stage"":""stack_lift_D1""},{""cpu_ms"":25384,""stage"":""stack_lift_C1""},{""cpu_ms"":36708,""stage"":""stack_lift_B1""},{""cpu_ms"":71518,""stage"":""stack_relation_D1""},{""cpu_ms"":71518,""stage"":""stack_relation_C1""},{""cpu_ms"":75980,""stage"":""stack_relation_B1""},{""cpu_ms"":80684,""stage"":""stack_pip_C4_pullback""},{""cpu_ms"":80684,""stage"":""stack_pip_square""}]","{""RL_ms"":238,""RP_ms"":70,""extension_ms"":2201,""holonomy_ms"":56,""section_ms"":8}",physical-spin-half-det-sign-omega0,normalized-pip-aw-edge-transport-v2,3+1D-full-affine-associated-graded,full,"{""CrystCat"":""1.1.10"",""GAP"":""4.13.1"",""HAP"":""1.62"",""Polycyclic"":""2.16""}",9c16c0714da16a1ed5dc23b7830701afc01e6d7a37ee6d243f536ee4dc9ecd96,/home/user/xyren/AllFSPT/runs/closed_cf_v09_source,/home/xingyu/FSPT_AHSS/results/space_groups/sg159.json,5124e7f53195f723f33b68f2b800d116be16ff26c898bfa1c0cd50fc003a7655,,[]
160,computed,computed,[],0,[],0,[2],Z2,[2],Z2,computed,[4],Z4,not-needed,,0,no free p+ip factor,,,,,,,,,,full-3+1D-spin-half-affine-stacking,p+ip-zero-three-layer-extension,native-vectors-plus-explicit-comparison-homotopy-recipes,False,stacking-with-generator-relations,23900,24389,489,25.161948442459106,2026-09-26T17:39:41.620421+00:00,2026-09-26T17:40:06.782375+00:00,"[{""cpu_ms"":20557,""stage"":""cohomology""},{""cpu_ms"":20739,""stage"":""primary_cf""},{""cpu_ms"":22031,""stage"":""primary_mc_and_bos""},{""cpu_ms"":22214,""stage"":""incoming_mc""},{""cpu_ms"":22340,""stage"":""secondary_bos""},{""cpu_ms"":23854,""stage"":""secondary_mc""},{""cpu_ms"":23854,""stage"":""pip""},{""cpu_ms"":23900,""stage"":""classification_end""},{""cpu_ms"":24377,""stage"":""stack_native_CF1""}]","{""RL_ms"":234,""RP_ms"":74,""extension_ms"":1169,""holonomy_ms"":62,""section_ms"":8}",physical-spin-half-det-sign-omega0,normalized-pip-aw-edge-transport-v2,3+1D-full-affine-associated-graded,full,"{""CrystCat"":""1.1.10"",""GAP"":""4.13.1"",""HAP"":""1.62"",""Polycyclic"":""2.16""}",9c16c0714da16a1ed5dc23b7830701afc01e6d7a37ee6d243f536ee4dc9ecd96,/home/user/xyren/AllFSPT/runs/closed_cf_v09_source,/home/xingyu/FSPT_AHSS/results/space_groups/sg160.json,3c42976befed46c25492a4ce5faa6d8082261cd70895651d7229a1cbe312a9a1,,[]
161,computed,computed,[2],Z2,[2],Z2,[2],Z2,[],0,computed,"[2,2,2]",(Z2)^3,actual-phase-witness,actual-marked-torsion-square-with-cochain-gauges,0,no free p+ip factor,,,,,,,,,,full-3+1D-spin-half-affine-stacking,p+ip-zero-three-layer-extension,native-vectors-plus-explicit-comparison-homotopy-recipes,False,stacking-with-generator-relations,30145,160376,130231,167.20953631401062,2026-09-26T17:37:05.168612+00:00,2026-09-26T17:39:52.378154+00:00,"[{""cpu_ms"":22814,""stage"":""cohomology""},{""cpu_ms"":23017,""stage"":""primary_cf""},{""cpu_ms"":23018,""stage"":""primary_mc_and_bos""},{""cpu_ms"":23018,""stage"":""incoming_mc""},{""cpu_ms"":23247,""stage"":""secondary_bos""},{""cpu_ms"":23247,""stage"":""secondary_mc""},{""cpu_ms"":23247,""stage"":""pip""},{""cpu_ms"":23330,""stage"":""pip_d3""},{""cpu_ms"":30145,""stage"":""classification_end""},{""cpu_ms"":30618,""stage"":""stack_lift_C1""},{""cpu_ms"":46174,""stage"":""stack_lift_B1""},{""cpu_ms"":111779,""stage"":""stack_relation_C1""},{""cpu_ms"":120254,""stage"":""stack_relation_B1""},{""cpu_ms"":127890,""stage"":""stack_pip_C4_pullback""},{""cpu_ms"":127890,""stage"":""stack_pip_square""}]","{""RL_ms"":235,""RP_ms"":74,""extension_ms"":3387,""holonomy_ms"":97,""section_ms"":9}",physical-spin-half-det-sign-omega0,normalized-pip-aw-edge-transport-v2,3+1D-full-affine-associated-graded,full,"{""CrystCat"":""1.1.10"",""GAP"":""4.13.1"",""HAP"":""1.62"",""Polycyclic"":""2.16""}",9c16c0714da16a1ed5dc23b7830701afc01e6d7a37ee6d243f536ee4dc9ecd96,/home/user/xyren/AllFSPT/runs/closed_cf_v09_source,/home/xingyu/FSPT_AHSS/results/space_groups/sg161.json,a73824020ec0a15567db9f1e67ddcaf2b1f6b8852cec2bbd7ae2b7a89bd072ff,,[]
162,computed,computed,[],0,[],0,"[2,2]",(Z2)^2,"[2,2,2]",(Z2)^3,computed,"[2,4,4]",Z2 + (Z4)^2,not-needed,,0,no free p+ip factor,,,,,,,,,,full-3+1D-spin-half-affine-stacking,p+ip-zero-three-layer-extension,native-vectors-plus-explicit-comparison-homotopy-recipes,False,stacking-with-generator-relations,36629,37144,515,38.019680976867676,2026-09-26T17:38:58.611734+00:00,2026-09-26T17:39:36.631423+00:00,"[{""cpu_ms"":24546,""stage"":""cohomology""},{""cpu_ms"":24895,""stage"":""primary_cf""},{""cpu_ms"":34632,""stage"":""primary_mc_and_bos""},{""cpu_ms"":35917,""stage"":""incoming_mc""},{""cpu_ms"":36520,""stage"":""secondary_bos""},{""cpu_ms"":36530,""stage"":""secondary_mc""},{""cpu_ms"":36530,""stage"":""pip""},{""cpu_ms"":36629,""stage"":""classification_end""},{""cpu_ms"":37121,""stage"":""stack_native_CF1""},{""cpu_ms"":37138,""stage"":""stack_native_CF2""}]","{""RL_ms"":245,""RP_ms"":564,""extension_ms"":3872,""holonomy_ms"":89,""section_ms"":18}",physical-spin-half-det-sign-omega0,normalized-pip-aw-edge-transport-v2,3+1D-full-affine-associated-graded,full,"{""CrystCat"":""1.1.10"",""GAP"":""4.13.1"",""HAP"":""1.62"",""Polycyclic"":""2.16""}",9c16c0714da16a1ed5dc23b7830701afc01e6d7a37ee6d243f536ee4dc9ecd96,/home/user/xyren/AllFSPT/runs/closed_cf_v09_source,/home/xingyu/FSPT_AHSS/results/space_groups/sg162.json,0995df71053fce07bc91e46365266538280ca34d9e6f6975ea8473e9391e82d9,,[]
163,computed,computed,[],0,[],0,"[2,2]",(Z2)^2,[2],Z2,computed,"[2,4]",Z2 + Z4,not-needed,,0,no free p+ip factor,,,,,,,,,,full-3+1D-spin-half-affine-stacking,p+ip-zero-three-layer-extension,native-vectors-plus-explicit-comparison-homotopy-recipes,False,stacking-with-generator-relations,56826,57334,508,58.159053802490234,2026-09-26T17:38:21.396507+00:00,2026-09-26T17:39:19.555568+00:00,"[{""cpu_ms"":24516,""stage"":""cohomology""},{""cpu_ms"":24764,""stage"":""primary_cf""},{""cpu_ms"":44054,""stage"":""primary_mc_and_bos""},{""cpu_ms"":46044,""stage"":""incoming_mc""},{""cpu_ms"":46757,""stage"":""secondary_bos""},{""cpu_ms"":56704,""stage"":""secondary_mc""},{""cpu_ms"":56704,""stage"":""pip""},{""cpu_ms"":56826,""stage"":""classification_end""},{""cpu_ms"":57308,""stage"":""stack_native_CF1""},{""cpu_ms"":57328,""stage"":""stack_native_CF2""}]","{""RL_ms"":242,""RP_ms"":562,""extension_ms"":5606,""holonomy_ms"":88,""section_ms"":22}",physical-spin-half-det-sign-omega0,normalized-pip-aw-edge-transport-v2,3+1D-full-affine-associated-graded,full,"{""CrystCat"":""1.1.10"",""GAP"":""4.13.1"",""HAP"":""1.62"",""Polycyclic"":""2.16""}",9c16c0714da16a1ed5dc23b7830701afc01e6d7a37ee6d243f536ee4dc9ecd96,/home/user/xyren/AllFSPT/runs/closed_cf_v09_source,/home/xingyu/FSPT_AHSS/results/space_groups/sg163.json,76086a03b36d3ec007bc69e4870e2f5cacf415319b47d663a2466b5714744bf8,,[]
164,computed,computed,[],0,[],0,"[2,2]",(Z2)^2,"[2,2,2]",(Z2)^3,computed,"[2,4,4]",Z2 + (Z4)^2,not-needed,,0,no free p+ip factor,,,,,,,,,,full-3+1D-spin-half-affine-stacking,p+ip-zero-three-layer-extension,native-vectors-plus-explicit-comparison-homotopy-recipes,False,stacking-with-generator-relations,35369,35878,509,36.64323854446411,2026-09-26T17:39:34.372218+00:00,2026-09-26T17:40:11.015462+00:00,"[{""cpu_ms"":23918,""stage"":""cohomology""},{""cpu_ms"":24600,""stage"":""primary_cf""},{""cpu_ms"":33451,""stage"":""primary_mc_and_bos""},{""cpu_ms"":34693,""stage"":""incoming_mc""},{""cpu_ms"":35265,""stage"":""secondary_bos""},{""cpu_ms"":35276,""stage"":""secondary_mc""},{""cpu_ms"":35276,""stage"":""pip""},{""cpu_ms"":35369,""stage"":""classification_end""},{""cpu_ms"":35846,""stage"":""stack_native_CF1""},{""cpu_ms"":35871,""stage"":""stack_native_CF2""}]","{""RL_ms"":302,""RP_ms"":778,""extension_ms"":3842,""holonomy_ms"":88,""section_ms"":18}",physical-spin-half-det-sign-omega0,normalized-pip-aw-edge-transport-v2,3+1D-full-affine-associated-graded,full,"{""CrystCat"":""1.1.10"",""GAP"":""4.13.1"",""HAP"":""1.62"",""Polycyclic"":""2.16""}",9c16c0714da16a1ed5dc23b7830701afc01e6d7a37ee6d243f536ee4dc9ecd96,/home/user/xyren/AllFSPT/runs/closed_cf_v09_source,/home/xingyu/FSPT_AHSS/results/space_groups/sg164.json,d1f7ec16d5572c71e3780b48bd38d46788b62367379d8b09f4bf33fc4c236453,,[]
165,computed,computed,[],0,[],0,"[2,2]",(Z2)^2,[2],Z2,computed,"[2,4]",Z2 + Z4,not-needed,,0,no free p+ip factor,,,,,,,,,,full-3+1D-spin-half-affine-stacking,p+ip-zero-three-layer-extension,native-vectors-plus-explicit-comparison-homotopy-recipes,False,stacking-with-generator-relations,59359,59892,533,60.56501650810242,2026-09-26T17:38:38.088013+00:00,2026-09-26T17:39:38.653037+00:00,"[{""cpu_ms"":26015,""stage"":""cohomology""},{""cpu_ms"":26269,""stage"":""primary_cf""},{""cpu_ms"":45890,""stage"":""primary_mc_and_bos""},{""cpu_ms"":48284,""stage"":""incoming_mc""},{""cpu_ms"":49003,""stage"":""secondary_bos""},{""cpu_ms"":59228,""stage"":""secondary_mc""},{""cpu_ms"":59228,""stage"":""pip""},{""cpu_ms"":59359,""stage"":""classification_end""},{""cpu_ms"":59851,""stage"":""stack_native_CF1""},{""cpu_ms"":59883,""stage"":""stack_native_CF2""}]","{""RL_ms"":253,""RP_ms"":582,""extension_ms"":6142,""holonomy_ms"":91,""section_ms"":20}",physical-spin-half-det-sign-omega0,normalized-pip-aw-edge-transport-v2,3+1D-full-affine-associated-graded,full,"{""CrystCat"":""1.1.10"",""GAP"":""4.13.1"",""HAP"":""1.62"",""Polycyclic"":""2.16""}",9c16c0714da16a1ed5dc23b7830701afc01e6d7a37ee6d243f536ee4dc9ecd96,/home/user/xyren/AllFSPT/runs/closed_cf_v09_source,/home/xingyu/FSPT_AHSS/results/space_groups/sg165.json,97c72862bb6fa2f75baf99746a48124c3af96dfcc799cd6da8da3f6735d190fc,,[]
166,computed,computed,[],0,[],0,"[2,2]",(Z2)^2,"[2,2,2]",(Z2)^3,computed,"[2,4,4]",Z2 + (Z4)^2,not-needed,,0,no free p+ip factor,,,,,,,,,,full-3+1D-spin-half-affine-stacking,p+ip-zero-three-layer-extension,native-vectors-plus-explicit-comparison-homotopy-recipes,False,stacking-with-generator-relations,33771,34266,495,35.048219442367554,2026-09-26T17:39:19.659451+00:00,2026-09-26T17:39:54.707677+00:00,"[{""cpu_ms"":25503,""stage"":""cohomology""},{""cpu_ms"":25889,""stage"":""primary_cf""},{""cpu_ms"":32394,""stage"":""primary_mc_and_bos""},{""cpu_ms"":33247,""stage"":""incoming_mc""},{""cpu_ms"":33684,""stage"":""secondary_bos""},{""cpu_ms"":33694,""stage"":""secondary_mc""},{""cpu_ms"":33694,""stage"":""pip""},{""cpu_ms"":33771,""stage"":""classification_end""},{""cpu_ms"":34245,""stage"":""stack_native_CF1""},{""cpu_ms"":34260,""stage"":""stack_native_CF2""}]","{""RL_ms"":297,""RP_ms"":628,""extension_ms"":3071,""holonomy_ms"":96,""section_ms"":21}",physical-spin-half-det-sign-omega0,normalized-pip-aw-edge-transport-v2,3+1D-full-affine-associated-graded,full,"{""CrystCat"":""1.1.10"",""GAP"":""4.13.1"",""HAP"":""1.62"",""Polycyclic"":""2.16""}",9c16c0714da16a1ed5dc23b7830701afc01e6d7a37ee6d243f536ee4dc9ecd96,/home/user/xyren/AllFSPT/runs/closed_cf_v09_source,/home/xingyu/FSPT_AHSS/results/space_groups/sg166.json,7ad3854c9d36222b98b1dfe324051997b9bcd8b8c042db18ea6d9c2a0fc44f55,,[]
167,computed,computed,[],0,[],0,"[2,2]",(Z2)^2,[2],Z2,computed,"[2,4]",Z2 + Z4,not-needed,,0,no free p+ip factor,,,,,,,,,,full-3+1D-spin-half-affine-stacking,p+ip-zero-three-layer-extension,native-vectors-plus-explicit-comparison-homotopy-recipes,False,stacking-with-generator-relations,112281,112814,533,118.37646341323853,2026-09-26T17:37:06.675121+00:00,2026-09-26T17:39:05.051592+00:00,"[{""cpu_ms"":29278,""stage"":""cohomology""},{""cpu_ms"":29573,""stage"":""primary_cf""},{""cpu_ms"":86602,""stage"":""primary_mc_and_bos""},{""cpu_ms"":91863,""stage"":""incoming_mc""},{""cpu_ms"":92974,""stage"":""secondary_bos""},{""cpu_ms"":112120,""stage"":""secondary_mc""},{""cpu_ms"":112120,""stage"":""pip""},{""cpu_ms"":112281,""stage"":""classification_end""},{""cpu_ms"":112776,""stage"":""stack_native_CF1""},{""cpu_ms"":112806,""stage"":""stack_native_CF2""}]","{""RL_ms"":248,""RP_ms"":570,""extension_ms"":9835,""holonomy_ms"":94,""section_ms"":19}",physical-spin-half-det-sign-omega0,normalized-pip-aw-edge-transport-v2,3+1D-full-affine-associated-graded,full,"{""CrystCat"":""1.1.10"",""GAP"":""4.13.1"",""HAP"":""1.62"",""Polycyclic"":""2.16""}",9c16c0714da16a1ed5dc23b7830701afc01e6d7a37ee6d243f536ee4dc9ecd96,/home/user/xyren/AllFSPT/runs/closed_cf_v09_source,/home/xingyu/FSPT_AHSS/results/space_groups/sg167.json,d84f0ff89bc3809e72ecd61c73122f529df767b3d3149c7cf5f6c7904e948e5f,,[]
168,computed,computed,[0],Z,[2],Z2,"[2,2]",(Z2)^2,"[6,6]",(Z6)^2,computed,"[0,12,24]",Z + Z12 + Z24,not-needed,,1,primitive surviving H1 lattice and actual complete defining towers,True,1,[[1]],[[1]],True,s=B=C=0-identically-annihilates-full-normalized-O5,[0],explicit-universal-pullback-or-comparison-homotopy-primitive,False,full-3+1D-spin-half-affine-stacking,p+ip-zero-three-layer-extension,native-vectors-plus-explicit-comparison-homotopy-recipes,False,stacking-with-generator-relations,26590,59468,32878,60.218987464904785,2026-09-26T17:38:50.759895+00:00,2026-09-26T17:39:50.978889+00:00,"[{""cpu_ms"":21236,""stage"":""cohomology""},{""cpu_ms"":21324,""stage"":""primary_cf""},{""cpu_ms"":23834,""stage"":""primary_mc_and_bos""},{""cpu_ms"":24111,""stage"":""incoming_mc""},{""cpu_ms"":24240,""stage"":""secondary_bos""},{""cpu_ms"":26567,""stage"":""secondary_mc""},{""cpu_ms"":26568,""stage"":""pip""},{""cpu_ms"":26580,""stage"":""classification_end""},{""cpu_ms"":26590,""stage"":""free_pip_classification_end""},{""cpu_ms"":27064,""stage"":""stack_lift_D1""},{""cpu_ms"":27065,""stage"":""stack_lift_D2""},{""cpu_ms"":27066,""stage"":""stack_lift_C1""},{""cpu_ms"":30168,""stage"":""stack_lift_C2""},{""cpu_ms"":30965,""stage"":""stack_lift_B1""},{""cpu_ms"":44154,""stage"":""stack_relation_D1""},{""cpu_ms"":44155,""stage"":""stack_relation_D2""},{""cpu_ms"":44155,""stage"":""stack_relation_C1""},{""cpu_ms"":46178,""stage"":""stack_relation_C2""},{""cpu_ms"":48271,""stage"":""stack_relation_B1""}]","{""RL_ms"":246,""RP_ms"":33,""extension_ms"":1172,""holonomy_ms"":59,""section_ms"":8}",physical-spin-half-det-sign-omega0,normalized-pip-aw-edge-transport-v2,3+1D-full-affine-associated-graded,full,"{""CrystCat"":""1.1.10"",""GAP"":""4.13.1"",""HAP"":""1.62"",""Polycyclic"":""2.16""}",9c16c0714da16a1ed5dc23b7830701afc01e6d7a37ee6d243f536ee4dc9ecd96,/home/user/xyren/AllFSPT/runs/closed_cf_v09_source,/home/xingyu/FSPT_AHSS/results/space_groups/sg168.json,15fe4e5075243e5d6e641f73a68f5c4ed88ef42a47aad0b023d096f2e213f87a,,[]
169,computed,computed,[0],Z,[2],Z2,[2],Z2,[],0,computed,"[0,2,2]",Z + (Z2)^2,not-needed,,1,primitive surviving H1 lattice and actual complete defining towers,True,1,[[1]],[[1]],True,s=B=C=0-identically-annihilates-full-normalized-O5,[0],explicit-universal-pullback-or-comparison-homotopy-primitive,False,full-3+1D-spin-half-affine-stacking,p+ip-zero-three-layer-extension,native-vectors-plus-explicit-comparison-homotopy-recipes,False,stacking-with-generator-relations,20574,53083,32509,53.84322214126587,2026-09-26T17:38:21.397005+00:00,2026-09-26T17:39:15.240234+00:00,"[{""cpu_ms"":20297,""stage"":""cohomology""},{""cpu_ms"":20379,""stage"":""primary_cf""},{""cpu_ms"":20380,""stage"":""primary_mc_and_bos""},{""cpu_ms"":20380,""stage"":""incoming_mc""},{""cpu_ms"":20546,""stage"":""secondary_bos""},{""cpu_ms"":20547,""stage"":""secondary_mc""},{""cpu_ms"":20547,""stage"":""pip""},{""cpu_ms"":20559,""stage"":""classification_end""},{""cpu_ms"":20574,""stage"":""free_pip_classification_end""},{""cpu_ms"":21048,""stage"":""stack_lift_C1""},{""cpu_ms"":28637,""stage"":""stack_lift_B1""},{""cpu_ms"":44864,""stage"":""stack_relation_C1""},{""cpu_ms"":48064,""stage"":""stack_relation_B1""}]","{""RL_ms"":237,""RP_ms"":26,""extension_ms"":1625,""holonomy_ms"":64,""section_ms"":9}",physical-spin-half-det-sign-omega0,normalized-pip-aw-edge-transport-v2,3+1D-full-affine-associated-graded,full,"{""CrystCat"":""1.1.10"",""GAP"":""4.13.1"",""HAP"":""1.62"",""Polycyclic"":""2.16""}",9c16c0714da16a1ed5dc23b7830701afc01e6d7a37ee6d243f536ee4dc9ecd96,/home/user/xyren/AllFSPT/runs/closed_cf_v09_source,/home/xingyu/FSPT_AHSS/results/space_groups/sg169.json,576cc3f11ba526efd4e87011b82e068a92dcea68c8950c249b3762333ba1ab2f,,[]
170,computed,computed,[0],Z,[2],Z2,[2],Z2,[],0,computed,"[0,2,2]",Z + (Z2)^2,not-needed,,1,primitive surviving H1 lattice and actual complete defining towers,True,1,[[1]],[[1]],True,s=B=C=0-identically-annihilates-full-normalized-O5,[0],explicit-universal-pullback-or-comparison-homotopy-primitive,False,full-3+1D-spin-half-affine-stacking,p+ip-zero-three-layer-extension,native-vectors-plus-explicit-comparison-homotopy-recipes,False,stacking-with-generator-relations,20957,55091,34134,55.76198410987854,2026-09-26T17:38:30.021243+00:00,2026-09-26T17:39:25.783234+00:00,"[{""cpu_ms"":20672,""stage"":""cohomology""},{""cpu_ms"":20757,""stage"":""primary_cf""},{""cpu_ms"":20757,""stage"":""primary_mc_and_bos""},{""cpu_ms"":20758,""stage"":""incoming_mc""},{""cpu_ms"":20929,""stage"":""secondary_bos""},{""cpu_ms"":20929,""stage"":""secondary_mc""},{""cpu_ms"":20929,""stage"":""pip""},{""cpu_ms"":20941,""stage"":""classification_end""},{""cpu_ms"":20957,""stage"":""free_pip_classification_end""},{""cpu_ms"":21535,""stage"":""stack_lift_C1""},{""cpu_ms"":29466,""stage"":""stack_lift_B1""},{""cpu_ms"":46839,""stage"":""stack_relation_C1""},{""cpu_ms"":50098,""stage"":""stack_relation_B1""}]","{""RL_ms"":238,""RP_ms"":30,""extension_ms"":1663,""holonomy_ms"":61,""section_ms"":11}",physical-spin-half-det-sign-omega0,normalized-pip-aw-edge-transport-v2,3+1D-full-affine-associated-graded,full,"{""CrystCat"":""1.1.10"",""GAP"":""4.13.1"",""HAP"":""1.62"",""Polycyclic"":""2.16""}",9c16c0714da16a1ed5dc23b7830701afc01e6d7a37ee6d243f536ee4dc9ecd96,/home/user/xyren/AllFSPT/runs/closed_cf_v09_source,/home/xingyu/FSPT_AHSS/results/space_groups/sg170.json,fdb627f1793a545af33a9f667061798c27cc45f9d4cc41860d2ad997b2f4ded3,,[]
171,computed,computed,[0],Z,[2],Z2,"[2,2]",(Z2)^2,"[2,2]",(Z2)^2,computed,"[0,4,8]",Z + Z4 + Z8,not-needed,,1,primitive surviving H1 lattice and actual complete defining towers,True,1,[[1]],[[1]],True,s=B=C=0-identically-annihilates-full-normalized-O5,[0],explicit-universal-pullback-or-comparison-homotopy-primitive,False,full-3+1D-spin-half-affine-stacking,p+ip-zero-three-layer-extension,native-vectors-plus-explicit-comparison-homotopy-recipes,False,stacking-with-generator-relations,31193,103582,72389,109.23172163963318,2026-09-26T17:37:06.701329+00:00,2026-09-26T17:38:55.933058+00:00,"[{""cpu_ms"":21032,""stage"":""cohomology""},{""cpu_ms"":21116,""stage"":""primary_cf""},{""cpu_ms"":25970,""stage"":""primary_mc_and_bos""},{""cpu_ms"":26512,""stage"":""incoming_mc""},{""cpu_ms"":26679,""stage"":""secondary_bos""},{""cpu_ms"":31169,""stage"":""secondary_mc""},{""cpu_ms"":31169,""stage"":""pip""},{""cpu_ms"":31181,""stage"":""classification_end""},{""cpu_ms"":31193,""stage"":""free_pip_classification_end""},{""cpu_ms"":31659,""stage"":""stack_lift_D1""},{""cpu_ms"":31660,""stage"":""stack_lift_D2""},{""cpu_ms"":31662,""stage"":""stack_lift_C1""},{""cpu_ms"":38712,""stage"":""stack_lift_C2""},{""cpu_ms"":40646,""stage"":""stack_lift_B1""},{""cpu_ms"":76005,""stage"":""stack_relation_D1""},{""cpu_ms"":76005,""stage"":""stack_relation_D2""},{""cpu_ms"":76005,""stage"":""stack_relation_C1""},{""cpu_ms"":79482,""stage"":""stack_relation_C2""},{""cpu_ms"":82945,""stage"":""stack_relation_B1""}]","{""RL_ms"":240,""RP_ms"":32,""extension_ms"":1938,""holonomy_ms"":61,""section_ms"":9}",physical-spin-half-det-sign-omega0,normalized-pip-aw-edge-transport-v2,3+1D-full-affine-associated-graded,full,"{""CrystCat"":""1.1.10"",""GAP"":""4.13.1"",""HAP"":""1.62"",""Polycyclic"":""2.16""}",9c16c0714da16a1ed5dc23b7830701afc01e6d7a37ee6d243f536ee4dc9ecd96,/home/user/xyren/AllFSPT/runs/closed_cf_v09_source,/home/xingyu/FSPT_AHSS/results/space_groups/sg171.json,73bf8c0c58e9e48f0710a8fcd43cfbd2588923a04515fcdf375f0a6ec6de3d30,,[]
172,computed,computed,[0],Z,[2],Z2,"[2,2]",(Z2)^2,"[2,2]",(Z2)^2,computed,"[0,4,8]",Z + Z4 + Z8,not-needed,,1,primitive surviving H1 lattice and actual complete defining towers,True,1,[[1]],[[1]],True,s=B=C=0-identically-annihilates-full-normalized-O5,[0],explicit-universal-pullback-or-comparison-homotopy-primitive,False,full-3+1D-spin-half-affine-stacking,p+ip-zero-three-layer-extension,native-vectors-plus-explicit-comparison-homotopy-recipes,False,stacking-with-generator-relations,30801,103308,72507,110.8843047618866,2026-09-26T17:37:05.532154+00:00,2026-09-26T17:38:56.416466+00:00,"[{""cpu_ms"":20613,""stage"":""cohomology""},{""cpu_ms"":20696,""stage"":""primary_cf""},{""cpu_ms"":25600,""stage"":""primary_mc_and_bos""},{""cpu_ms"":26128,""stage"":""incoming_mc""},{""cpu_ms"":26294,""stage"":""secondary_bos""},{""cpu_ms"":30778,""stage"":""secondary_mc""},{""cpu_ms"":30779,""stage"":""pip""},{""cpu_ms"":30791,""stage"":""classification_end""},{""cpu_ms"":30801,""stage"":""free_pip_classification_end""},{""cpu_ms"":31276,""stage"":""stack_lift_D1""},{""cpu_ms"":31276,""stage"":""stack_lift_D2""},{""cpu_ms"":31277,""stage"":""stack_lift_C1""},{""cpu_ms"":38322,""stage"":""stack_lift_C2""},{""cpu_ms"":40249,""stage"":""stack_lift_B1""},{""cpu_ms"":75700,""stage"":""stack_relation_D1""},{""cpu_ms"":75700,""stage"":""stack_relation_D2""},{""cpu_ms"":75700,""stage"":""stack_relation_C1""},{""cpu_ms"":79137,""stage"":""stack_relation_C2""},{""cpu_ms"":82577,""stage"":""stack_relation_B1""}]","{""RL_ms"":238,""RP_ms"":26,""extension_ms"":1913,""holonomy_ms"":64,""section_ms"":8}",physical-spin-half-det-sign-omega0,normalized-pip-aw-edge-transport-v2,3+1D-full-affine-associated-graded,full,"{""CrystCat"":""1.1.10"",""GAP"":""4.13.1"",""HAP"":""1.62"",""Polycyclic"":""2.16""}",9c16c0714da16a1ed5dc23b7830701afc01e6d7a37ee6d243f536ee4dc9ecd96,/home/user/xyren/AllFSPT/runs/closed_cf_v09_source,/home/xingyu/FSPT_AHSS/results/space_groups/sg172.json,6d159d6b9ae55c1cdd5b958aa5caae330d8f5fdeade40c4115ed9f058d686df8,,[]
173,computed,computed,[0],Z,[2],Z2,[2],Z2,"[3,3]",(Z3)^2,computed,"[0,6,6]",Z + (Z6)^2,not-needed,,1,primitive surviving H1 lattice and actual complete defining towers,True,1,[[1]],[[1]],True,s=B=C=0-identically-annihilates-full-normalized-O5,[0],explicit-universal-pullback-or-comparison-homotopy-primitive,False,full-3+1D-spin-half-affine-stacking,p+ip-zero-three-layer-extension,native-vectors-plus-explicit-comparison-homotopy-recipes,False,stacking-with-generator-relations,21561,64416,42855,65.54617357254028,2026-09-26T17:38:34.209953+00:00,2026-09-26T17:39:39.756134+00:00,"[{""cpu_ms"":21271,""stage"":""cohomology""},{""cpu_ms"":21357,""stage"":""primary_cf""},{""cpu_ms"":21358,""stage"":""primary_mc_and_bos""},{""cpu_ms"":21359,""stage"":""incoming_mc""},{""cpu_ms"":21532,""stage"":""secondary_bos""},{""cpu_ms"":21533,""stage"":""secondary_mc""},{""cpu_ms"":21534,""stage"":""pip""},{""cpu_ms"":21546,""stage"":""classification_end""},{""cpu_ms"":21561,""stage"":""free_pip_classification_end""},{""cpu_ms"":22039,""stage"":""stack_lift_D1""},{""cpu_ms"":22040,""stage"":""stack_lift_D2""},{""cpu_ms"":22042,""stage"":""stack_lift_C1""},{""cpu_ms"":32505,""stage"":""stack_lift_B1""},{""cpu_ms"":54967,""stage"":""stack_relation_D1""},{""cpu_ms"":54967,""stage"":""stack_relation_D2""},{""cpu_ms"":54967,""stage"":""stack_relation_C1""},{""cpu_ms"":58920,""stage"":""stack_relation_B1""}]","{""RL_ms"":238,""RP_ms"":27,""extension_ms"":1759,""holonomy_ms"":66,""section_ms"":9}",physical-spin-half-det-sign-omega0,normalized-pip-aw-edge-transport-v2,3+1D-full-affine-associated-graded,full,"{""CrystCat"":""1.1.10"",""GAP"":""4.13.1"",""HAP"":""1.62"",""Polycyclic"":""2.16""}",9c16c0714da16a1ed5dc23b7830701afc01e6d7a37ee6d243f536ee4dc9ecd96,/home/user/xyren/AllFSPT/runs/closed_cf_v09_source,/home/xingyu/FSPT_AHSS/results/space_groups/sg173.json,de592c6971f3d4392388c7e00fc770c9da35e65ed688a3cb84f5c5f165a84280,,[]
174,computed,computed,[0],Z,[2],Z2,"[2,2]",(Z2)^2,"[3,6,6]",Z3 + (Z6)^2,computed,"[0,3,12,24]",Z + Z3 + Z12 + Z24,not-needed,,1,primitive surviving H1 lattice and actual complete defining towers,True,2,[[2]],"[[0,2]]",True,universal-2H-survival-and-complete-joint-parity-kernel,"[2,0]",explicit-universal-pullback-or-comparison-homotopy-primitive,False,full-3+1D-spin-half-affine-stacking,p+ip-zero-three-layer-extension,native-vectors-plus-explicit-comparison-homotopy-recipes,False,stacking-with-generator-relations,23237,52830,29593,53.59413480758667,2026-09-26T17:38:47.304253+00:00,2026-09-26T17:39:40.898393+00:00,"[{""cpu_ms"":21190,""stage"":""cohomology""},{""cpu_ms"":21289,""stage"":""primary_cf""},{""cpu_ms"":21289,""stage"":""primary_mc_and_bos""},{""cpu_ms"":22308,""stage"":""incoming_mc""},{""cpu_ms"":22485,""stage"":""secondary_bos""},{""cpu_ms"":22487,""stage"":""secondary_mc""},{""cpu_ms"":22489,""stage"":""pip""},{""cpu_ms"":22537,""stage"":""classification_end""},{""cpu_ms"":22886,""stage"":""free_pip_parity_candidates""},{""cpu_ms"":22886,""stage"":""free_pip_parity_1""},{""cpu_ms"":22946,""stage"":""free_pip_even_dihedral_pullback""},{""cpu_ms"":23237,""stage"":""free_pip_classification_end""},{""cpu_ms"":23706,""stage"":""stack_lift_D1""},{""cpu_ms"":23708,""stage"":""stack_lift_D2""},{""cpu_ms"":23709,""stage"":""stack_lift_D3""},{""cpu_ms"":23710,""stage"":""stack_lift_C1""},{""cpu_ms"":27321,""stage"":""stack_lift_C2""},{""cpu_ms"":27729,""stage"":""stack_lift_B1""},{""cpu_ms"":37800,""stage"":""stack_relation_D1""},{""cpu_ms"":37800,""stage"":""stack_relation_D2""},{""cpu_ms"":37800,""stage"":""stack_relation_D3""},{""cpu_ms"":37800,""stage"":""stack_relation_C1""},{""cpu_ms"":41232,""stage"":""stack_relation_C2""},{""cpu_ms"":43004,""stage"":""stack_relation_B1""}]","{""RL_ms"":237,""RP_ms"":29,""extension_ms"":991,""holonomy_ms"":64,""section_ms"":8}",physical-spin-half-det-sign-omega0,normalized-pip-aw-edge-transport-v2,3+1D-full-affine-associated-graded,full,"{""CrystCat"":""1.1.10"",""GAP"":""4.13.1"",""HAP"":""1.62"",""Polycyclic"":""2.16""}",9c16c0714da16a1ed5dc23b7830701afc01e6d7a37ee6d243f536ee4dc9ecd96,/home/user/xyren/AllFSPT/runs/closed_cf_v09_source,/home/xingyu/FSPT_AHSS/results/space_groups/sg174.json,64ce64968da71ce00f8e5f1c71a4ae3e56aa579ac5ea0c9b0af22a5626f9aa3e,,[]
175,computed,computed,[0],Z,[],0,"[2,2,2]",(Z2)^3,"[2,2,6,6]",(Z2)^2 + (Z6)^2,computed,"[0,2,4,12,12]",Z + Z2 + Z4 + (Z12)^2,not-needed,,1,primitive surviving H1 lattice and actual complete defining towers,True,2,[[2]],"[[0,2]]",True,universal-2H-survival-and-complete-joint-parity-kernel,"[2,0]",explicit-universal-pullback-or-comparison-homotopy-primitive,False,full-3+1D-spin-half-affine-stacking,p+ip-zero-three-layer-extension,native-vectors-plus-explicit-comparison-homotopy-recipes,False,stacking-with-generator-relations,32729,33263,534,34.10030722618103,2026-09-26T17:39:36.398532+00:00,2026-09-26T17:40:10.498846+00:00,"[{""cpu_ms"":24843,""stage"":""cohomology""},{""cpu_ms"":25107,""stage"":""primary_cf""},{""cpu_ms"":30548,""stage"":""primary_mc_and_bos""},{""cpu_ms"":31430,""stage"":""incoming_mc""},{""cpu_ms"":31763,""stage"":""secondary_bos""},{""cpu_ms"":31775,""stage"":""secondary_mc""},{""cpu_ms"":31775,""stage"":""pip""},{""cpu_ms"":31847,""stage"":""classification_end""},{""cpu_ms"":31856,""stage"":""free_pip_parity_candidates""},{""cpu_ms"":31856,""stage"":""free_pip_parity_1""},{""cpu_ms"":32004,""stage"":""free_pip_even_dihedral_pullback""},{""cpu_ms"":32729,""stage"":""free_pip_classification_end""},{""cpu_ms"":33241,""stage"":""stack_native_CF1""},{""cpu_ms"":33254,""stage"":""stack_native_CF2""},{""cpu_ms"":33256,""stage"":""stack_native_CF3""}]","{""RL_ms"":241,""RP_ms"":170,""extension_ms"":2668,""holonomy_ms"":106,""section_ms"":21}",physical-spin-half-det-sign-omega0,normalized-pip-aw-edge-transport-v2,3+1D-full-affine-associated-graded,full,"{""CrystCat"":""1.1.10"",""GAP"":""4.13.1"",""HAP"":""1.62"",""Polycyclic"":""2.16""}",9c16c0714da16a1ed5dc23b7830701afc01e6d7a37ee6d243f536ee4dc9ecd96,/home/user/xyren/AllFSPT/runs/closed_cf_v09_source,/home/xingyu/FSPT_AHSS/results/space_groups/sg175.json,bf6ad7cb474556225be13474045e0bdfef11029cb2eab6921f966d767c230fe2,,[]
176,computed,computed,[0],Z,[],0,"[2,2]",(Z2)^2,"[3,6]",Z3 + Z6,computed,"[0,6,12]",Z + Z6 + Z12,not-needed,,1,primitive surviving H1 lattice and actual complete defining towers,True,2,[[2]],"[[0,2]]",True,universal-2H-survival-and-complete-joint-parity-kernel,"[2,0]",explicit-universal-pullback-or-comparison-homotopy-primitive,False,full-3+1D-spin-half-affine-stacking,p+ip-zero-three-layer-extension,native-vectors-plus-explicit-comparison-homotopy-recipes,False,stacking-with-generator-relations,37839,49435,11596,50.21209979057312,2026-09-26T17:38:43.114639+00:00,2026-09-26T17:39:33.326745+00:00,"[{""cpu_ms"":26926,""stage"":""cohomology""},{""cpu_ms"":27832,""stage"":""primary_cf""},{""cpu_ms"":27832,""stage"":""primary_mc_and_bos""},{""cpu_ms"":33917,""stage"":""incoming_mc""},{""cpu_ms"":34413,""stage"":""secondary_bos""},{""cpu_ms"":34415,""stage"":""secondary_mc""},{""cpu_ms"":34415,""stage"":""pip""},{""cpu_ms"":34516,""stage"":""classification_end""},{""cpu_ms"":34526,""stage"":""free_pip_parity_candidates""},{""cpu_ms"":34526,""stage"":""free_pip_parity_1""},{""cpu_ms"":34698,""stage"":""free_pip_even_dihedral_pullback""},{""cpu_ms"":37839,""stage"":""free_pip_classification_end""},{""cpu_ms"":38315,""stage"":""stack_native_CF1""},{""cpu_ms"":49430,""stage"":""stack_native_CF2""}]","{""RL_ms"":243,""RP_ms"":172,""extension_ms"":4630,""holonomy_ms"":109,""section_ms"":21}",physical-spin-half-det-sign-omega0,normalized-pip-aw-edge-transport-v2,3+1D-full-affine-associated-graded,full,"{""CrystCat"":""1.1.10"",""GAP"":""4.13.1"",""HAP"":""1.62"",""Polycyclic"":""2.16""}",9c16c0714da16a1ed5dc23b7830701afc01e6d7a37ee6d243f536ee4dc9ecd96,/home/user/xyren/AllFSPT/runs/closed_cf_v09_source,/home/xingyu/FSPT_AHSS/results/space_groups/sg176.json,3e587d3a48f12478e44ad72cd92df49b4c659352f351e0f48369016f2ed2253a,,[]
177,computed,computed,[],0,[],0,[],0,"[2,2,2,2,2,2,2,2]",(Z2)^8,computed,"[2,2,2,2,2,2,2,2]",(Z2)^8,not-needed,,0,no free p+ip factor,,,,,,,,,,full-3+1D-spin-half-affine-stacking,p+ip-zero-three-layer-extension,native-vectors-plus-explicit-comparison-homotopy-recipes,False,stacking-with-generator-relations,49267,49759,492,50.408912658691406,2026-09-26T17:38:35.476058+00:00,2026-09-26T17:39:25.884978+00:00,"[{""cpu_ms"":24738,""stage"":""cohomology""},{""cpu_ms"":25601,""stage"":""primary_cf""},{""cpu_ms"":37563,""stage"":""primary_mc_and_bos""},{""cpu_ms"":38746,""stage"":""incoming_mc""},{""cpu_ms"":39128,""stage"":""secondary_bos""},{""cpu_ms"":49250,""stage"":""secondary_mc""},{""cpu_ms"":49250,""stage"":""pip""},{""cpu_ms"":49267,""stage"":""classification_end""}]","{""RL_ms"":239,""RP_ms"":879,""extension_ms"":5481,""holonomy_ms"":99,""section_ms"":22}",physical-spin-half-det-sign-omega0,normalized-pip-aw-edge-transport-v2,3+1D-full-affine-associated-graded,full,"{""CrystCat"":""1.1.10"",""GAP"":""4.13.1"",""HAP"":""1.62"",""Polycyclic"":""2.16""}",9c16c0714da16a1ed5dc23b7830701afc01e6d7a37ee6d243f536ee4dc9ecd96,/home/user/xyren/AllFSPT/runs/closed_cf_v09_source,/home/xingyu/FSPT_AHSS/results/space_groups/sg177.json,1ce118e2b464e4be6331aa9d689f970956e62a1803b0c9ae052a721a7de86c0d,,[]
178,computed,computed,[],0,[2],Z2,"[2,2]",(Z2)^2,"[2,2]",(Z2)^2,computed,"[4,8]",Z4 + Z8,not-needed,,0,no free p+ip factor,,,,,,,,,,full-3+1D-spin-half-affine-stacking,p+ip-zero-three-layer-extension,native-vectors-plus-explicit-comparison-homotopy-recipes,False,stacking-with-generator-relations,76763,384769,308006,390.6969404220581,2026-09-26T17:36:59.617260+00:00,2026-09-26T17:43:30.314206+00:00,"[{""cpu_ms"":30142,""stage"":""cohomology""},{""cpu_ms"":30499,""stage"":""primary_cf""},{""cpu_ms"":59542,""stage"":""primary_mc_and_bos""},{""cpu_ms"":61701,""stage"":""incoming_mc""},{""cpu_ms"":62131,""stage"":""secondary_bos""},{""cpu_ms"":76746,""stage"":""secondary_mc""},{""cpu_ms"":76747,""stage"":""pip""},{""cpu_ms"":76763,""stage"":""classification_end""},{""cpu_ms"":77253,""stage"":""stack_lift_D1""},{""cpu_ms"":77254,""stage"":""stack_lift_D2""},{""cpu_ms"":77256,""stage"":""stack_lift_C1""},{""cpu_ms"":130671,""stage"":""stack_lift_C2""},{""cpu_ms"":136770,""stage"":""stack_lift_B1""},{""cpu_ms"":293517,""stage"":""stack_relation_D1""},{""cpu_ms"":293517,""stage"":""stack_relation_D2""},{""cpu_ms"":293517,""stage"":""stack_relation_C1""},{""cpu_ms"":304803,""stage"":""stack_relation_C2""},{""cpu_ms"":316081,""stage"":""stack_relation_B1""}]","{""RL_ms"":245,""RP_ms"":886,""extension_ms"":9674,""holonomy_ms"":100,""section_ms"":19}",physical-spin-half-det-sign-omega0,normalized-pip-aw-edge-transport-v2,3+1D-full-affine-associated-graded,full,"{""CrystCat"":""1.1.10"",""GAP"":""4.13.1"",""HAP"":""1.62"",""Polycyclic"":""2.16""}",9c16c0714da16a1ed5dc23b7830701afc01e6d7a37ee6d243f536ee4dc9ecd96,/home/user/xyren/AllFSPT/runs/closed_cf_v09_source,/home/xingyu/FSPT_AHSS/results/space_groups/sg178.json,9a3de5b3cbc3ea8bdb32336a63dce30ab19c99be59b1c102c176cd24dc6964ca,,[]
179,computed,computed,[],0,[2],Z2,"[2,2]",(Z2)^2,"[2,2]",(Z2)^2,computed,"[4,8]",Z4 + Z8,not-needed,,0,no free p+ip factor,,,,,,,,,,full-3+1D-spin-half-affine-stacking,p+ip-zero-three-layer-extension,native-vectors-plus-explicit-comparison-homotopy-recipes,False,stacking-with-generator-relations,87031,397716,310685,403.4587354660034,2026-09-26T17:37:06.291716+00:00,2026-09-26T17:43:49.750457+00:00,"[{""cpu_ms"":31022,""stage"":""cohomology""},{""cpu_ms"":31377,""stage"":""primary_cf""},{""cpu_ms"":69353,""stage"":""primary_mc_and_bos""},{""cpu_ms"":72215,""stage"":""incoming_mc""},{""cpu_ms"":72631,""stage"":""secondary_bos""},{""cpu_ms"":87014,""stage"":""secondary_mc""},{""cpu_ms"":87015,""stage"":""pip""},{""cpu_ms"":87031,""stage"":""classification_end""},{""cpu_ms"":87514,""stage"":""stack_lift_D1""},{""cpu_ms"":87514,""stage"":""stack_lift_D2""},{""cpu_ms"":87516,""stage"":""stack_lift_C1""},{""cpu_ms"":145210,""stage"":""stack_lift_C2""},{""cpu_ms"":152541,""stage"":""stack_lift_B1""},{""cpu_ms"":306962,""stage"":""stack_relation_D1""},{""cpu_ms"":306962,""stage"":""stack_relation_D2""},{""cpu_ms"":306962,""stage"":""stack_relation_C1""},{""cpu_ms"":318201,""stage"":""stack_relation_C2""},{""cpu_ms"":329421,""stage"":""stack_relation_B1""}]","{""RL_ms"":242,""RP_ms"":883,""extension_ms"":10656,""holonomy_ms"":99,""section_ms"":19}",physical-spin-half-det-sign-omega0,normalized-pip-aw-edge-transport-v2,3+1D-full-affine-associated-graded,full,"{""CrystCat"":""1.1.10"",""GAP"":""4.13.1"",""HAP"":""1.62"",""Polycyclic"":""2.16""}",9c16c0714da16a1ed5dc23b7830701afc01e6d7a37ee6d243f536ee4dc9ecd96,/home/user/xyren/AllFSPT/runs/closed_cf_v09_source,/home/xingyu/FSPT_AHSS/results/space_groups/sg179.json,846c4abe84353ea084421e35e13aefcaa9bf94a8aabdc44c6fb703bb4bdb72f1,,[]
180,computed,computed,[],0,[],0,[],0,"[2,2,2,2,2,2,2,2]",(Z2)^8,computed,"[2,2,2,2,2,2,2,2]",(Z2)^8,not-needed,,0,no free p+ip factor,,,,,,,,,,full-3+1D-spin-half-affine-stacking,p+ip-zero-three-layer-extension,native-vectors-plus-explicit-comparison-homotopy-recipes,False,stacking-with-generator-relations,69493,69977,484,70.83523082733154,2026-09-26T17:38:05.156358+00:00,2026-09-26T17:39:15.991595+00:00,"[{""cpu_ms"":27327,""stage"":""cohomology""},{""cpu_ms"":27804,""stage"":""primary_cf""},{""cpu_ms"":51224,""stage"":""primary_mc_and_bos""},{""cpu_ms"":53491,""stage"":""incoming_mc""},{""cpu_ms"":53991,""stage"":""secondary_bos""},{""cpu_ms"":69477,""stage"":""secondary_mc""},{""cpu_ms"":69477,""stage"":""pip""},{""cpu_ms"":69493,""stage"":""classification_end""}]","{""RL_ms"":240,""RP_ms"":881,""extension_ms"":8122,""holonomy_ms"":94,""section_ms"":19}",physical-spin-half-det-sign-omega0,normalized-pip-aw-edge-transport-v2,3+1D-full-affine-associated-graded,full,"{""CrystCat"":""1.1.10"",""GAP"":""4.13.1"",""HAP"":""1.62"",""Polycyclic"":""2.16""}",9c16c0714da16a1ed5dc23b7830701afc01e6d7a37ee6d243f536ee4dc9ecd96,/home/user/xyren/AllFSPT/runs/closed_cf_v09_source,/home/xingyu/FSPT_AHSS/results/space_groups/sg180.json,1cca19ad324f69e2750b1a7563d77f6f09099fc382b052e4bcc79fd643c66245,,[]
181,computed,computed,[],0,[],0,[],0,"[2,2,2,2,2,2,2,2]",(Z2)^8,computed,"[2,2,2,2,2,2,2,2]",(Z2)^8,not-needed,,0,no free p+ip factor,,,,,,,,,,full-3+1D-spin-half-affine-stacking,p+ip-zero-three-layer-extension,native-vectors-plus-explicit-comparison-homotopy-recipes,False,stacking-with-generator-relations,69785,70285,500,71.17092776298523,2026-09-26T17:38:25.584270+00:00,2026-09-26T17:39:36.755205+00:00,"[{""cpu_ms"":27856,""stage"":""cohomology""},{""cpu_ms"":28339,""stage"":""primary_cf""},{""cpu_ms"":51863,""stage"":""primary_mc_and_bos""},{""cpu_ms"":53734,""stage"":""incoming_mc""},{""cpu_ms"":54245,""stage"":""secondary_bos""},{""cpu_ms"":69769,""stage"":""secondary_mc""},{""cpu_ms"":69769,""stage"":""pip""},{""cpu_ms"":69785,""stage"":""classification_end""}]","{""RL_ms"":244,""RP_ms"":882,""extension_ms"":8545,""holonomy_ms"":99,""section_ms"":19}",physical-spin-half-det-sign-omega0,normalized-pip-aw-edge-transport-v2,3+1D-full-affine-associated-graded,full,"{""CrystCat"":""1.1.10"",""GAP"":""4.13.1"",""HAP"":""1.62"",""Polycyclic"":""2.16""}",9c16c0714da16a1ed5dc23b7830701afc01e6d7a37ee6d243f536ee4dc9ecd96,/home/user/xyren/AllFSPT/runs/closed_cf_v09_source,/home/xingyu/FSPT_AHSS/results/space_groups/sg181.json,0f65f7994f22ccd264c3cac84e8c49617d7f3ecfa031508d7bae3d8712cc081b,,[]
182,computed,computed,[],0,[2],Z2,"[2,2]",(Z2)^2,"[2,2]",(Z2)^2,computed,"[4,8]",Z4 + Z8,not-needed,,0,no free p+ip factor,,,,,,,,,,full-3+1D-spin-half-affine-stacking,p+ip-zero-three-layer-extension,native-vectors-plus-explicit-comparison-homotopy-recipes,False,stacking-with-generator-relations,68574,329217,260643,334.926451921463,2026-09-26T17:37:06.319953+00:00,2026-09-26T17:42:41.246411+00:00,"[{""cpu_ms"":29164,""stage"":""cohomology""},{""cpu_ms"":29556,""stage"":""primary_cf""},{""cpu_ms"":53607,""stage"":""primary_mc_and_bos""},{""cpu_ms"":55109,""stage"":""incoming_mc""},{""cpu_ms"":55528,""stage"":""secondary_bos""},{""cpu_ms"":68557,""stage"":""secondary_mc""},{""cpu_ms"":68558,""stage"":""pip""},{""cpu_ms"":68574,""stage"":""classification_end""},{""cpu_ms"":69048,""stage"":""stack_lift_D1""},{""cpu_ms"":69050,""stage"":""stack_lift_D2""},{""cpu_ms"":69051,""stage"":""stack_lift_C1""},{""cpu_ms"":111766,""stage"":""stack_lift_C2""},{""cpu_ms"":116970,""stage"":""stack_lift_B1""},{""cpu_ms"":249426,""stage"":""stack_relation_D1""},{""cpu_ms"":249427,""stage"":""stack_relation_D2""},{""cpu_ms"":249427,""stage"":""stack_relation_C1""},{""cpu_ms"":259904,""stage"":""stack_relation_C2""},{""cpu_ms"":270195,""stage"":""stack_relation_B1""}]","{""RL_ms"":241,""RP_ms"":884,""extension_ms"":9205,""holonomy_ms"":101,""section_ms"":19}",physical-spin-half-det-sign-omega0,normalized-pip-aw-edge-transport-v2,3+1D-full-affine-associated-graded,full,"{""CrystCat"":""1.1.10"",""GAP"":""4.13.1"",""HAP"":""1.62"",""Polycyclic"":""2.16""}",9c16c0714da16a1ed5dc23b7830701afc01e6d7a37ee6d243f536ee4dc9ecd96,/home/user/xyren/AllFSPT/runs/closed_cf_v09_source,/home/xingyu/FSPT_AHSS/results/space_groups/sg182.json,272fb4efb6a0264478295c74e8923d9b427c51995690b319422b6ba09e128cd3,,[]
183,computed,computed,[],0,[],0,[],0,"[2,2,2,2]",(Z2)^4,computed,"[2,2,2,2]",(Z2)^4,not-needed,,0,no free p+ip factor,,,,,,,,,,full-3+1D-spin-half-affine-stacking,p+ip-zero-three-layer-extension,native-vectors-plus-explicit-comparison-homotopy-recipes,False,stacking-with-generator-relations,47712,48191,479,49.03313446044922,2026-09-26T17:38:29.274507+00:00,2026-09-26T17:39:18.307648+00:00,"[{""cpu_ms"":26721,""stage"":""cohomology""},{""cpu_ms"":27295,""stage"":""primary_cf""},{""cpu_ms"":39302,""stage"":""primary_mc_and_bos""},{""cpu_ms"":40447,""stage"":""incoming_mc""},{""cpu_ms"":40871,""stage"":""secondary_bos""},{""cpu_ms"":47616,""stage"":""secondary_mc""},{""cpu_ms"":47616,""stage"":""pip""},{""cpu_ms"":47712,""stage"":""classification_end""}]","{""RL_ms"":241,""RP_ms"":890,""extension_ms"":5397,""holonomy_ms"":93,""section_ms"":19}",physical-spin-half-det-sign-omega0,normalized-pip-aw-edge-transport-v2,3+1D-full-affine-associated-graded,full,"{""CrystCat"":""1.1.10"",""GAP"":""4.13.1"",""HAP"":""1.62"",""Polycyclic"":""2.16""}",9c16c0714da16a1ed5dc23b7830701afc01e6d7a37ee6d243f536ee4dc9ecd96,/home/user/xyren/AllFSPT/runs/closed_cf_v09_source,/home/xingyu/FSPT_AHSS/results/space_groups/sg183.json,eab4e8ff2fb6f660f7ff1e60597769d0730ea1d6b2c56ae0178454fc91b4b624,,[]
184,computed,computed,[2],Z2,[2],Z2,[2],Z2,[],0,computed,"[2,2,2]",(Z2)^3,actual-phase-witness,actual-marked-torsion-square-with-cochain-gauges,0,no free p+ip factor,,,,,,,,,,full-3+1D-spin-half-affine-stacking,p+ip-zero-three-layer-extension,native-vectors-plus-explicit-comparison-homotopy-recipes,False,stacking-with-generator-relations,64116,396674,332558,404.3933084011078,2026-09-26T17:37:05.038641+00:00,2026-09-26T17:43:49.431956+00:00,"[{""cpu_ms"":29610,""stage"":""cohomology""},{""cpu_ms"":30421,""stage"":""primary_cf""},{""cpu_ms"":50632,""stage"":""primary_mc_and_bos""},{""cpu_ms"":52055,""stage"":""incoming_mc""},{""cpu_ms"":52481,""stage"":""secondary_bos""},{""cpu_ms"":52482,""stage"":""secondary_mc""},{""cpu_ms"":52483,""stage"":""pip""},{""cpu_ms"":52588,""stage"":""pip_d3""},{""cpu_ms"":64116,""stage"":""classification_end""},{""cpu_ms"":64596,""stage"":""stack_lift_C1""},{""cpu_ms"":104589,""stage"":""stack_lift_B1""},{""cpu_ms"":267811,""stage"":""stack_relation_C1""},{""cpu_ms"":319893,""stage"":""stack_relation_B1""},{""cpu_ms"":344321,""stage"":""stack_pip_C4_pullback""},{""cpu_ms"":344321,""stage"":""stack_pip_square""}]","{""RL_ms"":378,""RP_ms"":1352,""extension_ms"":8820,""holonomy_ms"":153,""section_ms"":31}",physical-spin-half-det-sign-omega0,normalized-pip-aw-edge-transport-v2,3+1D-full-affine-associated-graded,full,"{""CrystCat"":""1.1.10"",""GAP"":""4.13.1"",""HAP"":""1.62"",""Polycyclic"":""2.16""}",9c16c0714da16a1ed5dc23b7830701afc01e6d7a37ee6d243f536ee4dc9ecd96,/home/user/xyren/AllFSPT/runs/closed_cf_v09_source,/home/xingyu/FSPT_AHSS/results/space_groups/sg184.json,79b75fa30e785bdd11538734627a4a83bf0908545b2cb386c45961107ea6a6eb,,[]
185,computed,computed,[],0,[],0,[2],Z2,[],0,computed,[2],Z2,not-needed,,0,no free p+ip factor,,,,,,,,,,full-3+1D-spin-half-affine-stacking,p+ip-zero-three-layer-extension,native-vectors-plus-explicit-comparison-homotopy-recipes,False,stacking-with-generator-relations,53764,54305,541,55.00286531448364,2026-09-26T17:38:57.836527+00:00,2026-09-26T17:39:52.839399+00:00,"[{""cpu_ms"":29499,""stage"":""cohomology""},{""cpu_ms"":29953,""stage"":""primary_cf""},{""cpu_ms"":51274,""stage"":""primary_mc_and_bos""},{""cpu_ms"":53247,""stage"":""incoming_mc""},{""cpu_ms"":53655,""stage"":""secondary_bos""},{""cpu_ms"":53657,""stage"":""secondary_mc""},{""cpu_ms"":53657,""stage"":""pip""},{""cpu_ms"":53764,""stage"":""classification_end""},{""cpu_ms"":54255,""stage"":""stack_native_CF1""}]","{""RL_ms"":240,""RP_ms"":886,""extension_ms"":8895,""holonomy_ms"":99,""section_ms"":23}",physical-spin-half-det-sign-omega0,normalized-pip-aw-edge-transport-v2,3+1D-full-affine-associated-graded,full,"{""CrystCat"":""1.1.10"",""GAP"":""4.13.1"",""HAP"":""1.62"",""Polycyclic"":""2.16""}",9c16c0714da16a1ed5dc23b7830701afc01e6d7a37ee6d243f536ee4dc9ecd96,/home/user/xyren/AllFSPT/runs/closed_cf_v09_source,/home/xingyu/FSPT_AHSS/results/space_groups/sg185.json,5c29b841e74bc269a443b9583386a55a1b355913132fc5349b97b7177c66ec0e,,[]
186,computed,computed,[],0,[],0,[2],Z2,[],0,computed,[2],Z2,not-needed,,0,no free p+ip factor,,,,,,,,,,full-3+1D-spin-half-affine-stacking,p+ip-zero-three-layer-extension,native-vectors-plus-explicit-comparison-homotopy-recipes,False,stacking-with-generator-relations,60641,61165,524,61.925787687301636,2026-09-26T17:38:43.718432+00:00,2026-09-26T17:39:45.644228+00:00,"[{""cpu_ms"":28787,""stage"":""cohomology""},{""cpu_ms"":29250,""stage"":""primary_cf""},{""cpu_ms"":58315,""stage"":""primary_mc_and_bos""},{""cpu_ms"":60038,""stage"":""incoming_mc""},{""cpu_ms"":60519,""stage"":""secondary_bos""},{""cpu_ms"":60521,""stage"":""secondary_mc""},{""cpu_ms"":60521,""stage"":""pip""},{""cpu_ms"":60641,""stage"":""classification_end""},{""cpu_ms"":61118,""stage"":""stack_native_CF1""}]","{""RL_ms"":250,""RP_ms"":914,""extension_ms"":9264,""holonomy_ms"":103,""section_ms"":18}",physical-spin-half-det-sign-omega0,normalized-pip-aw-edge-transport-v2,3+1D-full-affine-associated-graded,full,"{""CrystCat"":""1.1.10"",""GAP"":""4.13.1"",""HAP"":""1.62"",""Polycyclic"":""2.16""}",9c16c0714da16a1ed5dc23b7830701afc01e6d7a37ee6d243f536ee4dc9ecd96,/home/user/xyren/AllFSPT/runs/closed_cf_v09_source,/home/xingyu/FSPT_AHSS/results/space_groups/sg186.json,80685cb6b8edda1de1b1ef11bc5bcc5180c02ce61d5fe49d494808ded33b0023,,[]
187,computed,computed,[],0,[],0,[],0,"[2,2,2,2]",(Z2)^4,computed,"[2,2,2,2]",(Z2)^4,not-needed,,0,no free p+ip factor,,,,,,,,,,full-3+1D-spin-half-affine-stacking,p+ip-zero-three-layer-extension,native-vectors-plus-explicit-comparison-homotopy-recipes,False,stacking-with-generator-relations,40498,40986,488,41.8187894821167,2026-09-26T17:39:27.323171+00:00,2026-09-26T17:40:09.141968+00:00,"[{""cpu_ms"":26443,""stage"":""cohomology""},{""cpu_ms"":27014,""stage"":""primary_cf""},{""cpu_ms"":38808,""stage"":""primary_mc_and_bos""},{""cpu_ms"":39989,""stage"":""incoming_mc""},{""cpu_ms"":40397,""stage"":""secondary_bos""},{""cpu_ms"":40407,""stage"":""secondary_mc""},{""cpu_ms"":40407,""stage"":""pip""},{""cpu_ms"":40498,""stage"":""classification_end""}]","{""RL_ms"":244,""RP_ms"":901,""extension_ms"":5733,""holonomy_ms"":153,""section_ms"":18}",physical-spin-half-det-sign-omega0,normalized-pip-aw-edge-transport-v2,3+1D-full-affine-associated-graded,full,"{""CrystCat"":""1.1.10"",""GAP"":""4.13.1"",""HAP"":""1.62"",""Polycyclic"":""2.16""}",9c16c0714da16a1ed5dc23b7830701afc01e6d7a37ee6d243f536ee4dc9ecd96,/home/user/xyren/AllFSPT/runs/closed_cf_v09_source,/home/xingyu/FSPT_AHSS/results/space_groups/sg187.json,a545787b9d1ea79e03c31b5551612976747bb1ac77b5fde8c20abcd4f1c624e7,,[]
188,computed,computed,[],0,[2],Z2,"[2,2]",(Z2)^2,"[2,2]",(Z2)^2,computed,"[4,8]",Z4 + Z8,not-needed,,0,no free p+ip factor,,,,,,,,,,full-3+1D-spin-half-affine-stacking,p+ip-zero-three-layer-extension,native-vectors-plus-explicit-comparison-homotopy-recipes,False,stacking-with-generator-relations,63298,296867,233569,302.8081474304199,2026-09-26T17:37:06.384572+00:00,2026-09-26T17:42:09.192725+00:00,"[{""cpu_ms"":30046,""stage"":""cohomology""},{""cpu_ms"":30512,""stage"":""primary_cf""},{""cpu_ms"":50990,""stage"":""primary_mc_and_bos""},{""cpu_ms"":52919,""stage"":""incoming_mc""},{""cpu_ms"":53279,""stage"":""secondary_bos""},{""cpu_ms"":63202,""stage"":""secondary_mc""},{""cpu_ms"":63202,""stage"":""pip""},{""cpu_ms"":63298,""stage"":""classification_end""},{""cpu_ms"":63786,""stage"":""stack_lift_D1""},{""cpu_ms"":63788,""stage"":""stack_lift_D2""},{""cpu_ms"":63789,""stage"":""stack_lift_C1""},{""cpu_ms"":98300,""stage"":""stack_lift_C2""},{""cpu_ms"":102222,""stage"":""stack_lift_B1""},{""cpu_ms"":215189,""stage"":""stack_relation_D1""},{""cpu_ms"":215189,""stage"":""stack_relation_D2""},{""cpu_ms"":215189,""stage"":""stack_relation_C1""},{""cpu_ms"":224692,""stage"":""stack_relation_C2""},{""cpu_ms"":244300,""stage"":""stack_relation_B1""}]","{""RL_ms"":242,""RP_ms"":883,""extension_ms"":9793,""holonomy_ms"":103,""section_ms"":21}",physical-spin-half-det-sign-omega0,normalized-pip-aw-edge-transport-v2,3+1D-full-affine-associated-graded,full,"{""CrystCat"":""1.1.10"",""GAP"":""4.13.1"",""HAP"":""1.62"",""Polycyclic"":""2.16""}",9c16c0714da16a1ed5dc23b7830701afc01e6d7a37ee6d243f536ee4dc9ecd96,/home/user/xyren/AllFSPT/runs/closed_cf_v09_source,/home/xingyu/FSPT_AHSS/results/space_groups/sg188.json,3bb2215f3276dce7b6a40c5228a652a92d8a6b51b6d7a90c276de1aba5927df8,,[]
189,computed,computed,[],0,[],0,[],0,"[2,2,2,6]",(Z2)^3 + Z6,computed,"[2,2,2,6]",(Z2)^3 + Z6,not-needed,,0,no free p+ip factor,,,,,,,,,,full-3+1D-spin-half-affine-stacking,p+ip-zero-three-layer-extension,native-vectors-plus-explicit-comparison-homotopy-recipes,False,stacking-with-generator-relations,38869,39361,492,40.615211725234985,2026-09-26T17:39:02.557647+00:00,2026-09-26T17:39:43.172866+00:00,"[{""cpu_ms"":25377,""stage"":""cohomology""},{""cpu_ms"":25927,""stage"":""primary_cf""},{""cpu_ms"":37203,""stage"":""primary_mc_and_bos""},{""cpu_ms"":38377,""stage"":""incoming_mc""},{""cpu_ms"":38765,""stage"":""secondary_bos""},{""cpu_ms"":38776,""stage"":""secondary_mc""},{""cpu_ms"":38776,""stage"":""pip""},{""cpu_ms"":38869,""stage"":""classification_end""}]","{""RL_ms"":241,""RP_ms"":875,""extension_ms"":4900,""holonomy_ms"":100,""section_ms"":18}",physical-spin-half-det-sign-omega0,normalized-pip-aw-edge-transport-v2,3+1D-full-affine-associated-graded,full,"{""CrystCat"":""1.1.10"",""GAP"":""4.13.1"",""HAP"":""1.62"",""Polycyclic"":""2.16""}",9c16c0714da16a1ed5dc23b7830701afc01e6d7a37ee6d243f536ee4dc9ecd96,/home/user/xyren/AllFSPT/runs/closed_cf_v09_source,/home/xingyu/FSPT_AHSS/results/space_groups/sg189.json,2279f607c4c320a21ac8019fe49d8a97da06109d76af0fc06b17fa7c6dfd4939,,[]
190,computed,computed,[],0,[2],Z2,"[2,2]",(Z2)^2,"[2,6]",Z2 + Z6,computed,"[4,24]",Z4 + Z24,not-needed,,0,no free p+ip factor,,,,,,,,,,full-3+1D-spin-half-affine-stacking,p+ip-zero-three-layer-extension,native-vectors-plus-explicit-comparison-homotopy-recipes,False,stacking-with-generator-relations,71822,370054,298232,376.8275570869446,2026-09-26T17:37:04.784614+00:00,2026-09-26T17:43:21.612177+00:00,"[{""cpu_ms"":29894,""stage"":""cohomology""},{""cpu_ms"":30664,""stage"":""primary_cf""},{""cpu_ms"":57057,""stage"":""primary_mc_and_bos""},{""cpu_ms"":58887,""stage"":""incoming_mc""},{""cpu_ms"":59345,""stage"":""secondary_bos""},{""cpu_ms"":71712,""stage"":""secondary_mc""},{""cpu_ms"":71712,""stage"":""pip""},{""cpu_ms"":71822,""stage"":""classification_end""},{""cpu_ms"":72311,""stage"":""stack_lift_D1""},{""cpu_ms"":72312,""stage"":""stack_lift_D2""},{""cpu_ms"":72313,""stage"":""stack_lift_C1""},{""cpu_ms"":117037,""stage"":""stack_lift_C2""},{""cpu_ms"":121924,""stage"":""stack_lift_B1""},{""cpu_ms"":264921,""stage"":""stack_relation_D1""},{""cpu_ms"":264921,""stage"":""stack_relation_D2""},{""cpu_ms"":264921,""stage"":""stack_relation_C1""},{""cpu_ms"":293585,""stage"":""stack_relation_C2""},{""cpu_ms"":305858,""stage"":""stack_relation_B1""}]","{""RL_ms"":244,""RP_ms"":887,""extension_ms"":8062,""holonomy_ms"":104,""section_ms"":23}",physical-spin-half-det-sign-omega0,normalized-pip-aw-edge-transport-v2,3+1D-full-affine-associated-graded,full,"{""CrystCat"":""1.1.10"",""GAP"":""4.13.1"",""HAP"":""1.62"",""Polycyclic"":""2.16""}",9c16c0714da16a1ed5dc23b7830701afc01e6d7a37ee6d243f536ee4dc9ecd96,/home/user/xyren/AllFSPT/runs/closed_cf_v09_source,/home/xingyu/FSPT_AHSS/results/space_groups/sg190.json,e0ca38670f484bef131b74c3cb894e3af8ed4946d56fa571dcc56aca882a5b6c,,[]
191,computed,computed,[],0,[],0,[],0,"[2,2,2,2,2,2,2,2,2,2,2,2]",(Z2)^12,computed,"[2,2,2,2,2,2,2,2,2,2,2,2]",(Z2)^12,not-needed,,0,no free p+ip factor,,,,,,,,,,full-3+1D-spin-half-affine-stacking,p+ip-zero-three-layer-extension,native-vectors-plus-explicit-comparison-homotopy-recipes,False,stacking-with-generator-relations,78716,79232,516,80.14397668838501,2026-09-26T17:37:29.035492+00:00,2026-09-26T17:38:49.179475+00:00,"[{""cpu_ms"":46439,""stage"":""cohomology""},{""cpu_ms"":48780,""stage"":""primary_cf""},{""cpu_ms"":75364,""stage"":""primary_mc_and_bos""},{""cpu_ms"":77698,""stage"":""incoming_mc""},{""cpu_ms"":78514,""stage"":""secondary_bos""},{""cpu_ms"":78586,""stage"":""secondary_mc""},{""cpu_ms"":78586,""stage"":""pip""},{""cpu_ms"":78716,""stage"":""classification_end""}]","{""RL_ms"":251,""RP_ms"":9567,""extension_ms"":14033,""holonomy_ms"":156,""section_ms"":40}",physical-spin-half-det-sign-omega0,normalized-pip-aw-edge-transport-v2,3+1D-full-affine-associated-graded,full,"{""CrystCat"":""1.1.10"",""GAP"":""4.13.1"",""HAP"":""1.62"",""Polycyclic"":""2.16""}",9c16c0714da16a1ed5dc23b7830701afc01e6d7a37ee6d243f536ee4dc9ecd96,/home/user/xyren/AllFSPT/runs/closed_cf_v09_source,/home/xingyu/FSPT_AHSS/results/space_groups/sg191.json,32da5f9a1389329133a72d1d444e9f43a72bb539830c5a8d8c1a724bde95bd28,,[]
192,computed,computed,[],0,[],0,[2],Z2,"[2,2,2,2,2]",(Z2)^5,computed,"[2,2,2,2,4]",(Z2)^4 + Z4,not-needed,,0,no free p+ip factor,,,,,,,,,,full-3+1D-spin-half-affine-stacking,p+ip-zero-three-layer-extension,native-vectors-plus-explicit-comparison-homotopy-recipes,False,stacking-with-generator-relations,135301,135851,550,143.346453666687,2026-09-26T17:37:05.475219+00:00,2026-09-26T17:39:28.821681+00:00,"[{""cpu_ms"":56773,""stage"":""cohomology""},{""cpu_ms"":58340,""stage"":""primary_cf""},{""cpu_ms"":111305,""stage"":""primary_mc_and_bos""},{""cpu_ms"":114008,""stage"":""incoming_mc""},{""cpu_ms"":114926,""stage"":""secondary_bos""},{""cpu_ms"":135158,""stage"":""secondary_mc""},{""cpu_ms"":135158,""stage"":""pip""},{""cpu_ms"":135301,""stage"":""classification_end""},{""cpu_ms"":135790,""stage"":""stack_native_CF1""}]","{""RL_ms"":253,""RP_ms"":9757,""extension_ms"":27767,""holonomy_ms"":160,""section_ms"":45}",physical-spin-half-det-sign-omega0,normalized-pip-aw-edge-transport-v2,3+1D-full-affine-associated-graded,full,"{""CrystCat"":""1.1.10"",""GAP"":""4.13.1"",""HAP"":""1.62"",""Polycyclic"":""2.16""}",9c16c0714da16a1ed5dc23b7830701afc01e6d7a37ee6d243f536ee4dc9ecd96,/home/user/xyren/AllFSPT/runs/closed_cf_v09_source,/home/xingyu/FSPT_AHSS/results/space_groups/sg192.json,d7802c6c7f428b707c6b663fd3fca781264795acf9b5294226f56bcc4a265cbb,,[]
193,computed,computed,[],0,[],0,[2],Z2,"[2,2,2]",(Z2)^3,computed,"[2,2,4]",(Z2)^2 + Z4,not-needed,,0,no free p+ip factor,,,,,,,,,,full-3+1D-spin-half-affine-stacking,p+ip-zero-three-layer-extension,native-vectors-plus-explicit-comparison-homotopy-recipes,False,stacking-with-generator-relations,150119,150673,554,157.48700761795044,2026-09-26T17:37:05.226547+00:00,2026-09-26T17:39:42.713561+00:00,"[{""cpu_ms"":60183,""stage"":""cohomology""},{""cpu_ms"":61681,""stage"":""primary_cf""},{""cpu_ms"":142874,""stage"":""primary_mc_and_bos""},{""cpu_ms"":148918,""stage"":""incoming_mc""},{""cpu_ms"":149936,""stage"":""secondary_bos""},{""cpu_ms"":149947,""stage"":""secondary_mc""},{""cpu_ms"":149947,""stage"":""pip""},{""cpu_ms"":150119,""stage"":""classification_end""},{""cpu_ms"":150608,""stage"":""stack_native_CF1""}]","{""RL_ms"":253,""RP_ms"":9637,""extension_ms"":31290,""holonomy_ms"":159,""section_ms"":41}",physical-spin-half-det-sign-omega0,normalized-pip-aw-edge-transport-v2,3+1D-full-affine-associated-graded,full,"{""CrystCat"":""1.1.10"",""GAP"":""4.13.1"",""HAP"":""1.62"",""Polycyclic"":""2.16""}",9c16c0714da16a1ed5dc23b7830701afc01e6d7a37ee6d243f536ee4dc9ecd96,/home/user/xyren/AllFSPT/runs/closed_cf_v09_source,/home/xingyu/FSPT_AHSS/results/space_groups/sg193.json,cf165f5f5424b4b4b264f4cb6dd6f1689791536d9c72db7a1d9712b0243f37c8,,[]
194,computed,computed,[],0,[],0,[2],Z2,"[2,2,2]",(Z2)^3,computed,"[2,2,4]",(Z2)^2 + Z4,not-needed,,0,no free p+ip factor,,,,,,,,,,full-3+1D-spin-half-affine-stacking,p+ip-zero-three-layer-extension,native-vectors-plus-explicit-comparison-homotopy-recipes,False,stacking-with-generator-relations,156297,156861,564,164.87401127815247,2026-09-26T17:37:05.444912+00:00,2026-09-26T17:39:50.318929+00:00,"[{""cpu_ms"":63818,""stage"":""cohomology""},{""cpu_ms"":65500,""stage"":""primary_cf""},{""cpu_ms"":149254,""stage"":""primary_mc_and_bos""},{""cpu_ms"":155064,""stage"":""incoming_mc""},{""cpu_ms"":156121,""stage"":""secondary_bos""},{""cpu_ms"":156132,""stage"":""secondary_mc""},{""cpu_ms"":156132,""stage"":""pip""},{""cpu_ms"":156297,""stage"":""classification_end""},{""cpu_ms"":156798,""stage"":""stack_native_CF1""}]","{""RL_ms"":253,""RP_ms"":12200,""extension_ms"":32611,""holonomy_ms"":160,""section_ms"":44}",physical-spin-half-det-sign-omega0,normalized-pip-aw-edge-transport-v2,3+1D-full-affine-associated-graded,full,"{""CrystCat"":""1.1.10"",""GAP"":""4.13.1"",""HAP"":""1.62"",""Polycyclic"":""2.16""}",9c16c0714da16a1ed5dc23b7830701afc01e6d7a37ee6d243f536ee4dc9ecd96,/home/user/xyren/AllFSPT/runs/closed_cf_v09_source,/home/xingyu/FSPT_AHSS/results/space_groups/sg194.json,78dece1a70ecdb8fa1284db661cbad2e4cf427154e588a85e5c135b901c16061,,[]
195,computed,computed,[],0,[],0,[],0,"[2,2,2,6]",(Z2)^3 + Z6,computed,"[2,2,2,6]",(Z2)^3 + Z6,not-needed,,0,no free p+ip factor,,,,,,,,,,full-3+1D-spin-half-affine-stacking,p+ip-zero-three-layer-extension,native-vectors-plus-explicit-comparison-homotopy-recipes,False,stacking-with-generator-relations,31485,31970,485,32.755518674850464,2026-09-26T17:39:40.500367+00:00,2026-09-26T17:40:13.255892+00:00,"[{""cpu_ms"":24593,""stage"":""cohomology""},{""cpu_ms"":24817,""stage"":""primary_cf""},{""cpu_ms"":28413,""stage"":""primary_mc_and_bos""},{""cpu_ms"":28969,""stage"":""incoming_mc""},{""cpu_ms"":29139,""stage"":""secondary_bos""},{""cpu_ms"":31472,""stage"":""secondary_mc""},{""cpu_ms"":31472,""stage"":""pip""},{""cpu_ms"":31485,""stage"":""classification_end""}]","{""RL_ms"":245,""RP_ms"":169,""extension_ms"":1986,""holonomy_ms"":103,""section_ms"":17}",physical-spin-half-det-sign-omega0,normalized-pip-aw-edge-transport-v2,3+1D-full-affine-associated-graded,full,"{""CrystCat"":""1.1.10"",""GAP"":""4.13.1"",""HAP"":""1.62"",""Polycyclic"":""2.16""}",9c16c0714da16a1ed5dc23b7830701afc01e6d7a37ee6d243f536ee4dc9ecd96,/home/user/xyren/AllFSPT/runs/closed_cf_v09_source,/home/xingyu/FSPT_AHSS/results/space_groups/sg195.json,9d18691fc2ec4484b3d248f3a41620de75d08ec77bba0b4e0b8891e792448827,,[]
196,computed,computed,[],0,[2],Z2,[],0,[3],Z3,computed,[6],Z6,not-needed,,0,no free p+ip factor,,,,,,,,,,full-3+1D-spin-half-affine-stacking,p+ip-zero-three-layer-extension,native-vectors-plus-explicit-comparison-homotopy-recipes,False,stacking-with-generator-relations,37438,140845,103407,146.98187446594238,2026-09-26T17:36:59.994068+00:00,2026-09-26T17:39:26.975950+00:00,"[{""cpu_ms"":23186,""stage"":""cohomology""},{""cpu_ms"":23404,""stage"":""primary_cf""},{""cpu_ms"":36225,""stage"":""primary_mc_and_bos""},{""cpu_ms"":37423,""stage"":""incoming_mc""},{""cpu_ms"":37423,""stage"":""secondary_bos""},{""cpu_ms"":37423,""stage"":""secondary_mc""},{""cpu_ms"":37424,""stage"":""pip""},{""cpu_ms"":37438,""stage"":""classification_end""},{""cpu_ms"":37932,""stage"":""stack_lift_D1""},{""cpu_ms"":37938,""stage"":""stack_lift_B1""},{""cpu_ms"":132461,""stage"":""stack_relation_D1""},{""cpu_ms"":132461,""stage"":""stack_relation_B1""}]","{""RL_ms"":243,""RP_ms"":167,""extension_ms"":4348,""holonomy_ms"":105,""section_ms"":18}",physical-spin-half-det-sign-omega0,normalized-pip-aw-edge-transport-v2,3+1D-full-affine-associated-graded,full,"{""CrystCat"":""1.1.10"",""GAP"":""4.13.1"",""HAP"":""1.62"",""Polycyclic"":""2.16""}",9c16c0714da16a1ed5dc23b7830701afc01e6d7a37ee6d243f536ee4dc9ecd96,/home/user/xyren/AllFSPT/runs/closed_cf_v09_source,/home/xingyu/FSPT_AHSS/results/space_groups/sg196.json,a1c7f048329644c3c22153ddd1c400c71afd711d567cff044b96cbeaa3d4a2b9,,[]
197,computed,computed,[],0,[],0,[],0,"[2,6]",Z2 + Z6,computed,"[2,6]",Z2 + Z6,not-needed,,0,no free p+ip factor,,,,,,,,,,full-3+1D-spin-half-affine-stacking,p+ip-zero-three-layer-extension,native-vectors-plus-explicit-comparison-homotopy-recipes,False,stacking-with-generator-relations,46851,47337,486,48.0794780254364,2026-09-26T17:39:06.859799+00:00,2026-09-26T17:39:54.939286+00:00,"[{""cpu_ms"":25364,""stage"":""cohomology""},{""cpu_ms"":25573,""stage"":""primary_cf""},{""cpu_ms"":37515,""stage"":""primary_mc_and_bos""},{""cpu_ms"":38941,""stage"":""incoming_mc""},{""cpu_ms"":39179,""stage"":""secondary_bos""},{""cpu_ms"":46838,""stage"":""secondary_mc""},{""cpu_ms"":46838,""stage"":""pip""},{""cpu_ms"":46851,""stage"":""classification_end""}]","{""RL_ms"":257,""RP_ms"":175,""extension_ms"":4867,""holonomy_ms"":109,""section_ms"":19}",physical-spin-half-det-sign-omega0,normalized-pip-aw-edge-transport-v2,3+1D-full-affine-associated-graded,full,"{""CrystCat"":""1.1.10"",""GAP"":""4.13.1"",""HAP"":""1.62"",""Polycyclic"":""2.16""}",9c16c0714da16a1ed5dc23b7830701afc01e6d7a37ee6d243f536ee4dc9ecd96,/home/user/xyren/AllFSPT/runs/closed_cf_v09_source,/home/xingyu/FSPT_AHSS/results/space_groups/sg197.json,094507f0c053123e7453c5dc591b4f58fca9483866f8843bfa3a816fc96a52b5,,[]
198,computed,computed,[],0,[],0,[2],Z2,[3],Z3,computed,[6],Z6,not-needed,,0,no free p+ip factor,,,,,,,,,,full-3+1D-spin-half-affine-stacking,p+ip-zero-three-layer-extension,native-vectors-plus-explicit-comparison-homotopy-recipes,False,stacking-with-generator-relations,26217,46450,20233,47.29138422012329,2026-09-26T17:38:57.599235+00:00,2026-09-26T17:39:44.890627+00:00,"[{""cpu_ms"":26015,""stage"":""cohomology""},{""cpu_ms"":26203,""stage"":""primary_cf""},{""cpu_ms"":26204,""stage"":""primary_mc_and_bos""},{""cpu_ms"":26204,""stage"":""incoming_mc""},{""cpu_ms"":26204,""stage"":""secondary_bos""},{""cpu_ms"":26205,""stage"":""secondary_mc""},{""cpu_ms"":26205,""stage"":""pip""},{""cpu_ms"":26217,""stage"":""classification_end""},{""cpu_ms"":26710,""stage"":""stack_native_CF1""}]","{""RL_ms"":242,""RP_ms"":168,""extension_ms"":5530,""holonomy_ms"":104,""section_ms"":23}",physical-spin-half-det-sign-omega0,normalized-pip-aw-edge-transport-v2,3+1D-full-affine-associated-graded,full,"{""CrystCat"":""1.1.10"",""GAP"":""4.13.1"",""HAP"":""1.62"",""Polycyclic"":""2.16""}",9c16c0714da16a1ed5dc23b7830701afc01e6d7a37ee6d243f536ee4dc9ecd96,/home/user/xyren/AllFSPT/runs/closed_cf_v09_source,/home/xingyu/FSPT_AHSS/results/space_groups/sg198.json,92a2af4fa294093d59b466fdcc0722ecf1419d886e6f4c2bdea1d4f080fb251c,,[]
199,computed,computed,[],0,[],0,[2],Z2,[6],Z6,computed,[12],Z12,not-needed,,0,no free p+ip factor,,,,,,,,,,full-3+1D-spin-half-affine-stacking,p+ip-zero-three-layer-extension,native-vectors-plus-explicit-comparison-homotopy-recipes,False,stacking-with-generator-relations,77514,78004,490,83.75471901893616,2026-09-26T17:37:00.226086+00:00,2026-09-26T17:38:23.980812+00:00,"[{""cpu_ms"":31833,""stage"":""cohomology""},{""cpu_ms"":32031,""stage"":""primary_cf""},{""cpu_ms"":58583,""stage"":""primary_mc_and_bos""},{""cpu_ms"":61215,""stage"":""incoming_mc""},{""cpu_ms"":61678,""stage"":""secondary_bos""},{""cpu_ms"":77501,""stage"":""secondary_mc""},{""cpu_ms"":77501,""stage"":""pip""},{""cpu_ms"":77514,""stage"":""classification_end""},{""cpu_ms"":77991,""stage"":""stack_native_CF1""}]","{""RL_ms"":245,""RP_ms"":172,""extension_ms"":11596,""holonomy_ms"":103,""section_ms"":19}",physical-spin-half-det-sign-omega0,normalized-pip-aw-edge-transport-v2,3+1D-full-affine-associated-graded,full,"{""CrystCat"":""1.1.10"",""GAP"":""4.13.1"",""HAP"":""1.62"",""Polycyclic"":""2.16""}",9c16c0714da16a1ed5dc23b7830701afc01e6d7a37ee6d243f536ee4dc9ecd96,/home/user/xyren/AllFSPT/runs/closed_cf_v09_source,/home/xingyu/FSPT_AHSS/results/space_groups/sg199.json,4e97dbe80bd8c1f52afd6c47b2e665c6f951731cacd583da560f43344e983977,,[]
200,computed,computed,[],0,[],0,[],0,"[2,2,2,2,2,2,2,6]",(Z2)^7 + Z6,computed,"[2,2,2,2,2,2,2,6]",(Z2)^7 + Z6,not-needed,,0,no free p+ip factor,,,,,,,,,,full-3+1D-spin-half-affine-stacking,p+ip-zero-three-layer-extension,native-vectors-plus-explicit-comparison-homotopy-recipes,False,stacking-with-generator-relations,33342,33837,495,34.60696506500244,2026-09-26T17:39:36.597245+00:00,2026-09-26T17:40:11.204216+00:00,"[{""cpu_ms"":24164,""stage"":""cohomology""},{""cpu_ms"":24663,""stage"":""primary_cf""},{""cpu_ms"":31838,""stage"":""primary_mc_and_bos""},{""cpu_ms"":32862,""stage"":""incoming_mc""},{""cpu_ms"":33241,""stage"":""secondary_bos""},{""cpu_ms"":33264,""stage"":""secondary_mc""},{""cpu_ms"":33265,""stage"":""pip""},{""cpu_ms"":33342,""stage"":""classification_end""}]","{""RL_ms"":246,""RP_ms"":964,""extension_ms"":3303,""holonomy_ms"":170,""section_ms"":41}",physical-spin-half-det-sign-omega0,normalized-pip-aw-edge-transport-v2,3+1D-full-affine-associated-graded,full,"{""CrystCat"":""1.1.10"",""GAP"":""4.13.1"",""HAP"":""1.62"",""Polycyclic"":""2.16""}",9c16c0714da16a1ed5dc23b7830701afc01e6d7a37ee6d243f536ee4dc9ecd96,/home/user/xyren/AllFSPT/runs/closed_cf_v09_source,/home/xingyu/FSPT_AHSS/results/space_groups/sg200.json,1e6d25d8af76cb6a8ec3f60ffd81f7374901f483010403795fdf4fad12c59f2d,,[]
201,computed,computed,[],0,[],0,[],0,"[2,6]",Z2 + Z6,computed,"[2,6]",Z2 + Z6,not-needed,,0,no free p+ip factor,,,,,,,,,,full-3+1D-spin-half-affine-stacking,p+ip-zero-three-layer-extension,native-vectors-plus-explicit-comparison-homotopy-recipes,False,stacking-with-generator-relations,195973,196455,482,203.01986646652222,2026-09-26T17:36:54.264004+00:00,2026-09-26T17:40:17.283875+00:00,"[{""cpu_ms"":43427,""stage"":""cohomology""},{""cpu_ms"":43928,""stage"":""primary_cf""},{""cpu_ms"":183969,""stage"":""primary_mc_and_bos""},{""cpu_ms"":193889,""stage"":""incoming_mc""},{""cpu_ms"":195783,""stage"":""secondary_bos""},{""cpu_ms"":195786,""stage"":""secondary_mc""},{""cpu_ms"":195786,""stage"":""pip""},{""cpu_ms"":195973,""stage"":""classification_end""}]","{""RL_ms"":239,""RP_ms"":954,""extension_ms"":23146,""holonomy_ms"":174,""section_ms"":49}",physical-spin-half-det-sign-omega0,normalized-pip-aw-edge-transport-v2,3+1D-full-affine-associated-graded,full,"{""CrystCat"":""1.1.10"",""GAP"":""4.13.1"",""HAP"":""1.62"",""Polycyclic"":""2.16""}",9c16c0714da16a1ed5dc23b7830701afc01e6d7a37ee6d243f536ee4dc9ecd96,/home/user/xyren/AllFSPT/runs/closed_cf_v09_source,/home/xingyu/FSPT_AHSS/results/space_groups/sg201.json,72784654becbabec3f8aeee69a955cdf2cd0f3f4f2de621699bfc166cd15598b,,[]
202,computed,computed,[],0,[],0,[2],Z2,"[2,6]",Z2 + Z6,computed,"[2,2,6]",(Z2)^2 + Z6,not-needed,,0,no free p+ip factor,,,,,,,,,,full-3+1D-spin-half-affine-stacking,p+ip-zero-three-layer-extension,native-vectors-plus-explicit-comparison-homotopy-recipes,False,stacking-with-generator-relations,69532,70032,500,70.63011693954468,2026-09-26T17:38:30.639505+00:00,2026-09-26T17:39:41.269629+00:00,"[{""cpu_ms"":30455,""stage"":""cohomology""},{""cpu_ms"":30864,""stage"":""primary_cf""},{""cpu_ms"":66150,""stage"":""primary_mc_and_bos""},{""cpu_ms"":68996,""stage"":""incoming_mc""},{""cpu_ms"":69421,""stage"":""secondary_bos""},{""cpu_ms"":69425,""stage"":""secondary_mc""},{""cpu_ms"":69425,""stage"":""pip""},{""cpu_ms"":69532,""stage"":""classification_end""},{""cpu_ms"":70006,""stage"":""stack_native_CF1""}]","{""RL_ms"":248,""RP_ms"":966,""extension_ms"":11043,""holonomy_ms"":167,""section_ms"":40}",physical-spin-half-det-sign-omega0,normalized-pip-aw-edge-transport-v2,3+1D-full-affine-associated-graded,full,"{""CrystCat"":""1.1.10"",""GAP"":""4.13.1"",""HAP"":""1.62"",""Polycyclic"":""2.16""}",9c16c0714da16a1ed5dc23b7830701afc01e6d7a37ee6d243f536ee4dc9ecd96,/home/user/xyren/AllFSPT/runs/closed_cf_v09_source,/home/xingyu/FSPT_AHSS/results/space_groups/sg202.json,ab999fcfde9298e7ce181994e5dca4503060bf3679748460396e008f9b86267b,,[]
203,computed,computed,[],0,[],0,[2],Z2,[3],Z3,computed,[6],Z6,not-needed,,0,no free p+ip factor,,,,,,,,,,full-3+1D-spin-half-affine-stacking,p+ip-zero-three-layer-extension,native-vectors-plus-explicit-comparison-homotopy-recipes,False,stacking-with-generator-relations,223024,223554,530,231.31608080863953,2026-09-26T17:37:05.229496+00:00,2026-09-26T17:40:56.545583+00:00,"[{""cpu_ms"":52494,""stage"":""cohomology""},{""cpu_ms"":53131,""stage"":""primary_cf""},{""cpu_ms"":213006,""stage"":""primary_mc_and_bos""},{""cpu_ms"":221951,""stage"":""incoming_mc""},{""cpu_ms"":222841,""stage"":""secondary_bos""},{""cpu_ms"":222842,""stage"":""secondary_mc""},{""cpu_ms"":222842,""stage"":""pip""},{""cpu_ms"":223024,""stage"":""classification_end""},{""cpu_ms"":223507,""stage"":""stack_native_CF1""}]","{""RL_ms"":244,""RP_ms"":962,""extension_ms"":32537,""holonomy_ms"":170,""section_ms"":43}",physical-spin-half-det-sign-omega0,normalized-pip-aw-edge-transport-v2,3+1D-full-affine-associated-graded,full,"{""CrystCat"":""1.1.10"",""GAP"":""4.13.1"",""HAP"":""1.62"",""Polycyclic"":""2.16""}",9c16c0714da16a1ed5dc23b7830701afc01e6d7a37ee6d243f536ee4dc9ecd96,/home/user/xyren/AllFSPT/runs/closed_cf_v09_source,/home/xingyu/FSPT_AHSS/results/space_groups/sg203.json,74a75ec053790ba6aa90eb29028f9a593355a1c15c2d45ab49bd48c38c47ac53,,[]
204,computed,computed,[],0,[],0,[],0,"[2,2,2,6]",(Z2)^3 + Z6,computed,"[2,2,2,6]",(Z2)^3 + Z6,not-needed,,0,no free p+ip factor,,,,,,,,,,full-3+1D-spin-half-affine-stacking,p+ip-zero-three-layer-extension,native-vectors-plus-explicit-comparison-homotopy-recipes,False,stacking-with-generator-relations,94193,94680,487,102.07746458053589,2026-09-26T17:37:05.634965+00:00,2026-09-26T17:38:47.712437+00:00,"[{""cpu_ms"":37155,""stage"":""cohomology""},{""cpu_ms"":37674,""stage"":""primary_cf""},{""cpu_ms"":89129,""stage"":""primary_mc_and_bos""},{""cpu_ms"":93397,""stage"":""incoming_mc""},{""cpu_ms"":94066,""stage"":""secondary_bos""},{""cpu_ms"":94073,""stage"":""secondary_mc""},{""cpu_ms"":94073,""stage"":""pip""},{""cpu_ms"":94193,""stage"":""classification_end""}]","{""RL_ms"":374,""RP_ms"":1517,""extension_ms"":16647,""holonomy_ms"":169,""section_ms"":43}",physical-spin-half-det-sign-omega0,normalized-pip-aw-edge-transport-v2,3+1D-full-affine-associated-graded,full,"{""CrystCat"":""1.1.10"",""GAP"":""4.13.1"",""HAP"":""1.62"",""Polycyclic"":""2.16""}",9c16c0714da16a1ed5dc23b7830701afc01e6d7a37ee6d243f536ee4dc9ecd96,/home/user/xyren/AllFSPT/runs/closed_cf_v09_source,/home/xingyu/FSPT_AHSS/results/space_groups/sg204.json,eeaf194232a06af7bc9a6e83843e15fae446227dfdaf4248fe4a371dc61918b7,,[]
205,computed,computed,[],0,[],0,[2],Z2,[6],Z6,computed,"[2,6]",Z2 + Z6,not-needed,,0,no free p+ip factor,,,,,,,,,,full-3+1D-spin-half-affine-stacking,p+ip-zero-three-layer-extension,native-vectors-plus-explicit-comparison-homotopy-recipes,False,stacking-with-generator-relations,59345,130769,71424,137.64336609840393,2026-09-26T17:37:05.256474+00:00,2026-09-26T17:39:22.899847+00:00,"[{""cpu_ms"":39979,""stage"":""cohomology""},{""cpu_ms"":40382,""stage"":""primary_cf""},{""cpu_ms"":40383,""stage"":""primary_mc_and_bos""},{""cpu_ms"":58341,""stage"":""incoming_mc""},{""cpu_ms"":59192,""stage"":""secondary_bos""},{""cpu_ms"":59194,""stage"":""secondary_mc""},{""cpu_ms"":59194,""stage"":""pip""},{""cpu_ms"":59345,""stage"":""classification_end""},{""cpu_ms"":59846,""stage"":""stack_native_CF1""}]","{""RL_ms"":244,""RP_ms"":961,""extension_ms"":19596,""holonomy_ms"":170,""section_ms"":42}",physical-spin-half-det-sign-omega0,normalized-pip-aw-edge-transport-v2,3+1D-full-affine-associated-graded,full,"{""CrystCat"":""1.1.10"",""GAP"":""4.13.1"",""HAP"":""1.62"",""Polycyclic"":""2.16""}",9c16c0714da16a1ed5dc23b7830701afc01e6d7a37ee6d243f536ee4dc9ecd96,/home/user/xyren/AllFSPT/runs/closed_cf_v09_source,/home/xingyu/FSPT_AHSS/results/space_groups/sg205.json,fa23dc224ae3529b42429bc4310ad2a4fac8f3daf75c3497c747af5ac3378ec7,,[]
206,computed,computed,[],0,[],0,[2],Z2,[3],Z3,computed,[6],Z6,not-needed,,0,no free p+ip factor,,,,,,,,,,full-3+1D-spin-half-affine-stacking,p+ip-zero-three-layer-extension,native-vectors-plus-explicit-comparison-homotopy-recipes,False,stacking-with-generator-relations,353409,353951,542,361.42321944236755,2026-09-26T17:37:05.133518+00:00,2026-09-26T17:43:06.556743+00:00,"[{""cpu_ms"":81265,""stage"":""cohomology""},{""cpu_ms"":82036,""stage"":""primary_cf""},{""cpu_ms"":335536,""stage"":""primary_mc_and_bos""},{""cpu_ms"":351695,""stage"":""incoming_mc""},{""cpu_ms"":353175,""stage"":""secondary_bos""},{""cpu_ms"":353177,""stage"":""secondary_mc""},{""cpu_ms"":353177,""stage"":""pip""},{""cpu_ms"":353409,""stage"":""classification_end""},{""cpu_ms"":353887,""stage"":""stack_native_CF1""}]","{""RL_ms"":245,""RP_ms"":967,""extension_ms"":60852,""holonomy_ms"":172,""section_ms"":44}",physical-spin-half-det-sign-omega0,normalized-pip-aw-edge-transport-v2,3+1D-full-affine-associated-graded,full,"{""CrystCat"":""1.1.10"",""GAP"":""4.13.1"",""HAP"":""1.62"",""Polycyclic"":""2.16""}",9c16c0714da16a1ed5dc23b7830701afc01e6d7a37ee6d243f536ee4dc9ecd96,/home/user/xyren/AllFSPT/runs/closed_cf_v09_source,/home/xingyu/FSPT_AHSS/results/space_groups/sg206.json,f2d657f994ea5ebfd6959f94d5723b1f91363e2b7578d63e4209ed52bd223a99,,[]
207,computed,computed,[],0,[],0,[],0,"[2,2,2,2,2,2]",(Z2)^6,computed,"[2,2,2,2,2,2]",(Z2)^6,not-needed,,0,no free p+ip factor,,,,,,,,,,full-3+1D-spin-half-affine-stacking,p+ip-zero-three-layer-extension,native-vectors-plus-explicit-comparison-homotopy-recipes,False,stacking-with-generator-relations,44444,44945,501,45.63490343093872,2026-09-26T17:39:38.013196+00:00,2026-09-26T17:40:23.648106+00:00,"[{""cpu_ms"":27671,""stage"":""cohomology""},{""cpu_ms"":28837,""stage"":""primary_cf""},{""cpu_ms"":36347,""stage"":""primary_mc_and_bos""},{""cpu_ms"":37152,""stage"":""incoming_mc""},{""cpu_ms"":37489,""stage"":""secondary_bos""},{""cpu_ms"":44427,""stage"":""secondary_mc""},{""cpu_ms"":44427,""stage"":""pip""},{""cpu_ms"":44444,""stage"":""classification_end""}]","{""RL_ms"":252,""RP_ms"":2134,""extension_ms"":6919,""holonomy_ms"":132,""section_ms"":40}",physical-spin-half-det-sign-omega0,normalized-pip-aw-edge-transport-v2,3+1D-full-affine-associated-graded,full,"{""CrystCat"":""1.1.10"",""GAP"":""4.13.1"",""HAP"":""1.62"",""Polycyclic"":""2.16""}",9c16c0714da16a1ed5dc23b7830701afc01e6d7a37ee6d243f536ee4dc9ecd96,/home/user/xyren/AllFSPT/runs/closed_cf_v09_source,/home/xingyu/FSPT_AHSS/results/space_groups/sg207.json,b43f4f8ede34de9388abd28e54c2d61440170461027f2175391255d6234d0182,,[]
208,computed,computed,[],0,[],0,[],0,"[2,2,2,2,2,2]",(Z2)^6,computed,"[2,2,2,2,2,2]",(Z2)^6,not-needed,,0,no free p+ip factor,,,,,,,,,,full-3+1D-spin-half-affine-stacking,p+ip-zero-three-layer-extension,native-vectors-plus-explicit-comparison-homotopy-recipes,False,stacking-with-generator-relations,211471,211978,507,218.0942280292511,2026-09-26T17:36:59.813508+00:00,2026-09-26T17:40:37.907742+00:00,"[{""cpu_ms"":45363,""stage"":""cohomology""},{""cpu_ms"":46324,""stage"":""primary_cf""},{""cpu_ms"":150055,""stage"":""primary_mc_and_bos""},{""cpu_ms"":158236,""stage"":""incoming_mc""},{""cpu_ms"":159713,""stage"":""secondary_bos""},{""cpu_ms"":211454,""stage"":""secondary_mc""},{""cpu_ms"":211454,""stage"":""pip""},{""cpu_ms"":211471,""stage"":""classification_end""}]","{""RL_ms"":252,""RP_ms"":2061,""extension_ms"":23698,""holonomy_ms"":136,""section_ms"":45}",physical-spin-half-det-sign-omega0,normalized-pip-aw-edge-transport-v2,3+1D-full-affine-associated-graded,full,"{""CrystCat"":""1.1.10"",""GAP"":""4.13.1"",""HAP"":""1.62"",""Polycyclic"":""2.16""}",9c16c0714da16a1ed5dc23b7830701afc01e6d7a37ee6d243f536ee4dc9ecd96,/home/user/xyren/AllFSPT/runs/closed_cf_v09_source,/home/xingyu/FSPT_AHSS/results/space_groups/sg208.json,0910bdee8748bbefc3d2491e8bf153d377ea79f8917a29f074a006bd335ca7e9,,[]
209,computed,computed,[],0,[],0,[],0,"[2,2,2,2]",(Z2)^4,computed,"[2,2,2,2]",(Z2)^4,not-needed,,0,no free p+ip factor,,,,,,,,,,full-3+1D-spin-half-affine-stacking,p+ip-zero-three-layer-extension,native-vectors-plus-explicit-comparison-homotopy-recipes,False,stacking-with-generator-relations,81975,82464,489,88.40348052978516,2026-09-26T17:37:00.174772+00:00,2026-09-26T17:38:28.578260+00:00,"[{""cpu_ms"":35470,""stage"":""cohomology""},{""cpu_ms"":36290,""stage"":""primary_cf""},{""cpu_ms"":65884,""stage"":""primary_mc_and_bos""},{""cpu_ms"":67403,""stage"":""incoming_mc""},{""cpu_ms"":67759,""stage"":""secondary_bos""},{""cpu_ms"":81958,""stage"":""secondary_mc""},{""cpu_ms"":81958,""stage"":""pip""},{""cpu_ms"":81975,""stage"":""classification_end""}]","{""RL_ms"":254,""RP_ms"":2515,""extension_ms"":13055,""holonomy_ms"":135,""section_ms"":45}",physical-spin-half-det-sign-omega0,normalized-pip-aw-edge-transport-v2,3+1D-full-affine-associated-graded,full,"{""CrystCat"":""1.1.10"",""GAP"":""4.13.1"",""HAP"":""1.62"",""Polycyclic"":""2.16""}",9c16c0714da16a1ed5dc23b7830701afc01e6d7a37ee6d243f536ee4dc9ecd96,/home/user/xyren/AllFSPT/runs/closed_cf_v09_source,/home/xingyu/FSPT_AHSS/results/space_groups/sg209.json,8ad8ffd90b3d43796629c2580e65417f53b9bfa2d234d4c8707c4fdfc62714e2,,[]
210,computed,computed,[],0,[2],Z2,[2],Z2,[2],Z2,computed,[8],Z8,not-needed,,0,no free p+ip factor,,,,,,,,,,full-3+1D-spin-half-affine-stacking,p+ip-zero-three-layer-extension,native-vectors-plus-explicit-comparison-homotopy-recipes,False,stacking-with-generator-relations,335891,2636481,2300590,2642.9889674186707,2026-09-26T17:37:04.887897+00:00,2026-09-26T18:21:07.876870+00:00,"[{""cpu_ms"":71826,""stage"":""cohomology""},{""cpu_ms"":72613,""stage"":""primary_cf""},{""cpu_ms"":262279,""stage"":""primary_mc_and_bos""},{""cpu_ms"":270548,""stage"":""incoming_mc""},{""cpu_ms"":272104,""stage"":""secondary_bos""},{""cpu_ms"":335874,""stage"":""secondary_mc""},{""cpu_ms"":335874,""stage"":""pip""},{""cpu_ms"":335891,""stage"":""classification_end""},{""cpu_ms"":336381,""stage"":""stack_lift_D1""},{""cpu_ms"":336382,""stage"":""stack_lift_C1""},{""cpu_ms"":805381,""stage"":""stack_lift_B1""},{""cpu_ms"":2363134,""stage"":""stack_relation_D1""},{""cpu_ms"":2363134,""stage"":""stack_relation_C1""},{""cpu_ms"":2411375,""stage"":""stack_relation_B1""}]","{""RL_ms"":393,""RP_ms"":2304,""extension_ms"":49905,""holonomy_ms"":141,""section_ms"":88}",physical-spin-half-det-sign-omega0,normalized-pip-aw-edge-transport-v2,3+1D-full-affine-associated-graded,full,"{""CrystCat"":""1.1.10"",""GAP"":""4.13.1"",""HAP"":""1.62"",""Polycyclic"":""2.16""}",9c16c0714da16a1ed5dc23b7830701afc01e6d7a37ee6d243f536ee4dc9ecd96,/home/user/xyren/AllFSPT/runs/closed_cf_v09_source,/home/xingyu/FSPT_AHSS/results/space_groups/sg210.json,23c33e7cf987a6648278ecc1972d64cb60c38ea257d933726c85bb32d168163c,,[]
211,computed,computed,[],0,[],0,[],0,"[2,2,2,2,2]",(Z2)^5,computed,"[2,2,2,2,2]",(Z2)^5,not-needed,,0,no free p+ip factor,,,,,,,,,,full-3+1D-spin-half-affine-stacking,p+ip-zero-three-layer-extension,native-vectors-plus-explicit-comparison-homotopy-recipes,False,stacking-with-generator-relations,108044,108687,643,114.44552707672119,2026-09-26T17:37:06.751658+00:00,2026-09-26T17:39:01.197192+00:00,"[{""cpu_ms"":37134,""stage"":""cohomology""},{""cpu_ms"":37927,""stage"":""primary_cf""},{""cpu_ms"":78717,""stage"":""primary_mc_and_bos""},{""cpu_ms"":81748,""stage"":""incoming_mc""},{""cpu_ms"":82425,""stage"":""secondary_bos""},{""cpu_ms"":108022,""stage"":""secondary_mc""},{""cpu_ms"":108022,""stage"":""pip""},{""cpu_ms"":108044,""stage"":""classification_end""}]","{""RL_ms"":249,""RP_ms"":2140,""extension_ms"":15842,""holonomy_ms"":135,""section_ms"":44}",physical-spin-half-det-sign-omega0,normalized-pip-aw-edge-transport-v2,3+1D-full-affine-associated-graded,full,"{""CrystCat"":""1.1.10"",""GAP"":""4.13.1"",""HAP"":""1.62"",""Polycyclic"":""2.16""}",9c16c0714da16a1ed5dc23b7830701afc01e6d7a37ee6d243f536ee4dc9ecd96,/home/user/xyren/AllFSPT/runs/closed_cf_v09_source,/home/xingyu/FSPT_AHSS/results/space_groups/sg211.json,7ce98c1bd229cee2e1bafb4e8fdab42f191bfe469594f8727dd94d907c77e4e0,,[]
212,computed,computed,[],0,[],0,[2],Z2,[2],Z2,computed,[4],Z4,not-needed,,0,no free p+ip factor,,,,,,,,,,full-3+1D-spin-half-affine-stacking,p+ip-zero-three-layer-extension,native-vectors-plus-explicit-comparison-homotopy-recipes,False,stacking-with-generator-relations,187385,187889,504,193.83937287330627,2026-09-26T17:36:59.921910+00:00,2026-09-26T17:40:13.761288+00:00,"[{""cpu_ms"":46645,""stage"":""cohomology""},{""cpu_ms"":47309,""stage"":""primary_cf""},{""cpu_ms"":140917,""stage"":""primary_mc_and_bos""},{""cpu_ms"":145759,""stage"":""incoming_mc""},{""cpu_ms"":146750,""stage"":""secondary_bos""},{""cpu_ms"":187368,""stage"":""secondary_mc""},{""cpu_ms"":187368,""stage"":""pip""},{""cpu_ms"":187385,""stage"":""classification_end""},{""cpu_ms"":187859,""stage"":""stack_native_CF1""}]","{""RL_ms"":249,""RP_ms"":2083,""extension_ms"":25271,""holonomy_ms"":135,""section_ms"":51}",physical-spin-half-det-sign-omega0,normalized-pip-aw-edge-transport-v2,3+1D-full-affine-associated-graded,full,"{""CrystCat"":""1.1.10"",""GAP"":""4.13.1"",""HAP"":""1.62"",""Polycyclic"":""2.16""}",9c16c0714da16a1ed5dc23b7830701afc01e6d7a37ee6d243f536ee4dc9ecd96,/home/user/xyren/AllFSPT/runs/closed_cf_v09_source,/home/xingyu/FSPT_AHSS/results/space_groups/sg212.json,f35331979f9483aebe69003a2973e663d36c1809892bb90261f52557df388280,,[]
213,computed,computed,[],0,[],0,[2],Z2,[2],Z2,computed,[4],Z4,not-needed,,0,no free p+ip factor,,,,,,,,,,full-3+1D-spin-half-affine-stacking,p+ip-zero-three-layer-extension,native-vectors-plus-explicit-comparison-homotopy-recipes,False,stacking-with-generator-relations,180362,180874,512,188.44174075126648,2026-09-26T17:37:05.378483+00:00,2026-09-26T17:40:13.820230+00:00,"[{""cpu_ms"":45399,""stage"":""cohomology""},{""cpu_ms"":46024,""stage"":""primary_cf""},{""cpu_ms"":135398,""stage"":""primary_mc_and_bos""},{""cpu_ms"":140167,""stage"":""incoming_mc""},{""cpu_ms"":141154,""stage"":""secondary_bos""},{""cpu_ms"":180344,""stage"":""secondary_mc""},{""cpu_ms"":180344,""stage"":""pip""},{""cpu_ms"":180362,""stage"":""classification_end""},{""cpu_ms"":180842,""stage"":""stack_native_CF1""}]","{""RL_ms"":244,""RP_ms"":2059,""extension_ms"":24303,""holonomy_ms"":130,""section_ms"":51}",physical-spin-half-det-sign-omega0,normalized-pip-aw-edge-transport-v2,3+1D-full-affine-associated-graded,full,"{""CrystCat"":""1.1.10"",""GAP"":""4.13.1"",""HAP"":""1.62"",""Polycyclic"":""2.16""}",9c16c0714da16a1ed5dc23b7830701afc01e6d7a37ee6d243f536ee4dc9ecd96,/home/user/xyren/AllFSPT/runs/closed_cf_v09_source,/home/xingyu/FSPT_AHSS/results/space_groups/sg213.json,d5832f25fe8987b51b1a14d4069c78d930ec03c144a041943ec7f12c469c4ea0,,[]
214,computed,computed,[],0,[],0,[],0,"[2,2,2,2]",(Z2)^4,computed,"[2,2,2,2]",(Z2)^4,not-needed,,0,no free p+ip factor,,,,,,,,,,full-3+1D-spin-half-affine-stacking,p+ip-zero-three-layer-extension,native-vectors-plus-explicit-comparison-homotopy-recipes,False,stacking-with-generator-relations,162162,162641,479,169.1750648021698,2026-09-26T17:36:54.326222+00:00,2026-09-26T17:39:43.501293+00:00,"[{""cpu_ms"":44406,""stage"":""cohomology""},{""cpu_ms"":45149,""stage"":""primary_cf""},{""cpu_ms"":115571,""stage"":""primary_mc_and_bos""},{""cpu_ms"":118796,""stage"":""incoming_mc""},{""cpu_ms"":119861,""stage"":""secondary_bos""},{""cpu_ms"":162146,""stage"":""secondary_mc""},{""cpu_ms"":162146,""stage"":""pip""},{""cpu_ms"":162162,""stage"":""classification_end""}]","{""RL_ms"":237,""RP_ms"":2052,""extension_ms"":23294,""holonomy_ms"":131,""section_ms"":46}",physical-spin-half-det-sign-omega0,normalized-pip-aw-edge-transport-v2,3+1D-full-affine-associated-graded,full,"{""CrystCat"":""1.1.10"",""GAP"":""4.13.1"",""HAP"":""1.62"",""Polycyclic"":""2.16""}",9c16c0714da16a1ed5dc23b7830701afc01e6d7a37ee6d243f536ee4dc9ecd96,/home/user/xyren/AllFSPT/runs/closed_cf_v09_source,/home/xingyu/FSPT_AHSS/results/space_groups/sg214.json,bfea665a2a70d0d5eee51cef19b32fdb0870a8853b7ef45574a449672b85e699,,[]
215,computed,computed,[],0,[],0,[],0,"[2,2,2,2]",(Z2)^4,computed,"[2,2,2,2]",(Z2)^4,not-needed,,0,no free p+ip factor,,,,,,,,,,full-3+1D-spin-half-affine-stacking,p+ip-zero-three-layer-extension,native-vectors-plus-explicit-comparison-homotopy-recipes,False,stacking-with-generator-relations,40780,41279,499,41.95631527900696,2026-09-26T17:38:43.425488+00:00,2026-09-26T17:39:25.381810+00:00,"[{""cpu_ms"":25163,""stage"":""cohomology""},{""cpu_ms"":26024,""stage"":""primary_cf""},{""cpu_ms"":33764,""stage"":""primary_mc_and_bos""},{""cpu_ms"":34454,""stage"":""incoming_mc""},{""cpu_ms"":34843,""stage"":""secondary_bos""},{""cpu_ms"":40673,""stage"":""secondary_mc""},{""cpu_ms"":40673,""stage"":""pip""},{""cpu_ms"":40780,""stage"":""classification_end""}]","{""RL_ms"":246,""RP_ms"":2053,""extension_ms"":4630,""holonomy_ms"":134,""section_ms"":40}",physical-spin-half-det-sign-omega0,normalized-pip-aw-edge-transport-v2,3+1D-full-affine-associated-graded,full,"{""CrystCat"":""1.1.10"",""GAP"":""4.13.1"",""HAP"":""1.62"",""Polycyclic"":""2.16""}",9c16c0714da16a1ed5dc23b7830701afc01e6d7a37ee6d243f536ee4dc9ecd96,/home/user/xyren/AllFSPT/runs/closed_cf_v09_source,/home/xingyu/FSPT_AHSS/results/space_groups/sg215.json,71ad54b5f0c52ac4a7d2aa56e833b287ffadafbde126a5676bd7882ec6f2e395,,[]
216,computed,computed,[],0,[],0,[],0,"[2,2]",(Z2)^2,computed,"[2,2]",(Z2)^2,not-needed,,0,no free p+ip factor,,,,,,,,,,full-3+1D-spin-half-affine-stacking,p+ip-zero-three-layer-extension,native-vectors-plus-explicit-comparison-homotopy-recipes,False,stacking-with-generator-relations,56505,56977,472,57.677995920181274,2026-09-26T17:38:20.225730+00:00,2026-09-26T17:39:17.903732+00:00,"[{""cpu_ms"":30577,""stage"":""cohomology""},{""cpu_ms"":31500,""stage"":""primary_cf""},{""cpu_ms"":54689,""stage"":""primary_mc_and_bos""},{""cpu_ms"":56019,""stage"":""incoming_mc""},{""cpu_ms"":56376,""stage"":""secondary_bos""},{""cpu_ms"":56379,""stage"":""secondary_mc""},{""cpu_ms"":56379,""stage"":""pip""},{""cpu_ms"":56505,""stage"":""classification_end""}]","{""RL_ms"":238,""RP_ms"":2059,""extension_ms"":10331,""holonomy_ms"":127,""section_ms"":40}",physical-spin-half-det-sign-omega0,normalized-pip-aw-edge-transport-v2,3+1D-full-affine-associated-graded,full,"{""CrystCat"":""1.1.10"",""GAP"":""4.13.1"",""HAP"":""1.62"",""Polycyclic"":""2.16""}",9c16c0714da16a1ed5dc23b7830701afc01e6d7a37ee6d243f536ee4dc9ecd96,/home/user/xyren/AllFSPT/runs/closed_cf_v09_source,/home/xingyu/FSPT_AHSS/results/space_groups/sg216.json,b09a19b5f57497201632f18c03b88b8b30e11d9b5fca1273b890b3310fc3d26d,,[]
217,computed,computed,[],0,[],0,[2],Z2,"[2,2]",(Z2)^2,computed,"[2,2,2]",(Z2)^3,not-needed,,0,no free p+ip factor,,,,,,,,,,full-3+1D-spin-half-affine-stacking,p+ip-zero-three-layer-extension,native-vectors-plus-explicit-comparison-homotopy-recipes,False,stacking-with-generator-relations,93597,94125,528,100.36659336090088,2026-09-26T17:37:05.421640+00:00,2026-09-26T17:38:45.788240+00:00,"[{""cpu_ms"":35866,""stage"":""cohomology""},{""cpu_ms"":36762,""stage"":""primary_cf""},{""cpu_ms"":71105,""stage"":""primary_mc_and_bos""},{""cpu_ms"":73543,""stage"":""incoming_mc""},{""cpu_ms"":74142,""stage"":""secondary_bos""},{""cpu_ms"":93462,""stage"":""secondary_mc""},{""cpu_ms"":93462,""stage"":""pip""},{""cpu_ms"":93597,""stage"":""classification_end""},{""cpu_ms"":94089,""stage"":""stack_native_CF1""}]","{""RL_ms"":244,""RP_ms"":2064,""extension_ms"":14049,""holonomy_ms"":134,""section_ms"":40}",physical-spin-half-det-sign-omega0,normalized-pip-aw-edge-transport-v2,3+1D-full-affine-associated-graded,full,"{""CrystCat"":""1.1.10"",""GAP"":""4.13.1"",""HAP"":""1.62"",""Polycyclic"":""2.16""}",9c16c0714da16a1ed5dc23b7830701afc01e6d7a37ee6d243f536ee4dc9ecd96,/home/user/xyren/AllFSPT/runs/closed_cf_v09_source,/home/xingyu/FSPT_AHSS/results/space_groups/sg217.json,0ed08a51185b2e8eceda50dc05f9e58054b81ee1950d20131e5e86d429e55b8f,,[]
218,computed,computed,[2],Z2,[],0,"[2,2]",(Z2)^2,"[2,2]",(Z2)^2,computed,"[2,2,2,4]",(Z2)^3 + Z4,actual-phase-witness,actual-marked-torsion-square-with-cochain-gauges,0,no free p+ip factor,,,,,,,,,,full-3+1D-spin-half-affine-stacking,p+ip-zero-three-layer-extension,native-vectors-plus-explicit-comparison-homotopy-recipes,False,stacking-with-generator-relations,262807,1422457,1159650,1429.8939807415009,2026-09-26T17:37:04.878132+00:00,2026-09-26T18:00:54.772118+00:00,"[{""cpu_ms"":49937,""stage"":""cohomology""},{""cpu_ms"":50999,""stage"":""primary_cf""},{""cpu_ms"":172296,""stage"":""primary_mc_and_bos""},{""cpu_ms"":179210,""stage"":""incoming_mc""},{""cpu_ms"":180728,""stage"":""secondary_bos""},{""cpu_ms"":236870,""stage"":""secondary_mc""},{""cpu_ms"":236870,""stage"":""pip""},{""cpu_ms"":237135,""stage"":""pip_d3""},{""cpu_ms"":262807,""stage"":""classification_end""},{""cpu_ms"":263280,""stage"":""stack_lift_D1""},{""cpu_ms"":263281,""stage"":""stack_lift_D2""},{""cpu_ms"":263283,""stage"":""stack_lift_C1""},{""cpu_ms"":564850,""stage"":""stack_lift_C2""},{""cpu_ms"":678750,""stage"":""stack_relation_D1""},{""cpu_ms"":678751,""stage"":""stack_relation_D2""},{""cpu_ms"":678751,""stage"":""stack_relation_C1""},{""cpu_ms"":777379,""stage"":""stack_relation_C2""},{""cpu_ms"":995142,""stage"":""stack_pip_C4_pullback""},{""cpu_ms"":995142,""stage"":""stack_pip_square""}]","{""RL_ms"":246,""RP_ms"":2061,""extension_ms"":28404,""holonomy_ms"":134,""section_ms"":48}",physical-spin-half-det-sign-omega0,normalized-pip-aw-edge-transport-v2,3+1D-full-affine-associated-graded,full,"{""CrystCat"":""1.1.10"",""GAP"":""4.13.1"",""HAP"":""1.62"",""Polycyclic"":""2.16""}",9c16c0714da16a1ed5dc23b7830701afc01e6d7a37ee6d243f536ee4dc9ecd96,/home/user/xyren/AllFSPT/runs/closed_cf_v09_source,/home/xingyu/FSPT_AHSS/results/space_groups/sg218.json,3067290d5ccf8e87d872824194e5b6d1ba40bc411825c9762d0e666ee60ce626,,[]
219,computed,computed,[2],Z2,[2],Z2,"[2,2]",(Z2)^2,[],0,computed,"[2,2,4]",(Z2)^2 + Z4,actual-phase-witness,actual-marked-torsion-square-with-cochain-gauges,0,no free p+ip factor,,,,,,,,,,full-3+1D-spin-half-affine-stacking,p+ip-zero-three-layer-extension,native-vectors-plus-explicit-comparison-homotopy-recipes,False,stacking-with-generator-relations,766859,12689769,11922910,12691.840667963028,2026-09-26T17:37:06.214616+00:00,2026-09-26T21:08:38.055289+00:00,"[{""cpu_ms"":105977,""stage"":""cohomology""},{""cpu_ms"":107645,""stage"":""primary_cf""},{""cpu_ms"":575515,""stage"":""primary_mc_and_bos""},{""cpu_ms"":596032,""stage"":""incoming_mc""},{""cpu_ms"":598901,""stage"":""secondary_bos""},{""cpu_ms"":598903,""stage"":""secondary_mc""},{""cpu_ms"":598903,""stage"":""pip""},{""cpu_ms"":599286,""stage"":""pip_d3""},{""cpu_ms"":766859,""stage"":""classification_end""},{""cpu_ms"":767336,""stage"":""stack_lift_C1""},{""cpu_ms"":1939656,""stage"":""stack_lift_C2""},{""cpu_ms"":2105942,""stage"":""stack_lift_B1""},{""cpu_ms"":6394204,""stage"":""stack_relation_C1""},{""cpu_ms"":6736470,""stage"":""stack_relation_C2""},{""cpu_ms"":7238021,""stage"":""stack_relation_B1""},{""cpu_ms"":7737880,""stage"":""stack_pip_phase_lift""},{""cpu_ms"":11779765,""stage"":""stack_pip_square""}]","{""RL_ms"":249,""RP_ms"":2073,""extension_ms"":84282,""holonomy_ms"":139,""section_ms"":54}",physical-spin-half-det-sign-omega0,normalized-pip-aw-edge-transport-v2,3+1D-full-affine-associated-graded,full,"{""CrystCat"":""1.1.10"",""GAP"":""4.13.1"",""HAP"":""1.62"",""Polycyclic"":""2.16""}",9c16c0714da16a1ed5dc23b7830701afc01e6d7a37ee6d243f536ee4dc9ecd96,/home/user/xyren/AllFSPT/runs/closed_cf_v09_source,/home/xingyu/FSPT_AHSS/results/space_groups/sg219.json,8be50e428d56c2d9a04c628ed091475394aaec377e7ea6bb1cd372e4a6cb154c,,[]
220,computed,computed,[2],Z2,[],0,"[2,2]",(Z2)^2,[4],Z4,computed,"[4,8]",Z4 + Z8,actual-phase-witness,actual-marked-torsion-square-with-cochain-gauges,0,no free p+ip factor,,,,,,,,,,full-3+1D-spin-half-affine-stacking,p+ip-zero-three-layer-extension,native-vectors-plus-explicit-comparison-homotopy-recipes,False,stacking-with-generator-relations,199864,1529671,1329807,1535.841391801834,2026-09-26T17:36:53.866822+00:00,2026-09-26T18:02:29.708220+00:00,"[{""cpu_ms"":62893,""stage"":""cohomology""},{""cpu_ms"":65171,""stage"":""primary_cf""},{""cpu_ms"":65172,""stage"":""primary_mc_and_bos""},{""cpu_ms"":102661,""stage"":""incoming_mc""},{""cpu_ms"":104360,""stage"":""secondary_bos""},{""cpu_ms"":177443,""stage"":""secondary_mc""},{""cpu_ms"":177443,""stage"":""pip""},{""cpu_ms"":177739,""stage"":""pip_d3""},{""cpu_ms"":199864,""stage"":""classification_end""},{""cpu_ms"":200335,""stage"":""stack_lift_D1""},{""cpu_ms"":200336,""stage"":""stack_lift_C1""},{""cpu_ms"":647539,""stage"":""stack_lift_C2""},{""cpu_ms"":778644,""stage"":""stack_relation_D1""},{""cpu_ms"":778644,""stage"":""stack_relation_C1""},{""cpu_ms"":915336,""stage"":""stack_relation_C2""},{""cpu_ms"":979941,""stage"":""stack_pip_C4_pullback""},{""cpu_ms"":979942,""stage"":""stack_pip_square""}]","{""RL_ms"":281,""RP_ms"":2150,""extension_ms"":41252,""holonomy_ms"":135,""section_ms"":74}",physical-spin-half-det-sign-omega0,normalized-pip-aw-edge-transport-v2,3+1D-full-affine-associated-graded,full,"{""CrystCat"":""1.1.10"",""GAP"":""4.13.1"",""HAP"":""1.62"",""Polycyclic"":""2.16""}",9c16c0714da16a1ed5dc23b7830701afc01e6d7a37ee6d243f536ee4dc9ecd96,/home/user/xyren/AllFSPT/runs/closed_cf_v09_source,/home/xingyu/FSPT_AHSS/results/space_groups/sg220.json,67347f677e42f09cfd0288554513900b04bfbabb315b08f35903e9436ffc322f,,[]
221,computed,computed,[],0,[],0,[],0,"[2,2,2,2,2,2,2,2,2,2]",(Z2)^10,computed,"[2,2,2,2,2,2,2,2,2,2]",(Z2)^10,not-needed,,0,no free p+ip factor,,,,,,,,,,full-3+1D-spin-half-affine-stacking,p+ip-zero-three-layer-extension,native-vectors-plus-explicit-comparison-homotopy-recipes,False,stacking-with-generator-relations,57697,58217,520,58.906290769577026,2026-09-26T17:38:36.221395+00:00,2026-09-26T17:39:35.127691+00:00,"[{""cpu_ms"":31576,""stage"":""cohomology""},{""cpu_ms"":40536,""stage"":""primary_cf""},{""cpu_ms"":55465,""stage"":""primary_mc_and_bos""},{""cpu_ms"":56860,""stage"":""incoming_mc""},{""cpu_ms"":57505,""stage"":""secondary_bos""},{""cpu_ms"":57550,""stage"":""secondary_mc""},{""cpu_ms"":57550,""stage"":""pip""},{""cpu_ms"":57697,""stage"":""classification_end""}]","{""RL_ms"":251,""RP_ms"":2128,""extension_ms"":10708,""holonomy_ms"":207,""section_ms"":94}",physical-spin-half-det-sign-omega0,normalized-pip-aw-edge-transport-v2,3+1D-full-affine-associated-graded,full,"{""CrystCat"":""1.1.10"",""GAP"":""4.13.1"",""HAP"":""1.62"",""Polycyclic"":""2.16""}",9c16c0714da16a1ed5dc23b7830701afc01e6d7a37ee6d243f536ee4dc9ecd96,/home/user/xyren/AllFSPT/runs/closed_cf_v09_source,/home/xingyu/FSPT_AHSS/results/space_groups/sg221.json,19e631690dd91268270ff955f8efb7e16cb216d18e7f01544ef75309769b27f1,,[]
222,computed,computed,[],0,[],0,[2],Z2,"[2,2,2]",(Z2)^3,computed,"[2,2,2,2]",(Z2)^4,not-needed,,0,no free p+ip factor,,,,,,,,,,full-3+1D-spin-half-affine-stacking,p+ip-zero-three-layer-extension,native-vectors-plus-explicit-comparison-homotopy-recipes,False,stacking-with-generator-relations,165303,165863,560,173.41927218437195,2026-09-26T17:37:05.409264+00:00,2026-09-26T17:39:58.828542+00:00,"[{""cpu_ms"":52337,""stage"":""cohomology""},{""cpu_ms"":58785,""stage"":""primary_cf""},{""cpu_ms"":123156,""stage"":""primary_mc_and_bos""},{""cpu_ms"":126584,""stage"":""incoming_mc""},{""cpu_ms"":127606,""stage"":""secondary_bos""},{""cpu_ms"":165085,""stage"":""secondary_mc""},{""cpu_ms"":165085,""stage"":""pip""},{""cpu_ms"":165303,""stage"":""classification_end""},{""cpu_ms"":165787,""stage"":""stack_native_CF1""}]","{""RL_ms"":253,""RP_ms"":2125,""extension_ms"":31046,""holonomy_ms"":214,""section_ms"":106}",physical-spin-half-det-sign-omega0,normalized-pip-aw-edge-transport-v2,3+1D-full-affine-associated-graded,full,"{""CrystCat"":""1.1.10"",""GAP"":""4.13.1"",""HAP"":""1.62"",""Polycyclic"":""2.16""}",9c16c0714da16a1ed5dc23b7830701afc01e6d7a37ee6d243f536ee4dc9ecd96,/home/user/xyren/AllFSPT/runs/closed_cf_v09_source,/home/xingyu/FSPT_AHSS/results/space_groups/sg222.json,8d87fbd900e4372b147a7f2a9a211ee2a930e50ac7ce69d0979587a2f63c9b36,,[]
223,computed,computed,[],0,[],0,[],0,"[2,2,2,2,2,2]",(Z2)^6,computed,"[2,2,2,2,2,2]",(Z2)^6,not-needed,,0,no free p+ip factor,,,,,,,,,,full-3+1D-spin-half-affine-stacking,p+ip-zero-three-layer-extension,native-vectors-plus-explicit-comparison-homotopy-recipes,False,stacking-with-generator-relations,364708,365201,493,370.7566087245941,2026-09-26T17:37:06.346783+00:00,2026-09-26T17:43:17.103397+00:00,"[{""cpu_ms"":84228,""stage"":""cohomology""},{""cpu_ms"":92718,""stage"":""primary_cf""},{""cpu_ms"":272729,""stage"":""primary_mc_and_bos""},{""cpu_ms"":283388,""stage"":""incoming_mc""},{""cpu_ms"":285211,""stage"":""secondary_bos""},{""cpu_ms"":364385,""stage"":""secondary_mc""},{""cpu_ms"":364385,""stage"":""pip""},{""cpu_ms"":364708,""stage"":""classification_end""}]","{""RL_ms"":255,""RP_ms"":2129,""extension_ms"":62233,""holonomy_ms"":211,""section_ms"":98}",physical-spin-half-det-sign-omega0,normalized-pip-aw-edge-transport-v2,3+1D-full-affine-associated-graded,full,"{""CrystCat"":""1.1.10"",""GAP"":""4.13.1"",""HAP"":""1.62"",""Polycyclic"":""2.16""}",9c16c0714da16a1ed5dc23b7830701afc01e6d7a37ee6d243f536ee4dc9ecd96,/home/user/xyren/AllFSPT/runs/closed_cf_v09_source,/home/xingyu/FSPT_AHSS/results/space_groups/sg223.json,568734bfd0c14bb40a2f15c757fc6f9c787a36fa2f15f59cfee8462eb09490ef,,[]
224,computed,computed,[],0,[],0,[],0,"[2,2,2,2]",(Z2)^4,computed,"[2,2,2,2]",(Z2)^4,not-needed,,0,no free p+ip factor,,,,,,,,,,full-3+1D-spin-half-affine-stacking,p+ip-zero-three-layer-extension,native-vectors-plus-explicit-comparison-homotopy-recipes,False,stacking-with-generator-relations,179686,180189,503,186.26960682868958,2026-09-26T17:36:59.948054+00:00,2026-09-26T17:40:06.217668+00:00,"[{""cpu_ms"":60367,""stage"":""cohomology""},{""cpu_ms"":69499,""stage"":""primary_cf""},{""cpu_ms"":168629,""stage"":""primary_mc_and_bos""},{""cpu_ms"":177793,""stage"":""incoming_mc""},{""cpu_ms"":179420,""stage"":""secondary_bos""},{""cpu_ms"":179434,""stage"":""secondary_mc""},{""cpu_ms"":179434,""stage"":""pip""},{""cpu_ms"":179686,""stage"":""classification_end""}]","{""RL_ms"":254,""RP_ms"":2146,""extension_ms"":38875,""holonomy_ms"":215,""section_ms"":119}",physical-spin-half-det-sign-omega0,normalized-pip-aw-edge-transport-v2,3+1D-full-affine-associated-graded,full,"{""CrystCat"":""1.1.10"",""GAP"":""4.13.1"",""HAP"":""1.62"",""Polycyclic"":""2.16""}",9c16c0714da16a1ed5dc23b7830701afc01e6d7a37ee6d243f536ee4dc9ecd96,/home/user/xyren/AllFSPT/runs/closed_cf_v09_source,/home/xingyu/FSPT_AHSS/results/space_groups/sg224.json,4f2bedeadb84405aa3a92e6b92d7b7618c0a1d5d7203da0a8c0c5675a3ac8198,,[]
225,computed,computed,[],0,[],0,[],0,"[2,2,2,2,2,2,2]",(Z2)^7,computed,"[2,2,2,2,2,2,2]",(Z2)^7,not-needed,,0,no free p+ip factor,,,,,,,,,,full-3+1D-spin-half-affine-stacking,p+ip-zero-three-layer-extension,native-vectors-plus-explicit-comparison-homotopy-recipes,False,stacking-with-generator-relations,109276,109831,555,116.48932123184204,2026-09-26T17:37:05.311564+00:00,2026-09-26T17:39:01.800892+00:00,"[{""cpu_ms"":49071,""stage"":""cohomology""},{""cpu_ms"":57910,""stage"":""primary_cf""},{""cpu_ms"":105377,""stage"":""primary_mc_and_bos""},{""cpu_ms"":108201,""stage"":""incoming_mc""},{""cpu_ms"":108971,""stage"":""secondary_bos""},{""cpu_ms"":109001,""stage"":""secondary_mc""},{""cpu_ms"":109002,""stage"":""pip""},{""cpu_ms"":109276,""stage"":""classification_end""}]","{""RL_ms"":252,""RP_ms"":2167,""extension_ms"":27278,""holonomy_ms"":206,""section_ms"":93}",physical-spin-half-det-sign-omega0,normalized-pip-aw-edge-transport-v2,3+1D-full-affine-associated-graded,full,"{""CrystCat"":""1.1.10"",""GAP"":""4.13.1"",""HAP"":""1.62"",""Polycyclic"":""2.16""}",9c16c0714da16a1ed5dc23b7830701afc01e6d7a37ee6d243f536ee4dc9ecd96,/home/user/xyren/AllFSPT/runs/closed_cf_v09_source,/home/xingyu/FSPT_AHSS/results/space_groups/sg225.json,e569196bd1affd9d52c75055e5e6cdb963c154f2eaddc5bea25dd6f389b24925,,[]
226,computed,computed,[],0,[],0,[2],Z2,"[2,2,2]",(Z2)^3,computed,"[2,2,2,2]",(Z2)^4,not-needed,,0,no free p+ip factor,,,,,,,,,,full-3+1D-spin-half-affine-stacking,p+ip-zero-three-layer-extension,native-vectors-plus-explicit-comparison-homotopy-recipes,False,stacking-with-generator-relations,735730,736384,654,742.5090012550354,2026-09-26T17:36:53.901457+00:00,2026-09-26T17:49:16.410464+00:00,"[{""cpu_ms"":146668,""stage"":""cohomology""},{""cpu_ms"":158706,""stage"":""primary_cf""},{""cpu_ms"":567574,""stage"":""primary_mc_and_bos""},{""cpu_ms"":583463,""stage"":""incoming_mc""},{""cpu_ms"":585861,""stage"":""secondary_bos""},{""cpu_ms"":735309,""stage"":""secondary_mc""},{""cpu_ms"":735309,""stage"":""pip""},{""cpu_ms"":735730,""stage"":""classification_end""},{""cpu_ms"":736212,""stage"":""stack_native_CF1""}]","{""RL_ms"":250,""RP_ms"":3042,""extension_ms"":124492,""holonomy_ms"":205,""section_ms"":97}",physical-spin-half-det-sign-omega0,normalized-pip-aw-edge-transport-v2,3+1D-full-affine-associated-graded,full,"{""CrystCat"":""1.1.10"",""GAP"":""4.13.1"",""HAP"":""1.62"",""Polycyclic"":""2.16""}",9c16c0714da16a1ed5dc23b7830701afc01e6d7a37ee6d243f536ee4dc9ecd96,/home/user/xyren/AllFSPT/runs/closed_cf_v09_source,/home/xingyu/FSPT_AHSS/results/space_groups/sg226.json,5fab877dfb4d796569f8137c1cdab09c496d8b1c8ae36c9ad643a7815ab7bb7e,,[]
227,computed,computed,[],0,[],0,[2],Z2,"[2,2]",(Z2)^2,computed,"[2,4]",Z2 + Z4,not-needed,,0,no free p+ip factor,,,,,,,,,,full-3+1D-spin-half-affine-stacking,p+ip-zero-three-layer-extension,native-vectors-plus-explicit-comparison-homotopy-recipes,False,stacking-with-generator-relations,311475,312068,593,319.131032705307,2026-09-26T17:37:04.994538+00:00,2026-09-26T17:42:24.125576+00:00,"[{""cpu_ms"":88583,""stage"":""cohomology""},{""cpu_ms"":97247,""stage"":""primary_cf""},{""cpu_ms"":300178,""stage"":""primary_mc_and_bos""},{""cpu_ms"":309310,""stage"":""incoming_mc""},{""cpu_ms"":311144,""stage"":""secondary_bos""},{""cpu_ms"":311150,""stage"":""secondary_mc""},{""cpu_ms"":311150,""stage"":""pip""},{""cpu_ms"":311475,""stage"":""classification_end""},{""cpu_ms"":311954,""stage"":""stack_native_CF1""}]","{""RL_ms"":258,""RP_ms"":2165,""extension_ms"":67082,""holonomy_ms"":340,""section_ms"":104}",physical-spin-half-det-sign-omega0,normalized-pip-aw-edge-transport-v2,3+1D-full-affine-associated-graded,full,"{""CrystCat"":""1.1.10"",""GAP"":""4.13.1"",""HAP"":""1.62"",""Polycyclic"":""2.16""}",9c16c0714da16a1ed5dc23b7830701afc01e6d7a37ee6d243f536ee4dc9ecd96,/home/user/xyren/AllFSPT/runs/closed_cf_v09_source,/home/xingyu/FSPT_AHSS/results/space_groups/sg227.json,27df6e8383b55349aa7f6f8af5a2bbc0470ef3558a5b764a61585c988b6967ac,,[]
228,computed,computed,[],0,[2],Z2,[2],Z2,[],0,computed,"[2,2]",(Z2)^2,not-needed,,0,no free p+ip factor,,,,,,,,,,full-3+1D-spin-half-affine-stacking,p+ip-zero-three-layer-extension,native-vectors-plus-explicit-comparison-homotopy-recipes,False,stacking-with-generator-relations,333004,3644372,3311368,3648.7447402477264,2026-09-26T17:36:59.555472+00:00,2026-09-26T18:37:48.300219+00:00,"[{""cpu_ms"":97907,""stage"":""cohomology""},{""cpu_ms"":107600,""stage"":""primary_cf""},{""cpu_ms"":323083,""stage"":""primary_mc_and_bos""},{""cpu_ms"":331050,""stage"":""incoming_mc""},{""cpu_ms"":332684,""stage"":""secondary_bos""},{""cpu_ms"":332686,""stage"":""secondary_mc""},{""cpu_ms"":332686,""stage"":""pip""},{""cpu_ms"":333004,""stage"":""classification_end""},{""cpu_ms"":333474,""stage"":""stack_lift_C1""},{""cpu_ms"":994999,""stage"":""stack_lift_B1""},{""cpu_ms"":2800933,""stage"":""stack_relation_C1""},{""cpu_ms"":3157511,""stage"":""stack_relation_B1""}]","{""RL_ms"":253,""RP_ms"":2133,""extension_ms"":75896,""holonomy_ms"":216,""section_ms"":104}",physical-spin-half-det-sign-omega0,normalized-pip-aw-edge-transport-v2,3+1D-full-affine-associated-graded,full,"{""CrystCat"":""1.1.10"",""GAP"":""4.13.1"",""HAP"":""1.62"",""Polycyclic"":""2.16""}",9c16c0714da16a1ed5dc23b7830701afc01e6d7a37ee6d243f536ee4dc9ecd96,/home/user/xyren/AllFSPT/runs/closed_cf_v09_source,/home/xingyu/FSPT_AHSS/results/space_groups/sg228.json,9320ab3aa9f56ffd25d459f3be0ea886c2fe36ba4454f9977b674c93d957cbf6,,[]
229,computed,computed,[],0,[],0,[],0,"[2,2,2,2,2,2]",(Z2)^6,computed,"[2,2,2,2,2,2]",(Z2)^6,not-needed,,0,no free p+ip factor,,,,,,,,,,full-3+1D-spin-half-affine-stacking,p+ip-zero-three-layer-extension,native-vectors-plus-explicit-comparison-homotopy-recipes,False,stacking-with-generator-relations,142648,143136,488,149.2129349708557,2026-09-26T17:36:59.980788+00:00,2026-09-26T17:39:29.193731+00:00,"[{""cpu_ms"":57800,""stage"":""cohomology""},{""cpu_ms"":66549,""stage"":""primary_cf""},{""cpu_ms"":137459,""stage"":""primary_mc_and_bos""},{""cpu_ms"":141371,""stage"":""incoming_mc""},{""cpu_ms"":142429,""stage"":""secondary_bos""},{""cpu_ms"":142451,""stage"":""secondary_mc""},{""cpu_ms"":142451,""stage"":""pip""},{""cpu_ms"":142648,""stage"":""classification_end""}]","{""RL_ms"":286,""RP_ms"":2151,""extension_ms"":36039,""holonomy_ms"":210,""section_ms"":95}",physical-spin-half-det-sign-omega0,normalized-pip-aw-edge-transport-v2,3+1D-full-affine-associated-graded,full,"{""CrystCat"":""1.1.10"",""GAP"":""4.13.1"",""HAP"":""1.62"",""Polycyclic"":""2.16""}",9c16c0714da16a1ed5dc23b7830701afc01e6d7a37ee6d243f536ee4dc9ecd96,/home/user/xyren/AllFSPT/runs/closed_cf_v09_source,/home/xingyu/FSPT_AHSS/results/space_groups/sg229.json,8e8ede1ca5fe6d14b6367dbefeae450049ce42f7825b29775d4b91f639130f2f,,[]
230,computed,computed,[],0,[],0,[2],Z2,"[2,2]",(Z2)^2,computed,"[2,2,2]",(Z2)^3,not-needed,,0,no free p+ip factor,,,,,,,,,,full-3+1D-spin-half-affine-stacking,p+ip-zero-three-layer-extension,native-vectors-plus-explicit-comparison-homotopy-recipes,False,stacking-with-generator-relations,359054,359670,616,366.07908368110657,2026-09-26T17:36:54.093655+00:00,2026-09-26T17:43:00.172745+00:00,"[{""cpu_ms"":98072,""stage"":""cohomology""},{""cpu_ms"":105176,""stage"":""primary_cf""},{""cpu_ms"":275862,""stage"":""primary_mc_and_bos""},{""cpu_ms"":281901,""stage"":""incoming_mc""},{""cpu_ms"":283443,""stage"":""secondary_bos""},{""cpu_ms"":358772,""stage"":""secondary_mc""},{""cpu_ms"":358772,""stage"":""pip""},{""cpu_ms"":359054,""stage"":""classification_end""},{""cpu_ms"":359552,""stage"":""stack_native_CF1""}]","{""RL_ms"":253,""RP_ms"":2117,""extension_ms"":76304,""holonomy_ms"":208,""section_ms"":99}",physical-spin-half-det-sign-omega0,normalized-pip-aw-edge-transport-v2,3+1D-full-affine-associated-graded,full,"{""CrystCat"":""1.1.10"",""GAP"":""4.13.1"",""HAP"":""1.62"",""Polycyclic"":""2.16""}",9c16c0714da16a1ed5dc23b7830701afc01e6d7a37ee6d243f536ee4dc9ecd96,/home/user/xyren/AllFSPT/runs/closed_cf_v09_source,/home/xingyu/FSPT_AHSS/results/space_groups/sg230.json,98bee430a3ee4cd3748bf3e7e1cd4f9642ac686f6e3d7284853c648f5f672627,,[]
